timestamp,ride_count,temperature_2m,apparent_temperature,relative_humidity_2m,precipitation,rain,snowfall,weather_code,wind_speed_10m
2024-01-01 00:00:00,1901,1.8,-2.1,71.0,0.0,0.0,0.0,3,9.0
2024-01-01 01:00:00,2333,2.4,-1.7,71.0,0.0,0.0,0.0,3,10.9
2024-01-01 02:00:00,1939,2.4,-1.5,73.0,0.0,0.0,0.0,3,10.1
2024-01-01 03:00:00,1099,2.2,-1.4,75.0,0.0,0.0,0.0,1,8.1
2024-01-01 04:00:00,656,0.0,-3.2,87.0,0.0,0.0,0.0,2,5.6
2024-01-01 05:00:00,382,-0.8,-4.2,91.0,0.0,0.0,0.0,3,6.5
2024-01-01 06:00:00,404,0.4,-2.4,90.0,0.0,0.0,0.0,3,3.6
2024-01-01 07:00:00,459,1.2,-1.8,86.0,0.0,0.0,0.0,3,4.8
2024-01-01 08:00:00,643,2.3,-0.4,83.0,0.1,0.1,0.0,51,3.9
2024-01-01 09:00:00,1077,2.7,-0.1,81.0,0.0,0.0,0.0,3,4.7
2024-01-01 10:00:00,1595,3.7,0.7,75.0,0.0,0.0,0.0,3,5.5
2024-01-01 11:00:00,2376,4.6,1.5,73.0,0.0,0.0,0.0,2,6.5
2024-01-01 12:00:00,3160,5.9,2.8,65.0,0.0,0.0,0.0,2,6.5
2024-01-01 13:00:00,3609,6.7,3.3,60.0,0.0,0.0,0.0,3,8.1
2024-01-01 14:00:00,4150,6.6,3.2,59.0,0.0,0.0,0.0,3,7.4
2024-01-01 15:00:00,4343,6.4,3.0,58.0,0.0,0.0,0.0,3,7.4
2024-01-01 16:00:00,4082,6.1,2.9,60.0,0.0,0.0,0.0,3,6.0
2024-01-01 17:00:00,3221,3.4,0.1,76.0,0.0,0.0,0.0,1,7.2
2024-01-01 18:00:00,2701,1.6,-1.7,83.0,0.0,0.0,0.0,1,7.3
2024-01-01 19:00:00,2177,0.9,-2.3,86.0,0.0,0.0,0.0,1,6.0
2024-01-01 20:00:00,1723,1.5,-2.6,78.0,0.0,0.0,0.0,0,11.6
2024-01-01 21:00:00,1462,1.0,-3.8,69.0,0.0,0.0,0.0,0,14.7
2024-01-01 22:00:00,1005,-0.2,-4.9,74.0,0.0,0.0,0.0,0,13.9
2024-01-01 23:00:00,781,-1.2,-6.0,77.0,0.0,0.0,0.0,0,13.8
2024-01-02 00:00:00,452,-2.0,-6.9,77.0,0.0,0.0,0.0,0,13.7
2024-01-02 01:00:00,274,-2.5,-7.3,77.0,0.0,0.0,0.0,0,12.9
2024-01-02 02:00:00,185,-3.0,-7.7,78.0,0.0,0.0,0.0,0,12.0
2024-01-02 03:00:00,119,-3.6,-8.1,81.0,0.0,0.0,0.0,0,10.7
2024-01-02 04:00:00,169,-4.1,-8.6,84.0,0.0,0.0,0.0,0,10.2
2024-01-02 05:00:00,636,-4.6,-8.9,86.0,0.0,0.0,0.0,0,9.5
2024-01-02 06:00:00,1809,-4.8,-9.0,87.0,0.0,0.0,0.0,0,8.5
2024-01-02 07:00:00,3696,-5.0,-9.0,88.0,0.0,0.0,0.0,0,7.1
2024-01-02 08:00:00,5279,-3.6,-7.7,81.0,0.0,0.0,0.0,0,8.1
2024-01-02 09:00:00,3653,-1.7,-6.0,68.0,0.0,0.0,0.0,0,8.5
2024-01-02 10:00:00,2572,-0.1,-4.3,62.0,0.0,0.0,0.0,0,8.8
2024-01-02 11:00:00,2844,1.4,-2.7,60.0,0.0,0.0,0.0,0,8.7
2024-01-02 12:00:00,3196,3.0,-1.2,55.0,0.0,0.0,0.0,0,9.0
2024-01-02 13:00:00,3598,4.1,-0.2,51.0,0.0,0.0,0.0,0,10.0
2024-01-02 14:00:00,4281,4.7,0.4,49.0,0.0,0.0,0.0,0,10.5
2024-01-02 15:00:00,5015,4.9,0.5,48.0,0.0,0.0,0.0,0,10.6
2024-01-02 16:00:00,5804,4.1,0.3,53.0,0.0,0.0,0.0,0,7.7
2024-01-02 17:00:00,6962,1.0,-2.8,68.0,0.0,0.0,0.0,0,7.5
2024-01-02 18:00:00,5997,-0.1,-3.9,77.0,0.0,0.0,0.0,0,7.9
2024-01-02 19:00:00,4128,-0.4,-4.0,81.0,0.0,0.0,0.0,0,6.9
2024-01-02 20:00:00,2864,-0.6,-4.4,79.0,0.0,0.0,0.0,0,7.9
2024-01-02 21:00:00,2093,-0.9,-5.0,78.0,0.0,0.0,0.0,0,9.5
2024-01-02 22:00:00,1518,-0.9,-5.1,73.0,0.0,0.0,0.0,0,10.0
2024-01-02 23:00:00,1005,-1.2,-5.2,73.0,0.0,0.0,0.0,0,8.4
2024-01-03 00:00:00,591,-1.6,-5.7,76.0,0.0,0.0,0.0,2,9.0
2024-01-03 01:00:00,329,-1.7,-6.0,78.0,0.0,0.0,0.0,0,10.1
2024-01-03 02:00:00,203,-2.1,-6.1,81.0,0.0,0.0,0.0,1,8.6
2024-01-03 03:00:00,136,-2.2,-6.3,82.0,0.0,0.0,0.0,3,9.0
2024-01-03 04:00:00,179,-2.2,-6.3,81.0,0.0,0.0,0.0,3,9.4
2024-01-03 05:00:00,749,-2.0,-6.2,79.0,0.0,0.0,0.0,3,9.5
2024-01-03 06:00:00,2087,-2.0,-6.2,78.0,0.0,0.0,0.0,3,9.5
2024-01-03 07:00:00,4404,-1.9,-6.0,77.0,0.0,0.0,0.0,3,9.2
2024-01-03 08:00:00,6548,-1.1,-5.4,76.0,0.0,0.0,0.0,0,10.5
2024-01-03 09:00:00,4559,0.6,-3.4,73.0,0.0,0.0,0.0,0,9.4
2024-01-03 10:00:00,3181,2.3,-1.7,65.0,0.0,0.0,0.0,0,9.6
2024-01-03 11:00:00,3245,3.7,-0.2,61.0,0.0,0.0,0.0,0,8.7
2024-01-03 12:00:00,3700,5.0,0.9,57.0,0.0,0.0,0.0,3,10.4
2024-01-03 13:00:00,3950,7.3,2.7,48.0,0.0,0.0,0.0,2,13.7
2024-01-03 14:00:00,4627,6.5,2.0,51.0,0.0,0.0,0.0,0,13.3
2024-01-03 15:00:00,5055,6.6,2.7,52.0,0.0,0.0,0.0,0,9.7
2024-01-03 16:00:00,5910,5.3,2.2,62.0,0.0,0.0,0.0,1,5.4
2024-01-03 17:00:00,7485,3.2,-1.0,69.0,0.0,0.0,0.0,2,12.1
2024-01-03 18:00:00,6620,2.7,-1.9,68.0,0.0,0.0,0.0,3,14.3
2024-01-03 19:00:00,4550,1.9,-2.1,73.0,0.0,0.0,0.0,3,10.8
2024-01-03 20:00:00,3082,1.0,-2.2,81.0,0.0,0.0,0.0,3,5.6
2024-01-03 21:00:00,2300,0.1,-3.1,85.0,0.0,0.0,0.0,3,5.2
2024-01-03 22:00:00,1831,-1.1,-4.4,90.0,0.0,0.0,0.0,3,5.0
2024-01-03 23:00:00,1238,-0.5,-3.6,86.0,0.0,0.0,0.0,3,4.7
2024-01-04 00:00:00,707,0.3,-2.9,81.0,0.0,0.0,0.0,3,4.7
2024-01-04 01:00:00,320,0.4,-2.5,81.0,0.0,0.0,0.0,3,2.7
2024-01-04 02:00:00,235,0.4,-2.6,82.0,0.0,0.0,0.0,3,4.1
2024-01-04 03:00:00,161,0.1,-3.0,85.0,0.0,0.0,0.0,3,4.6
2024-01-04 04:00:00,234,0.0,-3.5,84.0,0.0,0.0,0.0,3,6.6
2024-01-04 05:00:00,732,0.3,-3.0,81.0,0.0,0.0,0.0,3,5.6
2024-01-04 06:00:00,2196,0.0,-3.2,84.0,0.1,0.0,0.07,71,5.0
2024-01-04 07:00:00,4511,0.0,-3.2,85.0,0.1,0.0,0.07,71,5.2
2024-01-04 08:00:00,6839,0.6,-2.5,84.0,0.0,0.0,0.0,3,5.0
2024-01-04 09:00:00,4793,1.7,-1.7,82.0,0.0,0.0,0.0,3,7.3
2024-01-04 10:00:00,3248,3.1,-0.2,73.0,0.0,0.0,0.0,3,6.8
2024-01-04 11:00:00,3148,4.8,0.1,59.0,0.0,0.0,0.0,1,15.3
2024-01-04 12:00:00,3692,5.9,0.0,49.0,0.0,0.0,0.0,2,21.9
2024-01-04 13:00:00,3820,5.9,-0.3,48.0,0.1,0.1,0.0,51,24.2
2024-01-04 14:00:00,4552,5.5,-1.1,47.0,0.0,0.0,0.0,3,25.8
2024-01-04 15:00:00,5272,4.5,-2.0,47.0,0.0,0.0,0.0,0,24.9
2024-01-04 16:00:00,6203,3.6,-2.9,41.0,0.0,0.0,0.0,0,23.2
2024-01-04 17:00:00,7940,1.7,-5.0,41.0,0.0,0.0,0.0,0,24.0
2024-01-04 18:00:00,6644,0.1,-6.7,42.0,0.0,0.0,0.0,0,23.3
2024-01-04 19:00:00,4482,-1.0,-8.1,38.0,0.0,0.0,0.0,0,24.5
2024-01-04 20:00:00,2950,-0.7,-7.8,38.0,0.0,0.0,0.0,0,24.8
2024-01-04 21:00:00,2229,-1.8,-8.5,41.0,0.0,0.0,0.0,0,22.3
2024-01-04 22:00:00,1593,-2.8,-9.4,47.0,0.0,0.0,0.0,0,21.4
2024-01-04 23:00:00,980,-3.7,-10.1,52.0,0.0,0.0,0.0,0,20.3
2024-01-05 00:00:00,570,-4.5,-10.6,56.0,0.0,0.0,0.0,0,18.4
2024-01-05 01:00:00,309,-4.9,-10.9,58.0,0.0,0.0,0.0,0,17.7
2024-01-05 02:00:00,206,-5.1,-11.0,59.0,0.0,0.0,0.0,0,17.2
2024-01-05 03:00:00,136,-5.2,-10.9,60.0,0.0,0.0,0.0,2,15.5
2024-01-05 04:00:00,198,-5.5,-10.7,63.0,0.0,0.0,0.0,2,12.5
2024-01-05 05:00:00,675,-5.6,-10.5,67.0,0.0,0.0,0.0,1,10.7
2024-01-05 06:00:00,1819,-5.6,-10.2,69.0,0.0,0.0,0.0,0,9.0
2024-01-05 07:00:00,3788,-5.7,-10.2,72.0,0.0,0.0,0.0,0,8.4
2024-01-05 08:00:00,5282,-4.7,-9.5,65.0,0.0,0.0,0.0,0,10.9
2024-01-05 09:00:00,4059,-3.0,-8.0,58.0,0.0,0.0,0.0,0,11.9
2024-01-05 10:00:00,3032,-1.6,-6.8,52.0,0.0,0.0,0.0,0,12.6
2024-01-05 11:00:00,3167,-0.7,-5.7,50.0,0.0,0.0,0.0,0,12.3
2024-01-05 12:00:00,3701,0.3,-4.7,48.0,0.0,0.0,0.0,0,12.1
2024-01-05 13:00:00,4123,1.3,-3.9,45.0,0.0,0.0,0.0,0,13.2
2024-01-05 14:00:00,4696,2.0,-3.1,44.0,0.0,0.0,0.0,0,12.7
2024-01-05 15:00:00,5542,2.3,-2.6,45.0,0.0,0.0,0.0,0,11.9
2024-01-05 16:00:00,5940,1.7,-2.6,50.0,0.0,0.0,0.0,0,8.3
2024-01-05 17:00:00,6691,-0.4,-5.1,59.0,0.0,0.0,0.0,0,11.5
2024-01-05 18:00:00,5806,-1.1,-6.0,64.0,0.0,0.0,0.0,3,12.9
2024-01-05 19:00:00,4251,-1.4,-6.4,67.0,0.0,0.0,0.0,3,13.5
2024-01-05 20:00:00,2855,-1.6,-6.0,68.0,0.0,0.0,0.0,3,10.2
2024-01-05 21:00:00,2158,-2.0,-6.4,71.0,0.0,0.0,0.0,0,10.1
2024-01-05 22:00:00,1890,-2.9,-7.4,76.0,0.0,0.0,0.0,0,10.6
2024-01-05 23:00:00,1568,-3.5,-7.7,80.0,0.0,0.0,0.0,0,8.7
2024-01-06 00:00:00,1142,-4.2,-8.1,85.0,0.0,0.0,0.0,0,6.8
2024-01-06 01:00:00,773,-4.5,-8.3,87.0,0.0,0.0,0.0,2,6.2
2024-01-06 02:00:00,490,-4.6,-8.8,88.0,0.0,0.0,0.0,2,9.1
2024-01-06 03:00:00,301,-4.9,-8.6,88.0,0.0,0.0,0.0,3,5.2
2024-01-06 04:00:00,221,-5.5,-9.4,90.0,0.0,0.0,0.0,3,6.5
2024-01-06 05:00:00,242,-4.1,-7.7,86.0,0.0,0.0,0.0,3,4.7
2024-01-06 06:00:00,649,-5.0,-8.5,91.0,0.0,0.0,0.0,3,4.1
2024-01-06 07:00:00,1183,-4.0,-7.2,88.0,0.0,0.0,0.0,3,1.8
2024-01-06 08:00:00,2016,-4.1,-7.4,89.0,0.0,0.0,0.0,3,3.1
2024-01-06 09:00:00,3106,-2.2,-5.9,80.0,0.0,0.0,0.0,3,5.6
2024-01-06 10:00:00,3744,-0.9,-4.7,75.0,0.0,0.0,0.0,3,7.1
2024-01-06 11:00:00,4503,0.4,-3.6,73.0,0.0,0.0,0.0,3,9.1
2024-01-06 12:00:00,4767,1.3,-2.9,66.0,0.0,0.0,0.0,3,10.2
2024-01-06 13:00:00,4973,1.5,-3.0,67.0,0.0,0.0,0.0,3,12.7
2024-01-06 14:00:00,4739,2.0,-2.8,68.0,0.0,0.0,0.0,3,15.1
2024-01-06 15:00:00,3140,1.5,-2.9,74.0,0.2,0.1,0.07,71,13.6
2024-01-06 16:00:00,1956,1.2,-3.5,80.0,0.4,0.1,0.21,73,15.8
2024-01-06 17:00:00,1288,0.8,-4.2,89.0,1.1,0.2,0.63,73,18.9
2024-01-06 18:00:00,1013,0.6,-4.6,95.0,1.7,0.4,0.91,75,20.7
2024-01-06 19:00:00,776,0.4,-4.9,99.0,2.6,0.4,1.54,75,22.1
2024-01-06 20:00:00,679,0.4,-5.8,97.0,1.8,0.5,0.91,75,28.1
2024-01-06 21:00:00,432,0.8,-5.6,96.0,1.0,0.8,0.14,71,29.5
2024-01-06 22:00:00,501,0.5,-5.9,99.0,3.9,0.9,2.1,75,29.9
2024-01-06 23:00:00,669,0.9,-5.1,99.0,1.9,0.9,0.7,73,27.1
2024-01-07 00:00:00,488,0.8,-4.5,100.0,1.0,0.9,0.07,71,22.8
2024-01-07 01:00:00,304,0.8,-4.8,99.0,0.7,0.7,0.0,53,24.5
2024-01-07 02:00:00,262,1.0,-4.7,96.0,0.1,0.1,0.0,51,25.0
2024-01-07 03:00:00,187,1.3,-4.4,96.0,0.0,0.0,0.0,3,25.2
2024-01-07 04:00:00,123,1.5,-4.1,95.0,0.1,0.1,0.0,51,24.5
2024-01-07 05:00:00,78,1.6,-3.7,95.0,0.1,0.1,0.0,51,22.6
2024-01-07 06:00:00,262,1.7,-3.3,95.0,0.1,0.1,0.0,51,20.6
2024-01-07 07:00:00,260,1.8,-3.0,94.0,0.2,0.2,0.0,51,19.3
2024-01-07 08:00:00,737,1.2,-3.0,92.0,0.3,0.3,0.0,51,14.1
2024-01-07 09:00:00,1230,0.8,-3.3,95.0,1.1,1.1,0.0,55,13.6
2024-01-07 10:00:00,1636,0.6,-3.7,98.0,0.6,0.4,0.14,71,15.1
2024-01-07 11:00:00,1404,0.6,-4.2,99.0,0.9,0.4,0.35,73,18.4
2024-01-07 12:00:00,1880,0.6,-3.9,95.0,1.4,0.2,0.84,75,16.1
2024-01-07 13:00:00,2835,0.9,-3.6,89.0,0.2,0.1,0.07,71,15.5
2024-01-07 14:00:00,3543,2.0,-2.7,80.0,0.0,0.0,0.0,3,16.9
2024-01-07 15:00:00,3840,2.3,-1.9,77.0,0.0,0.0,0.0,3,13.0
2024-01-07 16:00:00,3621,1.6,-2.6,79.0,0.0,0.0,0.0,3,12.7
2024-01-07 17:00:00,2948,0.7,-3.6,81.0,0.0,0.0,0.0,3,12.5
2024-01-07 18:00:00,2664,0.1,-4.2,81.0,0.0,0.0,0.0,3,12.2
2024-01-07 19:00:00,2296,-0.5,-4.5,86.0,0.0,0.0,0.0,3,10.4
2024-01-07 20:00:00,1714,-0.6,-5.0,88.0,0.0,0.0,0.0,1,13.1
2024-01-07 21:00:00,1417,-0.2,-5.4,81.0,0.0,0.0,0.0,0,18.1
2024-01-07 22:00:00,1140,-0.3,-5.5,79.0,0.0,0.0,0.0,0,17.6
2024-01-07 23:00:00,809,-0.8,-5.5,81.0,0.0,0.0,0.0,1,14.4
2024-01-08 00:00:00,473,-0.8,-5.6,82.0,0.0,0.0,0.0,1,14.4
2024-01-08 01:00:00,253,-0.8,-5.8,80.0,0.0,0.0,0.0,0,15.9
2024-01-08 02:00:00,169,-0.7,-5.7,79.0,0.0,0.0,0.0,0,15.5
2024-01-08 03:00:00,137,-1.1,-5.9,79.0,0.0,0.0,0.0,1,14.6
2024-01-08 04:00:00,205,-0.7,-6.0,76.0,0.0,0.0,0.0,0,17.6
2024-01-08 05:00:00,747,-1.0,-6.2,75.0,0.0,0.0,0.0,0,16.6
2024-01-08 06:00:00,2131,-1.4,-6.5,76.0,0.0,0.0,0.0,0,16.1
2024-01-08 07:00:00,4627,-1.2,-6.4,74.0,0.0,0.0,0.0,0,16.6
2024-01-08 08:00:00,6784,-0.6,-5.5,75.0,0.0,0.0,0.0,0,15.3
2024-01-08 09:00:00,4411,1.3,-4.0,68.0,0.0,0.0,0.0,0,18.1
2024-01-08 10:00:00,2967,2.9,-2.2,63.0,0.0,0.0,0.0,0,17.1
2024-01-08 11:00:00,3056,3.9,-0.9,59.0,0.0,0.0,0.0,0,14.8
2024-01-08 12:00:00,3356,4.8,0.1,55.0,0.0,0.0,0.0,0,14.1
2024-01-08 13:00:00,3752,5.3,0.6,53.0,0.0,0.0,0.0,0,14.0
2024-01-08 14:00:00,4572,5.4,0.8,50.0,0.0,0.0,0.0,0,13.0
2024-01-08 15:00:00,5323,5.3,0.9,50.0,0.0,0.0,0.0,0,11.5
2024-01-08 16:00:00,6182,4.0,0.7,60.0,0.0,0.0,0.0,0,5.0
2024-01-08 17:00:00,7704,3.4,0.0,58.0,0.0,0.0,0.0,0,5.0
2024-01-08 18:00:00,7446,3.0,0.1,58.0,0.0,0.0,0.0,0,1.3
2024-01-08 19:00:00,5169,2.2,-0.8,61.0,0.0,0.0,0.0,1,2.2
2024-01-08 20:00:00,3393,-2.3,-6.0,86.0,0.0,0.0,0.0,0,6.2
2024-01-08 21:00:00,2390,-3.7,-7.5,89.0,0.0,0.0,0.0,0,6.8
2024-01-08 22:00:00,1788,-4.0,-7.6,90.0,0.0,0.0,0.0,1,5.1
2024-01-08 23:00:00,1451,-4.4,-7.9,91.0,0.0,0.0,0.0,2,4.1
2024-01-09 00:00:00,639,-4.2,-7.5,91.0,0.0,0.0,0.0,1,3.1
2024-01-09 01:00:00,337,-4.7,-8.2,90.0,0.0,0.0,0.0,1,3.9
2024-01-09 02:00:00,210,-4.5,-8.0,91.0,0.0,0.0,0.0,3,4.1
2024-01-09 03:00:00,135,-5.0,-8.7,91.0,0.0,0.0,0.0,3,5.4
2024-01-09 04:00:00,223,-3.4,-6.7,91.0,0.0,0.0,0.0,3,4.2
2024-01-09 05:00:00,838,-2.2,-5.7,88.0,0.0,0.0,0.0,3,5.6
2024-01-09 06:00:00,2397,-1.9,-5.3,87.0,0.0,0.0,0.0,3,5.1
2024-01-09 07:00:00,5308,-1.6,-5.4,83.0,0.0,0.0,0.0,3,7.2
2024-01-09 08:00:00,8384,-0.6,-4.6,84.0,0.0,0.0,0.0,3,9.8
2024-01-09 09:00:00,5514,1.3,-2.2,80.0,0.0,0.0,0.0,3,7.7
2024-01-09 10:00:00,3459,3.5,-0.3,75.0,0.0,0.0,0.0,3,11.3
2024-01-09 11:00:00,1983,4.4,-0.6,74.0,0.1,0.1,0.0,51,19.5
2024-01-09 12:00:00,2039,3.8,-1.2,86.0,0.6,0.6,0.0,53,21.4
2024-01-09 13:00:00,1735,4.3,-1.1,88.0,0.6,0.6,0.0,53,25.0
2024-01-09 14:00:00,1464,5.0,-0.8,89.0,1.0,1.0,0.0,55,28.7
2024-01-09 15:00:00,1670,5.4,-0.8,90.0,1.5,1.5,0.0,61,32.6
2024-01-09 16:00:00,1801,6.4,0.3,89.0,1.3,1.3,0.0,61,33.5
2024-01-09 17:00:00,1630,7.7,1.9,91.0,1.0,1.0,0.0,55,33.0
2024-01-09 18:00:00,1273,8.8,3.4,90.0,2.9,2.9,0.0,63,32.3
2024-01-09 19:00:00,842,9.6,4.4,89.0,3.9,3.9,0.0,63,31.6
2024-01-09 20:00:00,458,10.6,3.9,88.0,5.4,5.4,0.0,63,43.8
2024-01-09 21:00:00,295,11.1,4.3,89.0,6.0,6.0,0.0,63,45.4
2024-01-09 22:00:00,257,12.0,4.1,90.0,7.6,7.6,0.0,65,55.0
2024-01-09 23:00:00,152,12.6,5.6,91.0,8.0,8.0,0.0,65,49.8
2024-01-10 00:00:00,101,12.4,8.8,92.0,11.9,11.9,0.0,65,26.6
2024-01-10 01:00:00,108,12.4,7.5,91.0,8.2,8.2,0.0,65,35.7
2024-01-10 02:00:00,90,12.7,7.0,89.0,0.7,0.7,0.0,53,41.3
2024-01-10 03:00:00,116,13.0,9.4,90.0,0.0,0.0,0.0,2,28.1
2024-01-10 04:00:00,212,12.2,8.7,92.0,0.1,0.1,0.0,51,25.5
2024-01-10 05:00:00,725,10.4,5.8,86.0,0.0,0.0,0.0,0,28.4
2024-01-10 06:00:00,2284,8.0,3.4,81.0,0.0,0.0,0.0,0,23.4
2024-01-10 07:00:00,5097,6.4,1.5,77.0,0.0,0.0,0.0,3,22.4
2024-01-10 08:00:00,7839,7.3,2.8,80.0,0.1,0.1,0.0,51,20.7
2024-01-10 09:00:00,5231,7.6,2.2,74.0,0.0,0.0,0.0,3,26.5
2024-01-10 10:00:00,3320,7.6,1.8,66.0,0.0,0.0,0.0,1,27.1
2024-01-10 11:00:00,3075,8.1,0.9,56.0,0.0,0.0,0.0,1,34.5
2024-01-10 12:00:00,3463,8.1,1.1,49.0,0.0,0.0,0.0,0,31.6
2024-01-10 13:00:00,3730,8.4,0.4,47.0,0.0,0.0,0.0,3,37.7
2024-01-10 14:00:00,4347,7.7,-0.3,45.0,0.0,0.0,0.0,2,36.6
2024-01-10 15:00:00,5077,7.6,0.5,47.0,0.0,0.0,0.0,3,30.7
2024-01-10 16:00:00,6092,7.3,0.4,48.0,0.0,0.0,0.0,3,30.0
2024-01-10 17:00:00,8166,6.1,-0.2,51.0,0.0,0.0,0.0,2,25.4
2024-01-10 18:00:00,7553,5.6,-0.4,53.0,0.0,0.0,0.0,1,23.0
2024-01-10 19:00:00,4944,4.9,-0.8,56.0,0.0,0.0,0.0,1,21.2
2024-01-10 20:00:00,3748,6.1,0.1,49.0,0.0,0.0,0.0,1,22.7
2024-01-10 21:00:00,2901,5.1,0.0,56.0,0.0,0.0,0.0,2,17.4
2024-01-10 22:00:00,2123,4.2,-0.5,69.0,0.0,0.0,0.0,1,16.5
2024-01-10 23:00:00,1335,4.0,-1.0,73.0,0.0,0.0,0.0,3,19.2
2024-01-11 00:00:00,750,3.7,-2.1,62.0,0.0,0.0,0.0,3,22.1
2024-01-11 01:00:00,359,3.0,-2.4,60.0,0.0,0.0,0.0,2,19.1
2024-01-11 02:00:00,267,2.4,-2.6,67.0,0.0,0.0,0.0,0,16.2
2024-01-11 03:00:00,194,1.8,-2.7,75.0,0.0,0.0,0.0,2,14.2
2024-01-11 04:00:00,222,1.6,-2.9,76.0,0.0,0.0,0.0,1,13.8
2024-01-11 05:00:00,846,0.9,-3.6,74.0,0.0,0.0,0.0,0,13.2
2024-01-11 06:00:00,2402,0.1,-4.4,76.0,0.0,0.0,0.0,0,12.9
2024-01-11 07:00:00,5409,-0.5,-5.1,79.0,0.0,0.0,0.0,0,13.2
2024-01-11 08:00:00,8222,2.1,-2.4,66.0,0.0,0.0,0.0,0,12.7
2024-01-11 09:00:00,5624,3.2,-1.1,65.0,0.0,0.0,0.0,0,11.9
2024-01-11 10:00:00,3582,4.7,0.2,60.0,0.0,0.0,0.0,0,13.7
2024-01-11 11:00:00,3411,5.7,0.7,53.0,0.0,0.0,0.0,0,16.5
2024-01-11 12:00:00,3715,6.5,0.8,47.0,0.0,0.0,0.0,3,20.7
2024-01-11 13:00:00,4033,7.0,1.1,45.0,0.0,0.0,0.0,1,21.6
2024-01-11 14:00:00,4869,7.0,1.7,46.0,0.0,0.0,0.0,0,18.1
2024-01-11 15:00:00,5683,7.1,2.3,47.0,0.0,0.0,0.0,0,15.0
2024-01-11 16:00:00,6685,6.5,2.2,52.0,0.0,0.0,0.0,0,12.3
2024-01-11 17:00:00,8645,4.4,0.5,60.0,0.0,0.0,0.0,0,9.9
2024-01-11 18:00:00,7920,3.5,-0.6,65.0,0.0,0.0,0.0,3,11.5
2024-01-11 19:00:00,5781,4.0,-0.8,64.0,0.0,0.0,0.0,2,16.1
2024-01-11 20:00:00,3883,4.4,-0.4,62.0,0.0,0.0,0.0,3,16.0
2024-01-11 21:00:00,2951,4.4,0.3,62.0,0.0,0.0,0.0,3,10.9
2024-01-11 22:00:00,2195,4.0,0.2,68.0,0.1,0.1,0.0,51,10.0
2024-01-11 23:00:00,1543,2.7,-1.6,73.0,0.0,0.0,0.0,0,13.0
2024-01-12 00:00:00,914,1.9,-2.3,78.0,0.0,0.0,0.0,0,12.7
2024-01-12 01:00:00,537,1.4,-2.6,81.0,0.0,0.0,0.0,0,11.6
2024-01-12 02:00:00,328,1.0,-3.0,82.0,0.0,0.0,0.0,0,11.2
2024-01-12 03:00:00,209,0.7,-3.4,82.0,0.0,0.0,0.0,0,11.4
2024-01-12 04:00:00,219,0.2,-3.7,84.0,0.0,0.0,0.0,0,9.7
2024-01-12 05:00:00,720,-0.2,-4.1,85.0,0.0,0.0,0.0,0,9.7
2024-01-12 06:00:00,2066,-0.7,-4.4,87.0,0.0,0.0,0.0,1,8.1
2024-01-12 07:00:00,4522,-2.2,-6.0,90.0,0.0,0.0,0.0,1,8.1
2024-01-12 08:00:00,6554,0.0,-3.1,87.0,0.0,0.0,0.0,3,5.0
2024-01-12 09:00:00,5014,2.2,-1.0,81.0,0.0,0.0,0.0,3,6.8
2024-01-12 10:00:00,3864,4.5,1.6,72.0,0.0,0.0,0.0,3,4.7
2024-01-12 11:00:00,4098,6.1,3.2,65.0,0.0,0.0,0.0,3,5.1
2024-01-12 12:00:00,4729,7.0,3.9,58.0,0.0,0.0,0.0,3,5.5
2024-01-12 13:00:00,5130,7.2,3.6,57.0,0.0,0.0,0.0,3,9.8
2024-01-12 14:00:00,6039,7.4,2.9,53.0,0.0,0.0,0.0,3,15.0
2024-01-12 15:00:00,6719,6.6,1.5,52.0,0.0,0.0,0.0,3,18.3
2024-01-12 16:00:00,7020,5.4,0.8,64.0,0.0,0.0,0.0,3,15.9
2024-01-12 17:00:00,7258,4.2,0.0,77.0,0.0,0.0,0.0,3,15.1
2024-01-12 18:00:00,6651,4.3,0.0,81.0,0.0,0.0,0.0,3,16.6
2024-01-12 19:00:00,5152,4.8,0.2,80.0,0.0,0.0,0.0,3,19.3
2024-01-12 20:00:00,3473,5.2,0.3,80.0,0.0,0.0,0.0,3,21.3
2024-01-12 21:00:00,2759,5.5,1.4,83.0,0.5,0.5,0.0,53,17.0
2024-01-12 22:00:00,1476,5.7,1.4,86.0,0.2,0.2,0.0,51,19.5
2024-01-12 23:00:00,662,6.3,1.0,90.0,1.8,1.8,0.0,61,27.4
2024-01-13 00:00:00,410,7.3,1.7,90.0,2.5,2.5,0.0,63,31.2
2024-01-13 01:00:00,189,8.0,2.9,91.0,3.8,3.8,0.0,63,29.4
2024-01-13 02:00:00,98,9.4,4.4,91.0,5.5,5.5,0.0,63,30.7
2024-01-13 03:00:00,91,10.4,5.0,92.0,5.4,5.4,0.0,63,34.9
2024-01-13 04:00:00,146,11.1,6.6,91.0,0.1,0.1,0.0,51,30.1
2024-01-13 05:00:00,251,11.0,7.4,92.0,0.0,0.0,0.0,3,24.2
2024-01-13 06:00:00,600,10.7,7.8,94.0,1.4,1.4,0.0,61,19.7
2024-01-13 07:00:00,1039,10.2,8.1,96.0,0.1,0.1,0.0,51,13.6
2024-01-13 08:00:00,2185,13.7,11.2,92.0,0.0,0.0,0.0,2,21.5
2024-01-13 09:00:00,3179,13.7,11.5,94.0,0.4,0.4,0.0,51,21.2
2024-01-13 10:00:00,4787,13.2,9.6,85.0,0.1,0.1,0.0,51,26.4
2024-01-13 11:00:00,5981,12.7,7.4,70.0,0.2,0.2,0.0,51,31.9
2024-01-13 12:00:00,5247,11.7,5.6,55.0,0.0,0.0,0.0,2,30.9
2024-01-13 13:00:00,5265,10.0,3.1,50.0,0.0,0.0,0.0,3,32.8
2024-01-13 14:00:00,5650,8.1,1.6,48.0,0.0,0.0,0.0,3,27.7
2024-01-13 15:00:00,5746,7.4,0.3,45.0,0.0,0.0,0.0,0,31.1
2024-01-13 16:00:00,5383,7.0,-0.5,40.0,0.0,0.0,0.0,0,31.4
2024-01-13 17:00:00,4126,5.3,-2.4,39.0,0.0,0.0,0.0,0,32.3
2024-01-13 18:00:00,3544,3.4,-4.8,43.0,0.0,0.0,0.0,1,34.9
2024-01-13 19:00:00,2971,2.3,-5.1,44.0,0.0,0.0,0.0,0,28.9
2024-01-13 20:00:00,2252,3.5,-3.3,43.0,0.0,0.0,0.0,1,25.4
2024-01-13 21:00:00,1699,2.3,-4.5,46.0,0.0,0.0,0.0,1,25.2
2024-01-13 22:00:00,1520,1.2,-5.5,47.0,0.0,0.0,0.0,0,24.0
2024-01-13 23:00:00,1518,0.5,-6.5,48.0,0.0,0.0,0.0,0,25.8
2024-01-14 00:00:00,1060,-0.2,-6.9,49.0,0.0,0.0,0.0,0,23.5
2024-01-14 01:00:00,809,-0.9,-7.5,51.0,0.0,0.0,0.0,0,22.8
2024-01-14 02:00:00,485,-1.5,-7.8,53.0,0.0,0.0,0.0,0,20.4
2024-01-14 03:00:00,396,-2.0,-8.4,54.0,0.0,0.0,0.0,0,21.7
2024-01-14 04:00:00,235,-2.1,-8.5,54.0,0.0,0.0,0.0,0,21.5
2024-01-14 05:00:00,192,-2.3,-8.2,55.0,0.0,0.0,0.0,0,18.1
2024-01-14 06:00:00,435,-2.5,-8.0,58.0,0.0,0.0,0.0,0,15.1
2024-01-14 07:00:00,804,-2.8,-8.2,61.0,0.0,0.0,0.0,0,15.2
2024-01-14 08:00:00,1430,-1.0,-6.9,60.0,0.0,0.0,0.0,0,19.4
2024-01-14 09:00:00,2510,0.5,-5.4,57.0,0.0,0.0,0.0,0,20.2
2024-01-14 10:00:00,3392,2.1,-4.4,52.0,0.0,0.0,0.0,0,24.3
2024-01-14 11:00:00,4291,3.8,-2.6,48.0,0.0,0.0,0.0,0,24.0
2024-01-14 12:00:00,4499,5.2,-1.9,46.0,0.1,0.0,0.07,71,28.8
2024-01-14 13:00:00,3647,2.4,-5.0,61.0,0.4,0.1,0.21,73,32.1
2024-01-14 14:00:00,3716,2.1,-6.2,42.0,0.2,0.0,0.14,71,34.9
2024-01-14 15:00:00,3869,1.7,-6.7,34.0,0.1,0.0,0.07,71,34.5
2024-01-14 16:00:00,3893,0.8,-7.6,33.0,0.0,0.0,0.0,0,33.5
2024-01-14 17:00:00,3102,-1.1,-9.1,32.0,0.0,0.0,0.0,1,30.4
2024-01-14 18:00:00,2632,-2.5,-9.7,32.0,0.0,0.0,0.0,0,24.2
2024-01-14 19:00:00,2213,-3.4,-10.1,36.0,0.0,0.0,0.0,0,21.1
2024-01-14 20:00:00,1745,-3.0,-9.6,35.0,0.0,0.0,0.0,0,20.2
2024-01-14 21:00:00,1312,-3.7,-10.4,37.0,0.0,0.0,0.0,1,20.8
2024-01-14 22:00:00,1162,-4.2,-10.5,39.0,0.0,0.0,0.0,1,18.0
2024-01-14 23:00:00,1072,-4.8,-10.3,42.0,0.0,0.0,0.0,0,12.8
2024-01-15 00:00:00,649,-5.4,-10.4,46.0,0.0,0.0,0.0,0,9.4
2024-01-15 01:00:00,318,-5.9,-10.8,50.0,0.0,0.0,0.0,3,9.5
2024-01-15 02:00:00,198,-6.1,-11.1,51.0,0.0,0.0,0.0,2,9.5
2024-01-15 03:00:00,136,-6.3,-11.3,50.0,0.0,0.0,0.0,2,10.0
2024-01-15 04:00:00,158,-6.3,-11.3,49.0,0.0,0.0,0.0,3,9.0
2024-01-15 05:00:00,348,-5.8,-10.7,46.0,0.0,0.0,0.0,3,8.7
2024-01-15 06:00:00,767,-6.3,-11.0,51.0,0.0,0.0,0.0,2,7.6
2024-01-15 07:00:00,1264,-6.5,-11.2,53.0,0.0,0.0,0.0,1,7.9
2024-01-15 08:00:00,2028,-6.1,-10.9,55.0,0.0,0.0,0.0,0,8.9
2024-01-15 09:00:00,2365,-5.1,-10.2,45.0,0.0,0.0,0.0,1,10.5
2024-01-15 10:00:00,2771,-4.1,-9.2,44.0,0.0,0.0,0.0,0,10.6
2024-01-15 11:00:00,3044,-3.1,-8.1,43.0,0.0,0.0,0.0,1,10.1
2024-01-15 12:00:00,3267,-2.1,-7.3,40.0,0.0,0.0,0.0,3,11.0
2024-01-15 13:00:00,3431,-1.6,-6.8,38.0,0.0,0.0,0.0,3,11.3
2024-01-15 14:00:00,3572,-1.6,-6.7,38.0,0.0,0.0,0.0,3,11.1
2024-01-15 15:00:00,3891,-1.6,-6.5,39.0,0.0,0.0,0.0,3,9.9
2024-01-15 16:00:00,3727,-1.8,-6.7,39.0,0.0,0.0,0.0,3,9.9
2024-01-15 17:00:00,3611,-2.1,-6.9,42.0,0.0,0.0,0.0,3,9.3
2024-01-15 18:00:00,3316,-2.3,-7.0,44.0,0.0,0.0,0.0,3,8.9
2024-01-15 19:00:00,2652,-2.5,-7.2,48.0,0.0,0.0,0.0,3,9.3
2024-01-15 20:00:00,1835,-3.5,-8.6,48.0,0.1,0.0,0.07,71,10.8
2024-01-15 21:00:00,1088,-4.0,-8.6,57.0,0.3,0.0,0.21,73,8.8
2024-01-15 22:00:00,670,-4.3,-8.4,62.0,0.4,0.0,0.28,73,5.8
2024-01-15 23:00:00,462,-4.4,-8.5,69.0,0.3,0.0,0.21,73,5.8
2024-01-16 00:00:00,223,-4.7,-8.1,76.0,0.6,0.0,0.42,73,2.3
2024-01-16 01:00:00,96,-4.8,-8.0,79.0,0.5,0.0,0.35,73,0.7
2024-01-16 02:00:00,87,-4.7,-8.5,80.0,0.6,0.0,0.42,73,5.1
2024-01-16 03:00:00,52,-4.7,-8.8,81.0,0.4,0.0,0.28,73,6.9
2024-01-16 04:00:00,97,-4.6,-8.8,82.0,0.3,0.0,0.21,73,8.4
2024-01-16 05:00:00,385,-4.4,-8.9,83.0,0.7,0.0,0.49,73,10.5
2024-01-16 06:00:00,993,-4.1,-8.7,82.0,0.2,0.0,0.21,73,11.2
2024-01-16 07:00:00,1759,-3.8,-8.7,84.0,0.3,0.0,0.21,73,13.4
2024-01-16 08:00:00,2581,-3.6,-8.3,87.0,0.2,0.0,0.14,71,12.8
2024-01-16 09:00:00,1570,-3.3,-7.9,88.0,0.4,0.0,0.28,73,12.4
2024-01-16 10:00:00,873,-3.2,-8.2,88.0,0.4,0.2,0.14,71,15.1
2024-01-16 11:00:00,777,-2.8,-7.6,92.0,1.3,1.1,0.14,71,14.4
2024-01-16 12:00:00,973,-2.2,-6.9,93.0,0.7,0.7,0.0,53,14.1
2024-01-16 13:00:00,1091,-1.7,-6.5,94.0,0.5,0.5,0.0,53,15.8
2024-01-16 14:00:00,1342,-1.5,-7.3,91.0,1.5,1.3,0.14,71,22.0
2024-01-16 15:00:00,1479,-2.3,-7.6,85.0,0.3,0.0,0.21,73,17.6
2024-01-16 16:00:00,1803,-1.7,-6.9,81.0,0.1,0.0,0.07,71,17.3
2024-01-16 17:00:00,2902,-1.8,-6.8,83.0,0.1,0.0,0.07,71,15.3
2024-01-16 18:00:00,2776,-1.8,-7.5,79.0,0.0,0.0,0.0,3,19.5
2024-01-16 19:00:00,2019,-2.9,-8.7,76.0,0.0,0.0,0.0,3,19.3
2024-01-16 20:00:00,1337,-4.3,-10.8,71.0,0.0,0.0,0.0,3,22.7
2024-01-16 21:00:00,998,-5.4,-12.4,66.0,0.0,0.0,0.0,0,24.8
2024-01-16 22:00:00,723,-6.4,-13.0,62.0,0.0,0.0,0.0,0,22.0
2024-01-16 23:00:00,431,-6.9,-12.9,66.0,0.0,0.0,0.0,0,17.2
2024-01-17 00:00:00,251,-7.3,-13.2,69.0,0.0,0.0,0.0,0,16.6
2024-01-17 01:00:00,141,-7.7,-13.6,69.0,0.0,0.0,0.0,0,16.7
2024-01-17 02:00:00,91,-8.0,-13.9,68.0,0.0,0.0,0.0,0,17.1
2024-01-17 03:00:00,66,-8.4,-14.2,69.0,0.0,0.0,0.0,0,16.1
2024-01-17 04:00:00,110,-8.4,-14.4,65.0,0.0,0.0,0.0,0,16.6
2024-01-17 05:00:00,491,-8.8,-14.7,64.0,0.0,0.0,0.0,0,16.0
2024-01-17 06:00:00,1269,-9.1,-15.0,65.0,0.0,0.0,0.0,0,15.8
2024-01-17 07:00:00,2706,-9.5,-15.4,65.0,0.0,0.0,0.0,0,15.9
2024-01-17 08:00:00,4160,-9.1,-15.1,59.0,0.0,0.0,0.0,0,16.3
2024-01-17 09:00:00,2816,-8.5,-15.1,53.0,0.0,0.0,0.0,0,19.8
2024-01-17 10:00:00,1745,-7.7,-14.4,47.0,0.0,0.0,0.0,0,21.0
2024-01-17 11:00:00,1606,-6.8,-13.6,40.0,0.0,0.0,0.0,0,20.9
2024-01-17 12:00:00,1832,-6.1,-13.1,35.0,0.0,0.0,0.0,0,22.0
2024-01-17 13:00:00,1966,-5.4,-12.5,32.0,0.0,0.0,0.0,0,22.8
2024-01-17 14:00:00,2274,-4.9,-12.1,28.0,0.0,0.0,0.0,0,23.1
2024-01-17 15:00:00,2671,-5.0,-12.0,29.0,0.0,0.0,0.0,0,21.9
2024-01-17 16:00:00,3178,-5.5,-12.3,32.0,0.0,0.0,0.0,0,20.6
2024-01-17 17:00:00,4262,-6.4,-12.8,39.0,0.0,0.0,0.0,0,17.8
2024-01-17 18:00:00,3732,-6.7,-13.1,43.0,0.0,0.0,0.0,0,18.2
2024-01-17 19:00:00,2660,-6.7,-13.1,45.0,0.0,0.0,0.0,0,19.1
2024-01-17 20:00:00,1749,-7.0,-13.4,47.0,0.0,0.0,0.0,0,18.7
2024-01-17 21:00:00,1317,-6.8,-13.4,46.0,0.0,0.0,0.0,0,19.6
2024-01-17 22:00:00,1019,-6.9,-12.9,46.0,0.0,0.0,0.0,0,16.4
2024-01-17 23:00:00,680,-7.0,-13.0,48.0,0.0,0.0,0.0,0,15.8
2024-01-18 00:00:00,358,-7.2,-13.0,51.0,0.0,0.0,0.0,2,15.3
2024-01-18 01:00:00,159,-7.3,-13.2,53.0,0.0,0.0,0.0,3,15.7
2024-01-18 02:00:00,100,-7.3,-13.1,55.0,0.0,0.0,0.0,2,15.0
2024-01-18 03:00:00,61,-7.4,-13.0,56.0,0.0,0.0,0.0,1,13.8
2024-01-18 04:00:00,140,-7.4,-12.9,57.0,0.0,0.0,0.0,2,13.5
2024-01-18 05:00:00,539,-7.4,-12.7,58.0,0.0,0.0,0.0,3,12.1
2024-01-18 06:00:00,1489,-7.2,-12.5,58.0,0.0,0.0,0.0,3,12.0
2024-01-18 07:00:00,3203,-6.8,-12.0,57.0,0.0,0.0,0.0,3,11.4
2024-01-18 08:00:00,5101,-5.6,-10.7,50.0,0.0,0.0,0.0,3,10.7
2024-01-18 09:00:00,3337,-4.7,-10.1,47.0,0.0,0.0,0.0,3,12.5
2024-01-18 10:00:00,2312,-4.0,-9.2,46.0,0.1,0.0,0.07,71,11.8
2024-01-18 11:00:00,2064,-3.3,-9.1,47.0,0.1,0.0,0.07,71,16.2
2024-01-18 12:00:00,2251,-2.5,-8.5,47.0,0.1,0.0,0.07,71,17.6
2024-01-18 13:00:00,2345,-1.5,-7.1,46.0,0.1,0.0,0.07,71,15.1
2024-01-18 14:00:00,3025,-0.8,-6.2,45.0,0.0,0.0,0.0,3,14.1
2024-01-18 15:00:00,3511,-0.6,-5.8,45.0,0.0,0.0,0.0,3,13.0
2024-01-18 16:00:00,4217,-0.7,-5.5,47.0,0.0,0.0,0.0,3,10.5
2024-01-18 17:00:00,5553,-1.8,-6.1,53.0,0.0,0.0,0.0,3,7.2
2024-01-18 18:00:00,5002,-2.1,-6.3,56.0,0.0,0.0,0.0,3,6.4
2024-01-18 19:00:00,3787,-2.2,-6.4,58.0,0.0,0.0,0.0,3,6.9
2024-01-18 20:00:00,2549,-2.3,-6.7,57.0,0.0,0.0,0.0,3,7.9
2024-01-18 21:00:00,1933,-2.3,-6.5,58.0,0.0,0.0,0.0,3,7.2
2024-01-18 22:00:00,1484,-2.4,-6.1,61.0,0.1,0.0,0.07,71,4.0
2024-01-18 23:00:00,1022,-2.8,-6.6,66.0,0.0,0.0,0.0,3,4.7
2024-01-19 00:00:00,596,-3.0,-6.7,67.0,0.0,0.0,0.0,3,3.6
2024-01-19 01:00:00,313,-3.6,-7.3,72.0,0.0,0.0,0.0,3,4.6
2024-01-19 02:00:00,212,-3.3,-7.2,71.0,0.0,0.0,0.0,3,5.6
2024-01-19 03:00:00,147,-3.4,-7.5,72.0,0.0,0.0,0.0,3,7.1
2024-01-19 04:00:00,194,-3.2,-7.3,73.0,0.0,0.0,0.0,3,6.9
2024-01-19 05:00:00,560,-3.2,-7.1,74.0,0.1,0.0,0.07,71,6.1
2024-01-19 06:00:00,1480,-3.4,-7.5,77.0,0.2,0.0,0.14,71,7.6
2024-01-19 07:00:00,3134,-3.5,-7.8,76.0,0.1,0.0,0.07,71,8.9
2024-01-19 08:00:00,4616,-3.3,-7.4,75.0,0.1,0.0,0.07,71,7.4
2024-01-19 09:00:00,2907,-2.7,-6.9,71.0,0.2,0.0,0.14,71,8.4
2024-01-19 10:00:00,2087,-2.2,-7.1,68.0,0.2,0.0,0.14,71,12.7
2024-01-19 11:00:00,1652,-2.0,-7.2,69.0,0.2,0.0,0.14,71,15.3
2024-01-19 12:00:00,1672,-2.0,-7.2,69.0,0.4,0.0,0.28,73,15.1
2024-01-19 13:00:00,1710,-1.8,-7.1,65.0,0.2,0.0,0.14,71,15.5
2024-01-19 14:00:00,2007,-1.6,-6.9,63.0,0.2,0.0,0.14,71,15.7
2024-01-19 15:00:00,2426,-1.6,-7.0,63.0,0.2,0.0,0.14,71,15.7
2024-01-19 16:00:00,3006,-1.9,-7.3,66.0,0.2,0.0,0.14,71,16.2
2024-01-19 17:00:00,3729,-2.8,-8.2,71.0,0.1,0.0,0.07,71,15.9
2024-01-19 18:00:00,3508,-3.5,-9.0,70.0,0.1,0.0,0.07,71,16.4
2024-01-19 19:00:00,2730,-4.0,-9.4,69.0,0.0,0.0,0.0,3,15.3
2024-01-19 20:00:00,1814,-4.6,-9.4,72.0,0.0,0.0,0.0,3,11.6
2024-01-19 21:00:00,1380,-5.0,-9.2,79.0,0.0,0.0,0.0,3,7.5
2024-01-19 22:00:00,1166,-4.7,-9.7,74.0,0.0,0.0,0.0,3,13.1
2024-01-19 23:00:00,1009,-4.6,-10.5,64.0,0.0,0.0,0.0,2,17.8
2024-01-20 00:00:00,735,-5.5,-11.7,61.0,0.0,0.0,0.0,3,19.6
2024-01-20 01:00:00,482,-6.4,-12.9,58.0,0.0,0.0,0.0,2,20.7
2024-01-20 02:00:00,320,-7.4,-13.9,59.0,0.0,0.0,0.0,0,20.4
2024-01-20 03:00:00,202,-8.1,-14.5,62.0,0.0,0.0,0.0,0,19.1
2024-01-20 04:00:00,144,-8.4,-14.7,63.0,0.0,0.0,0.0,0,18.5
2024-01-20 05:00:00,158,-8.6,-14.6,63.0,0.0,0.0,0.0,0,17.1
2024-01-20 06:00:00,365,-8.7,-14.5,63.0,0.0,0.0,0.0,0,15.8
2024-01-20 07:00:00,726,-8.8,-14.5,64.0,0.0,0.0,0.0,0,14.7
2024-01-20 08:00:00,1421,-8.4,-14.4,57.0,0.0,0.0,0.0,0,16.3
2024-01-20 09:00:00,1861,-7.4,-14.0,48.0,0.0,0.0,0.0,0,20.0
2024-01-20 10:00:00,2402,-6.5,-13.1,43.0,0.0,0.0,0.0,0,20.0
2024-01-20 11:00:00,2807,-5.2,-12.1,37.0,0.0,0.0,0.0,0,21.8
2024-01-20 12:00:00,2970,-4.4,-11.6,36.0,0.0,0.0,0.0,2,23.7
2024-01-20 13:00:00,3109,-4.2,-11.4,36.0,0.0,0.0,0.0,3,24.2
2024-01-20 14:00:00,3136,-4.5,-11.8,37.0,0.0,0.0,0.0,3,24.4
2024-01-20 15:00:00,3071,-5.3,-12.7,39.0,0.0,0.0,0.0,3,25.1
2024-01-20 16:00:00,2823,-6.1,-13.4,43.0,0.0,0.0,0.0,3,24.4
2024-01-20 17:00:00,2371,-7.1,-14.0,48.0,0.0,0.0,0.0,3,22.1
2024-01-20 18:00:00,2134,-7.3,-14.2,49.0,0.0,0.0,0.0,3,22.3
2024-01-20 19:00:00,1788,-7.8,-14.7,50.0,0.0,0.0,0.0,2,22.7
2024-01-20 20:00:00,1355,-8.0,-15.1,50.0,0.0,0.0,0.0,3,23.5
2024-01-20 21:00:00,1046,-8.0,-15.0,51.0,0.0,0.0,0.0,2,23.3
2024-01-20 22:00:00,919,-8.2,-15.2,54.0,0.0,0.0,0.0,3,22.8
2024-01-20 23:00:00,874,-8.1,-14.9,56.0,0.0,0.0,0.0,3,22.1
2024-01-21 00:00:00,652,-8.0,-14.5,58.0,0.0,0.0,0.0,2,20.1
2024-01-21 01:00:00,443,-7.6,-14.0,58.0,0.0,0.0,0.0,3,19.4
2024-01-21 02:00:00,295,-7.3,-13.7,57.0,0.0,0.0,0.0,3,19.4
2024-01-21 03:00:00,188,-7.3,-13.7,57.0,0.0,0.0,0.0,2,19.4
2024-01-21 04:00:00,152,-7.6,-14.1,58.0,0.0,0.0,0.0,1,20.1
2024-01-21 05:00:00,136,-7.8,-14.3,56.0,0.0,0.0,0.0,0,20.1
2024-01-21 06:00:00,293,-8.0,-14.3,57.0,0.0,0.0,0.0,0,18.3
2024-01-21 07:00:00,561,-8.3,-14.3,59.0,0.0,0.0,0.0,0,16.8
2024-01-21 08:00:00,918,-7.2,-13.6,55.0,0.0,0.0,0.0,0,19.0
2024-01-21 09:00:00,1518,-6.4,-13.2,49.0,0.0,0.0,0.0,0,21.8
2024-01-21 10:00:00,2126,-5.6,-12.5,45.0,0.0,0.0,0.0,0,22.3
2024-01-21 11:00:00,2642,-4.4,-11.2,41.0,0.0,0.0,0.0,0,21.8
2024-01-21 12:00:00,2902,-3.5,-10.1,38.0,0.0,0.0,0.0,0,20.5
2024-01-21 13:00:00,3158,-2.5,-9.2,36.0,0.0,0.0,0.0,0,21.2
2024-01-21 14:00:00,3267,-2.0,-8.9,36.0,0.0,0.0,0.0,0,22.5
2024-01-21 15:00:00,3355,-2.1,-9.0,38.0,0.0,0.0,0.0,0,22.8
2024-01-21 16:00:00,3092,-2.8,-9.4,42.0,0.0,0.0,0.0,0,20.8
2024-01-21 17:00:00,2657,-4.3,-10.4,51.0,0.0,0.0,0.0,0,18.2
2024-01-21 18:00:00,2404,-5.0,-11.1,56.0,0.0,0.0,0.0,0,17.9
2024-01-21 19:00:00,1730,-5.5,-11.5,59.0,0.0,0.0,0.0,0,17.6
2024-01-21 20:00:00,1272,-4.8,-10.9,54.0,0.0,0.0,0.0,0,18.2
2024-01-21 21:00:00,1133,-5.3,-11.1,57.0,0.0,0.0,0.0,0,16.1
2024-01-21 22:00:00,880,-5.7,-11.2,61.0,0.0,0.0,0.0,0,14.0
2024-01-21 23:00:00,543,-6.1,-11.5,65.0,0.0,0.0,0.0,0,14.2
2024-01-22 00:00:00,324,-6.3,-11.7,66.0,0.0,0.0,0.0,0,13.7
2024-01-22 01:00:00,153,-6.5,-11.7,67.0,0.0,0.0,0.0,0,12.4
2024-01-22 02:00:00,104,-6.6,-11.5,67.0,0.0,0.0,0.0,0,10.5
2024-01-22 03:00:00,98,-6.6,-11.4,67.0,0.0,0.0,0.0,0,10.1
2024-01-22 04:00:00,148,-6.7,-11.4,67.0,0.0,0.0,0.0,0,9.2
2024-01-22 05:00:00,656,-6.9,-11.3,68.0,0.0,0.0,0.0,0,7.2
2024-01-22 06:00:00,1766,-7.1,-11.6,71.0,0.0,0.0,0.0,0,8.0
2024-01-22 07:00:00,3624,-7.3,-11.9,73.0,0.0,0.0,0.0,0,8.3
2024-01-22 08:00:00,5781,-6.4,-11.1,67.0,0.0,0.0,0.0,0,9.3
2024-01-22 09:00:00,3892,-4.2,-8.7,55.0,0.0,0.0,0.0,0,7.6
2024-01-22 10:00:00,2438,-2.6,-7.1,47.0,0.0,0.0,0.0,0,7.7
2024-01-22 11:00:00,2398,-0.8,-5.7,40.0,0.0,0.0,0.0,3,9.9
2024-01-22 12:00:00,2784,0.8,-4.4,35.0,0.0,0.0,0.0,3,12.0
2024-01-22 13:00:00,2955,1.9,-3.5,32.0,0.0,0.0,0.0,3,13.2
2024-01-22 14:00:00,3506,2.7,-3.1,29.0,0.0,0.0,0.0,2,15.9
2024-01-22 15:00:00,4065,2.9,-2.8,29.0,0.0,0.0,0.0,3,15.5
2024-01-22 16:00:00,4887,2.1,-3.3,35.0,0.0,0.0,0.0,3,13.6
2024-01-22 17:00:00,5062,0.4,-4.9,45.0,0.0,0.0,0.0,3,13.4
2024-01-22 18:00:00,5743,-0.1,-5.5,51.0,0.0,0.0,0.0,3,14.8
2024-01-22 19:00:00,3981,-0.7,-6.4,55.0,0.0,0.0,0.0,3,17.4
2024-01-22 20:00:00,2640,-2.6,-8.1,64.0,0.0,0.0,0.0,3,16.5
2024-01-22 21:00:00,1899,-2.3,-8.0,62.0,0.0,0.0,0.0,3,17.6
2024-01-22 22:00:00,1361,-2.9,-8.6,64.0,0.0,0.0,0.0,3,17.1
2024-01-22 23:00:00,802,-2.1,-8.0,60.0,0.0,0.0,0.0,3,18.8
2024-01-23 00:00:00,483,-1.7,-7.5,59.0,0.0,0.0,0.0,3,18.0
2024-01-23 01:00:00,220,-1.1,-6.7,57.0,0.0,0.0,0.0,2,16.8
2024-01-23 02:00:00,144,-1.5,-6.6,60.0,0.0,0.0,0.0,2,13.4
2024-01-23 03:00:00,113,-1.1,-6.2,58.0,0.0,0.0,0.0,3,13.1
2024-01-23 04:00:00,182,-0.7,-5.9,57.0,0.0,0.0,0.0,3,14.4
2024-01-23 05:00:00,767,-0.5,-5.5,57.0,0.0,0.0,0.0,3,13.2
2024-01-23 06:00:00,2201,-1.0,-5.9,59.0,0.0,0.0,0.0,2,12.4
2024-01-23 07:00:00,4554,-0.9,-5.7,60.0,0.0,0.0,0.0,3,11.7
2024-01-23 08:00:00,7269,0.8,-3.7,52.0,0.0,0.0,0.0,3,9.5
2024-01-23 09:00:00,4915,1.8,-2.6,51.0,0.0,0.0,0.0,3,9.5
2024-01-23 10:00:00,2585,1.9,-2.3,55.0,0.3,0.3,0.0,51,8.6
2024-01-23 11:00:00,1965,1.2,-2.5,76.0,0.8,0.8,0.0,53,8.1
2024-01-23 12:00:00,2116,1.4,-2.0,81.0,0.7,0.7,0.0,53,7.2
2024-01-23 13:00:00,2875,2.0,-1.2,80.0,0.4,0.4,0.0,51,6.2
2024-01-23 14:00:00,3467,3.0,-0.2,74.0,0.0,0.0,0.0,3,6.1
2024-01-23 15:00:00,4140,3.5,0.2,67.0,0.0,0.0,0.0,3,6.0
2024-01-23 16:00:00,5084,2.9,0.0,71.0,0.0,0.0,0.0,3,3.7
2024-01-23 17:00:00,7133,2.5,-0.4,74.0,0.0,0.0,0.0,3,3.7
2024-01-23 18:00:00,6806,1.1,-2.1,82.0,0.0,0.0,0.0,3,5.4
2024-01-23 19:00:00,4908,-0.2,-3.5,88.0,0.0,0.0,0.0,3,5.5
2024-01-23 20:00:00,3290,0.3,-2.7,89.0,0.0,0.0,0.0,3,4.3
2024-01-23 21:00:00,2492,0.3,-2.6,89.0,0.0,0.0,0.0,3,4.2
2024-01-23 22:00:00,1956,-0.9,-4.1,94.0,0.0,0.0,0.0,3,5.4
2024-01-23 23:00:00,995,-0.2,-3.1,92.0,0.0,0.0,0.0,3,4.0
2024-01-24 00:00:00,568,-0.1,-3.3,92.0,0.0,0.0,0.0,3,5.8
2024-01-24 01:00:00,315,-0.1,-3.2,90.0,0.0,0.0,0.0,3,5.0
2024-01-24 02:00:00,177,0.1,-3.3,87.0,0.0,0.0,0.0,3,7.3
2024-01-24 03:00:00,141,0.0,-3.5,89.0,0.0,0.0,0.0,3,7.2
2024-01-24 04:00:00,191,-0.2,-3.3,93.0,0.2,0.2,0.0,51,5.2
2024-01-24 05:00:00,750,-0.6,-3.9,94.0,0.1,0.1,0.0,51,6.8
2024-01-24 06:00:00,2059,0.0,-3.4,95.0,0.1,0.1,0.0,51,8.0
2024-01-24 07:00:00,3694,-0.3,-3.1,95.0,0.0,0.0,0.0,3,3.8
2024-01-24 08:00:00,6767,0.7,-2.2,94.0,0.1,0.1,0.0,51,4.7
2024-01-24 09:00:00,5105,2.0,-0.9,95.0,0.2,0.2,0.0,51,6.6
2024-01-24 10:00:00,3408,3.5,1.2,93.0,0.1,0.1,0.0,51,4.1
2024-01-24 11:00:00,2994,4.1,1.7,94.0,0.1,0.1,0.0,51,5.4
2024-01-24 12:00:00,3331,4.3,2.1,95.0,0.1,0.1,0.0,51,4.7
2024-01-24 13:00:00,3156,3.9,1.6,96.0,0.1,0.1,0.0,51,4.7
2024-01-24 14:00:00,3241,4.4,2.3,96.0,0.1,0.1,0.0,51,4.6
2024-01-24 15:00:00,3426,4.0,1.8,97.0,0.1,0.1,0.0,51,4.6
2024-01-24 16:00:00,4089,4.0,1.8,97.0,0.1,0.1,0.0,51,4.8
2024-01-24 17:00:00,5658,3.7,1.5,98.0,0.2,0.2,0.0,51,4.5
2024-01-24 18:00:00,5289,3.3,0.9,99.0,0.5,0.5,0.0,53,5.3
2024-01-24 19:00:00,3434,3.2,0.8,100.0,0.3,0.3,0.0,51,5.0
2024-01-24 20:00:00,2660,3.5,1.0,99.0,0.4,0.4,0.0,51,6.2
2024-01-24 21:00:00,2367,3.5,1.2,99.0,0.2,0.2,0.0,51,5.4
2024-01-24 22:00:00,1921,3.6,1.2,99.0,0.0,0.0,0.0,3,5.9
2024-01-24 23:00:00,1171,4.7,1.8,98.0,0.3,0.3,0.0,51,10.5
2024-01-25 00:00:00,551,6.1,3.1,96.0,0.3,0.3,0.0,51,13.0
2024-01-25 01:00:00,304,6.7,3.8,96.0,0.3,0.3,0.0,51,13.5
2024-01-25 02:00:00,191,7.3,4.0,96.0,0.2,0.2,0.0,51,16.8
2024-01-25 03:00:00,108,8.2,4.5,94.0,0.6,0.6,0.0,53,20.7
2024-01-25 04:00:00,130,8.8,5.1,93.0,0.8,0.8,0.0,53,21.8
2024-01-25 05:00:00,458,9.0,5.7,94.0,0.3,0.3,0.0,51,19.5
2024-01-25 06:00:00,1264,8.9,6.4,95.0,0.3,0.3,0.0,51,13.9
2024-01-25 07:00:00,2925,8.4,6.5,96.0,0.2,0.2,0.0,51,9.0
2024-01-25 08:00:00,4062,7.7,5.8,97.0,0.6,0.6,0.0,53,8.6
2024-01-25 09:00:00,3373,8.1,6.1,97.0,0.6,0.6,0.0,53,9.4
2024-01-25 10:00:00,2179,7.7,5.8,98.0,0.8,0.8,0.0,53,8.7
2024-01-25 11:00:00,2893,8.0,6.0,97.0,0.6,0.6,0.0,53,9.4
2024-01-25 12:00:00,3673,9.8,8.2,95.0,0.1,0.1,0.0,51,9.2
2024-01-25 13:00:00,3867,9.1,7.7,96.0,0.0,0.0,0.0,3,6.7
2024-01-25 14:00:00,4465,8.7,7.5,98.0,0.1,0.1,0.0,51,5.6
2024-01-25 15:00:00,5252,8.5,6.9,97.0,0.1,0.1,0.0,51,7.2
2024-01-25 16:00:00,6123,8.1,6.6,97.0,0.0,0.0,0.0,3,6.4
2024-01-25 17:00:00,8363,7.3,5.8,97.0,0.0,0.0,0.0,3,5.0
2024-01-25 18:00:00,7955,7.2,5.0,97.0,0.0,0.0,0.0,3,9.2
2024-01-25 19:00:00,5706,7.1,5.0,97.0,0.0,0.0,0.0,3,8.4
2024-01-25 20:00:00,4026,7.1,5.0,99.0,0.0,0.0,0.0,3,9.2
2024-01-25 21:00:00,3315,6.9,4.5,99.0,0.0,0.0,0.0,3,10.6
2024-01-25 22:00:00,2472,6.5,3.9,99.0,0.0,0.0,0.0,3,11.9
2024-01-25 23:00:00,1272,6.5,3.4,100.0,0.2,0.2,0.0,51,15.3
2024-01-26 00:00:00,713,6.7,3.8,98.0,0.2,0.2,0.0,51,14.0
2024-01-26 01:00:00,349,6.3,3.0,98.0,0.2,0.2,0.0,51,15.4
2024-01-26 02:00:00,212,5.4,1.8,96.0,0.4,0.4,0.0,51,16.1
2024-01-26 03:00:00,123,4.8,1.0,96.0,0.5,0.5,0.0,53,16.3
2024-01-26 04:00:00,139,4.7,1.7,96.0,0.7,0.7,0.0,53,10.6
2024-01-26 05:00:00,446,4.5,1.1,97.0,0.4,0.4,0.0,51,13.0
2024-01-26 06:00:00,1329,4.4,0.8,98.0,0.4,0.4,0.0,51,15.0
2024-01-26 07:00:00,2642,4.6,1.2,97.0,0.2,0.2,0.0,51,13.5
2024-01-26 08:00:00,4008,4.2,0.9,97.0,0.2,0.2,0.0,51,12.3
2024-01-26 09:00:00,3443,4.4,1.2,97.0,0.3,0.3,0.0,51,12.2
2024-01-26 10:00:00,2383,4.6,1.2,97.0,0.1,0.1,0.0,51,13.5
2024-01-26 11:00:00,3167,4.5,1.2,98.0,0.4,0.4,0.0,51,13.1
2024-01-26 12:00:00,3911,5.3,2.2,94.0,0.0,0.0,0.0,3,12.0
2024-01-26 13:00:00,4237,5.8,3.0,94.0,0.0,0.0,0.0,3,10.7
2024-01-26 14:00:00,4866,6.2,3.9,94.0,0.0,0.0,0.0,3,7.4
2024-01-26 15:00:00,5460,7.0,5.1,91.0,0.0,0.0,0.0,3,5.4
2024-01-26 16:00:00,6194,7.2,5.8,91.0,0.0,0.0,0.0,3,2.3
2024-01-26 17:00:00,7317,6.6,5.0,95.0,0.0,0.0,0.0,3,3.9
2024-01-26 18:00:00,5894,4.6,2.5,98.0,0.0,0.0,0.0,3,4.7
2024-01-26 19:00:00,4467,3.1,1.0,100.0,0.0,0.0,0.0,3,3.2
2024-01-26 20:00:00,3644,3.3,1.2,97.0,0.0,0.0,0.0,2,3.6
2024-01-26 21:00:00,2894,3.1,0.9,97.0,0.0,0.0,0.0,3,3.4
2024-01-26 22:00:00,2450,2.8,0.7,98.0,0.0,0.0,0.0,2,2.9
2024-01-26 23:00:00,2075,2.4,0.3,100.0,0.0,0.0,0.0,3,2.5
2024-01-27 00:00:00,1590,1.9,-0.2,100.0,0.0,0.0,0.0,3,2.3
2024-01-27 01:00:00,1235,1.9,-0.8,100.0,0.0,0.0,0.0,3,5.5
2024-01-27 02:00:00,802,1.9,-1.1,99.0,0.0,0.0,0.0,3,7.9
2024-01-27 03:00:00,547,1.9,-1.2,99.0,0.0,0.0,0.0,2,8.7
2024-01-27 04:00:00,343,1.9,-1.4,98.0,0.0,0.0,0.0,3,9.7
2024-01-27 05:00:00,290,2.6,-1.0,96.0,0.0,0.0,0.0,3,11.9
2024-01-27 06:00:00,656,2.8,-0.6,93.0,0.0,0.0,0.0,3,10.8
2024-01-27 07:00:00,1312,2.8,-0.9,91.0,0.0,0.0,0.0,3,12.4
2024-01-27 08:00:00,2446,4.3,1.1,89.0,0.0,0.0,0.0,3,10.8
2024-01-27 09:00:00,3675,4.9,1.6,83.0,0.0,0.0,0.0,3,10.2
2024-01-27 10:00:00,4762,5.8,2.7,76.0,0.0,0.0,0.0,3,8.5
2024-01-27 11:00:00,5747,6.7,3.6,71.0,0.0,0.0,0.0,3,8.7
2024-01-27 12:00:00,6264,7.1,3.6,67.0,0.0,0.0,0.0,3,10.9
2024-01-27 13:00:00,6513,7.3,3.8,69.0,0.0,0.0,0.0,3,11.6
2024-01-27 14:00:00,6476,7.4,4.5,70.0,0.0,0.0,0.0,3,8.0
2024-01-27 15:00:00,6333,7.6,4.9,69.0,0.0,0.0,0.0,3,6.5
2024-01-27 16:00:00,6073,7.3,4.7,70.0,0.0,0.0,0.0,3,5.6
2024-01-27 17:00:00,5455,6.5,4.2,76.0,0.0,0.0,0.0,3,4.0
2024-01-27 18:00:00,4815,6.0,3.3,77.0,0.0,0.0,0.0,3,6.2
2024-01-27 19:00:00,4199,5.4,2.7,78.0,0.0,0.0,0.0,3,6.1
2024-01-27 20:00:00,3240,4.7,1.8,79.0,0.0,0.0,0.0,3,6.6
2024-01-27 21:00:00,2869,3.5,0.7,86.0,0.0,0.0,0.0,3,5.7
2024-01-27 22:00:00,2460,3.2,0.2,92.0,0.0,0.0,0.0,3,8.6
2024-01-27 23:00:00,2113,3.0,0.2,97.0,0.0,0.0,0.0,3,7.3
2024-01-28 00:00:00,1754,3.1,0.6,96.0,0.1,0.1,0.0,51,5.2
2024-01-28 01:00:00,912,3.0,0.7,96.0,0.1,0.1,0.0,51,4.5
2024-01-28 02:00:00,375,2.9,0.1,97.0,0.5,0.5,0.0,53,7.6
2024-01-28 03:00:00,179,2.8,-0.4,97.0,1.0,1.0,0.0,55,10.0
2024-01-28 04:00:00,93,2.6,-1.1,96.0,1.9,1.9,0.0,61,12.9
2024-01-28 05:00:00,98,2.6,-1.0,96.0,2.4,2.4,0.0,61,12.4
2024-01-28 06:00:00,168,2.5,-1.5,96.0,1.1,1.1,0.0,55,14.9
2024-01-28 07:00:00,305,2.6,-1.0,96.0,2.8,2.8,0.0,63,11.9
2024-01-28 08:00:00,394,2.8,-1.0,95.0,1.9,1.9,0.0,61,14.1
2024-01-28 09:00:00,861,2.8,-1.6,95.0,3.2,3.2,0.0,63,17.4
2024-01-28 10:00:00,2102,2.7,-2.0,95.0,0.9,0.9,0.0,53,19.4
2024-01-28 11:00:00,2275,3.0,-3.1,90.0,0.1,0.1,0.0,51,29.0
2024-01-28 12:00:00,2144,3.1,-3.0,89.0,0.1,0.1,0.0,51,28.4
2024-01-28 13:00:00,2117,2.7,-2.5,93.0,0.5,0.5,0.0,53,22.7
2024-01-28 14:00:00,2225,2.4,-2.8,94.0,0.6,0.6,0.0,53,22.5
2024-01-28 15:00:00,2050,2.5,-2.7,93.0,0.6,0.6,0.0,53,22.2
2024-01-28 16:00:00,2072,2.5,-2.0,93.0,0.8,0.8,0.0,53,18.3
2024-01-28 17:00:00,1617,2.2,-2.7,95.0,1.1,1.1,0.0,55,20.6
2024-01-28 18:00:00,1944,1.9,-3.5,94.0,0.7,0.7,0.0,53,23.4
2024-01-28 19:00:00,1626,1.7,-3.9,94.0,0.3,0.3,0.0,51,24.6
2024-01-28 20:00:00,1440,1.9,-3.1,94.0,0.2,0.2,0.0,51,20.3
2024-01-28 21:00:00,1222,1.7,-3.2,94.0,0.1,0.1,0.0,51,20.0
2024-01-28 22:00:00,1100,1.7,-3.0,94.0,0.1,0.1,0.0,51,18.8
2024-01-28 23:00:00,672,1.5,-3.3,93.0,0.0,0.0,0.0,3,18.4
2024-01-29 00:00:00,379,1.4,-3.5,91.0,0.0,0.0,0.0,3,18.8
2024-01-29 01:00:00,181,1.4,-3.5,90.0,0.0,0.0,0.0,3,19.1
2024-01-29 02:00:00,124,1.4,-3.6,89.0,0.1,0.1,0.0,51,19.7
2024-01-29 03:00:00,84,1.3,-3.5,89.0,0.2,0.2,0.0,51,17.9
2024-01-29 04:00:00,162,1.3,-3.7,87.0,0.1,0.1,0.0,51,19.6
2024-01-29 05:00:00,615,1.5,-3.7,85.0,0.0,0.0,0.0,3,20.4
2024-01-29 06:00:00,1685,1.5,-3.6,83.0,0.0,0.0,0.0,3,19.4
2024-01-29 07:00:00,3772,1.5,-3.8,80.0,0.0,0.0,0.0,3,20.7
2024-01-29 08:00:00,6065,1.8,-1.9,88.0,0.1,0.1,0.0,51,10.9
2024-01-29 09:00:00,4429,2.0,-2.0,87.0,0.0,0.0,0.0,3,13.0
2024-01-29 10:00:00,3138,2.5,-2.7,77.0,0.0,0.0,0.0,3,19.7
2024-01-29 11:00:00,2826,3.1,-2.6,69.0,0.1,0.1,0.0,51,22.7
2024-01-29 12:00:00,3344,3.8,-2.4,59.0,0.0,0.0,0.0,3,25.0
2024-01-29 13:00:00,3604,4.5,-2.0,53.0,0.0,0.0,0.0,3,26.0
2024-01-29 14:00:00,4065,4.9,-1.6,52.0,0.0,0.0,0.0,2,25.7
2024-01-29 15:00:00,4523,4.6,-1.6,52.0,0.0,0.0,0.0,1,23.6
2024-01-29 16:00:00,5240,4.1,-1.8,53.0,0.0,0.0,0.0,1,21.2
2024-01-29 17:00:00,7199,2.9,-2.0,56.0,0.0,0.0,0.0,2,14.4
2024-01-29 18:00:00,6580,1.3,-3.1,63.0,0.0,0.0,0.0,1,10.6
2024-01-29 19:00:00,4793,0.2,-4.0,69.0,0.0,0.0,0.0,1,10.2
2024-01-29 20:00:00,3209,1.2,-2.9,67.0,0.0,0.0,0.0,3,9.1
2024-01-29 21:00:00,2241,0.9,-3.4,69.0,0.0,0.0,0.0,2,11.0
2024-01-29 22:00:00,1588,-0.2,-4.5,76.0,0.0,0.0,0.0,0,10.9
2024-01-29 23:00:00,942,-1.2,-5.6,81.0,0.0,0.0,0.0,0,11.8
2024-01-30 00:00:00,546,-1.5,-6.0,81.0,0.0,0.0,0.0,0,12.1
2024-01-30 01:00:00,233,-2.4,-6.9,82.0,0.0,0.0,0.0,0,11.2
2024-01-30 02:00:00,167,-3.2,-7.6,84.0,0.0,0.0,0.0,0,10.9
2024-01-30 03:00:00,130,-3.6,-8.2,85.0,0.0,0.0,0.0,0,11.7
2024-01-30 04:00:00,198,-3.9,-8.5,85.0,0.0,0.0,0.0,0,11.9
2024-01-30 05:00:00,824,-4.0,-8.7,86.0,0.0,0.0,0.0,0,11.9
2024-01-30 06:00:00,2386,-4.3,-8.8,87.0,0.0,0.0,0.0,0,10.5
2024-01-30 07:00:00,5109,-4.6,-8.9,89.0,0.0,0.0,0.0,0,9.8
2024-01-30 08:00:00,8144,-2.2,-6.2,80.0,0.0,0.0,0.0,0,7.6
2024-01-30 09:00:00,5686,-0.9,-4.6,73.0,0.0,0.0,0.0,2,6.1
2024-01-30 10:00:00,3398,1.0,-2.5,66.0,0.0,0.0,0.0,3,5.2
2024-01-30 11:00:00,3108,2.5,-1.0,55.0,0.0,0.0,0.0,3,4.3
2024-01-30 12:00:00,3461,3.3,-0.6,53.0,0.0,0.0,0.0,3,6.9
2024-01-30 13:00:00,3585,3.4,-0.5,53.0,0.0,0.0,0.0,3,7.8
2024-01-30 14:00:00,3987,3.2,-1.2,54.0,0.0,0.0,0.0,3,10.7
2024-01-30 15:00:00,4785,2.6,-2.0,56.0,0.0,0.0,0.0,3,12.0
2024-01-30 16:00:00,5731,2.2,-2.3,56.0,0.0,0.0,0.0,3,11.3
2024-01-30 17:00:00,8037,1.5,-2.7,60.0,0.0,0.0,0.0,3,9.3
2024-01-30 18:00:00,7005,0.9,-3.4,66.0,0.0,0.0,0.0,3,10.2
2024-01-30 19:00:00,4572,0.6,-3.8,70.0,0.0,0.0,0.0,3,11.5
2024-01-30 20:00:00,2685,0.5,-3.6,71.0,0.0,0.0,0.0,3,9.4
2024-01-30 21:00:00,2082,0.6,-3.7,73.0,0.0,0.0,0.0,3,11.5
2024-01-30 22:00:00,1485,0.7,-3.5,73.0,0.0,0.0,0.0,3,10.8
2024-01-30 23:00:00,954,0.7,-3.5,73.0,0.0,0.0,0.0,3,10.3
2024-01-31 00:00:00,548,0.5,-3.5,79.0,0.0,0.0,0.0,3,10.5
2024-01-31 01:00:00,240,0.4,-3.8,83.0,0.1,0.0,0.07,71,11.6
2024-01-31 02:00:00,140,0.3,-3.7,85.0,0.0,0.0,0.0,3,11.3
2024-01-31 03:00:00,121,0.3,-3.7,85.0,0.0,0.0,0.0,3,10.9
2024-01-31 04:00:00,211,0.2,-3.8,84.0,0.0,0.0,0.0,3,10.9
2024-01-31 05:00:00,831,0.3,-3.5,83.0,0.0,0.0,0.0,3,9.1
2024-01-31 06:00:00,2235,0.3,-3.3,82.0,0.0,0.0,0.0,3,7.6
2024-01-31 07:00:00,4945,0.2,-3.5,80.0,0.0,0.0,0.0,3,8.4
2024-01-31 08:00:00,7807,0.3,-3.4,75.0,0.0,0.0,0.0,3,7.6
2024-01-31 09:00:00,5566,0.9,-3.2,71.0,0.0,0.0,0.0,3,9.3
2024-01-31 10:00:00,3568,1.9,-2.1,69.0,0.0,0.0,0.0,3,9.4
2024-01-31 11:00:00,3349,3.2,-0.5,64.0,0.0,0.0,0.0,3,7.9
2024-01-31 12:00:00,3606,3.4,-0.2,64.0,0.0,0.0,0.0,3,7.3
2024-01-31 13:00:00,3718,3.5,-0.2,64.0,0.0,0.0,0.0,3,7.9
2024-01-31 14:00:00,4298,3.5,0.1,64.0,0.0,0.0,0.0,3,6.2
2024-01-31 15:00:00,4876,3.3,-0.1,65.0,0.0,0.0,0.0,3,5.8
2024-01-31 16:00:00,5820,3.2,-0.1,65.0,0.0,0.0,0.0,3,5.1
2024-01-31 17:00:00,8028,2.8,-0.5,69.0,0.0,0.0,0.0,3,5.4
2024-01-31 18:00:00,7641,2.1,-1.7,72.0,0.0,0.0,0.0,3,8.8
2024-01-31 19:00:00,5414,1.1,-2.4,76.0,0.0,0.0,0.0,3,6.8
2024-01-31 20:00:00,3685,0.8,-2.6,77.0,0.0,0.0,0.0,1,6.2
2024-01-31 21:00:00,2827,-0.9,-4.2,87.0,0.0,0.0,0.0,1,5.4
2024-01-31 22:00:00,2017,-1.5,-4.9,90.0,0.0,0.0,0.0,0,6.0
2024-01-31 23:00:00,1384,-2.4,-5.8,92.0,0.0,0.0,0.0,0,5.5
2024-02-01 00:00:00,756,-3.5,-7.3,93.0,0.0,0.0,0.0,0,7.4
2024-02-01 01:00:00,366,-3.3,-6.7,96.0,0.0,0.0,0.0,3,5.1
2024-02-01 02:00:00,198,-3.7,-7.2,95.0,0.0,0.0,0.0,2,5.3
2024-02-01 03:00:00,148,-3.6,-7.1,94.0,0.0,0.0,0.0,1,5.2
2024-02-01 04:00:00,231,-3.6,-7.1,94.0,0.0,0.0,0.0,1,5.7
2024-02-01 05:00:00,739,-3.5,-7.2,94.0,0.0,0.0,0.0,2,6.6
2024-02-01 06:00:00,2221,-3.3,-7.1,94.0,0.0,0.0,0.0,1,7.5
2024-02-01 07:00:00,5041,-3.1,-7.0,95.0,0.0,0.0,0.0,1,8.4
2024-02-01 08:00:00,8069,-1.8,-5.8,94.0,0.0,0.0,0.0,2,10.2
2024-02-01 09:00:00,5688,0.6,-3.0,87.0,0.0,0.0,0.0,1,8.7
2024-02-01 10:00:00,3630,2.9,-0.9,79.0,0.0,0.0,0.0,2,11.3
2024-02-01 11:00:00,3304,5.1,1.1,73.0,0.0,0.0,0.0,2,13.6
2024-02-01 12:00:00,3843,6.7,2.5,67.0,0.0,0.0,0.0,2,15.0
2024-02-01 13:00:00,4024,7.4,2.7,61.0,0.0,0.0,0.0,3,18.5
2024-02-01 14:00:00,4526,7.6,2.9,59.0,0.0,0.0,0.0,3,17.7
2024-02-01 15:00:00,5404,8.0,3.5,57.0,0.0,0.0,0.0,3,16.2
2024-02-01 16:00:00,6399,7.8,4.1,59.0,0.0,0.0,0.0,3,10.6
2024-02-01 17:00:00,8389,5.7,2.8,70.0,0.0,0.0,0.0,3,6.1
2024-02-01 18:00:00,7867,2.7,-1.0,83.0,0.0,0.0,0.0,2,10.6
2024-02-01 19:00:00,5666,2.6,-1.1,83.0,0.0,0.0,0.0,3,10.4
2024-02-01 20:00:00,4054,4.0,0.9,72.0,0.0,0.0,0.0,3,6.0
2024-02-01 21:00:00,3007,4.1,1.2,74.0,0.0,0.0,0.0,3,5.5
2024-02-01 22:00:00,2454,3.7,0.7,80.0,0.5,0.5,0.0,53,6.5
2024-02-01 23:00:00,1660,3.1,0.4,86.0,0.1,0.1,0.0,51,5.1
2024-02-02 00:00:00,803,2.8,0.2,89.0,0.5,0.5,0.0,53,4.7
2024-02-02 01:00:00,245,2.7,0.3,92.0,0.3,0.3,0.0,51,3.7
2024-02-02 02:00:00,145,2.6,-0.2,92.0,1.2,1.2,0.0,55,6.2
2024-02-02 03:00:00,162,2.6,-0.3,93.0,0.5,0.5,0.0,53,7.3
2024-02-02 04:00:00,209,2.6,-0.5,93.0,0.3,0.3,0.0,51,8.4
2024-02-02 05:00:00,708,2.7,-0.3,94.0,0.1,0.1,0.0,51,7.9
2024-02-02 06:00:00,1908,2.6,-0.1,95.0,0.2,0.2,0.0,51,6.0
2024-02-02 07:00:00,4006,2.7,0.1,96.0,0.2,0.2,0.0,51,5.4
2024-02-02 08:00:00,5352,3.0,0.9,95.0,0.0,0.0,0.0,3,2.8
2024-02-02 09:00:00,2579,3.2,0.5,96.0,0.4,0.4,0.0,51,7.2
2024-02-02 10:00:00,1896,3.2,0.4,97.0,0.9,0.9,0.0,53,7.6
2024-02-02 11:00:00,1940,3.0,-0.8,94.0,0.4,0.4,0.0,51,13.7
2024-02-02 12:00:00,2331,2.6,-1.5,94.0,0.5,0.5,0.0,53,15.3
2024-02-02 13:00:00,3203,3.0,-1.6,89.0,0.3,0.3,0.0,51,18.4
2024-02-02 14:00:00,4202,3.9,-0.8,85.0,0.1,0.1,0.0,51,18.9
2024-02-02 15:00:00,5210,4.5,0.8,84.0,0.1,0.1,0.0,51,13.2
2024-02-02 16:00:00,5877,5.3,1.3,76.0,0.0,0.0,0.0,3,14.1
2024-02-02 17:00:00,6990,4.7,-0.3,66.0,0.0,0.0,0.0,0,18.7
2024-02-02 18:00:00,6298,3.6,-1.9,65.0,0.0,0.0,0.0,0,20.2
2024-02-02 19:00:00,4843,2.5,-3.2,65.0,0.0,0.0,0.0,0,21.3
2024-02-02 20:00:00,3387,1.7,-3.5,66.0,0.0,0.0,0.0,0,17.3
2024-02-02 21:00:00,2483,1.4,-4.0,64.0,0.0,0.0,0.0,0,17.8
2024-02-02 22:00:00,2135,1.4,-4.4,59.0,0.0,0.0,0.0,0,20.3
2024-02-02 23:00:00,1745,0.5,-5.8,59.0,0.0,0.0,0.0,0,23.0
2024-02-03 00:00:00,1354,-0.6,-6.9,64.0,0.0,0.0,0.0,0,23.5
2024-02-03 01:00:00,876,-1.4,-7.6,67.0,0.0,0.0,0.0,1,22.4
2024-02-03 02:00:00,593,-1.6,-7.6,70.0,0.0,0.0,0.0,1,20.8
2024-02-03 03:00:00,386,-2.0,-7.7,72.0,0.0,0.0,0.0,0,19.2
2024-02-03 04:00:00,252,-2.6,-8.2,74.0,0.0,0.0,0.0,1,18.4
2024-02-03 05:00:00,277,-3.0,-8.8,72.0,0.0,0.0,0.0,0,19.1
2024-02-03 06:00:00,648,-3.4,-9.2,69.0,0.0,0.0,0.0,0,18.0
2024-02-03 07:00:00,1248,-3.9,-9.4,69.0,0.0,0.0,0.0,0,15.9
2024-02-03 08:00:00,2201,-1.3,-6.1,65.0,0.0,0.0,0.0,0,12.7
2024-02-03 09:00:00,3367,-0.1,-5.5,58.0,0.0,0.0,0.0,0,16.2
2024-02-03 10:00:00,4240,1.2,-4.9,52.0,0.0,0.0,0.0,0,20.5
2024-02-03 11:00:00,5106,2.3,-3.5,48.0,0.0,0.0,0.0,0,19.2
2024-02-03 12:00:00,5603,3.4,-2.4,44.0,0.0,0.0,0.0,0,18.8
2024-02-03 13:00:00,6004,4.2,-1.6,42.0,0.0,0.0,0.0,0,18.4
2024-02-03 14:00:00,6207,4.8,-0.8,40.0,0.0,0.0,0.0,0,17.7
2024-02-03 15:00:00,6188,5.0,-0.5,39.0,0.0,0.0,0.0,0,16.2
2024-02-03 16:00:00,5983,4.5,-0.6,42.0,0.0,0.0,0.0,0,13.8
2024-02-03 17:00:00,5029,2.7,-2.0,48.0,0.0,0.0,0.0,0,11.4
2024-02-03 18:00:00,4309,1.2,-3.9,49.0,0.0,0.0,0.0,0,13.5
2024-02-03 19:00:00,3759,0.1,-5.0,49.0,0.0,0.0,0.0,0,13.5
2024-02-03 20:00:00,2758,-0.3,-5.1,53.0,0.0,0.0,0.0,2,11.6
2024-02-03 21:00:00,2156,-0.8,-5.6,56.0,0.0,0.0,0.0,0,11.1
2024-02-03 22:00:00,1988,-1.6,-6.4,59.0,0.0,0.0,0.0,0,11.5
2024-02-03 23:00:00,1874,-2.0,-7.0,60.0,0.0,0.0,0.0,1,12.1
2024-02-04 00:00:00,1352,-2.3,-7.4,59.0,0.0,0.0,0.0,0,13.0
2024-02-04 01:00:00,891,-2.8,-8.2,60.0,0.0,0.0,0.0,0,14.4
2024-02-04 02:00:00,666,-3.1,-8.5,61.0,0.0,0.0,0.0,0,14.8
2024-02-04 03:00:00,410,-3.5,-8.8,63.0,0.0,0.0,0.0,0,14.8
2024-02-04 04:00:00,290,-3.7,-9.1,66.0,0.0,0.0,0.0,0,15.1
2024-02-04 05:00:00,232,-3.9,-9.3,68.0,0.0,0.0,0.0,0,14.8
2024-02-04 06:00:00,468,-4.1,-9.5,69.0,0.0,0.0,0.0,0,15.2
2024-02-04 07:00:00,918,-4.3,-9.7,70.0,0.0,0.0,0.0,0,15.2
2024-02-04 08:00:00,1592,-2.8,-7.7,66.0,0.0,0.0,0.0,0,12.1
2024-02-04 09:00:00,2668,-1.2,-6.1,61.0,0.0,0.0,0.0,0,12.4
2024-02-04 10:00:00,3794,0.8,-3.8,56.0,0.0,0.0,0.0,0,11.3
2024-02-04 11:00:00,4664,2.7,-1.9,52.0,0.0,0.0,0.0,0,11.8
2024-02-04 12:00:00,5392,4.4,-0.2,48.0,0.0,0.0,0.0,0,11.4
2024-02-04 13:00:00,5965,5.6,1.3,45.0,0.0,0.0,0.0,0,10.2
2024-02-04 14:00:00,6229,6.4,2.3,43.0,0.0,0.0,0.0,0,8.7
2024-02-04 15:00:00,6278,6.8,2.8,41.0,0.0,0.0,0.0,0,8.0
2024-02-04 16:00:00,6102,6.7,2.9,41.0,0.0,0.0,0.0,0,6.0
2024-02-04 17:00:00,5023,6.1,2.6,43.0,0.0,0.0,0.0,0,4.7
2024-02-04 18:00:00,4132,0.9,-3.3,64.0,0.0,0.0,0.0,0,9.5
2024-02-04 19:00:00,3152,1.1,-3.3,60.0,0.0,0.0,0.0,0,10.6
2024-02-04 20:00:00,2278,0.2,-4.1,61.0,0.0,0.0,0.0,0,9.7
2024-02-04 21:00:00,1730,-0.7,-5.2,64.0,0.0,0.0,0.0,0,10.7
2024-02-04 22:00:00,1272,-1.3,-5.8,65.0,0.0,0.0,0.0,0,10.2
2024-02-04 23:00:00,857,-2.0,-6.5,65.0,0.0,0.0,0.0,0,10.2
2024-02-05 00:00:00,455,-2.4,-7.3,64.0,0.0,0.0,0.0,0,12.1
2024-02-05 01:00:00,234,-2.6,-7.8,65.0,0.0,0.0,0.0,0,14.3
2024-02-05 02:00:00,147,-2.6,-8.1,65.0,0.0,0.0,0.0,0,16.6
2024-02-05 03:00:00,126,-2.7,-8.3,65.0,0.0,0.0,0.0,0,16.9
2024-02-05 04:00:00,190,-3.0,-8.6,64.0,0.0,0.0,0.0,0,16.2
2024-02-05 05:00:00,747,-3.3,-8.8,63.0,0.0,0.0,0.0,0,15.5
2024-02-05 06:00:00,2155,-3.6,-8.9,65.0,0.0,0.0,0.0,0,14.0
2024-02-05 07:00:00,4722,-3.8,-9.1,65.0,0.0,0.0,0.0,0,14.4
2024-02-05 08:00:00,7122,-2.3,-7.7,61.0,0.0,0.0,0.0,0,14.8
2024-02-05 09:00:00,4674,-0.9,-6.4,56.0,0.0,0.0,0.0,0,16.2
2024-02-05 10:00:00,3116,0.9,-4.3,53.0,0.0,0.0,0.0,0,14.8
2024-02-05 11:00:00,3022,2.7,-2.2,48.0,0.0,0.0,0.0,1,13.4
2024-02-05 12:00:00,3496,4.3,-0.6,42.0,0.0,0.0,0.0,0,13.0
2024-02-05 13:00:00,3832,5.5,0.5,37.0,0.0,0.0,0.0,0,13.7
2024-02-05 14:00:00,4337,6.0,0.8,34.0,0.0,0.0,0.0,0,14.5
2024-02-05 15:00:00,5037,5.9,0.3,33.0,0.0,0.0,0.0,0,16.4
2024-02-05 16:00:00,6040,5.0,-1.1,34.0,0.0,0.0,0.0,0,19.5
2024-02-05 17:00:00,7933,3.3,-3.0,37.0,0.0,0.0,0.0,0,20.6
2024-02-05 18:00:00,6935,1.9,-5.0,38.0,0.0,0.0,0.0,1,24.0
2024-02-05 19:00:00,4667,0.9,-6.3,38.0,0.0,0.0,0.0,0,26.5
2024-02-05 20:00:00,3299,-0.8,-7.0,39.0,0.0,0.0,0.0,0,18.8
2024-02-05 21:00:00,2237,-1.2,-7.5,39.0,0.0,0.0,0.0,0,18.9
2024-02-05 22:00:00,1623,-1.7,-8.0,39.0,0.0,0.0,0.0,0,18.9
2024-02-05 23:00:00,950,-2.4,-8.8,39.0,0.0,0.0,0.0,0,19.1
2024-02-06 00:00:00,459,-3.3,-9.6,40.0,0.0,0.0,0.0,0,18.8
2024-02-06 01:00:00,256,-4.0,-10.2,43.0,0.0,0.0,0.0,0,18.1
2024-02-06 02:00:00,148,-4.5,-10.5,47.0,0.0,0.0,0.0,0,17.0
2024-02-06 03:00:00,108,-4.9,-10.7,52.0,0.0,0.0,0.0,0,16.0
2024-02-06 04:00:00,202,-5.2,-11.0,57.0,0.0,0.0,0.0,0,16.1
2024-02-06 05:00:00,781,-5.4,-11.1,60.0,0.0,0.0,0.0,0,15.3
2024-02-06 06:00:00,2346,-5.5,-11.2,63.0,0.0,0.0,0.0,0,15.5
2024-02-06 07:00:00,5044,-5.3,-11.1,63.0,0.0,0.0,0.0,0,16.4
2024-02-06 08:00:00,7845,-3.6,-8.8,61.0,0.0,0.0,0.0,0,13.5
2024-02-06 09:00:00,5164,-1.8,-7.1,56.0,0.0,0.0,0.0,0,14.1
2024-02-06 10:00:00,3306,0.2,-5.1,51.0,0.0,0.0,0.0,0,14.4
2024-02-06 11:00:00,3023,1.7,-3.2,49.0,0.0,0.0,0.0,0,12.2
2024-02-06 12:00:00,3522,2.9,-1.7,46.0,0.0,0.0,0.0,0,11.2
2024-02-06 13:00:00,3628,3.9,-0.6,44.0,0.0,0.0,0.0,0,10.4
2024-02-06 14:00:00,4383,4.5,0.0,43.0,0.0,0.0,0.0,0,10.4
2024-02-06 15:00:00,5126,4.8,0.2,43.0,0.0,0.0,0.0,0,10.6
2024-02-06 16:00:00,6242,4.4,-0.3,44.0,0.0,0.0,0.0,0,11.3
2024-02-06 17:00:00,8340,2.6,-1.7,51.0,0.0,0.0,0.0,0,9.0
2024-02-06 18:00:00,7542,1.0,-3.8,54.0,0.0,0.0,0.0,0,11.9
2024-02-06 19:00:00,5160,0.0,-4.6,59.0,0.0,0.0,0.0,0,11.0
2024-02-06 20:00:00,3570,-1.0,-5.7,61.0,0.0,0.0,0.0,0,10.8
2024-02-06 21:00:00,2721,-1.5,-6.3,62.0,0.0,0.0,0.0,0,11.8
2024-02-06 22:00:00,1985,-2.0,-6.9,62.0,0.0,0.0,0.0,0,12.6
2024-02-06 23:00:00,1188,-2.3,-7.4,62.0,0.0,0.0,0.0,0,13.8
2024-02-07 00:00:00,562,-2.4,-7.5,62.0,0.0,0.0,0.0,0,13.3
2024-02-07 01:00:00,272,-2.8,-7.6,64.0,0.0,0.0,0.0,0,11.8
2024-02-07 02:00:00,179,-3.0,-7.9,66.0,0.0,0.0,0.0,0,11.7
2024-02-07 03:00:00,121,-3.3,-8.1,67.0,0.0,0.0,0.0,0,11.3
2024-02-07 04:00:00,192,-3.7,-8.2,69.0,0.0,0.0,0.0,0,9.6
2024-02-07 05:00:00,810,-4.0,-8.5,71.0,0.0,0.0,0.0,1,9.8
2024-02-07 06:00:00,2343,-4.1,-8.8,72.0,0.0,0.0,0.0,0,10.8
2024-02-07 07:00:00,5220,-4.2,-8.9,72.0,0.0,0.0,0.0,0,10.8
2024-02-07 08:00:00,8336,-2.6,-7.3,70.0,0.0,0.0,0.0,1,11.2
2024-02-07 09:00:00,5615,-0.4,-4.7,64.0,0.0,0.0,0.0,1,9.0
2024-02-07 10:00:00,3532,2.2,-2.0,57.0,0.0,0.0,0.0,2,9.4
2024-02-07 11:00:00,3424,4.3,0.0,50.0,0.0,0.0,0.0,0,9.7
2024-02-07 12:00:00,3885,5.6,1.6,47.0,0.0,0.0,0.0,1,8.4
2024-02-07 13:00:00,4207,6.4,2.8,45.0,0.0,0.0,0.0,1,6.5
2024-02-07 14:00:00,4941,7.1,3.4,43.0,0.0,0.0,0.0,1,6.2
2024-02-07 15:00:00,5582,7.3,3.7,41.0,0.0,0.0,0.0,1,5.8
2024-02-07 16:00:00,6614,7.1,3.4,40.0,0.0,0.0,0.0,1,5.4
2024-02-07 17:00:00,9271,6.4,2.8,41.0,0.0,0.0,0.0,1,5.0
2024-02-07 18:00:00,8136,4.9,1.2,46.0,0.0,0.0,0.0,1,5.9
2024-02-07 19:00:00,5785,1.7,-2.2,58.0,0.0,0.0,0.0,0,7.4
2024-02-07 20:00:00,3929,0.8,-3.1,61.0,0.0,0.0,0.0,2,6.8
2024-02-07 21:00:00,3180,-0.5,-4.1,66.0,0.0,0.0,0.0,1,4.7
2024-02-07 22:00:00,2217,-2.5,-6.2,78.0,0.0,0.0,0.0,0,5.9
2024-02-07 23:00:00,1322,-3.2,-7.0,83.0,0.0,0.0,0.0,0,6.8
2024-02-08 00:00:00,718,-3.2,-6.7,83.0,0.0,0.0,0.0,0,4.3
2024-02-08 01:00:00,368,-3.3,-7.0,83.0,0.0,0.0,0.0,0,5.4
2024-02-08 02:00:00,238,-3.4,-7.1,81.0,0.0,0.0,0.0,1,5.7
2024-02-08 03:00:00,181,-4.0,-7.9,84.0,0.0,0.0,0.0,0,6.9
2024-02-08 04:00:00,266,-3.9,-7.6,82.0,0.0,0.0,0.0,0,5.0
2024-02-08 05:00:00,792,-4.0,-7.8,81.0,0.0,0.0,0.0,0,5.8
2024-02-08 06:00:00,2338,-3.9,-7.9,78.0,0.0,0.0,0.0,1,6.5
2024-02-08 07:00:00,5366,-3.9,-7.9,75.0,0.0,0.0,0.0,1,6.5
2024-02-08 08:00:00,8513,-1.5,-5.5,68.0,0.0,0.0,0.0,1,6.9
2024-02-08 09:00:00,5771,1.3,-2.0,68.0,0.0,0.0,0.0,0,3.9
2024-02-08 10:00:00,4037,4.4,1.2,55.0,0.0,0.0,0.0,0,3.6
2024-02-08 11:00:00,3831,6.6,3.4,46.0,0.0,0.0,0.0,0,3.6
2024-02-08 12:00:00,4500,8.0,4.8,43.0,0.0,0.0,0.0,0,4.0
2024-02-08 13:00:00,4737,8.7,5.6,43.0,0.0,0.0,0.0,0,4.8
2024-02-08 14:00:00,5400,9.2,6.0,43.0,0.0,0.0,0.0,3,4.8
2024-02-08 15:00:00,6190,9.0,5.5,46.0,0.0,0.0,0.0,3,7.6
2024-02-08 16:00:00,7149,7.9,4.0,49.0,0.0,0.0,0.0,3,9.8
2024-02-08 17:00:00,9252,5.2,1.4,58.0,0.0,0.0,0.0,3,9.0
2024-02-08 18:00:00,8272,2.7,-1.1,73.0,0.0,0.0,0.0,3,9.6
2024-02-08 19:00:00,5739,1.8,-1.8,87.0,0.0,0.0,0.0,3,9.4
2024-02-08 20:00:00,4023,2.5,-1.0,86.0,0.0,0.0,0.0,3,10.0
2024-02-08 21:00:00,3167,2.3,-1.3,90.0,0.0,0.0,0.0,3,10.7
2024-02-08 22:00:00,2513,2.5,-1.0,91.0,0.0,0.0,0.0,3,10.7
2024-02-08 23:00:00,1595,2.3,-0.9,91.0,0.0,0.0,0.0,3,8.8
2024-02-09 00:00:00,906,1.9,-1.5,91.0,0.0,0.0,0.0,3,9.4
2024-02-09 01:00:00,528,0.9,-2.3,90.0,0.0,0.0,0.0,3,6.6
2024-02-09 02:00:00,322,1.2,-2.5,86.0,0.0,0.0,0.0,3,9.7
2024-02-09 03:00:00,210,1.3,-2.5,84.0,0.0,0.0,0.0,3,10.2
2024-02-09 04:00:00,276,1.4,-1.7,83.0,0.0,0.0,0.0,3,5.4
2024-02-09 05:00:00,784,1.1,-2.0,84.0,0.0,0.0,0.0,3,5.1
2024-02-09 06:00:00,2189,1.1,-2.4,83.0,0.0,0.0,0.0,3,7.6
2024-02-09 07:00:00,4663,1.7,-2.0,80.0,0.0,0.0,0.0,3,9.4
2024-02-09 08:00:00,6778,3.2,-0.4,83.0,0.0,0.0,0.0,3,10.8
2024-02-09 09:00:00,5032,4.6,1.4,84.0,0.0,0.0,0.0,3,9.7
2024-02-09 10:00:00,3956,6.4,3.1,81.0,0.0,0.0,0.0,3,12.0
2024-02-09 11:00:00,4385,8.4,5.2,73.0,0.0,0.0,0.0,0,11.8
2024-02-09 12:00:00,5152,9.9,6.5,67.0,0.0,0.0,0.0,1,14.0
2024-02-09 13:00:00,5492,10.4,6.9,66.0,0.0,0.0,0.0,1,14.8
2024-02-09 14:00:00,6520,9.7,6.4,72.0,0.0,0.0,0.0,2,14.5
2024-02-09 15:00:00,7341,9.3,6.1,77.0,0.0,0.0,0.0,0,14.4
2024-02-09 16:00:00,7795,8.7,5.7,81.0,0.0,0.0,0.0,0,12.5
2024-02-09 17:00:00,8921,6.8,4.2,88.0,0.0,0.0,0.0,0,9.4
2024-02-09 18:00:00,8179,4.8,2.1,94.0,0.0,0.0,0.0,1,8.9
2024-02-09 19:00:00,5614,2.9,-0.2,97.0,0.0,0.0,0.0,2,9.4
2024-02-09 20:00:00,3971,3.6,1.0,93.0,0.0,0.0,0.0,3,5.8
2024-02-09 21:00:00,3159,2.7,-0.5,95.0,0.0,0.0,0.0,2,9.1
2024-02-09 22:00:00,2723,2.7,-0.1,96.0,0.0,0.0,0.0,3,6.5
2024-02-09 23:00:00,2284,3.1,0.3,92.0,0.0,0.0,0.0,3,7.0
2024-02-10 00:00:00,1643,3.6,0.5,88.0,0.0,0.0,0.0,3,8.4
2024-02-10 01:00:00,1245,3.8,0.7,87.0,0.0,0.0,0.0,3,8.2
2024-02-10 02:00:00,818,3.6,0.6,88.0,0.0,0.0,0.0,3,7.6
2024-02-10 03:00:00,550,2.9,-0.1,89.0,0.0,0.0,0.0,3,7.1
2024-02-10 04:00:00,387,2.2,-0.8,90.0,0.0,0.0,0.0,3,6.8
2024-02-10 05:00:00,344,1.7,-1.3,92.0,0.0,0.0,0.0,3,6.8
2024-02-10 06:00:00,696,1.8,-1.5,91.0,0.0,0.0,0.0,3,8.2
2024-02-10 07:00:00,1453,1.9,-1.5,91.0,0.0,0.0,0.0,3,9.7
2024-02-10 08:00:00,2746,3.5,0.3,87.0,0.0,0.0,0.0,3,9.6
2024-02-10 09:00:00,4184,6.2,3.5,82.0,0.0,0.0,0.0,3,7.9
2024-02-10 10:00:00,5532,9.2,7.1,76.0,0.0,0.0,0.0,3,6.4
2024-02-10 11:00:00,6507,11.7,9.4,71.0,0.0,0.0,0.0,3,10.0
2024-02-10 12:00:00,7255,13.2,10.4,66.0,0.0,0.0,0.0,3,13.8
2024-02-10 13:00:00,7642,13.5,10.8,66.0,0.0,0.0,0.0,3,13.5
2024-02-10 14:00:00,7479,15.0,12.2,63.0,0.0,0.0,0.0,3,15.6
2024-02-10 15:00:00,7834,14.4,12.0,67.0,0.0,0.0,0.0,3,13.8
2024-02-10 16:00:00,7845,14.2,11.6,69.0,0.0,0.0,0.0,3,14.9
2024-02-10 17:00:00,7180,13.1,10.6,73.0,0.0,0.0,0.0,3,13.6
2024-02-10 18:00:00,5739,11.1,8.8,82.0,0.0,0.0,0.0,3,12.4
2024-02-10 19:00:00,4927,10.1,7.8,87.0,0.0,0.0,0.0,3,12.3
2024-02-10 20:00:00,3938,9.8,7.5,87.0,0.2,0.2,0.0,51,11.6
2024-02-10 21:00:00,3153,9.1,7.1,91.0,0.0,0.0,0.0,3,9.6
2024-02-10 22:00:00,2935,8.5,6.4,92.0,0.0,0.0,0.0,3,9.7
2024-02-10 23:00:00,2581,7.9,5.9,90.0,0.0,0.0,0.0,3,7.5
2024-02-11 00:00:00,2134,6.2,4.0,93.0,0.0,0.0,0.0,3,6.8
2024-02-11 01:00:00,1427,6.2,4.0,93.0,0.0,0.0,0.0,3,6.9
2024-02-11 02:00:00,891,6.2,3.5,92.0,0.0,0.0,0.0,3,10.2
2024-02-11 03:00:00,581,6.2,2.9,91.0,0.0,0.0,0.0,3,14.1
2024-02-11 04:00:00,413,5.6,1.7,86.0,0.0,0.0,0.0,3,16.1
2024-02-11 05:00:00,271,4.3,0.3,83.0,0.0,0.0,0.0,3,15.1
2024-02-11 06:00:00,540,3.6,-0.5,80.0,0.0,0.0,0.0,3,13.9
2024-02-11 07:00:00,1143,2.9,-1.2,79.0,0.0,0.0,0.0,3,13.1
2024-02-11 08:00:00,2003,4.6,0.7,75.0,0.0,0.0,0.0,3,12.1
2024-02-11 09:00:00,3245,5.8,2.3,71.0,0.0,0.0,0.0,3,10.4
2024-02-11 10:00:00,4358,7.0,2.8,63.0,0.0,0.0,0.0,3,14.3
2024-02-11 11:00:00,5181,7.2,3.1,60.0,0.0,0.0,0.0,3,13.1
2024-02-11 12:00:00,5634,7.7,3.8,58.0,0.0,0.0,0.0,3,12.0
2024-02-11 13:00:00,5847,8.0,4.4,58.0,0.0,0.0,0.0,3,10.3
2024-02-11 14:00:00,5874,8.2,4.6,57.0,0.0,0.0,0.0,3,10.2
2024-02-11 15:00:00,6042,8.1,4.6,57.0,0.0,0.0,0.0,3,9.8
2024-02-11 16:00:00,6161,8.0,4.6,57.0,0.0,0.0,0.0,3,8.6
2024-02-11 17:00:00,6987,7.3,4.2,61.0,0.0,0.0,0.0,3,7.1
2024-02-11 18:00:00,5330,6.7,3.5,62.0,0.0,0.0,0.0,3,7.1
2024-02-11 19:00:00,2548,6.3,3.3,62.0,0.0,0.0,0.0,3,5.4
2024-02-11 20:00:00,1970,4.8,1.4,64.0,0.0,0.0,0.0,2,7.1
2024-02-11 21:00:00,1730,4.5,1.0,65.0,0.0,0.0,0.0,3,7.5
2024-02-11 22:00:00,2126,4.4,0.8,65.0,0.0,0.0,0.0,3,8.0
2024-02-11 23:00:00,4585,4.2,0.4,64.0,0.0,0.0,0.0,3,9.8
2024-02-12 00:00:00,880,3.5,-0.6,65.0,0.0,0.0,0.0,3,11.5
2024-02-12 01:00:00,390,2.9,-1.1,67.0,0.0,0.0,0.0,0,10.1
2024-02-12 02:00:00,217,0.9,-2.9,77.0,0.0,0.0,0.0,2,8.7
2024-02-12 03:00:00,126,-0.8,-4.2,86.0,0.0,0.0,0.0,3,5.6
2024-02-12 04:00:00,218,-1.4,-5.0,88.0,0.0,0.0,0.0,3,7.5
2024-02-12 05:00:00,711,-2.0,-5.4,90.0,0.0,0.0,0.0,3,5.8
2024-02-12 06:00:00,1975,-2.4,-5.9,91.0,0.0,0.0,0.0,3,5.8
2024-02-12 07:00:00,4521,-2.4,-6.2,89.0,0.0,0.0,0.0,3,7.3
2024-02-12 08:00:00,7351,-0.4,-4.0,81.0,0.0,0.0,0.0,3,7.1
2024-02-12 09:00:00,4906,1.4,-1.9,75.0,0.0,0.0,0.0,3,5.9
2024-02-12 10:00:00,3333,3.5,0.4,67.0,0.0,0.0,0.0,3,4.8
2024-02-12 11:00:00,3271,5.3,2.5,62.0,0.0,0.0,0.0,3,3.2
2024-02-12 12:00:00,3745,6.8,4.1,58.0,0.0,0.0,0.0,3,3.2
2024-02-12 13:00:00,4290,7.8,5.2,56.0,0.0,0.0,0.0,3,2.9
2024-02-12 14:00:00,4757,8.5,5.6,55.0,0.0,0.0,0.0,3,4.9
2024-02-12 15:00:00,5445,8.5,5.4,57.0,0.0,0.0,0.0,3,6.5
2024-02-12 16:00:00,6360,7.4,3.9,62.0,0.0,0.0,0.0,3,9.8
2024-02-12 17:00:00,8572,5.9,2.5,69.0,0.0,0.0,0.0,3,9.1
2024-02-12 18:00:00,7632,4.7,1.6,72.0,0.0,0.0,0.0,3,7.3
2024-02-12 19:00:00,5435,4.4,1.1,71.0,0.0,0.0,0.0,3,7.6
2024-02-12 20:00:00,3832,3.3,0.2,80.0,0.0,0.0,0.0,3,7.2
2024-02-12 21:00:00,2773,3.3,0.0,69.0,0.0,0.0,0.0,3,6.5
2024-02-12 22:00:00,1954,3.0,-0.8,67.0,0.0,0.0,0.0,3,8.6
2024-02-12 23:00:00,1088,2.4,-1.6,70.0,0.0,0.0,0.0,3,10.4
2024-02-13 00:00:00,604,1.9,-2.0,72.0,0.1,0.1,0.0,51,9.7
2024-02-13 01:00:00,229,1.5,-2.7,74.0,0.9,0.1,0.56,73,11.7
2024-02-13 02:00:00,95,1.0,-3.7,76.0,2.4,0.0,1.68,75,14.8
2024-02-13 03:00:00,50,0.5,-4.0,79.0,0.9,0.0,0.63,73,13.9
2024-02-13 04:00:00,75,-0.2,-4.7,86.0,2.1,0.0,1.47,75,14.3
2024-02-13 05:00:00,265,-0.6,-5.9,91.0,1.9,0.0,1.33,75,19.7
2024-02-13 06:00:00,639,-0.7,-6.2,91.0,2.1,0.0,1.47,75,21.4
2024-02-13 07:00:00,721,-0.9,-6.6,92.0,2.5,0.0,1.75,75,22.4
2024-02-13 08:00:00,762,-0.4,-6.0,92.0,2.4,0.0,1.68,75,22.2
2024-02-13 09:00:00,582,-0.4,-5.5,93.0,2.8,0.0,1.96,75,18.9
2024-02-13 10:00:00,463,-0.3,-6.3,93.0,3.3,0.0,2.31,75,25.0
2024-02-13 11:00:00,492,-0.1,-5.6,90.0,2.5,0.0,1.75,75,21.6
2024-02-13 12:00:00,678,-0.2,-6.2,87.0,1.7,0.0,1.19,75,24.6
2024-02-13 13:00:00,1242,1.1,-5.2,78.0,0.5,0.0,0.35,73,26.4
2024-02-13 14:00:00,1691,2.3,-3.4,71.0,0.0,0.0,0.0,3,22.5
2024-02-13 15:00:00,2345,3.0,-1.9,66.0,0.0,0.0,0.0,2,16.5
2024-02-13 16:00:00,2966,2.9,-0.9,64.0,0.0,0.0,0.0,0,8.3
2024-02-13 17:00:00,4325,-0.6,-4.9,72.0,0.0,0.0,0.0,1,10.2
2024-02-13 18:00:00,4103,0.7,-4.3,68.0,0.0,0.0,0.0,0,15.0
2024-02-13 19:00:00,3173,0.6,-4.9,65.0,0.0,0.0,0.0,0,18.0
2024-02-13 20:00:00,2325,-0.3,-5.4,74.0,0.0,0.0,0.0,0,16.3
2024-02-13 21:00:00,1781,-0.9,-5.7,77.0,0.0,0.0,0.0,0,13.9
2024-02-13 22:00:00,1510,-1.8,-6.6,81.0,0.0,0.0,0.0,0,14.1
2024-02-13 23:00:00,911,-2.2,-7.0,83.0,0.0,0.0,0.0,0,14.4
2024-02-14 00:00:00,534,-2.5,-7.5,84.0,0.0,0.0,0.0,0,15.7
2024-02-14 01:00:00,262,-2.5,-7.9,82.0,0.0,0.0,0.0,1,17.7
2024-02-14 02:00:00,154,-2.6,-7.8,82.0,0.0,0.0,0.0,1,16.3
2024-02-14 03:00:00,130,-2.5,-8.1,79.0,0.0,0.0,0.0,0,18.9
2024-02-14 04:00:00,164,-3.0,-9.3,72.0,0.0,0.0,0.0,1,22.5
2024-02-14 05:00:00,676,-3.8,-10.0,73.0,0.0,0.0,0.0,2,21.8
2024-02-14 06:00:00,1953,-4.2,-10.3,73.0,0.0,0.0,0.0,1,20.7
2024-02-14 07:00:00,4451,-4.6,-10.9,70.0,0.0,0.0,0.0,0,21.3
2024-02-14 08:00:00,6725,-3.4,-9.6,61.0,0.0,0.0,0.0,0,20.2
2024-02-14 09:00:00,4673,-3.0,-9.4,56.0,0.0,0.0,0.0,0,21.7
2024-02-14 10:00:00,3001,-2.7,-9.6,52.0,0.0,0.0,0.0,0,24.7
2024-02-14 11:00:00,2837,-2.2,-9.1,50.0,0.0,0.0,0.0,1,25.2
2024-02-14 12:00:00,3246,-1.7,-8.4,49.0,0.0,0.0,0.0,1,25.5
2024-02-14 13:00:00,3418,-1.1,-7.8,45.0,0.0,0.0,0.0,1,26.0
2024-02-14 14:00:00,4049,-0.5,-7.3,43.0,0.0,0.0,0.0,0,24.9
2024-02-14 15:00:00,4525,-0.4,-7.2,43.0,0.0,0.0,0.0,0,23.1
2024-02-14 16:00:00,5591,-0.7,-7.0,47.0,0.0,0.0,0.0,0,20.9
2024-02-14 17:00:00,7601,-1.5,-7.7,49.0,0.0,0.0,0.0,0,19.3
2024-02-14 18:00:00,6455,-2.8,-8.6,53.0,0.0,0.0,0.0,0,16.9
2024-02-14 19:00:00,3920,-3.6,-9.2,56.0,0.0,0.0,0.0,0,15.4
2024-02-14 20:00:00,2521,-2.9,-8.7,49.0,0.0,0.0,0.0,0,16.3
2024-02-14 21:00:00,1762,-3.1,-9.3,51.0,0.0,0.0,0.0,0,18.7
2024-02-14 22:00:00,1303,-3.1,-9.6,50.0,0.0,0.0,0.0,0,21.1
2024-02-14 23:00:00,963,-3.4,-10.2,52.0,0.0,0.0,0.0,0,22.9
2024-02-15 00:00:00,530,-3.9,-10.5,55.0,0.0,0.0,0.0,0,21.8
2024-02-15 01:00:00,291,-4.4,-10.7,58.0,0.0,0.0,0.0,0,19.8
2024-02-15 02:00:00,154,-4.7,-10.7,61.0,0.0,0.0,0.0,0,18.3
2024-02-15 03:00:00,97,-5.0,-10.7,64.0,0.0,0.0,0.0,0,16.3
2024-02-15 04:00:00,179,-5.2,-10.8,66.0,0.0,0.0,0.0,0,15.8
2024-02-15 05:00:00,667,-5.4,-10.6,68.0,0.0,0.0,0.0,0,12.6
2024-02-15 06:00:00,1973,-5.7,-10.3,70.0,0.0,0.0,0.0,0,9.1
2024-02-15 07:00:00,4451,-6.0,-10.5,72.0,0.0,0.0,0.0,0,8.7
2024-02-15 08:00:00,7063,-5.9,-10.2,73.0,0.0,0.0,0.0,0,7.3
2024-02-15 09:00:00,4825,-3.4,-7.8,58.0,0.0,0.0,0.0,0,7.8
2024-02-15 10:00:00,3222,-2.0,-6.0,52.0,0.0,0.0,0.0,0,4.8
2024-02-15 11:00:00,3002,-0.6,-4.5,48.0,0.0,0.0,0.0,1,4.0
2024-02-15 12:00:00,3386,0.2,-3.3,48.0,0.0,0.0,0.0,3,4.7
2024-02-15 13:00:00,3493,0.7,-3.0,48.0,0.0,0.0,0.0,3,4.8
2024-02-15 14:00:00,4072,0.9,-3.5,49.0,0.0,0.0,0.0,3,8.6
2024-02-15 15:00:00,4950,0.7,-4.3,50.0,0.0,0.0,0.0,3,13.0
2024-02-15 16:00:00,5350,0.5,-4.6,56.0,0.0,0.0,0.0,3,13.8
2024-02-15 17:00:00,7377,0.0,-4.6,65.0,0.0,0.0,0.0,3,11.8
2024-02-15 18:00:00,6664,-0.3,-5.2,67.0,0.0,0.0,0.0,3,14.1
2024-02-15 19:00:00,4668,-0.1,-5.6,75.0,0.0,0.0,0.0,2,19.5
2024-02-15 20:00:00,3326,-0.6,-5.3,74.0,0.4,0.0,0.28,73,13.7
2024-02-15 21:00:00,2478,-1.2,-5.8,76.0,0.0,0.0,0.0,0,12.8
2024-02-15 22:00:00,1903,-2.1,-6.6,78.0,0.0,0.0,0.0,0,11.5
2024-02-15 23:00:00,1368,-1.8,-6.8,78.0,0.0,0.0,0.0,0,15.5
2024-02-16 00:00:00,713,-0.9,-6.3,79.0,0.0,0.0,0.0,2,19.1
2024-02-16 01:00:00,372,0.1,-5.6,79.0,0.0,0.0,0.0,1,21.3
2024-02-16 02:00:00,279,0.8,-5.2,74.0,0.0,0.0,0.0,1,23.8
2024-02-16 03:00:00,203,0.7,-5.7,66.0,0.0,0.0,0.0,0,25.0
2024-02-16 04:00:00,184,0.1,-6.8,62.0,0.0,0.0,0.0,0,26.8
2024-02-16 05:00:00,628,-1.1,-7.9,64.0,0.0,0.0,0.0,0,25.9
2024-02-16 06:00:00,1693,-2.0,-8.7,63.0,0.0,0.0,0.0,0,24.8
2024-02-16 07:00:00,3885,-2.7,-9.3,61.0,0.0,0.0,0.0,0,23.4
2024-02-16 08:00:00,5506,-0.8,-7.2,54.0,0.0,0.0,0.0,0,22.1
2024-02-16 09:00:00,4205,0.0,-6.5,53.0,0.0,0.0,0.0,0,23.3
2024-02-16 10:00:00,3145,0.5,-6.6,49.0,0.0,0.0,0.0,0,27.2
2024-02-16 11:00:00,3319,1.2,-6.0,46.0,0.0,0.0,0.0,0,27.7
2024-02-16 12:00:00,3993,2.1,-4.4,40.0,0.0,0.0,0.0,0,25.0
2024-02-16 13:00:00,4294,2.2,-3.9,42.0,0.0,0.0,0.0,0,22.5
2024-02-16 14:00:00,5017,2.5,-3.1,41.0,0.0,0.0,0.0,0,18.1
2024-02-16 15:00:00,5617,2.6,-2.9,41.0,0.0,0.0,0.0,0,15.8
2024-02-16 16:00:00,5964,2.5,-2.9,44.0,0.0,0.0,0.0,0,15.0
2024-02-16 17:00:00,6924,-0.6,-5.0,59.0,0.0,0.0,0.0,0,9.0
2024-02-16 18:00:00,5826,-2.6,-7.1,64.0,0.0,0.0,0.0,2,9.7
2024-02-16 19:00:00,4557,-3.9,-8.5,71.0,0.0,0.0,0.0,3,9.7
2024-02-16 20:00:00,3175,-2.5,-6.5,73.0,0.0,0.0,0.0,3,7.4
2024-02-16 21:00:00,2434,-1.4,-5.0,64.0,0.0,0.0,0.0,3,3.4
2024-02-16 22:00:00,2004,-2.0,-5.1,76.0,0.0,0.0,0.0,3,1.6
2024-02-16 23:00:00,1588,-1.8,-5.2,71.0,0.1,0.0,0.07,71,3.3
2024-02-17 00:00:00,1085,-1.8,-5.4,72.0,0.3,0.0,0.21,73,5.1
2024-02-17 01:00:00,482,-2.0,-5.8,76.0,0.4,0.0,0.28,73,6.0
2024-02-17 02:00:00,242,-2.2,-6.1,82.0,0.7,0.0,0.49,73,7.6
2024-02-17 03:00:00,127,-2.5,-6.2,88.0,0.8,0.0,0.56,73,6.9
2024-02-17 04:00:00,96,-2.5,-6.1,91.0,1.1,0.0,0.77,73,6.6
2024-02-17 05:00:00,102,-2.6,-6.6,91.0,0.8,0.0,0.56,73,8.8
2024-02-17 06:00:00,251,-2.5,-6.0,92.0,0.5,0.0,0.35,73,6.4
2024-02-17 07:00:00,452,-2.3,-5.7,93.0,0.3,0.0,0.21,73,5.5
2024-02-17 08:00:00,728,-2.1,-5.7,94.0,0.3,0.0,0.21,73,7.3
2024-02-17 09:00:00,1263,-1.4,-5.2,89.0,0.1,0.0,0.07,71,8.3
2024-02-17 10:00:00,1756,-0.5,-4.3,83.0,0.0,0.0,0.0,3,8.5
2024-02-17 11:00:00,2288,0.3,-4.0,74.0,0.1,0.0,0.07,71,11.5
2024-02-17 12:00:00,2605,0.8,-4.2,66.0,0.1,0.0,0.07,71,15.2
2024-02-17 13:00:00,2859,1.4,-4.3,55.0,0.1,0.0,0.07,71,19.5
2024-02-17 14:00:00,2910,1.3,-4.9,47.0,0.0,0.0,0.0,0,21.6
2024-02-17 15:00:00,3377,1.0,-5.4,47.0,0.0,0.0,0.0,3,22.2
2024-02-17 16:00:00,3370,0.2,-6.0,48.0,0.0,0.0,0.0,0,20.5
2024-02-17 17:00:00,3262,-0.8,-6.6,51.0,0.0,0.0,0.0,0,17.7
2024-02-17 18:00:00,2835,-2.1,-7.8,58.0,0.0,0.0,0.0,0,16.6
2024-02-17 19:00:00,2420,-3.2,-8.9,60.0,0.0,0.0,0.0,0,16.4
2024-02-17 20:00:00,1722,-3.7,-9.2,53.0,0.0,0.0,0.0,0,14.7
2024-02-17 21:00:00,1554,-4.5,-9.7,56.0,0.0,0.0,0.0,0,12.2
2024-02-17 22:00:00,1252,-5.0,-10.4,60.0,0.0,0.0,0.0,0,13.4
2024-02-17 23:00:00,1082,-5.5,-10.6,64.0,0.0,0.0,0.0,0,11.9
2024-02-18 00:00:00,845,-6.1,-10.8,68.0,0.0,0.0,0.0,0,9.4
2024-02-18 01:00:00,626,-6.5,-11.0,71.0,0.0,0.0,0.0,0,8.1
2024-02-18 02:00:00,347,-6.6,-11.6,69.0,0.0,0.0,0.0,0,10.8
2024-02-18 03:00:00,278,-6.9,-12.1,71.0,0.0,0.0,0.0,0,12.4
2024-02-18 04:00:00,187,-7.1,-12.3,74.0,0.0,0.0,0.0,0,13.1
2024-02-18 05:00:00,171,-7.0,-12.3,74.0,0.0,0.0,0.0,0,13.5
2024-02-18 06:00:00,297,-6.9,-12.4,71.0,0.0,0.0,0.0,1,14.2
2024-02-18 07:00:00,671,-6.8,-12.5,69.0,0.0,0.0,0.0,0,15.8
2024-02-18 08:00:00,1158,-5.7,-11.0,73.0,0.0,0.0,0.0,0,14.2
2024-02-18 09:00:00,1892,-4.0,-10.5,62.0,0.0,0.0,0.0,0,21.7
2024-02-18 10:00:00,2567,-2.6,-9.3,52.0,0.0,0.0,0.0,0,23.0
2024-02-18 11:00:00,3117,-1.3,-7.8,48.0,0.0,0.0,0.0,0,22.4
2024-02-18 12:00:00,3431,-0.1,-6.4,45.0,0.0,0.0,0.0,0,23.5
2024-02-18 13:00:00,3615,1.1,-5.4,43.0,0.0,0.0,0.0,0,25.5
2024-02-18 14:00:00,3893,2.3,-4.3,41.0,0.0,0.0,0.0,0,24.5
2024-02-18 15:00:00,4058,2.9,-3.5,43.0,0.0,0.0,0.0,0,21.9
2024-02-18 16:00:00,3922,2.7,-3.0,46.0,0.0,0.0,0.0,0,18.1
2024-02-18 17:00:00,3846,1.5,-4.1,49.0,0.0,0.0,0.0,0,17.3
2024-02-18 18:00:00,3157,0.2,-5.5,52.0,0.0,0.0,0.0,0,17.2
2024-02-18 19:00:00,2538,-0.8,-6.0,56.0,0.0,0.0,0.0,0,14.6
2024-02-18 20:00:00,1959,-1.8,-6.5,57.0,0.0,0.0,0.0,0,10.0
2024-02-18 21:00:00,1584,-2.7,-7.5,63.0,0.0,0.0,0.0,0,11.5
2024-02-18 22:00:00,1246,-2.7,-7.8,64.0,0.0,0.0,0.0,0,13.4
2024-02-18 23:00:00,1026,-2.3,-7.5,62.0,0.0,0.0,0.0,0,13.7
2024-02-19 00:00:00,669,-1.2,-6.7,57.0,0.0,0.0,0.0,0,16.1
2024-02-19 01:00:00,401,-1.3,-6.9,57.0,0.0,0.0,0.0,0,16.9
2024-02-19 02:00:00,223,-1.9,-7.4,58.0,0.0,0.0,0.0,0,15.5
2024-02-19 03:00:00,189,-2.8,-7.9,63.0,0.0,0.0,0.0,0,13.0
2024-02-19 04:00:00,165,-3.6,-8.5,67.0,0.0,0.0,0.0,0,12.3
2024-02-19 05:00:00,333,-3.9,-8.8,70.0,0.0,0.0,0.0,0,11.5
2024-02-19 06:00:00,791,-4.1,-8.7,72.0,0.0,0.0,0.0,0,10.4
2024-02-19 07:00:00,1377,-4.1,-8.7,73.0,0.0,0.0,0.0,0,10.7
2024-02-19 08:00:00,2418,-1.3,-6.3,59.0,0.0,0.0,0.0,0,12.9
2024-02-19 09:00:00,2835,0.8,-5.8,38.0,0.0,0.0,0.0,0,21.9
2024-02-19 10:00:00,3030,1.7,-4.5,38.0,0.0,0.0,0.0,0,19.0
2024-02-19 11:00:00,3623,2.2,-3.4,40.0,0.0,0.0,0.0,0,17.0
2024-02-19 12:00:00,4110,2.7,-2.4,34.0,0.0,0.0,0.0,0,15.7
2024-02-19 13:00:00,4476,2.9,-2.2,31.0,0.0,0.0,0.0,0,15.1
2024-02-19 14:00:00,4561,3.0,-2.3,29.0,0.0,0.0,0.0,0,14.8
2024-02-19 15:00:00,4802,3.1,-2.4,28.0,0.0,0.0,0.0,0,13.8
2024-02-19 16:00:00,4921,2.8,-2.6,29.0,0.0,0.0,0.0,0,12.6
2024-02-19 17:00:00,5086,1.3,-3.2,37.0,0.0,0.0,0.0,0,7.4
2024-02-19 18:00:00,4659,-2.0,-6.5,45.0,0.0,0.0,0.0,0,7.8
2024-02-19 19:00:00,3351,-1.8,-7.0,42.0,0.0,0.0,0.0,0,12.0
2024-02-19 20:00:00,2476,-2.7,-7.5,49.0,0.0,0.0,0.0,0,9.9
2024-02-19 21:00:00,1824,-2.8,-8.3,48.0,0.0,0.0,0.0,0,14.4
2024-02-19 22:00:00,1295,-3.4,-8.9,50.0,0.0,0.0,0.0,0,13.9
2024-02-19 23:00:00,871,-4.3,-9.5,54.0,0.0,0.0,0.0,0,12.2
2024-02-20 00:00:00,486,-5.2,-9.9,59.0,0.0,0.0,0.0,0,9.4
2024-02-20 01:00:00,265,-5.7,-10.7,59.0,0.0,0.0,0.0,0,10.5
2024-02-20 02:00:00,158,-6.0,-11.2,58.0,0.0,0.0,0.0,0,11.4
2024-02-20 03:00:00,98,-6.3,-11.5,57.0,0.0,0.0,0.0,0,11.9
2024-02-20 04:00:00,176,-6.6,-12.0,56.0,0.0,0.0,0.0,0,13.0
2024-02-20 05:00:00,710,-6.8,-12.3,54.0,0.0,0.0,0.0,0,13.2
2024-02-20 06:00:00,1881,-6.9,-12.2,53.0,0.0,0.0,0.0,0,11.4
2024-02-20 07:00:00,3455,-7.0,-12.1,54.0,0.0,0.0,0.0,0,10.1
2024-02-20 08:00:00,5916,-5.1,-10.1,46.0,0.0,0.0,0.0,0,9.4
2024-02-20 09:00:00,4383,-3.1,-8.0,37.0,0.0,0.0,0.0,0,8.9
2024-02-20 10:00:00,2938,-1.1,-5.9,30.0,0.0,0.0,0.0,0,7.7
2024-02-20 11:00:00,2807,0.2,-4.4,29.0,0.0,0.0,0.0,0,8.0
2024-02-20 12:00:00,3131,1.1,-2.7,29.0,0.0,0.0,0.0,0,6.2
2024-02-20 13:00:00,3409,1.5,-1.7,38.0,0.0,0.0,0.0,0,3.6
2024-02-20 14:00:00,3604,1.8,-1.5,39.0,0.0,0.0,0.0,0,2.9
2024-02-20 15:00:00,4204,1.8,-2.1,41.0,0.0,0.0,0.0,0,4.7
2024-02-20 16:00:00,4950,1.2,-3.2,45.0,0.0,0.0,0.0,0,8.5
2024-02-20 17:00:00,6943,-0.7,-5.4,55.0,0.0,0.0,0.0,1,10.7
2024-02-20 18:00:00,6345,-3.0,-7.2,63.0,0.0,0.0,0.0,0,7.3
2024-02-20 19:00:00,4469,-3.8,-7.9,70.0,0.0,0.0,0.0,0,6.8
2024-02-20 20:00:00,3144,-4.8,-9.0,76.0,0.0,0.0,0.0,0,7.5
2024-02-20 21:00:00,2331,-4.7,-9.0,76.0,0.0,0.0,0.0,1,7.7
2024-02-20 22:00:00,1688,-4.8,-8.8,76.0,0.0,0.0,0.0,1,6.2
2024-02-20 23:00:00,990,-4.8,-8.8,75.0,0.0,0.0,0.0,0,6.2
2024-02-21 00:00:00,576,-4.8,-8.7,74.0,0.0,0.0,0.0,1,5.2
2024-02-21 01:00:00,258,-6.0,-9.8,82.0,0.0,0.0,0.0,3,4.5
2024-02-21 02:00:00,151,-6.0,-9.7,84.0,0.0,0.0,0.0,3,4.4
2024-02-21 03:00:00,105,-6.2,-10.0,84.0,0.0,0.0,0.0,3,5.0
2024-02-21 04:00:00,190,-6.4,-10.3,84.0,0.0,0.0,0.0,3,5.1
2024-02-21 05:00:00,775,-6.0,-10.0,82.0,0.0,0.0,0.0,0,5.8
2024-02-21 06:00:00,2095,-5.8,-10.1,79.0,0.0,0.0,0.0,0,7.8
2024-02-21 07:00:00,3984,-5.3,-9.7,76.0,0.0,0.0,0.0,0,8.4
2024-02-21 08:00:00,6426,-2.3,-6.4,71.0,0.0,0.0,0.0,1,8.1
2024-02-21 09:00:00,5012,0.8,-3.4,59.0,0.0,0.0,0.0,2,8.3
2024-02-21 10:00:00,3260,2.4,-2.4,56.0,0.0,0.0,0.0,3,13.5
2024-02-21 11:00:00,3015,2.7,-2.0,56.0,0.0,0.0,0.0,3,13.5
2024-02-21 12:00:00,3399,3.2,-1.4,56.0,0.0,0.0,0.0,3,13.0
2024-02-21 13:00:00,3518,3.6,-0.9,54.0,0.0,0.0,0.0,3,12.0
2024-02-21 14:00:00,3822,3.9,-0.6,53.0,0.0,0.0,0.0,3,12.4
2024-02-21 15:00:00,4362,3.6,-1.2,55.0,0.0,0.0,0.0,2,13.8
2024-02-21 16:00:00,5408,2.7,-2.2,59.0,0.0,0.0,0.0,0,14.8
2024-02-21 17:00:00,7322,1.6,-2.8,64.0,0.0,0.0,0.0,0,11.8
2024-02-21 18:00:00,6896,-0.7,-4.6,75.0,0.0,0.0,0.0,0,8.0
2024-02-21 19:00:00,4762,-1.7,-5.6,81.0,0.0,0.0,0.0,1,7.6
2024-02-21 20:00:00,3455,-3.3,-7.3,83.0,0.0,0.0,0.0,0,7.2
2024-02-21 21:00:00,2533,-3.5,-7.3,85.0,0.0,0.0,0.0,1,6.5
2024-02-21 22:00:00,1917,-3.9,-7.9,87.0,0.0,0.0,0.0,3,7.8
2024-02-21 23:00:00,1150,-4.1,-8.2,88.0,0.0,0.0,0.0,3,8.0
2024-02-22 00:00:00,623,-2.5,-5.8,82.0,0.0,0.0,0.0,0,3.5
2024-02-22 01:00:00,369,-3.5,-6.5,86.0,0.0,0.0,0.0,0,1.1
2024-02-22 02:00:00,197,-5.2,-8.7,90.0,0.0,0.0,0.0,0,4.2
2024-02-22 03:00:00,149,-5.4,-9.2,91.0,0.0,0.0,0.0,0,5.2
2024-02-22 04:00:00,203,-4.7,-8.0,90.0,0.0,0.0,0.0,0,2.3
2024-02-22 05:00:00,720,-4.5,-7.5,91.0,0.0,0.0,0.0,0,0.4
2024-02-22 06:00:00,2122,-4.7,-7.9,93.0,0.0,0.0,0.0,3,2.5
2024-02-22 07:00:00,3922,-5.5,-8.9,95.0,0.0,0.0,0.0,1,3.7
2024-02-22 08:00:00,6472,-2.1,-5.8,81.0,0.0,0.0,0.0,2,6.2
2024-02-22 09:00:00,4877,1.0,-2.9,68.0,0.0,0.0,0.0,1,7.8
2024-02-22 10:00:00,3285,3.1,-1.5,59.0,0.0,0.0,0.0,1,12.5
2024-02-22 11:00:00,3144,4.5,-0.5,53.0,0.0,0.0,0.0,0,15.9
2024-02-22 12:00:00,3763,5.4,0.9,54.0,0.0,0.0,0.0,1,15.9
2024-02-22 13:00:00,3825,5.9,1.3,59.0,0.0,0.0,0.0,3,16.6
2024-02-22 14:00:00,4222,5.6,0.8,64.0,0.0,0.0,0.0,3,18.1
2024-02-22 15:00:00,4631,4.5,-0.4,73.0,0.0,0.0,0.0,3,18.8
2024-02-22 16:00:00,4753,4.0,-0.8,76.0,0.0,0.0,0.0,3,18.5
2024-02-22 17:00:00,5896,2.8,-1.5,84.0,0.3,0.3,0.0,51,15.0
2024-02-22 18:00:00,6323,2.7,-1.3,87.0,0.0,0.0,0.0,3,13.4
2024-02-22 19:00:00,4038,2.8,-1.3,87.0,0.0,0.0,0.0,3,14.3
2024-02-22 20:00:00,2686,1.6,-2.3,94.0,0.1,0.1,0.0,51,12.6
2024-02-22 21:00:00,2366,1.9,-1.7,94.0,0.0,0.0,0.0,3,11.2
2024-02-22 22:00:00,1710,1.9,-1.4,94.0,0.1,0.1,0.0,51,9.7
2024-02-22 23:00:00,947,1.9,-1.3,94.0,0.1,0.1,0.0,51,8.3
2024-02-23 00:00:00,523,1.9,-1.3,94.0,0.7,0.7,0.0,53,8.2
2024-02-23 01:00:00,337,1.4,-1.5,96.0,1.0,1.0,0.0,55,6.2
2024-02-23 02:00:00,213,1.4,-1.5,96.0,0.4,0.4,0.0,51,6.0
2024-02-23 03:00:00,174,1.4,-1.1,98.0,0.1,0.1,0.0,51,4.1
2024-02-23 04:00:00,193,1.2,-1.5,98.0,0.4,0.4,0.0,51,4.5
2024-02-23 05:00:00,616,1.1,-1.6,98.0,0.4,0.4,0.0,51,4.7
2024-02-23 06:00:00,1755,0.9,-1.8,99.0,0.2,0.2,0.0,51,4.4
2024-02-23 07:00:00,3309,0.5,-2.5,99.0,0.0,0.0,0.0,3,6.4
2024-02-23 08:00:00,5109,1.7,-1.9,98.0,0.0,0.0,0.0,3,11.7
2024-02-23 09:00:00,4317,3.3,0.2,96.0,0.0,0.0,0.0,3,9.5
2024-02-23 10:00:00,3366,4.1,1.2,93.0,0.0,0.0,0.0,3,9.4
2024-02-23 11:00:00,3340,5.0,2.4,91.0,0.0,0.0,0.0,3,7.4
2024-02-23 12:00:00,3506,6.3,3.7,86.0,0.0,0.0,0.0,3,8.1
2024-02-23 13:00:00,3882,6.9,3.7,82.0,0.0,0.0,0.0,3,11.7
2024-02-23 14:00:00,4417,6.7,3.9,82.0,0.1,0.1,0.0,51,9.1
2024-02-23 15:00:00,5140,6.0,2.9,85.0,0.1,0.1,0.0,51,10.6
2024-02-23 16:00:00,6026,6.1,2.9,83.0,0.0,0.0,0.0,3,11.3
2024-02-23 17:00:00,7322,5.8,3.7,86.0,0.0,0.0,0.0,3,4.4
2024-02-23 18:00:00,6675,3.7,1.0,92.0,0.0,0.0,0.0,3,6.8
2024-02-23 19:00:00,5081,4.7,2.2,88.0,0.0,0.0,0.0,3,5.9
2024-02-23 20:00:00,3698,3.0,0.0,93.0,0.0,0.0,0.0,3,8.5
2024-02-23 21:00:00,2788,2.5,-0.7,92.0,0.0,0.0,0.0,3,8.8
2024-02-23 22:00:00,2397,1.8,-1.4,93.0,0.0,0.0,0.0,3,8.4
2024-02-23 23:00:00,2080,1.1,-2.1,93.0,0.0,0.0,0.0,3,7.5
2024-02-24 00:00:00,1542,1.0,-2.5,92.0,0.0,0.0,0.0,3,9.4
2024-02-24 01:00:00,1145,1.1,-2.7,89.0,0.0,0.0,0.0,3,10.7
2024-02-24 02:00:00,783,1.2,-3.1,85.0,0.0,0.0,0.0,3,13.7
2024-02-24 03:00:00,480,1.1,-3.6,85.0,0.0,0.0,0.0,0,16.0
2024-02-24 04:00:00,330,0.5,-4.4,88.0,0.0,0.0,0.0,0,17.7
2024-02-24 05:00:00,287,0.0,-5.1,90.0,0.0,0.0,0.0,3,18.9
2024-02-24 06:00:00,667,-0.2,-5.2,90.0,0.0,0.0,0.0,3,17.9
2024-02-24 07:00:00,1322,0.2,-4.6,88.0,0.0,0.0,0.0,3,16.9
2024-02-24 08:00:00,2315,2.7,-2.0,79.0,0.0,0.0,0.0,3,16.9
2024-02-24 09:00:00,3459,3.3,-1.5,67.0,0.0,0.0,0.0,3,16.0
2024-02-24 10:00:00,4236,3.5,-2.2,55.0,0.0,0.0,0.0,3,19.6
2024-02-24 11:00:00,5143,3.4,-2.6,45.0,0.0,0.0,0.0,3,19.9
2024-02-24 12:00:00,5686,4.1,-2.0,36.0,0.0,0.0,0.0,0,19.5
2024-02-24 13:00:00,6116,4.6,-1.0,30.0,0.0,0.0,0.0,0,19.6
2024-02-24 14:00:00,6198,4.8,-1.0,27.0,0.0,0.0,0.0,1,18.7
2024-02-24 15:00:00,6144,4.6,-1.6,25.0,0.0,0.0,0.0,1,18.4
2024-02-24 16:00:00,5758,3.9,-2.1,23.0,0.0,0.0,0.0,0,16.9
2024-02-24 17:00:00,5231,2.6,-3.0,26.0,0.0,0.0,0.0,0,13.4
2024-02-24 18:00:00,4313,0.1,-5.3,31.0,0.0,0.0,0.0,0,12.0
2024-02-24 19:00:00,3496,-1.6,-7.4,31.0,0.0,0.0,0.0,0,14.9
2024-02-24 20:00:00,2576,-1.5,-7.8,28.0,0.0,0.0,0.0,0,17.6
2024-02-24 21:00:00,1902,-2.5,-8.4,31.0,0.0,0.0,0.0,0,15.3
2024-02-24 22:00:00,1594,-3.7,-9.3,36.0,0.0,0.0,0.0,0,13.5
2024-02-24 23:00:00,1476,-4.7,-10.6,38.0,0.0,0.0,0.0,0,15.0
2024-02-25 00:00:00,1070,-5.4,-11.2,40.0,0.0,0.0,0.0,0,14.0
2024-02-25 01:00:00,655,-6.1,-11.5,43.0,0.0,0.0,0.0,0,11.9
2024-02-25 02:00:00,504,-6.7,-11.7,47.0,0.0,0.0,0.0,0,9.3
2024-02-25 03:00:00,329,-7.1,-11.9,51.0,0.0,0.0,0.0,0,7.8
2024-02-25 04:00:00,223,-7.4,-11.8,54.0,0.0,0.0,0.0,0,5.6
2024-02-25 05:00:00,198,-7.8,-11.9,60.0,0.0,0.0,0.0,0,4.0
2024-02-25 06:00:00,412,-7.8,-11.9,59.0,0.0,0.0,0.0,0,4.0
2024-02-25 07:00:00,892,-7.5,-11.8,56.0,0.0,0.0,0.0,0,4.5
2024-02-25 08:00:00,1492,-5.4,-9.3,50.0,0.0,0.0,0.0,0,2.4
2024-02-25 09:00:00,2539,-4.1,-7.8,47.0,0.0,0.0,0.0,0,0.8
2024-02-25 10:00:00,3437,-2.6,-6.7,47.0,0.0,0.0,0.0,0,4.4
2024-02-25 11:00:00,3939,-1.0,-5.0,45.0,0.0,0.0,0.0,0,6.4
2024-02-25 12:00:00,4600,0.6,-3.0,44.0,0.0,0.0,0.0,0,7.2
2024-02-25 13:00:00,4954,1.9,-1.8,43.0,0.0,0.0,0.0,0,8.9
2024-02-25 14:00:00,5191,2.9,-1.5,42.0,0.0,0.0,0.0,0,11.2
2024-02-25 15:00:00,5217,3.6,-1.4,40.0,0.0,0.0,0.0,0,12.8
2024-02-25 16:00:00,4911,2.4,-2.9,51.0,0.0,0.0,0.0,0,15.6
2024-02-25 17:00:00,4605,0.2,-4.9,66.0,0.0,0.0,0.0,0,15.3
2024-02-25 18:00:00,3628,-1.2,-5.9,78.0,0.0,0.0,0.0,0,13.4
2024-02-25 19:00:00,2784,-1.3,-5.8,85.0,0.0,0.0,0.0,0,12.4
2024-02-25 20:00:00,2064,-1.3,-5.7,82.0,0.0,0.0,0.0,2,11.4
2024-02-25 21:00:00,1589,-1.7,-6.3,75.0,0.0,0.0,0.0,2,11.7
2024-02-25 22:00:00,1219,-2.3,-7.1,75.0,0.0,0.0,0.0,3,12.9
2024-02-25 23:00:00,763,-2.6,-7.5,74.0,0.0,0.0,0.0,3,13.2
2024-02-26 00:00:00,462,-2.6,-7.7,71.0,0.0,0.0,0.0,3,14.3
2024-02-26 01:00:00,243,-2.6,-7.5,69.0,0.0,0.0,0.0,3,12.8
2024-02-26 02:00:00,139,-2.6,-7.6,70.0,0.0,0.0,0.0,3,13.0
2024-02-26 03:00:00,118,-2.8,-7.1,75.0,0.0,0.0,0.0,3,8.7
2024-02-26 04:00:00,228,-1.5,-5.8,72.0,0.0,0.0,0.0,3,9.6
2024-02-26 05:00:00,755,-2.0,-6.2,77.0,0.0,0.0,0.0,3,9.4
2024-02-26 06:00:00,2217,-2.0,-6.1,78.0,0.0,0.0,0.0,3,8.6
2024-02-26 07:00:00,4956,-1.8,-6.0,78.0,0.0,0.0,0.0,1,9.5
2024-02-26 08:00:00,7119,0.1,-3.9,74.0,0.4,0.0,0.28,73,9.1
2024-02-26 09:00:00,4565,1.8,-2.0,70.0,0.1,0.1,0.0,51,8.7
2024-02-26 10:00:00,2575,3.2,-0.9,72.0,0.8,0.4,0.28,73,11.7
2024-02-26 11:00:00,2593,5.4,1.7,71.0,0.0,0.0,0.0,2,10.9
2024-02-26 12:00:00,3407,7.8,4.9,66.0,0.0,0.0,0.0,0,10.0
2024-02-26 13:00:00,4002,9.6,7.1,62.0,0.0,0.0,0.0,0,10.0
2024-02-26 14:00:00,4874,10.3,7.1,61.0,0.0,0.0,0.0,0,13.1
2024-02-26 15:00:00,5830,10.6,7.0,60.0,0.0,0.0,0.0,0,13.7
2024-02-26 16:00:00,6884,10.1,6.6,63.0,0.0,0.0,0.0,3,13.6
2024-02-26 17:00:00,9021,7.9,4.8,76.0,0.0,0.0,0.0,3,11.5
2024-02-26 18:00:00,7882,5.3,2.2,89.0,0.0,0.0,0.0,3,10.9
2024-02-26 19:00:00,5482,4.5,1.5,91.0,0.0,0.0,0.0,2,9.4
2024-02-26 20:00:00,3764,3.5,0.6,92.0,0.0,0.0,0.0,2,7.6
2024-02-26 21:00:00,2807,1.8,-1.5,95.0,0.0,0.0,0.0,1,9.3
2024-02-26 22:00:00,2079,1.2,-2.4,95.0,0.0,0.0,0.0,1,10.5
2024-02-26 23:00:00,1195,1.5,-1.8,95.0,0.0,0.0,0.0,2,9.2
2024-02-27 00:00:00,633,3.3,0.7,92.0,0.0,0.0,0.0,3,5.7
2024-02-27 01:00:00,334,0.0,-2.7,97.0,0.0,0.0,0.0,3,4.0
2024-02-27 02:00:00,205,0.5,-2.4,99.0,0.0,0.0,0.0,3,5.6
2024-02-27 03:00:00,130,-1.1,-4.5,100.0,0.0,0.0,0.0,0,7.7
2024-02-27 04:00:00,223,-1.0,-4.3,99.0,0.0,0.0,0.0,3,6.5
2024-02-27 05:00:00,878,-1.2,-4.9,98.0,0.0,0.0,0.0,3,9.4
2024-02-27 06:00:00,2568,-0.7,-4.2,99.0,0.0,0.0,0.0,2,9.0
2024-02-27 07:00:00,5835,1.1,-1.7,100.0,0.0,0.0,0.0,1,5.8
2024-02-27 08:00:00,8619,3.8,0.9,96.0,0.0,0.0,0.0,3,8.6
2024-02-27 09:00:00,5775,7.0,4.8,89.0,0.0,0.0,0.0,0,7.1
2024-02-27 10:00:00,3770,10.1,7.3,78.0,0.0,0.0,0.0,3,13.1
2024-02-27 11:00:00,3610,11.3,8.4,75.0,0.0,0.0,0.0,0,14.8
2024-02-27 12:00:00,4171,12.6,9.9,68.0,0.0,0.0,0.0,3,15.7
2024-02-27 13:00:00,4652,13.0,10.2,67.0,0.0,0.0,0.0,2,17.3
2024-02-27 14:00:00,5199,12.8,9.3,66.0,0.0,0.0,0.0,3,19.4
2024-02-27 15:00:00,6105,12.4,8.7,63.0,0.0,0.0,0.0,3,18.2
2024-02-27 16:00:00,7026,12.1,8.7,66.0,0.0,0.0,0.0,3,16.1
2024-02-27 17:00:00,9048,10.8,6.2,70.0,0.0,0.0,0.0,3,24.3
2024-02-27 18:00:00,3048,10.5,5.8,72.0,0.0,0.0,0.0,3,24.3
2024-02-27 19:00:00,1279,10.6,6.5,79.0,0.4,0.4,0.0,51,22.7
2024-02-27 20:00:00,1076,9.8,5.6,90.0,2.5,2.5,0.0,63,26.1
2024-02-27 21:00:00,1611,9.2,4.8,93.0,0.6,0.6,0.0,53,26.2
2024-02-27 22:00:00,1567,9.3,5.7,93.0,0.2,0.2,0.0,51,21.0
2024-02-27 23:00:00,1078,10.0,6.7,92.0,0.2,0.2,0.0,51,20.5
2024-02-28 00:00:00,634,10.2,7.5,93.0,0.1,0.1,0.0,51,16.6
2024-02-28 01:00:00,307,10.4,7.8,93.0,0.0,0.0,0.0,3,16.6
2024-02-28 02:00:00,215,11.1,8.4,92.0,0.0,0.0,0.0,3,17.7
2024-02-28 03:00:00,136,11.2,8.6,93.0,0.0,0.0,0.0,3,17.7
2024-02-28 04:00:00,181,11.3,8.8,94.0,0.1,0.1,0.0,51,17.7
2024-02-28 05:00:00,780,11.5,8.8,94.0,0.0,0.0,0.0,3,19.8
2024-02-28 06:00:00,2237,11.3,8.5,94.0,0.5,0.5,0.0,53,20.5
2024-02-28 07:00:00,4407,11.4,8.2,95.0,0.3,0.3,0.0,51,22.8
2024-02-28 08:00:00,6455,11.4,9.2,95.0,0.2,0.2,0.0,51,16.6
2024-02-28 09:00:00,4963,12.0,9.9,94.0,0.4,0.4,0.0,51,16.2
2024-02-28 10:00:00,2868,14.3,12.1,87.0,5.0,5.0,0.0,63,19.0
2024-02-28 11:00:00,2881,15.5,13.5,84.0,0.2,0.2,0.0,51,19.2
2024-02-28 12:00:00,3044,15.7,12.8,83.0,0.4,0.4,0.0,51,25.8
2024-02-28 13:00:00,2858,16.2,13.5,79.0,0.1,0.1,0.0,51,24.2
2024-02-28 14:00:00,2359,16.1,13.2,78.0,1.6,1.6,0.0,61,24.6
2024-02-28 15:00:00,3735,14.4,11.7,87.0,3.9,3.9,0.0,63,23.0
2024-02-28 16:00:00,4321,14.6,11.5,82.0,0.2,0.2,0.0,51,25.0
2024-02-28 17:00:00,5546,14.0,10.8,85.0,0.6,0.6,0.0,53,25.6
2024-02-28 18:00:00,6718,13.7,10.2,86.0,0.3,0.3,0.0,51,26.3
2024-02-28 19:00:00,5136,13.4,9.8,90.0,0.6,0.6,0.0,53,28.1
2024-02-28 20:00:00,3276,14.4,11.1,91.0,1.7,1.7,0.0,61,29.0
2024-02-28 21:00:00,2053,14.1,10.5,93.0,1.4,1.4,0.0,61,31.0
2024-02-28 22:00:00,1398,9.4,4.0,88.0,0.6,0.6,0.0,53,32.9
2024-02-28 23:00:00,1095,5.4,-0.9,71.0,0.1,0.1,0.0,51,29.1
2024-02-29 00:00:00,563,3.6,-3.7,59.0,0.0,0.0,0.0,0,31.9
2024-02-29 01:00:00,276,-0.3,-7.2,49.0,0.0,0.0,0.0,0,25.0
2024-02-29 02:00:00,170,-1.8,-9.0,45.0,0.0,0.0,0.0,0,25.8
2024-02-29 03:00:00,119,-2.5,-9.0,45.0,0.0,0.0,0.0,0,20.7
2024-02-29 04:00:00,190,-2.9,-9.3,45.0,0.0,0.0,0.0,0,19.7
2024-02-29 05:00:00,787,-3.2,-9.6,43.0,0.0,0.0,0.0,0,19.3
2024-02-29 06:00:00,2309,-3.5,-9.7,44.0,0.0,0.0,0.0,0,18.7
2024-02-29 07:00:00,5041,-3.3,-9.5,45.0,0.0,0.0,0.0,0,18.4
2024-02-29 08:00:00,7707,-1.0,-8.6,41.0,0.0,0.0,0.0,2,28.8
2024-02-29 09:00:00,5350,-0.4,-7.4,41.0,0.0,0.0,0.0,2,24.1
2024-02-29 10:00:00,3459,0.5,-6.8,40.0,0.0,0.0,0.0,3,26.5
2024-02-29 11:00:00,3221,0.8,-6.5,37.0,0.0,0.0,0.0,3,26.7
2024-02-29 12:00:00,3639,1.3,-5.8,37.0,0.0,0.0,0.0,3,25.2
2024-02-29 13:00:00,3889,2.2,-4.9,34.0,0.0,0.0,0.0,1,25.2
2024-02-29 14:00:00,4533,3.3,-3.8,29.0,0.0,0.0,0.0,1,28.1
2024-02-29 15:00:00,5268,3.2,-3.6,28.0,0.0,0.0,0.0,0,22.6
2024-02-29 16:00:00,6090,3.4,-3.0,27.0,0.0,0.0,0.0,0,20.0
2024-02-29 17:00:00,8575,2.7,-3.1,30.0,0.0,0.0,0.0,0,15.6
2024-02-29 18:00:00,7408,0.5,-4.1,38.0,0.0,0.0,0.0,0,7.9
2024-02-29 19:00:00,5327,-1.6,-5.7,51.0,0.0,0.0,0.0,0,6.0
2024-02-29 20:00:00,3594,-1.4,-5.9,54.0,0.0,0.0,0.0,0,8.7
2024-02-29 21:00:00,2674,-1.9,-6.4,52.0,0.0,0.0,0.0,0,8.7
2024-02-29 22:00:00,2290,-2.2,-6.8,52.0,0.0,0.0,0.0,0,9.0
2024-02-29 23:00:00,1488,-2.7,-7.3,54.0,0.0,0.0,0.0,0,9.3
2024-03-01 00:00:00,797,-3.2,-8.1,55.0,0.0,0.0,0.0,0,10.7
2024-03-01 01:00:00,453,-3.7,-8.5,54.0,0.0,0.0,0.0,0,9.8
2024-03-01 02:00:00,311,-4.2,-8.5,57.0,0.0,0.0,0.0,0,6.8
2024-03-01 03:00:00,159,-4.5,-8.7,60.0,0.0,0.0,0.0,0,6.1
2024-03-01 04:00:00,208,-5.2,-9.5,67.0,0.0,0.0,0.0,0,7.3
2024-03-01 05:00:00,697,-5.5,-9.9,72.0,0.0,0.0,0.0,0,7.8
2024-03-01 06:00:00,2014,-5.4,-9.5,74.0,0.0,0.0,0.0,0,6.0
2024-03-01 07:00:00,4271,-4.2,-7.9,73.0,0.0,0.0,0.0,0,4.3
2024-03-01 08:00:00,6335,-1.6,-5.5,60.0,0.0,0.0,0.0,0,5.2
2024-03-01 09:00:00,4610,0.2,-3.8,46.0,0.0,0.0,0.0,0,4.5
2024-03-01 10:00:00,3668,1.8,-2.3,44.0,0.0,0.0,0.0,0,6.1
2024-03-01 11:00:00,3930,3.5,-0.4,43.0,0.0,0.0,0.0,0,8.4
2024-03-01 12:00:00,4523,4.7,1.0,43.0,0.0,0.0,0.0,0,10.5
2024-03-01 13:00:00,4954,5.2,1.3,43.0,0.0,0.0,0.0,0,12.3
2024-03-01 14:00:00,5722,5.1,0.4,46.0,0.0,0.0,0.0,0,15.7
2024-03-01 15:00:00,6213,4.4,-1.2,47.0,0.0,0.0,0.0,3,19.0
2024-03-01 16:00:00,6931,4.0,-1.6,49.0,0.0,0.0,0.0,3,18.8
2024-03-01 17:00:00,8030,3.1,-2.3,54.0,0.0,0.0,0.0,3,17.3
2024-03-01 18:00:00,6536,1.7,-3.3,61.0,0.0,0.0,0.0,3,15.3
2024-03-01 19:00:00,4776,1.5,-3.5,64.0,0.0,0.0,0.0,3,15.5
2024-03-01 20:00:00,3540,1.8,-3.0,69.0,0.0,0.0,0.0,3,15.4
2024-03-01 21:00:00,2737,1.8,-2.9,71.0,0.0,0.0,0.0,3,14.8
2024-03-01 22:00:00,2404,1.5,-2.7,76.0,0.0,0.0,0.0,3,11.6
2024-03-01 23:00:00,1894,1.3,-2.4,82.0,0.0,0.0,0.0,3,9.0
2024-03-02 00:00:00,1513,1.4,-1.8,85.0,0.0,0.0,0.0,3,6.8
2024-03-02 01:00:00,983,2.4,-0.7,81.0,0.0,0.0,0.0,3,6.2
2024-03-02 02:00:00,725,2.7,-0.3,80.0,0.0,0.0,0.0,3,5.3
2024-03-02 03:00:00,410,2.5,-0.2,84.0,0.0,0.0,0.0,3,4.1
2024-03-02 04:00:00,297,2.4,-0.2,87.0,0.0,0.0,0.0,3,3.7
2024-03-02 05:00:00,291,2.6,0.0,87.0,0.1,0.1,0.0,51,3.5
2024-03-02 06:00:00,638,2.8,0.0,90.0,0.1,0.1,0.0,51,6.3
2024-03-02 07:00:00,853,3.0,-0.1,92.0,0.1,0.1,0.0,51,8.4
2024-03-02 08:00:00,1345,4.4,1.5,94.0,0.4,0.4,0.0,51,9.4
2024-03-02 09:00:00,1557,5.2,2.5,96.0,0.5,0.5,0.0,53,9.7
2024-03-02 10:00:00,1725,6.4,3.3,94.0,0.5,0.5,0.0,53,13.7
2024-03-02 11:00:00,1933,7.6,4.4,92.0,0.9,0.9,0.0,53,15.3
2024-03-02 12:00:00,1116,8.2,5.1,92.0,1.7,1.7,0.0,61,15.8
2024-03-02 13:00:00,1051,8.0,5.6,94.0,2.8,2.8,0.0,63,11.7
2024-03-02 14:00:00,1050,8.3,5.6,94.0,3.0,3.0,0.0,63,13.9
2024-03-02 15:00:00,899,8.5,5.3,95.0,2.9,2.9,0.0,63,17.8
2024-03-02 16:00:00,757,9.1,5.0,94.0,5.4,5.4,0.0,63,24.7
2024-03-02 17:00:00,962,9.6,5.6,93.0,4.2,4.2,0.0,63,24.5
2024-03-02 18:00:00,1440,9.4,5.8,94.0,4.2,4.2,0.0,63,21.5
2024-03-02 19:00:00,1966,8.9,5.6,95.0,1.3,1.3,0.0,61,19.7
2024-03-02 20:00:00,1852,8.8,7.6,99.0,0.0,0.0,0.0,3,5.6
2024-03-02 21:00:00,1724,8.3,7.2,99.0,0.0,0.0,0.0,3,4.3
2024-03-02 22:00:00,1555,8.2,6.7,99.0,0.0,0.0,0.0,3,6.8
2024-03-02 23:00:00,1461,7.6,5.3,98.0,0.0,0.0,0.0,3,11.5
2024-03-03 00:00:00,1226,7.5,4.7,97.0,0.0,0.0,0.0,3,13.5
2024-03-03 01:00:00,935,7.3,4.2,95.0,0.0,0.0,0.0,3,14.6
2024-03-03 02:00:00,691,6.7,3.3,95.0,0.0,0.0,0.0,1,16.3
2024-03-03 03:00:00,451,6.5,3.0,95.0,0.0,0.0,0.0,2,16.3
2024-03-03 04:00:00,305,6.4,3.2,94.0,0.0,0.0,0.0,0,14.3
2024-03-03 05:00:00,262,6.0,2.8,94.0,0.0,0.0,0.0,0,13.2
2024-03-03 06:00:00,653,5.6,2.6,95.0,0.0,0.0,0.0,0,12.3
2024-03-03 07:00:00,1274,5.5,2.5,94.0,0.0,0.0,0.0,0,11.8
2024-03-03 08:00:00,2300,7.5,5.1,92.0,0.0,0.0,0.0,0,10.1
2024-03-03 09:00:00,3963,9.7,7.6,85.0,0.0,0.0,0.0,0,9.7
2024-03-03 10:00:00,5988,12.1,10.0,76.0,0.0,0.0,0.0,0,10.7
2024-03-03 11:00:00,7503,14.1,12.1,67.0,0.0,0.0,0.0,0,12.0
2024-03-03 12:00:00,9355,15.7,14.4,61.0,0.0,0.0,0.0,0,10.6
2024-03-03 13:00:00,10853,16.9,15.5,57.0,0.0,0.0,0.0,0,11.5
2024-03-03 14:00:00,11583,17.6,15.8,54.0,0.0,0.0,0.0,0,11.9
2024-03-03 15:00:00,11731,17.8,15.6,52.0,0.0,0.0,0.0,0,10.9
2024-03-03 16:00:00,10840,17.3,15.2,53.0,0.0,0.0,0.0,0,10.4
2024-03-03 17:00:00,9952,15.7,14.4,63.0,0.0,0.0,0.0,0,6.9
2024-03-03 18:00:00,7322,13.0,11.0,69.0,0.0,0.0,0.0,0,9.0
2024-03-03 19:00:00,4998,13.7,12.2,65.0,0.0,0.0,0.0,1,5.2
2024-03-03 20:00:00,3665,11.1,10.1,78.0,0.0,0.0,0.0,1,2.3
2024-03-03 21:00:00,2754,9.4,6.7,86.0,0.0,0.0,0.0,1,12.8
2024-03-03 22:00:00,2049,8.4,5.7,86.0,0.0,0.0,0.0,0,11.9
2024-03-03 23:00:00,1417,7.2,4.5,89.0,0.0,0.0,0.0,1,10.8
2024-03-04 00:00:00,790,6.3,3.5,92.0,0.0,0.0,0.0,1,11.1
2024-03-04 01:00:00,445,5.8,3.1,92.0,0.0,0.0,0.0,0,9.6
2024-03-04 02:00:00,242,5.0,2.3,94.0,0.0,0.0,0.0,0,8.2
2024-03-04 03:00:00,207,4.4,1.7,95.0,0.0,0.0,0.0,0,8.2
2024-03-04 04:00:00,261,3.9,1.2,95.0,0.0,0.0,0.0,0,8.0
2024-03-04 05:00:00,851,3.4,0.8,96.0,0.0,0.0,0.0,0,7.0
2024-03-04 06:00:00,2516,3.1,0.2,96.0,0.0,0.0,0.0,0,8.3
2024-03-04 07:00:00,5538,3.3,0.2,96.0,0.0,0.0,0.0,0,10.2
2024-03-04 08:00:00,8477,7.1,4.7,87.0,0.0,0.0,0.0,0,8.8
2024-03-04 09:00:00,5511,9.7,7.7,82.0,0.0,0.0,0.0,1,8.3
2024-03-04 10:00:00,3919,11.8,9.9,78.0,0.0,0.0,0.0,3,9.0
2024-03-04 11:00:00,3809,13.1,10.8,74.0,0.0,0.0,0.0,3,12.7
2024-03-04 12:00:00,4627,13.7,10.9,72.0,0.0,0.0,0.0,3,17.4
2024-03-04 13:00:00,4610,13.4,10.1,71.0,0.0,0.0,0.0,3,19.3
2024-03-04 14:00:00,5391,12.9,9.5,71.0,0.0,0.0,0.0,3,19.7
2024-03-04 15:00:00,6404,12.3,8.9,72.0,0.0,0.0,0.0,3,18.6
2024-03-04 16:00:00,7256,10.7,7.3,77.0,0.0,0.0,0.0,3,17.9
2024-03-04 17:00:00,9997,9.0,5.5,83.0,0.0,0.0,0.0,3,17.1
2024-03-04 18:00:00,8825,7.8,4.7,87.0,0.0,0.0,0.0,1,14.0
2024-03-04 19:00:00,5738,6.5,3.7,92.0,0.0,0.0,0.0,1,11.4
2024-03-04 20:00:00,3886,4.7,1.9,96.0,0.0,0.0,0.0,2,9.5
2024-03-04 21:00:00,2846,3.9,1.3,96.0,0.0,0.0,0.0,3,7.4
2024-03-04 22:00:00,2096,3.4,0.9,97.0,0.0,0.0,0.0,3,6.0
2024-03-04 23:00:00,1215,3.2,0.6,97.0,0.0,0.0,0.0,3,6.3
2024-03-05 00:00:00,655,4.9,2.0,91.0,0.0,0.0,0.0,3,9.6
2024-03-05 01:00:00,348,5.3,2.3,90.0,0.0,0.0,0.0,3,10.9
2024-03-05 02:00:00,239,5.4,2.3,91.0,0.0,0.0,0.0,3,11.3
2024-03-05 03:00:00,166,5.4,2.3,91.0,0.1,0.1,0.0,51,11.6
2024-03-05 04:00:00,203,5.4,2.1,92.0,0.2,0.2,0.0,51,12.7
2024-03-05 05:00:00,732,5.2,1.9,94.0,0.2,0.2,0.0,51,13.0
2024-03-05 06:00:00,1122,4.9,1.4,97.0,0.5,0.5,0.0,53,14.3
2024-03-05 07:00:00,2400,4.8,1.5,98.0,1.3,1.3,0.0,61,13.2
2024-03-05 08:00:00,2403,4.4,-0.1,96.0,3.2,3.2,0.0,63,20.5
2024-03-05 09:00:00,1843,4.3,0.5,97.0,4.1,4.1,0.0,63,16.5
2024-03-05 10:00:00,1434,4.6,0.2,96.0,1.2,1.2,0.0,55,20.1
2024-03-05 11:00:00,1478,4.8,0.6,96.0,0.9,0.9,0.0,53,19.2
2024-03-05 12:00:00,1764,5.1,0.7,97.0,0.5,0.5,0.0,53,21.2
2024-03-05 13:00:00,1903,5.7,1.7,96.0,0.5,0.5,0.0,53,19.2
2024-03-05 14:00:00,2360,5.8,2.3,97.0,1.4,1.4,0.0,61,16.1
2024-03-05 15:00:00,1965,6.1,2.8,97.0,2.3,2.3,0.0,61,15.5
2024-03-05 16:00:00,2891,6.8,4.0,97.0,3.0,3.0,0.0,63,12.6
2024-03-05 17:00:00,5852,7.3,5.4,98.0,1.7,1.7,0.0,61,7.6
2024-03-05 18:00:00,6178,7.0,5.9,100.0,0.2,0.2,0.0,51,2.3
2024-03-05 19:00:00,4653,6.9,5.3,99.0,0.0,0.0,0.0,3,5.4
2024-03-05 20:00:00,3336,6.5,4.5,97.0,0.0,0.0,0.0,3,7.1
2024-03-05 21:00:00,2609,6.7,4.2,96.0,0.0,0.0,0.0,3,10.5
2024-03-05 22:00:00,2252,6.6,4.2,96.0,0.0,0.0,0.0,3,9.4
2024-03-05 23:00:00,1387,5.8,3.6,97.0,0.0,0.0,0.0,1,7.1
2024-03-06 00:00:00,737,4.8,2.0,97.0,0.0,0.0,0.0,3,9.8
2024-03-06 01:00:00,426,3.9,1.1,98.0,0.0,0.0,0.0,3,8.5
2024-03-06 02:00:00,222,3.5,0.9,98.0,0.0,0.0,0.0,3,6.6
2024-03-06 03:00:00,186,3.5,1.2,98.0,0.0,0.0,0.0,3,4.4
2024-03-06 04:00:00,243,4.1,2.0,98.0,0.0,0.0,0.0,3,4.7
2024-03-06 05:00:00,919,4.1,1.3,98.0,0.0,0.0,0.0,3,9.0
2024-03-06 06:00:00,2565,4.2,1.8,99.0,0.0,0.0,0.0,3,6.4
2024-03-06 07:00:00,6065,4.1,2.1,99.0,0.0,0.0,0.0,3,3.9
2024-03-06 08:00:00,9309,6.3,4.8,95.0,0.0,0.0,0.0,3,2.5
2024-03-06 09:00:00,6519,7.8,6.0,91.0,0.0,0.0,0.0,3,5.5
2024-03-06 10:00:00,4203,8.7,7.0,88.0,0.0,0.0,0.0,3,6.7
2024-03-06 11:00:00,3912,9.1,6.8,88.0,0.0,0.0,0.0,3,11.3
2024-03-06 12:00:00,3543,9.0,7.0,88.0,0.0,0.0,0.0,3,9.0
2024-03-06 13:00:00,2083,9.1,7.6,87.0,0.3,0.3,0.0,51,4.8
2024-03-06 14:00:00,1669,8.9,7.4,91.0,1.3,1.3,0.0,61,6.3
2024-03-06 15:00:00,1538,8.7,6.9,94.0,2.3,2.3,0.0,61,8.5
2024-03-06 16:00:00,1246,8.5,6.2,97.0,1.3,1.3,0.0,61,12.1
2024-03-06 17:00:00,1590,7.7,4.6,97.0,2.8,2.8,0.0,63,16.8
2024-03-06 18:00:00,1202,6.8,3.1,98.0,5.0,5.0,0.0,63,19.1
2024-03-06 19:00:00,1166,6.8,2.8,97.0,8.9,8.9,0.0,65,21.0
2024-03-06 20:00:00,1252,6.7,2.7,98.0,4.4,4.4,0.0,63,21.1
2024-03-06 21:00:00,1143,6.6,3.1,98.0,3.8,3.8,0.0,63,17.8
2024-03-06 22:00:00,908,6.9,3.7,97.0,1.0,1.0,0.0,55,16.3
2024-03-06 23:00:00,673,7.3,4.4,98.0,0.8,0.8,0.0,53,14.0
2024-03-07 00:00:00,488,7.5,5.0,98.0,0.6,0.6,0.0,53,12.2
2024-03-07 01:00:00,245,7.8,5.3,98.0,0.6,0.6,0.0,53,12.6
2024-03-07 02:00:00,120,8.4,5.4,97.0,0.2,0.2,0.0,51,16.6
2024-03-07 03:00:00,94,8.4,5.0,96.0,0.2,0.2,0.0,51,19.1
2024-03-07 04:00:00,214,7.7,3.6,95.0,0.5,0.5,0.0,53,22.9
2024-03-07 05:00:00,697,7.2,3.3,94.0,1.0,1.0,0.0,55,20.9
2024-03-07 06:00:00,1933,6.9,2.6,94.0,0.6,0.6,0.0,53,23.1
2024-03-07 07:00:00,5010,7.0,2.5,91.0,0.1,0.1,0.0,51,23.1
2024-03-07 08:00:00,8174,8.4,4.0,85.0,0.0,0.0,0.0,3,23.5
2024-03-07 09:00:00,5544,9.0,4.5,80.0,0.0,0.0,0.0,3,23.4
2024-03-07 10:00:00,3827,9.3,5.2,78.0,0.0,0.0,0.0,3,20.6
2024-03-07 11:00:00,4096,11.3,6.2,69.0,0.0,0.0,0.0,3,27.4
2024-03-07 12:00:00,4171,11.1,6.5,67.0,0.0,0.0,0.0,3,23.4
2024-03-07 13:00:00,4281,11.2,6.3,65.0,0.0,0.0,0.0,3,25.4
2024-03-07 14:00:00,5033,11.2,6.8,64.0,0.0,0.0,0.0,3,21.3
2024-03-07 15:00:00,5967,11.3,6.9,63.0,0.0,0.0,0.0,3,21.4
2024-03-07 16:00:00,6889,11.8,6.9,60.0,0.0,0.0,0.0,3,23.6
2024-03-07 17:00:00,9789,11.2,6.8,61.0,0.0,0.0,0.0,3,20.6
2024-03-07 18:00:00,8596,10.1,6.0,63.0,0.0,0.0,0.0,3,17.7
2024-03-07 19:00:00,6009,9.0,4.8,65.0,0.0,0.0,0.0,3,17.6
2024-03-07 20:00:00,4330,7.3,2.0,66.0,0.0,0.0,0.0,3,23.4
2024-03-07 21:00:00,3184,6.2,0.8,69.0,0.0,0.0,0.0,0,23.1
2024-03-07 22:00:00,2531,5.0,-0.4,73.0,0.0,0.0,0.0,0,22.7
2024-03-07 23:00:00,1846,4.2,-1.1,74.0,0.0,0.0,0.0,0,21.6
2024-03-08 00:00:00,1007,3.6,-1.6,74.0,0.0,0.0,0.0,0,20.6
2024-03-08 01:00:00,576,3.1,-1.9,74.0,0.0,0.0,0.0,0,18.6
2024-03-08 02:00:00,390,2.5,-2.4,75.0,0.0,0.0,0.0,0,17.3
2024-03-08 03:00:00,233,1.8,-2.7,78.0,0.0,0.0,0.0,0,14.9
2024-03-08 04:00:00,264,1.1,-3.1,80.0,0.0,0.0,0.0,0,12.6
2024-03-08 05:00:00,815,0.5,-3.5,83.0,0.0,0.0,0.0,0,10.8
2024-03-08 06:00:00,2251,0.0,-4.2,85.0,0.0,0.0,0.0,0,12.1
2024-03-08 07:00:00,4834,0.4,-4.2,83.0,0.0,0.0,0.0,3,14.8
2024-03-08 08:00:00,7222,3.0,-1.3,74.0,0.0,0.0,0.0,2,13.8
2024-03-08 09:00:00,5485,5.6,0.8,59.0,0.0,0.0,0.0,3,16.1
2024-03-08 10:00:00,4387,7.3,2.8,51.0,0.0,0.0,0.0,3,14.1
2024-03-08 11:00:00,4576,8.8,5.7,48.0,0.0,0.0,0.0,3,8.9
2024-03-08 12:00:00,5529,9.9,7.3,46.0,0.0,0.0,0.0,3,7.8
2024-03-08 13:00:00,6061,10.9,8.8,44.0,0.0,0.0,0.0,2,5.9
2024-03-08 14:00:00,7106,11.4,9.1,43.0,0.0,0.0,0.0,1,6.0
2024-03-08 15:00:00,8120,11.8,8.5,39.0,0.0,0.0,0.0,3,6.9
2024-03-08 16:00:00,8859,11.1,7.2,40.0,0.0,0.0,0.0,3,9.9
2024-03-08 17:00:00,10144,8.9,5.1,57.0,0.0,0.0,0.0,3,12.4
2024-03-08 18:00:00,8251,5.9,2.1,66.0,0.0,0.0,0.0,3,11.5
2024-03-08 19:00:00,5738,4.2,0.4,71.0,0.0,0.0,0.0,3,11.3
2024-03-08 20:00:00,3919,3.9,-0.2,71.0,0.0,0.0,0.0,3,12.9
2024-03-08 21:00:00,2988,3.8,-0.4,74.0,0.0,0.0,0.0,3,13.8
2024-03-08 22:00:00,2627,3.8,0.2,77.0,0.0,0.0,0.0,3,10.5
2024-03-08 23:00:00,2237,3.3,-0.1,81.0,0.0,0.0,0.0,3,9.4
2024-03-09 00:00:00,1718,3.3,0.1,82.0,0.0,0.0,0.0,3,8.1
2024-03-09 01:00:00,1214,3.2,-0.2,83.0,0.0,0.0,0.0,3,9.4
2024-03-09 02:00:00,893,2.9,-0.1,85.0,0.0,0.0,0.0,3,7.1
2024-03-09 03:00:00,526,2.9,-0.5,87.0,0.0,0.0,0.0,3,9.7
2024-03-09 04:00:00,364,2.9,-0.7,86.0,0.0,0.0,0.0,3,11.1
2024-03-09 05:00:00,334,2.9,-0.9,84.0,0.0,0.0,0.0,3,12.3
2024-03-09 06:00:00,707,3.1,-1.1,80.0,0.0,0.0,0.0,3,14.3
2024-03-09 07:00:00,1480,3.3,-1.3,78.0,0.0,0.0,0.0,3,16.9
2024-03-09 08:00:00,2502,3.9,-0.9,74.0,0.0,0.0,0.0,3,18.1
2024-03-09 09:00:00,3762,4.3,-0.8,73.0,0.0,0.0,0.0,3,20.5
2024-03-09 10:00:00,4647,4.7,-0.7,73.0,0.0,0.0,0.0,3,22.1
2024-03-09 11:00:00,5474,5.1,-0.6,72.0,0.0,0.0,0.0,3,24.9
2024-03-09 12:00:00,4845,4.8,-0.5,76.0,0.0,0.0,0.0,3,22.9
2024-03-09 13:00:00,3282,4.8,-0.7,79.0,0.2,0.2,0.0,51,24.9
2024-03-09 14:00:00,2701,5.0,-0.4,81.0,0.1,0.1,0.0,51,24.3
2024-03-09 15:00:00,1705,4.7,-0.4,90.0,0.8,0.8,0.0,53,24.0
2024-03-09 16:00:00,1186,4.9,0.3,92.0,1.6,1.6,0.0,61,21.2
2024-03-09 17:00:00,1333,5.2,0.5,92.0,1.9,1.9,0.0,61,22.7
2024-03-09 18:00:00,1305,5.5,0.3,92.0,2.5,2.5,0.0,63,26.0
2024-03-09 19:00:00,747,5.7,-0.1,93.0,1.4,1.4,0.0,61,31.1
2024-03-09 20:00:00,333,6.3,1.5,94.0,5.6,5.6,0.0,63,25.1
2024-03-09 21:00:00,279,6.6,1.0,95.0,7.3,7.3,0.0,63,30.9
2024-03-09 22:00:00,298,6.9,2.7,96.0,9.6,9.6,0.0,65,22.5
2024-03-09 23:00:00,509,7.2,5.5,95.0,16.1,16.1,0.0,65,5.5
2024-03-10 00:00:00,666,8.0,4.9,98.0,2.6,2.6,0.0,63,16.9
2024-03-10 01:00:00,695,8.9,7.0,97.0,0.0,0.0,0.0,3,9.9
2024-03-10 02:00:00,0,,,,,,,,
2024-03-10 03:00:00,582,8.8,7.0,97.0,0.0,0.0,0.0,3,9.3
2024-03-10 04:00:00,404,7.0,3.7,98.0,0.1,0.1,0.0,51,16.6
2024-03-10 05:00:00,288,5.7,1.9,95.0,0.0,0.0,0.0,2,17.2
2024-03-10 06:00:00,375,4.9,0.8,93.0,0.0,0.0,0.0,3,17.9
2024-03-10 07:00:00,832,4.9,0.9,91.0,0.2,0.2,0.0,51,17.1
2024-03-10 08:00:00,1609,5.4,1.2,88.0,0.1,0.1,0.0,51,18.2
2024-03-10 09:00:00,2689,6.8,2.2,83.0,0.0,0.0,0.0,3,22.1
2024-03-10 10:00:00,3883,7.3,2.5,76.0,0.0,0.0,0.0,3,22.0
2024-03-10 11:00:00,5312,7.3,2.4,67.0,0.0,0.0,0.0,2,20.7
2024-03-10 12:00:00,5725,9.8,3.9,50.0,0.0,0.0,0.0,2,27.3
2024-03-10 13:00:00,5836,10.0,4.3,48.0,0.0,0.0,0.0,3,24.1
2024-03-10 14:00:00,5347,9.2,3.3,48.0,0.0,0.0,0.0,3,24.6
2024-03-10 15:00:00,4486,7.4,1.3,57.0,0.1,0.1,0.0,51,26.4
2024-03-10 16:00:00,4243,7.0,0.5,57.0,0.1,0.1,0.0,51,28.9
2024-03-10 17:00:00,4354,6.1,-0.5,49.0,0.1,0.1,0.0,51,26.5
2024-03-10 18:00:00,4472,5.9,0.1,48.0,0.0,0.0,0.0,3,20.6
2024-03-10 19:00:00,3272,5.3,-1.6,43.0,0.0,0.0,0.0,3,27.0
2024-03-10 20:00:00,2295,3.7,-3.3,53.0,0.0,0.0,0.0,3,28.3
2024-03-10 21:00:00,1833,2.9,-3.5,53.0,0.0,0.0,0.0,0,24.3
2024-03-10 22:00:00,1606,2.0,-4.7,57.0,0.0,0.0,0.0,0,26.3
2024-03-10 23:00:00,981,1.5,-5.4,54.0,0.0,0.0,0.0,1,26.4
2024-03-11 00:00:00,588,1.2,-5.8,53.0,0.0,0.0,0.0,2,26.9
2024-03-11 01:00:00,294,1.0,-5.8,51.0,0.0,0.0,0.0,3,25.8
2024-03-11 02:00:00,190,0.6,-6.4,52.0,0.0,0.0,0.0,3,26.8
2024-03-11 03:00:00,134,0.8,-6.6,51.0,0.0,0.0,0.0,3,29.1
2024-03-11 04:00:00,222,0.7,-6.6,51.0,0.0,0.0,0.0,2,28.6
2024-03-11 05:00:00,689,0.5,-7.2,51.0,0.0,0.0,0.0,3,31.7
2024-03-11 06:00:00,1884,0.4,-7.2,51.0,0.0,0.0,0.0,1,30.1
2024-03-11 07:00:00,4132,0.4,-6.9,52.0,0.0,0.0,0.0,1,28.6
2024-03-11 08:00:00,6253,0.5,-6.6,55.0,0.0,0.0,0.0,1,27.9
2024-03-11 09:00:00,4309,3.1,-5.7,49.0,0.0,0.0,0.0,1,40.1
2024-03-11 10:00:00,2689,4.0,-5.7,45.0,0.0,0.0,0.0,1,46.1
2024-03-11 11:00:00,2768,4.2,-4.9,44.0,0.0,0.0,0.0,3,42.2
2024-03-11 12:00:00,3202,5.1,-3.4,40.0,0.0,0.0,0.0,1,37.9
2024-03-11 13:00:00,3526,7.1,-0.5,34.0,0.0,0.0,0.0,0,36.0
2024-03-11 14:00:00,4364,7.8,0.5,33.0,0.0,0.0,0.0,0,34.7
2024-03-11 15:00:00,5301,8.7,0.9,29.0,0.0,0.0,0.0,0,36.3
2024-03-11 16:00:00,6291,8.9,0.7,26.0,0.0,0.0,0.0,0,35.8
2024-03-11 17:00:00,8678,8.8,0.7,25.0,0.0,0.0,0.0,0,33.2
2024-03-11 18:00:00,8829,8.0,0.7,28.0,0.0,0.0,0.0,0,27.5
2024-03-11 19:00:00,5740,6.5,0.0,29.0,0.0,0.0,0.0,0,22.2
2024-03-11 20:00:00,4013,5.6,-0.2,30.0,0.0,0.0,0.0,0,16.9
2024-03-11 21:00:00,2805,5.7,0.2,32.0,0.0,0.0,0.0,0,15.3
2024-03-11 22:00:00,1999,5.1,-0.7,35.0,0.0,0.0,0.0,0,18.2
2024-03-11 23:00:00,1240,4.9,-1.4,37.0,0.0,0.0,0.0,0,21.6
2024-03-12 00:00:00,647,4.5,-1.6,38.0,0.0,0.0,0.0,0,20.3
2024-03-12 01:00:00,361,4.0,-1.9,39.0,0.0,0.0,0.0,0,18.6
2024-03-12 02:00:00,221,3.5,-1.8,41.0,0.0,0.0,0.0,0,15.0
2024-03-12 03:00:00,136,2.5,-2.6,47.0,0.0,0.0,0.0,0,13.7
2024-03-12 04:00:00,249,2.2,-3.0,48.0,0.0,0.0,0.0,0,14.8
2024-03-12 05:00:00,864,2.0,-3.2,49.0,0.0,0.0,0.0,0,14.8
2024-03-12 06:00:00,2457,2.1,-3.0,51.0,0.0,0.0,0.0,1,14.8
2024-03-12 07:00:00,5448,2.6,-2.7,53.0,0.0,0.0,0.0,2,16.4
2024-03-12 08:00:00,8940,3.3,-2.3,56.0,0.0,0.0,0.0,1,19.0
2024-03-12 09:00:00,6430,6.8,2.4,56.0,0.0,0.0,0.0,0,14.2
2024-03-12 10:00:00,4066,9.5,5.1,50.0,0.0,0.0,0.0,1,14.6
2024-03-12 11:00:00,4190,11.4,6.6,45.0,0.0,0.0,0.0,1,18.2
2024-03-12 12:00:00,4758,12.8,8.9,44.0,0.0,0.0,0.0,1,17.2
2024-03-12 13:00:00,5354,14.1,10.6,43.0,0.0,0.0,0.0,0,18.3
2024-03-12 14:00:00,6488,15.3,11.5,40.0,0.0,0.0,0.0,0,20.2
2024-03-12 15:00:00,7741,16.0,11.8,39.0,0.0,0.0,0.0,0,20.7
2024-03-12 16:00:00,9381,16.4,11.6,37.0,0.0,0.0,0.0,1,21.4
2024-03-12 17:00:00,13466,16.3,11.6,38.0,0.0,0.0,0.0,0,19.8
2024-03-12 18:00:00,12953,15.1,11.5,44.0,0.0,0.0,0.0,1,13.6
2024-03-12 19:00:00,8373,11.7,8.8,54.0,0.0,0.0,0.0,3,8.6
2024-03-12 20:00:00,5568,9.4,6.8,66.0,0.0,0.0,0.0,3,7.7
2024-03-12 21:00:00,4453,9.2,6.6,66.0,0.0,0.0,0.0,3,7.0
2024-03-12 22:00:00,3316,7.6,5.2,74.0,0.0,0.0,0.0,2,5.7
2024-03-12 23:00:00,1975,5.5,2.8,82.0,0.0,0.0,0.0,0,7.0
2024-03-13 00:00:00,1122,5.4,2.5,78.0,0.0,0.0,0.0,0,7.6
2024-03-13 01:00:00,553,5.3,2.2,72.0,0.0,0.0,0.0,1,7.2
2024-03-13 02:00:00,355,5.1,1.8,70.0,0.0,0.0,0.0,0,7.6
2024-03-13 03:00:00,206,4.1,1.1,75.0,0.0,0.0,0.0,1,6.0
2024-03-13 04:00:00,288,2.9,0.0,82.0,0.0,0.0,0.0,2,5.1
2024-03-13 05:00:00,901,2.1,-0.8,87.0,0.0,0.0,0.0,0,5.0
2024-03-13 06:00:00,2699,1.7,-1.1,87.0,0.0,0.0,0.0,2,4.0
2024-03-13 07:00:00,6136,2.1,-0.6,85.0,0.0,0.0,0.0,3,3.3
2024-03-13 08:00:00,9925,2.7,-0.2,84.0,0.0,0.0,0.0,3,6.0
2024-03-13 09:00:00,7160,6.5,3.9,72.0,0.0,0.0,0.0,3,4.7
2024-03-13 10:00:00,4730,9.3,7.3,63.0,0.0,0.0,0.0,3,2.3
2024-03-13 11:00:00,4549,11.9,9.5,56.0,0.0,0.0,0.0,3,5.6
2024-03-13 12:00:00,5162,14.0,11.4,49.0,0.0,0.0,0.0,3,10.5
2024-03-13 13:00:00,5605,14.8,11.8,45.0,0.0,0.0,0.0,3,14.3
2024-03-13 14:00:00,6562,14.8,11.8,46.0,0.0,0.0,0.0,3,15.2
2024-03-13 15:00:00,7588,14.8,11.8,50.0,0.0,0.0,0.0,1,14.0
2024-03-13 16:00:00,9102,14.6,11.4,54.0,0.0,0.0,0.0,0,15.0
2024-03-13 17:00:00,12801,13.5,10.2,59.0,0.0,0.0,0.0,1,14.9
2024-03-13 18:00:00,11927,11.5,8.7,67.0,0.0,0.0,0.0,0,11.8
2024-03-13 19:00:00,7814,9.4,6.3,73.0,0.0,0.0,0.0,0,12.7
2024-03-13 20:00:00,5057,8.0,5.5,81.0,0.0,0.0,0.0,0,9.0
2024-03-13 21:00:00,3913,6.8,4.4,83.0,0.0,0.0,0.0,0,6.3
2024-03-13 22:00:00,3001,5.8,3.1,87.0,0.0,0.0,0.0,0,8.2
2024-03-13 23:00:00,1858,7.6,5.2,79.0,0.0,0.0,0.0,0,6.5
2024-03-14 00:00:00,986,7.5,5.3,80.0,0.0,0.0,0.0,0,5.6
2024-03-14 01:00:00,568,6.0,3.4,85.0,0.0,0.0,0.0,0,7.3
2024-03-14 02:00:00,346,4.8,2.5,89.0,0.0,0.0,0.0,0,5.1
2024-03-14 03:00:00,196,4.1,1.1,90.0,0.0,0.0,0.0,0,8.6
2024-03-14 04:00:00,298,4.3,1.7,88.0,0.0,0.0,0.0,2,5.9
2024-03-14 05:00:00,880,3.9,1.3,89.0,0.0,0.0,0.0,0,5.5
2024-03-14 06:00:00,2493,3.3,0.7,92.0,0.0,0.0,0.0,0,5.5
2024-03-14 07:00:00,5936,3.4,0.7,90.0,0.0,0.0,0.0,3,6.4
2024-03-14 08:00:00,9769,6.0,3.2,83.0,0.0,0.0,0.0,3,8.0
2024-03-14 09:00:00,6984,9.0,6.7,77.0,0.0,0.0,0.0,3,7.2
2024-03-14 10:00:00,4926,13.1,11.7,66.0,0.0,0.0,0.0,1,4.4
2024-03-14 11:00:00,5209,16.0,14.2,52.0,0.0,0.0,0.0,1,5.8
2024-03-14 12:00:00,5945,18.0,16.8,41.0,0.0,0.0,0.0,0,4.9
2024-03-14 13:00:00,6474,19.1,18.1,38.0,0.0,0.0,0.0,0,5.8
2024-03-14 14:00:00,7846,19.7,18.6,37.0,0.0,0.0,0.0,3,7.3
2024-03-14 15:00:00,9415,20.1,19.0,39.0,0.0,0.0,0.0,2,6.5
2024-03-14 16:00:00,10788,20.2,18.6,42.0,0.0,0.0,0.0,3,6.6
2024-03-14 17:00:00,15153,19.0,16.4,48.0,0.0,0.0,0.0,3,14.0
2024-03-14 18:00:00,13811,14.9,12.1,56.0,0.0,0.0,0.0,3,12.3
2024-03-14 19:00:00,8618,12.0,9.1,64.0,0.0,0.0,0.0,3,12.0
2024-03-14 20:00:00,5649,9.7,6.8,70.0,0.0,0.0,0.0,3,10.5
2024-03-14 21:00:00,4329,9.5,6.4,66.0,0.0,0.0,0.0,3,10.3
2024-03-14 22:00:00,3495,8.9,5.8,66.0,0.0,0.0,0.0,3,10.1
2024-03-14 23:00:00,2348,8.6,5.5,68.0,0.0,0.0,0.0,3,9.8
2024-03-15 00:00:00,1546,9.2,6.1,64.0,0.0,0.0,0.0,3,9.5
2024-03-15 01:00:00,909,10.4,7.0,57.0,0.0,0.0,0.0,3,11.0
2024-03-15 02:00:00,490,11.9,8.4,51.0,0.0,0.0,0.0,3,11.6
2024-03-15 03:00:00,285,12.7,9.2,51.0,0.0,0.0,0.0,3,12.7
2024-03-15 04:00:00,335,12.8,9.8,54.0,0.0,0.0,0.0,3,9.7
2024-03-15 05:00:00,828,11.8,9.7,60.0,0.0,0.0,0.0,3,5.1
2024-03-15 06:00:00,2388,11.1,8.2,64.0,0.0,0.0,0.0,3,10.2
2024-03-15 07:00:00,5175,11.7,9.1,66.0,0.0,0.0,0.0,3,10.1
2024-03-15 08:00:00,7838,11.8,9.4,69.0,0.0,0.0,0.0,3,10.2
2024-03-15 09:00:00,6122,13.9,10.8,71.0,0.0,0.0,0.0,3,18.8
2024-03-15 10:00:00,4813,16.6,13.6,65.0,0.0,0.0,0.0,3,20.9
2024-03-15 11:00:00,5212,17.1,15.3,69.0,0.0,0.0,0.0,3,15.5
2024-03-15 12:00:00,5552,18.3,16.3,67.0,0.0,0.0,0.0,3,18.1
2024-03-15 13:00:00,6130,20.3,17.8,55.0,0.0,0.0,0.0,3,20.9
2024-03-15 14:00:00,7970,19.7,16.7,54.0,0.0,0.0,0.0,3,20.8
2024-03-15 15:00:00,9168,19.9,16.7,49.0,0.0,0.0,0.0,3,21.4
2024-03-15 16:00:00,10000,18.7,14.6,45.0,0.0,0.0,0.0,3,22.1
2024-03-15 17:00:00,12364,17.2,12.8,45.0,0.0,0.0,0.0,3,21.7
2024-03-15 18:00:00,11433,15.8,12.2,50.0,0.0,0.0,0.0,3,17.1
2024-03-15 19:00:00,7904,14.0,10.2,53.0,0.0,0.0,0.0,3,16.9
2024-03-15 20:00:00,5235,11.7,8.7,68.0,0.0,0.0,0.0,3,13.7
2024-03-15 21:00:00,3941,9.3,6.4,74.0,0.0,0.0,0.0,2,11.3
2024-03-15 22:00:00,3285,8.7,5.9,78.0,0.0,0.0,0.0,3,10.5
2024-03-15 23:00:00,2936,7.4,4.8,84.0,0.0,0.0,0.0,2,9.1
2024-03-16 00:00:00,2115,6.9,3.9,86.0,0.0,0.0,0.0,1,11.4
2024-03-16 01:00:00,1425,6.0,3.1,89.0,0.0,0.0,0.0,1,10.4
2024-03-16 02:00:00,1027,5.6,2.8,89.0,0.0,0.0,0.0,3,8.8
2024-03-16 03:00:00,598,6.0,3.4,84.0,0.0,0.0,0.0,3,7.8
2024-03-16 04:00:00,459,6.6,4.1,79.0,0.0,0.0,0.0,1,6.3
2024-03-16 05:00:00,361,5.3,2.7,84.0,0.0,0.0,0.0,0,6.5
2024-03-16 06:00:00,734,4.3,1.2,83.0,0.0,0.0,0.0,1,8.5
2024-03-16 07:00:00,1488,4.0,0.7,81.0,0.0,0.0,0.0,1,9.2
2024-03-16 08:00:00,2828,4.7,1.5,80.0,0.0,0.0,0.0,0,9.5
2024-03-16 09:00:00,4501,7.1,4.2,73.0,0.0,0.0,0.0,0,8.2
2024-03-16 10:00:00,6006,9.1,6.4,67.0,0.0,0.0,0.0,0,7.2
2024-03-16 11:00:00,7502,10.5,8.2,59.0,0.0,0.0,0.0,1,5.4
2024-03-16 12:00:00,8719,11.6,8.5,51.0,0.0,0.0,0.0,3,11.5
2024-03-16 13:00:00,9418,12.0,8.0,47.0,0.0,0.0,0.0,3,13.5
2024-03-16 14:00:00,9614,13.1,8.5,41.0,0.0,0.0,0.0,2,17.1
2024-03-16 15:00:00,9884,13.4,9.2,38.0,0.0,0.0,0.0,0,13.8
2024-03-16 16:00:00,9166,12.4,8.6,60.0,0.0,0.0,0.0,0,18.5
2024-03-16 17:00:00,8413,11.7,8.0,66.0,0.0,0.0,0.0,2,17.7
2024-03-16 18:00:00,8013,10.8,8.6,73.0,0.0,0.0,0.0,2,8.4
2024-03-16 19:00:00,6090,9.2,7.2,80.0,0.0,0.0,0.0,0,7.1
2024-03-16 20:00:00,4343,8.4,5.8,68.0,0.0,0.0,0.0,0,6.5
2024-03-16 21:00:00,3491,9.3,5.0,49.0,0.0,0.0,0.0,0,13.9
2024-03-16 22:00:00,3281,8.3,4.2,52.0,0.0,0.0,0.0,0,12.4
2024-03-16 23:00:00,2787,7.4,2.8,58.0,0.0,0.0,0.0,0,16.1
2024-03-17 00:00:00,2052,7.0,2.8,64.0,0.0,0.0,0.0,2,14.7
2024-03-17 01:00:00,1392,6.5,2.3,72.0,0.0,0.0,0.0,3,16.2
2024-03-17 02:00:00,928,7.1,3.0,71.0,0.0,0.0,0.0,3,16.1
2024-03-17 03:00:00,676,7.5,3.8,70.0,0.1,0.1,0.0,51,12.9
2024-03-17 04:00:00,424,7.6,3.8,76.0,0.6,0.6,0.0,53,15.6
2024-03-17 05:00:00,471,8.3,4.3,78.0,0.0,0.0,0.0,3,18.7
2024-03-17 06:00:00,900,8.6,4.7,78.0,0.0,0.0,0.0,2,18.4
2024-03-17 07:00:00,1487,8.2,4.4,80.0,0.0,0.0,0.0,0,17.4
2024-03-17 08:00:00,2521,8.7,4.8,77.0,0.0,0.0,0.0,0,18.4
2024-03-17 09:00:00,4112,9.5,6.5,73.0,0.0,0.0,0.0,3,11.9
2024-03-17 10:00:00,5549,10.1,6.9,69.0,0.0,0.0,0.0,1,13.5
2024-03-17 11:00:00,6715,12.0,7.4,55.0,0.0,0.0,0.0,0,20.3
2024-03-17 12:00:00,7717,13.3,8.4,45.0,0.0,0.0,0.0,0,25.2
2024-03-17 13:00:00,8460,13.8,8.9,40.0,0.0,0.0,0.0,0,26.0
2024-03-17 14:00:00,8824,14.6,9.2,35.0,0.0,0.0,0.0,1,28.4
2024-03-17 15:00:00,8837,14.2,8.4,35.0,0.0,0.0,0.0,2,27.0
2024-03-17 16:00:00,8743,14.0,7.8,33.0,0.0,0.0,0.0,1,25.6
2024-03-17 17:00:00,7893,13.2,6.9,34.0,0.0,0.0,0.0,2,25.9
2024-03-17 18:00:00,7453,12.3,7.0,39.0,0.0,0.0,0.0,0,20.3
2024-03-17 19:00:00,5344,10.6,5.8,43.0,0.0,0.0,0.0,0,16.2
2024-03-17 20:00:00,3530,8.7,4.7,48.0,0.0,0.0,0.0,3,10.8
2024-03-17 21:00:00,2621,9.1,5.3,45.0,0.0,0.0,0.0,3,8.8
2024-03-17 22:00:00,2049,6.7,3.4,60.0,0.0,0.0,0.0,3,8.0
2024-03-17 23:00:00,1382,6.5,2.7,56.0,0.0,0.0,0.0,3,9.7
2024-03-18 00:00:00,812,7.0,2.5,49.0,0.0,0.0,0.0,3,13.7
2024-03-18 01:00:00,390,6.4,1.5,46.0,0.0,0.0,0.0,3,15.1
2024-03-18 02:00:00,248,6.0,1.3,48.0,0.0,0.0,0.0,3,13.8
2024-03-18 03:00:00,191,5.5,1.1,50.0,0.0,0.0,0.0,3,11.8
2024-03-18 04:00:00,274,5.1,0.7,52.0,0.0,0.0,0.0,3,11.9
2024-03-18 05:00:00,857,5.1,0.7,51.0,0.0,0.0,0.0,3,11.8
2024-03-18 06:00:00,2278,4.9,-0.1,48.0,0.0,0.0,0.0,3,15.0
2024-03-18 07:00:00,5053,3.9,-1.0,51.0,0.0,0.0,0.0,1,14.3
2024-03-18 08:00:00,7780,3.2,-1.1,62.0,0.0,0.0,0.0,0,11.7
2024-03-18 09:00:00,5292,5.2,0.9,57.0,0.0,0.0,0.0,2,12.6
2024-03-18 10:00:00,3701,6.2,1.1,45.0,0.0,0.0,0.0,2,16.1
2024-03-18 11:00:00,3480,7.1,1.6,40.0,0.0,0.0,0.0,2,19.0
2024-03-18 12:00:00,4087,7.5,1.9,38.0,0.0,0.0,0.0,3,19.3
2024-03-18 13:00:00,4341,7.5,1.8,38.0,0.0,0.0,0.0,3,18.9
2024-03-18 14:00:00,5158,7.8,2.2,37.0,0.0,0.0,0.0,3,18.3
2024-03-18 15:00:00,5937,8.1,2.4,35.0,0.0,0.0,0.0,3,18.4
2024-03-18 16:00:00,7019,8.1,2.3,33.0,0.0,0.0,0.0,3,19.3
2024-03-18 17:00:00,9477,7.7,1.8,34.0,0.0,0.0,0.0,3,20.0
2024-03-18 18:00:00,8802,7.0,1.0,34.0,0.0,0.0,0.0,3,20.0
2024-03-18 19:00:00,5678,5.9,0.3,38.0,0.0,0.0,0.0,3,18.1
2024-03-18 20:00:00,3781,5.0,-0.6,39.0,0.0,0.0,0.0,2,17.6
2024-03-18 21:00:00,2704,3.1,-2.6,41.0,0.0,0.0,0.0,0,17.8
2024-03-18 22:00:00,1874,2.3,-3.2,44.0,0.0,0.0,0.0,0,16.2
2024-03-18 23:00:00,1076,1.7,-3.8,48.0,0.0,0.0,0.0,1,16.4
2024-03-19 00:00:00,561,1.3,-4.3,50.0,0.0,0.0,0.0,0,17.4
2024-03-19 01:00:00,297,0.9,-4.6,54.0,0.0,0.0,0.0,0,16.6
2024-03-19 02:00:00,180,0.4,-4.9,58.0,0.0,0.0,0.0,0,15.3
2024-03-19 03:00:00,122,0.0,-5.2,60.0,0.0,0.0,0.0,0,15.5
2024-03-19 04:00:00,236,-0.1,-5.4,62.0,0.0,0.0,0.0,0,16.0
2024-03-19 05:00:00,900,-0.1,-5.4,62.0,0.0,0.0,0.0,0,16.5
2024-03-19 06:00:00,2407,-0.2,-5.4,64.0,0.0,0.0,0.0,0,15.8
2024-03-19 07:00:00,5213,-0.3,-5.4,64.0,0.0,0.0,0.0,1,15.2
2024-03-19 08:00:00,8069,0.4,-5.0,58.0,0.0,0.0,0.0,2,16.9
2024-03-19 09:00:00,5473,1.4,-5.1,49.0,0.0,0.0,0.0,2,23.6
2024-03-19 10:00:00,3471,2.4,-4.7,44.0,0.0,0.0,0.0,1,26.7
2024-03-19 11:00:00,3304,3.9,-3.1,38.0,0.0,0.0,0.0,2,27.0
2024-03-19 12:00:00,3849,5.1,-1.2,35.0,0.0,0.0,0.0,2,26.3
2024-03-19 13:00:00,4089,5.6,-0.8,35.0,0.0,0.0,0.0,3,26.0
2024-03-19 14:00:00,4943,5.9,-0.8,35.0,0.0,0.0,0.0,3,24.4
2024-03-19 15:00:00,5651,6.5,0.1,35.0,0.0,0.0,0.0,2,24.9
2024-03-19 16:00:00,6696,5.9,-0.7,36.0,0.0,0.0,0.0,3,24.2
2024-03-19 17:00:00,9639,5.5,-1.2,37.0,0.0,0.0,0.0,3,24.3
2024-03-19 18:00:00,8819,5.5,-1.1,36.0,0.0,0.0,0.0,3,23.6
2024-03-19 19:00:00,5954,4.9,-0.7,42.0,0.0,0.0,0.0,3,17.7
2024-03-19 20:00:00,3914,4.1,-0.6,50.0,0.1,0.1,0.0,51,13.1
2024-03-19 21:00:00,2754,3.4,-2.0,55.0,0.1,0.1,0.0,51,17.7
2024-03-19 22:00:00,2266,2.0,-1.5,75.0,0.3,0.2,0.07,71,7.3
2024-03-19 23:00:00,1359,1.9,-1.2,80.0,0.0,0.0,0.0,3,5.4
2024-03-20 00:00:00,713,0.8,-2.4,86.0,0.0,0.0,0.0,1,6.5
2024-03-20 01:00:00,336,0.6,-2.8,86.0,0.0,0.0,0.0,2,7.2
2024-03-20 02:00:00,218,1.6,-2.1,78.0,0.0,0.0,0.0,3,9.0
2024-03-20 03:00:00,156,2.3,-1.9,70.0,0.0,0.0,0.0,3,11.7
2024-03-20 04:00:00,221,1.4,-3.1,70.0,0.0,0.0,0.0,1,12.5
2024-03-20 05:00:00,921,1.4,-3.4,69.0,0.0,0.0,0.0,2,14.8
2024-03-20 06:00:00,2491,2.0,-2.9,67.0,0.0,0.0,0.0,0,15.3
2024-03-20 07:00:00,5499,1.6,-3.4,67.0,0.0,0.0,0.0,0,16.4
2024-03-20 08:00:00,8889,2.3,-2.8,65.0,0.0,0.0,0.0,0,17.1
2024-03-20 09:00:00,6164,5.1,1.0,61.0,0.0,0.0,0.0,3,11.2
2024-03-20 10:00:00,3841,6.5,3.0,56.0,0.0,0.0,0.0,3,8.0
2024-03-20 11:00:00,3888,7.6,4.3,54.0,0.0,0.0,0.0,3,7.3
2024-03-20 12:00:00,4281,8.9,5.5,51.0,0.0,0.0,0.0,3,8.3
2024-03-20 13:00:00,4615,10.0,6.2,50.0,0.0,0.0,0.0,3,12.9
2024-03-20 14:00:00,5413,8.6,5.7,63.0,0.6,0.6,0.0,53,7.4
2024-03-20 15:00:00,6292,10.3,7.8,56.0,0.0,0.0,0.0,3,4.7
2024-03-20 16:00:00,6552,9.5,6.7,60.0,0.1,0.1,0.0,51,6.9
2024-03-20 17:00:00,6300,9.4,6.4,64.0,0.0,0.0,0.0,3,9.2
2024-03-20 18:00:00,7477,8.7,4.5,65.0,0.0,0.0,0.0,3,17.0
2024-03-20 19:00:00,5413,6.6,0.3,63.0,0.6,0.6,0.0,53,28.0
2024-03-20 20:00:00,3763,5.2,-1.4,55.0,0.0,0.0,0.0,1,27.7
2024-03-20 21:00:00,2764,3.2,-4.0,45.0,0.0,0.0,0.0,0,28.8
2024-03-20 22:00:00,2025,2.1,-5.3,36.0,0.0,0.0,0.0,0,27.5
2024-03-20 23:00:00,1259,0.4,-6.3,36.0,0.0,0.0,0.0,0,22.0
2024-03-21 00:00:00,582,-0.5,-6.9,39.0,0.0,0.0,0.0,0,20.1
2024-03-21 01:00:00,334,-1.3,-7.5,41.0,0.0,0.0,0.0,0,18.7
2024-03-21 02:00:00,210,-2.0,-8.1,43.0,0.0,0.0,0.0,0,17.9
2024-03-21 03:00:00,147,-2.9,-8.7,47.0,0.0,0.0,0.0,0,16.0
2024-03-21 04:00:00,199,-3.3,-9.0,49.0,0.0,0.0,0.0,0,15.5
2024-03-21 05:00:00,710,-3.7,-9.5,51.0,0.0,0.0,0.0,0,15.9
2024-03-21 06:00:00,2045,-4.1,-9.8,52.0,0.0,0.0,0.0,0,15.9
2024-03-21 07:00:00,4591,-4.3,-10.1,54.0,0.0,0.0,0.0,0,16.5
2024-03-21 08:00:00,7208,-3.5,-9.7,51.0,0.0,0.0,0.0,0,19.5
2024-03-21 09:00:00,5109,-1.3,-8.4,44.0,0.0,0.0,0.0,1,25.4
2024-03-21 10:00:00,3267,-0.4,-7.4,44.0,0.0,0.0,0.0,3,25.4
2024-03-21 11:00:00,3314,0.4,-6.6,41.0,0.0,0.0,0.0,3,25.1
2024-03-21 12:00:00,3770,1.4,-5.8,38.0,0.0,0.0,0.0,2,26.8
2024-03-21 13:00:00,3799,2.6,-4.0,35.0,0.0,0.0,0.0,2,27.2
2024-03-21 14:00:00,4492,4.0,-2.5,28.0,0.0,0.0,0.0,1,28.7
2024-03-21 15:00:00,5144,4.2,-2.3,27.0,0.0,0.0,0.0,0,25.4
2024-03-21 16:00:00,6201,4.5,-2.1,26.0,0.0,0.0,0.0,0,24.3
2024-03-21 17:00:00,8198,4.3,-2.7,26.0,0.0,0.0,0.0,1,24.0
2024-03-21 18:00:00,7904,3.4,-3.4,27.0,0.0,0.0,0.0,0,22.5
2024-03-21 19:00:00,5455,1.8,-4.2,32.0,0.0,0.0,0.0,0,17.2
2024-03-21 20:00:00,3626,0.6,-5.3,35.0,0.0,0.0,0.0,0,16.1
2024-03-21 21:00:00,2637,-0.5,-5.6,41.0,0.0,0.0,0.0,0,11.3
2024-03-21 22:00:00,2122,-1.4,-6.3,46.0,0.0,0.0,0.0,0,10.1
2024-03-21 23:00:00,1392,-2.1,-6.8,49.0,0.0,0.0,0.0,0,9.6
2024-03-22 00:00:00,764,-2.4,-7.6,49.0,0.0,0.0,0.0,0,12.4
2024-03-22 01:00:00,414,-2.7,-8.3,48.0,0.0,0.0,0.0,0,14.9
2024-03-22 02:00:00,307,-3.3,-8.8,50.0,0.0,0.0,0.0,0,14.3
2024-03-22 03:00:00,219,-3.9,-9.1,53.0,0.0,0.0,0.0,0,12.7
2024-03-22 04:00:00,268,-4.3,-9.4,55.0,0.0,0.0,0.0,0,11.5
2024-03-22 05:00:00,629,-4.6,-9.5,56.0,0.0,0.0,0.0,0,10.0
2024-03-22 06:00:00,1807,-5.3,-9.5,62.0,0.0,0.0,0.0,0,5.6
2024-03-22 07:00:00,3883,-5.2,-9.4,66.0,0.0,0.0,0.0,0,5.8
2024-03-22 08:00:00,5674,-3.7,-8.0,62.0,0.0,0.0,0.0,0,7.3
2024-03-22 09:00:00,4490,-1.6,-6.2,48.0,0.0,0.0,0.0,0,8.4
2024-03-22 10:00:00,3537,-0.3,-4.3,46.0,0.0,0.0,0.0,1,4.3
2024-03-22 11:00:00,3971,1.0,-2.1,46.0,0.0,0.0,0.0,0,2.3
2024-03-22 12:00:00,4824,2.4,0.2,44.0,0.0,0.0,0.0,3,2.0
2024-03-22 13:00:00,4964,3.5,0.3,44.0,0.0,0.0,0.0,0,5.2
2024-03-22 14:00:00,5708,4.7,1.9,44.0,0.0,0.0,0.0,0,8.8
2024-03-22 15:00:00,6140,5.1,1.5,44.0,0.0,0.0,0.0,0,11.7
2024-03-22 16:00:00,6563,4.8,-0.3,40.0,0.0,0.0,0.0,1,15.9
2024-03-22 17:00:00,7498,4.1,-1.6,45.0,0.0,0.0,0.0,3,18.2
2024-03-22 18:00:00,6858,2.8,-2.7,53.0,0.0,0.0,0.0,2,17.6
2024-03-22 19:00:00,5098,2.5,-2.5,61.0,0.0,0.0,0.0,2,16.1
2024-03-22 20:00:00,3475,2.6,-1.9,68.0,0.0,0.0,0.0,3,13.4
2024-03-22 21:00:00,2632,2.4,-1.5,67.0,0.0,0.0,0.0,3,9.4
2024-03-22 22:00:00,2339,2.6,-1.3,68.0,0.0,0.0,0.0,3,9.4
2024-03-22 23:00:00,2011,2.8,-1.0,69.0,0.0,0.0,0.0,3,9.2
2024-03-23 00:00:00,1596,2.7,-0.9,72.0,0.0,0.0,0.0,3,8.7
2024-03-23 01:00:00,1009,2.6,-1.4,73.0,0.0,0.0,0.0,3,11.2
2024-03-23 02:00:00,480,2.2,-1.8,75.0,0.6,0.6,0.0,53,11.5
2024-03-23 03:00:00,324,2.6,-1.5,81.0,1.4,1.4,0.0,61,13.0
2024-03-23 04:00:00,162,2.8,-1.0,88.0,0.8,0.8,0.0,53,12.1
2024-03-23 05:00:00,112,3.1,-0.3,91.0,1.4,1.4,0.0,61,10.6
2024-03-23 06:00:00,150,3.8,0.4,94.0,2.6,2.6,0.0,63,12.0
2024-03-23 07:00:00,280,4.6,1.5,96.0,2.1,2.1,0.0,61,11.0
2024-03-23 08:00:00,489,5.8,2.6,97.0,3.4,3.4,0.0,63,14.1
2024-03-23 09:00:00,547,5.0,2.5,97.0,3.8,3.8,0.0,63,8.1
2024-03-23 10:00:00,745,6.4,4.3,94.0,5.0,5.0,0.0,63,7.1
2024-03-23 11:00:00,760,7.7,5.4,95.0,5.4,5.4,0.0,63,10.5
2024-03-23 12:00:00,683,8.4,6.5,96.0,3.6,3.6,0.0,63,9.3
2024-03-23 13:00:00,526,8.5,5.8,96.0,4.4,4.4,0.0,63,15.1
2024-03-23 14:00:00,416,8.3,5.7,96.0,8.1,8.1,0.0,65,13.1
2024-03-23 15:00:00,442,7.9,4.0,97.0,12.2,12.2,0.0,65,22.1
2024-03-23 16:00:00,500,6.9,1.8,96.0,8.7,8.7,0.0,65,28.5
2024-03-23 17:00:00,1497,5.3,-0.7,94.0,1.7,1.7,0.0,61,32.0
2024-03-23 18:00:00,2508,5.0,-1.3,89.0,0.4,0.4,0.0,51,32.6
2024-03-23 19:00:00,2701,4.3,-1.4,89.0,0.0,0.0,0.0,3,27.6
2024-03-23 20:00:00,2365,4.0,-1.4,88.0,0.0,0.0,0.0,3,24.5
2024-03-23 21:00:00,1965,2.7,-3.1,84.0,0.0,0.0,0.0,2,25.3
2024-03-23 22:00:00,1667,1.4,-5.5,77.0,0.0,0.0,0.0,3,30.6
2024-03-23 23:00:00,1487,0.5,-6.8,68.0,0.0,0.0,0.0,3,31.6
2024-03-24 00:00:00,1051,-0.3,-8.0,62.0,0.0,0.0,0.0,0,32.3
2024-03-24 01:00:00,815,-1.0,-8.4,57.0,0.0,0.0,0.0,0,29.1
2024-03-24 02:00:00,487,-1.4,-8.3,52.0,0.0,0.0,0.0,0,25.3
2024-03-24 03:00:00,368,-1.8,-8.4,48.0,0.0,0.0,0.0,0,22.4
2024-03-24 04:00:00,265,-2.0,-8.2,45.0,0.0,0.0,0.0,0,19.1
2024-03-24 05:00:00,203,-2.4,-8.4,44.0,0.0,0.0,0.0,0,17.0
2024-03-24 06:00:00,434,-2.7,-8.4,44.0,0.0,0.0,0.0,0,15.5
2024-03-24 07:00:00,950,-3.1,-9.0,46.0,0.0,0.0,0.0,0,17.0
2024-03-24 08:00:00,1586,-2.3,-7.7,50.0,0.0,0.0,0.0,0,14.1
2024-03-24 09:00:00,2573,-0.1,-5.8,45.0,0.0,0.0,0.0,0,16.9
2024-03-24 10:00:00,3683,1.3,-4.7,43.0,0.0,0.0,0.0,0,18.6
2024-03-24 11:00:00,4582,2.5,-3.9,37.0,0.0,0.0,0.0,0,23.8
2024-03-24 12:00:00,5437,3.9,-1.4,37.0,0.0,0.0,0.0,0,21.0
2024-03-24 13:00:00,5962,5.0,0.2,35.0,0.0,0.0,0.0,0,20.6
2024-03-24 14:00:00,6086,6.3,1.8,36.0,0.0,0.0,0.0,0,18.7
2024-03-24 15:00:00,6337,7.3,2.6,31.0,0.0,0.0,0.0,0,18.0
2024-03-24 16:00:00,6429,7.4,2.3,32.0,0.0,0.0,0.0,0,17.0
2024-03-24 17:00:00,6192,7.6,2.2,32.0,0.0,0.0,0.0,0,15.8
2024-03-24 18:00:00,5641,6.7,1.0,30.0,0.0,0.0,0.0,0,16.6
2024-03-24 19:00:00,4175,4.9,-0.1,34.0,0.0,0.0,0.0,0,12.1
2024-03-24 20:00:00,2963,3.3,-1.9,37.0,0.0,0.0,0.0,0,13.3
2024-03-24 21:00:00,2082,2.2,-3.6,40.0,0.0,0.0,0.0,0,17.7
2024-03-24 22:00:00,1554,1.1,-4.8,41.0,0.0,0.0,0.0,0,17.7
2024-03-24 23:00:00,1045,0.3,-5.1,46.0,0.0,0.0,0.0,0,14.7
2024-03-25 00:00:00,587,-0.4,-5.7,51.0,0.0,0.0,0.0,0,14.2
2024-03-25 01:00:00,320,-1.0,-6.1,54.0,0.0,0.0,0.0,0,13.2
2024-03-25 02:00:00,210,-1.4,-6.4,58.0,0.0,0.0,0.0,0,12.2
2024-03-25 03:00:00,172,-1.7,-6.8,59.0,0.0,0.0,0.0,0,13.0
2024-03-25 04:00:00,223,-1.9,-7.1,59.0,0.0,0.0,0.0,0,13.4
2024-03-25 05:00:00,806,-2.1,-7.4,59.0,0.0,0.0,0.0,0,14.6
2024-03-25 06:00:00,2097,-2.1,-7.5,58.0,0.0,0.0,0.0,0,14.8
2024-03-25 07:00:00,4433,-2.0,-7.4,57.0,0.0,0.0,0.0,0,15.0
2024-03-25 08:00:00,6914,-0.6,-5.8,58.0,0.0,0.0,0.0,0,14.8
2024-03-25 09:00:00,4955,1.6,-3.7,53.0,0.0,0.0,0.0,0,15.9
2024-03-25 10:00:00,3333,3.5,-2.3,46.0,0.0,0.0,0.0,0,18.9
2024-03-25 11:00:00,3276,5.0,-0.2,45.0,0.0,0.0,0.0,0,19.0
2024-03-25 12:00:00,3798,6.6,1.9,41.0,0.0,0.0,0.0,0,19.0
2024-03-25 13:00:00,4233,7.9,3.9,39.0,0.0,0.0,0.0,0,17.3
2024-03-25 14:00:00,5163,8.9,5.4,38.0,0.0,0.0,0.0,0,15.0
2024-03-25 15:00:00,6156,9.6,6.1,41.0,0.0,0.0,0.0,0,13.9
2024-03-25 16:00:00,7245,9.5,5.6,43.0,0.0,0.0,0.0,0,13.4
2024-03-25 17:00:00,10001,9.4,5.4,45.0,0.0,0.0,0.0,0,10.9
2024-03-25 18:00:00,9340,8.6,4.4,48.0,0.0,0.0,0.0,0,12.3
2024-03-25 19:00:00,6717,6.4,2.5,56.0,0.0,0.0,0.0,0,10.2
2024-03-25 20:00:00,4408,4.8,0.5,57.0,0.0,0.0,0.0,0,12.4
2024-03-25 21:00:00,3012,4.5,0.5,58.0,0.0,0.0,0.0,0,10.1
2024-03-25 22:00:00,2192,3.8,-0.6,60.0,0.0,0.0,0.0,0,12.8
2024-03-25 23:00:00,1295,3.5,-1.3,60.0,0.0,0.0,0.0,0,15.0
2024-03-26 00:00:00,650,2.5,-2.7,56.0,0.0,0.0,0.0,0,16.3
2024-03-26 01:00:00,299,1.4,-4.0,55.0,0.0,0.0,0.0,0,16.5
2024-03-26 02:00:00,183,0.7,-4.4,55.0,0.0,0.0,0.0,0,14.5
2024-03-26 03:00:00,120,0.1,-4.6,58.0,0.0,0.0,0.0,0,11.2
2024-03-26 04:00:00,223,-0.3,-5.3,61.0,0.0,0.0,0.0,0,13.5
2024-03-26 05:00:00,881,-0.5,-5.6,60.0,0.0,0.0,0.0,0,14.4
2024-03-26 06:00:00,2464,-0.6,-5.9,59.0,0.0,0.0,0.0,2,15.3
2024-03-26 07:00:00,5421,-0.4,-5.8,59.0,0.0,0.0,0.0,2,15.6
2024-03-26 08:00:00,8733,1.2,-3.8,59.0,0.0,0.0,0.0,3,14.5
2024-03-26 09:00:00,6232,4.0,-0.7,52.0,0.0,0.0,0.0,3,13.2
2024-03-26 10:00:00,4092,6.0,1.3,54.0,0.0,0.0,0.0,3,15.5
2024-03-26 11:00:00,3855,8.0,3.7,55.0,0.0,0.0,0.0,3,16.9
2024-03-26 12:00:00,4249,8.6,4.7,57.0,0.0,0.0,0.0,3,12.2
2024-03-26 13:00:00,4642,9.0,5.3,57.0,0.0,0.0,0.0,3,11.8
2024-03-26 14:00:00,5349,9.2,6.2,59.0,0.0,0.0,0.0,3,8.0
2024-03-26 15:00:00,6073,8.7,5.5,61.0,0.0,0.0,0.0,3,8.7
2024-03-26 16:00:00,7635,8.3,4.9,64.0,0.0,0.0,0.0,3,10.7
2024-03-26 17:00:00,11109,8.7,5.4,64.0,0.0,0.0,0.0,3,10.5
2024-03-26 18:00:00,10483,8.8,5.5,64.0,0.0,0.0,0.0,3,10.9
2024-03-26 19:00:00,6938,8.3,5.8,68.0,0.0,0.0,0.0,3,5.5
2024-03-26 20:00:00,4696,7.7,3.9,69.0,0.0,0.0,0.0,3,13.6
2024-03-26 21:00:00,3424,5.5,2.5,76.0,0.0,0.0,0.0,3,8.0
2024-03-26 22:00:00,2649,5.4,2.8,79.0,0.0,0.0,0.0,3,5.8
2024-03-26 23:00:00,1622,5.4,3.2,81.0,0.0,0.0,0.0,3,2.8
2024-03-27 00:00:00,833,5.2,1.9,82.0,0.0,0.0,0.0,3,10.8
2024-03-27 01:00:00,416,4.6,0.8,76.0,0.0,0.0,0.0,3,12.8
2024-03-27 02:00:00,263,4.2,1.3,79.0,0.0,0.0,0.0,3,6.1
2024-03-27 03:00:00,165,4.0,1.1,81.0,0.0,0.0,0.0,3,6.4
2024-03-27 04:00:00,265,3.9,1.1,82.0,0.0,0.0,0.0,3,5.6
2024-03-27 05:00:00,911,4.0,1.3,81.0,0.0,0.0,0.0,3,4.8
2024-03-27 06:00:00,2489,4.2,1.6,80.0,0.0,0.0,0.0,3,4.3
2024-03-27 07:00:00,5599,4.3,1.7,80.0,0.0,0.0,0.0,3,4.7
2024-03-27 08:00:00,8894,4.8,2.3,79.0,0.0,0.0,0.0,3,4.2
2024-03-27 09:00:00,6408,5.2,2.7,76.0,0.0,0.0,0.0,3,3.8
2024-03-27 10:00:00,4199,5.7,3.1,76.0,0.0,0.0,0.0,3,5.0
2024-03-27 11:00:00,4095,6.4,4.1,75.0,0.0,0.0,0.0,3,3.6
2024-03-27 12:00:00,4625,7.6,5.9,73.0,0.0,0.0,0.0,3,1.0
2024-03-27 13:00:00,4971,7.9,6.2,73.0,0.0,0.0,0.0,3,1.1
2024-03-27 14:00:00,5560,8.7,6.6,72.0,0.0,0.0,0.0,3,4.1
2024-03-27 15:00:00,6371,8.9,6.6,73.0,0.0,0.0,0.0,3,6.8
2024-03-27 16:00:00,7058,9.3,7.3,74.0,0.0,0.0,0.0,3,4.7
2024-03-27 17:00:00,8021,9.6,7.7,74.0,0.0,0.0,0.0,3,5.2
2024-03-27 18:00:00,5325,9.4,7.5,76.0,0.0,0.0,0.0,3,5.1
2024-03-27 19:00:00,5182,9.0,7.8,85.0,0.0,0.0,0.0,3,2.7
2024-03-27 20:00:00,3931,8.6,7.3,85.0,0.0,0.0,0.0,3,2.5
2024-03-27 21:00:00,3321,6.2,4.5,97.0,0.0,0.0,0.0,3,3.8
2024-03-27 22:00:00,2745,7.2,5.4,96.0,0.0,0.0,0.0,3,5.8
2024-03-27 23:00:00,1530,7.2,5.4,95.0,0.0,0.0,0.0,3,5.9
2024-03-28 00:00:00,696,7.1,5.8,97.0,0.3,0.3,0.0,51,2.5
2024-03-28 01:00:00,240,6.9,5.4,98.0,1.8,1.8,0.0,61,4.3
2024-03-28 02:00:00,67,6.8,5.6,98.0,1.7,1.7,0.0,61,2.3
2024-03-28 03:00:00,112,6.8,5.4,98.0,1.0,1.0,0.0,55,3.4
2024-03-28 04:00:00,135,6.7,4.9,98.0,1.1,1.1,0.0,55,6.6
2024-03-28 05:00:00,470,6.7,4.4,97.0,2.5,2.5,0.0,63,9.2
2024-03-28 06:00:00,1259,6.6,5.0,97.0,3.1,3.1,0.0,63,4.4
2024-03-28 07:00:00,3180,6.3,5.0,98.0,1.6,1.6,0.0,61,2.1
2024-03-28 08:00:00,6126,6.6,4.4,97.0,0.5,0.5,0.0,53,8.6
2024-03-28 09:00:00,3453,8.1,6.9,96.0,0.3,0.3,0.0,51,3.8
2024-03-28 10:00:00,2827,8.3,6.6,95.0,0.8,0.8,0.0,53,7.3
2024-03-28 11:00:00,2021,8.9,6.1,92.0,0.5,0.5,0.0,53,14.4
2024-03-28 12:00:00,1433,8.8,6.2,91.0,0.4,0.4,0.0,51,13.4
2024-03-28 13:00:00,1444,8.6,5.8,91.0,0.6,0.6,0.0,53,14.1
2024-03-28 14:00:00,2747,8.6,5.3,90.0,0.8,0.8,0.0,53,17.7
2024-03-28 15:00:00,3260,9.7,6.3,81.0,0.5,0.5,0.0,53,17.3
2024-03-28 16:00:00,2708,9.1,6.7,91.0,0.3,0.3,0.0,51,12.3
2024-03-28 17:00:00,5357,8.8,6.2,92.0,0.5,0.5,0.0,53,13.3
2024-03-28 18:00:00,5516,8.5,5.9,91.0,0.4,0.4,0.0,51,12.4
2024-03-28 19:00:00,2856,7.9,5.1,91.0,0.5,0.5,0.0,53,13.5
2024-03-28 20:00:00,2924,7.4,4.5,91.0,0.5,0.5,0.0,53,12.8
2024-03-28 21:00:00,1857,6.3,3.2,94.0,0.7,0.7,0.0,53,13.1
2024-03-28 22:00:00,2028,6.3,3.0,93.0,0.4,0.4,0.0,51,14.4
2024-03-28 23:00:00,1795,5.7,1.6,92.0,0.3,0.3,0.0,51,18.9
2024-03-29 00:00:00,1171,4.8,0.0,84.0,0.3,0.3,0.0,51,20.9
2024-03-29 01:00:00,706,4.1,-1.4,71.0,0.1,0.1,0.0,51,22.7
2024-03-29 02:00:00,429,4.2,-1.4,56.0,0.0,0.0,0.0,3,20.3
2024-03-29 03:00:00,274,4.8,-1.6,44.0,0.0,0.0,0.0,3,23.4
2024-03-29 04:00:00,305,4.9,-1.5,37.0,0.0,0.0,0.0,3,22.3
2024-03-29 05:00:00,702,4.5,-2.1,34.0,0.0,0.0,0.0,3,22.7
2024-03-29 06:00:00,1528,3.8,-2.8,37.0,0.0,0.0,0.0,3,23.2
2024-03-29 07:00:00,2858,3.3,-3.1,42.0,0.0,0.0,0.0,3,22.7
2024-03-29 08:00:00,4637,3.6,-2.5,48.0,0.0,0.0,0.0,3,21.4
2024-03-29 09:00:00,5163,5.8,-0.3,48.0,0.0,0.0,0.0,2,23.0
2024-03-29 10:00:00,4803,7.4,1.1,43.0,0.0,0.0,0.0,1,24.4
2024-03-29 11:00:00,5408,8.9,2.8,38.0,0.0,0.0,0.0,0,26.3
2024-03-29 12:00:00,6301,9.8,4.0,36.0,0.0,0.0,0.0,0,27.8
2024-03-29 13:00:00,6965,10.4,5.0,36.0,0.0,0.0,0.0,0,27.7
2024-03-29 14:00:00,7393,11.2,5.7,33.0,0.0,0.0,0.0,0,27.6
2024-03-29 15:00:00,7635,11.8,5.1,31.0,0.0,0.0,0.0,2,31.8
2024-03-29 16:00:00,8020,10.9,3.5,34.0,0.0,0.0,0.0,2,32.2
2024-03-29 17:00:00,8681,10.0,2.7,36.0,0.0,0.0,0.0,1,31.4
2024-03-29 18:00:00,7703,8.7,1.5,39.0,0.0,0.0,0.0,0,31.1
2024-03-29 19:00:00,5653,7.1,0.6,43.0,0.0,0.0,0.0,0,25.5
2024-03-29 20:00:00,3727,5.7,-0.5,45.0,0.0,0.0,0.0,0,23.7
2024-03-29 21:00:00,2761,4.6,-1.6,46.0,0.0,0.0,0.0,0,22.8
2024-03-29 22:00:00,2332,3.7,-1.9,50.0,0.0,0.0,0.0,0,18.9
2024-03-29 23:00:00,1941,3.2,-2.0,53.0,0.0,0.0,0.0,0,16.3
2024-03-30 00:00:00,1486,2.8,-2.1,56.0,0.0,0.0,0.0,0,14.2
2024-03-30 01:00:00,982,2.4,-2.3,58.0,0.0,0.0,0.0,1,12.9
2024-03-30 02:00:00,657,2.3,-3.0,59.0,0.0,0.0,0.0,2,17.4
2024-03-30 03:00:00,499,2.5,-2.4,58.0,0.0,0.0,0.0,3,14.7
2024-03-30 04:00:00,369,2.6,-2.2,59.0,0.0,0.0,0.0,3,14.1
2024-03-30 05:00:00,307,2.6,-2.4,60.0,0.0,0.0,0.0,2,15.6
2024-03-30 06:00:00,629,2.5,-2.7,60.0,0.0,0.0,0.0,0,17.2
2024-03-30 07:00:00,1317,1.8,-3.7,63.0,0.0,0.0,0.0,0,18.7
2024-03-30 08:00:00,2345,2.5,-3.4,58.0,0.0,0.0,0.0,0,21.5
2024-03-30 09:00:00,3688,4.7,-1.6,50.0,0.0,0.0,0.0,0,24.1
2024-03-30 10:00:00,5131,5.8,-0.1,48.0,0.0,0.0,0.0,3,22.1
2024-03-30 11:00:00,6424,7.4,2.2,46.0,0.0,0.0,0.0,2,21.6
2024-03-30 12:00:00,7404,9.2,4.7,43.0,0.0,0.0,0.0,3,21.3
2024-03-30 13:00:00,8057,10.9,6.6,40.0,0.0,0.0,0.0,3,22.2
2024-03-30 14:00:00,8529,12.3,8.1,38.0,0.0,0.0,0.0,3,21.8
2024-03-30 15:00:00,8766,13.2,8.2,36.0,0.0,0.0,0.0,3,22.7
2024-03-30 16:00:00,8583,13.6,7.8,34.0,0.0,0.0,0.0,3,23.4
2024-03-30 17:00:00,7941,13.0,7.6,39.0,0.0,0.0,0.0,3,22.0
2024-03-30 18:00:00,7105,12.1,7.2,44.0,0.0,0.0,0.0,3,18.6
2024-03-30 19:00:00,5390,11.3,6.7,45.0,0.0,0.0,0.0,3,16.2
2024-03-30 20:00:00,2782,10.7,6.5,50.0,0.0,0.0,0.0,3,14.4
2024-03-30 21:00:00,2135,10.3,5.6,57.0,0.0,0.0,0.0,3,19.5
2024-03-30 22:00:00,2323,9.2,5.7,66.0,0.0,0.0,0.0,3,12.6
2024-03-30 23:00:00,2168,8.7,5.1,72.0,0.0,0.0,0.0,3,14.8
2024-03-31 00:00:00,1294,8.2,4.9,78.0,0.0,0.0,0.0,3,13.8
2024-03-31 01:00:00,925,8.0,4.9,81.0,0.0,0.0,0.0,3,12.6
2024-03-31 02:00:00,705,7.8,4.8,83.0,0.2,0.2,0.0,51,12.6
2024-03-31 03:00:00,523,7.6,4.7,82.0,0.0,0.0,0.0,1,11.1
2024-03-31 04:00:00,474,6.1,2.9,86.0,0.0,0.0,0.0,0,11.7
2024-03-31 05:00:00,351,5.0,1.5,82.0,0.0,0.0,0.0,1,11.7
2024-03-31 06:00:00,596,4.1,0.4,78.0,0.0,0.0,0.0,1,11.3
2024-03-31 07:00:00,1131,3.7,-0.3,72.0,0.0,0.0,0.0,1,12.2
2024-03-31 08:00:00,2059,5.0,0.9,68.0,0.0,0.0,0.0,1,12.8
2024-03-31 09:00:00,3485,8.5,4.5,55.0,0.0,0.0,0.0,2,12.8
2024-03-31 10:00:00,4805,10.4,6.3,47.0,0.0,0.0,0.0,3,12.7
2024-03-31 11:00:00,6168,11.1,7.0,48.0,0.0,0.0,0.0,3,14.3
2024-03-31 12:00:00,6924,12.3,8.6,48.0,0.0,0.0,0.0,2,18.8
2024-03-31 13:00:00,7187,14.1,10.2,39.0,0.0,0.0,0.0,3,19.3
2024-03-31 14:00:00,7922,14.0,9.4,40.0,0.0,0.0,0.0,0,17.7
2024-03-31 15:00:00,8241,14.7,11.2,40.0,0.0,0.0,0.0,0,18.6
2024-03-31 16:00:00,7862,14.9,10.5,39.0,0.0,0.0,0.0,3,19.9
2024-03-31 17:00:00,7680,14.6,9.8,40.0,0.0,0.0,0.0,3,19.3
2024-03-31 18:00:00,6679,13.9,9.9,44.0,0.0,0.0,0.0,3,14.6
2024-03-31 19:00:00,5236,11.6,8.7,53.0,0.0,0.0,0.0,3,7.6
2024-03-31 20:00:00,3697,9.7,6.7,61.0,0.0,0.0,0.0,3,9.2
2024-03-31 21:00:00,2879,9.2,5.3,59.0,0.0,0.0,0.0,3,13.4
2024-03-31 22:00:00,2381,7.9,4.4,64.0,0.0,0.0,0.0,3,11.4
2024-03-31 23:00:00,1612,6.8,3.7,69.0,0.0,0.0,0.0,3,8.4
2024-04-01 00:00:00,920,6.1,3.0,72.0,0.0,0.0,0.0,3,7.9
2024-04-01 01:00:00,531,5.2,2.3,75.0,0.0,0.0,0.0,3,6.3
2024-04-01 02:00:00,316,5.3,2.2,72.0,0.0,0.0,0.0,3,7.3
2024-04-01 03:00:00,213,4.9,1.7,71.0,0.0,0.0,0.0,3,7.9
2024-04-01 04:00:00,280,5.0,1.4,71.0,0.0,0.0,0.0,3,10.3
2024-04-01 05:00:00,855,5.1,1.7,71.0,0.0,0.0,0.0,3,8.8
2024-04-01 06:00:00,2205,5.2,1.8,69.0,0.0,0.0,0.0,3,8.5
2024-04-01 07:00:00,4233,4.9,1.6,71.0,0.0,0.0,0.0,3,8.1
2024-04-01 08:00:00,6418,5.5,2.3,70.0,0.0,0.0,0.0,3,7.7
2024-04-01 09:00:00,3679,7.3,4.5,67.0,0.1,0.1,0.0,51,5.8
2024-04-01 10:00:00,2305,7.9,5.5,70.0,0.4,0.4,0.0,51,5.4
2024-04-01 11:00:00,2367,7.7,5.3,82.0,0.7,0.7,0.0,53,7.9
2024-04-01 12:00:00,3383,8.6,6.1,85.0,0.5,0.5,0.0,53,10.7
2024-04-01 13:00:00,4070,8.2,5.4,88.0,0.6,0.6,0.0,53,13.0
2024-04-01 14:00:00,4705,9.6,7.2,81.0,0.3,0.3,0.0,51,10.5
2024-04-01 15:00:00,5577,9.5,7.5,79.0,0.1,0.1,0.0,51,7.1
2024-04-01 16:00:00,6773,10.9,9.4,72.0,0.0,0.0,0.0,3,3.8
2024-04-01 17:00:00,9531,10.9,9.5,72.0,0.0,0.0,0.0,3,2.5
2024-04-01 18:00:00,9466,10.9,9.8,72.0,0.0,0.0,0.0,2,0.8
2024-04-01 19:00:00,6776,9.6,8.2,85.0,0.0,0.0,0.0,0,4.7
2024-04-01 20:00:00,4727,7.7,5.9,86.0,0.0,0.0,0.0,0,4.4
2024-04-01 21:00:00,3628,9.1,7.2,74.0,0.0,0.0,0.0,3,4.5
2024-04-01 22:00:00,2594,8.8,6.9,77.0,0.0,0.0,0.0,3,4.4
2024-04-01 23:00:00,1580,8.5,6.4,79.0,0.0,0.0,0.0,3,6.0
2024-04-02 00:00:00,891,8.2,6.4,82.0,0.0,0.0,0.0,3,4.6
2024-04-02 01:00:00,404,7.7,6.1,90.0,0.0,0.0,0.0,3,4.6
2024-04-02 02:00:00,271,6.9,5.3,92.0,0.0,0.0,0.0,3,3.9
2024-04-02 03:00:00,183,5.5,3.3,95.0,0.0,0.0,0.0,3,6.1
2024-04-02 04:00:00,338,6.6,4.8,92.0,0.0,0.0,0.0,3,4.7
2024-04-02 05:00:00,906,6.6,4.1,93.0,0.0,0.0,0.0,3,9.4
2024-04-02 06:00:00,1550,6.5,4.1,94.0,0.7,0.7,0.0,53,9.2
2024-04-02 07:00:00,2601,6.2,3.5,95.0,0.5,0.5,0.0,53,10.6
2024-04-02 08:00:00,3860,6.2,3.4,95.0,1.3,1.3,0.0,61,11.9
2024-04-02 09:00:00,3834,6.4,3.4,94.0,0.8,0.8,0.0,53,12.4
2024-04-02 10:00:00,2803,6.0,2.8,89.0,0.7,0.7,0.0,53,12.9
2024-04-02 11:00:00,2419,5.8,2.3,91.0,0.4,0.4,0.0,51,15.3
2024-04-02 12:00:00,1257,5.9,2.4,92.0,0.7,0.7,0.0,53,15.1
2024-04-02 13:00:00,1141,6.0,1.8,92.0,1.7,1.7,0.0,61,19.6
2024-04-02 14:00:00,975,6.2,2.3,93.0,1.8,1.8,0.0,61,18.8
2024-04-02 15:00:00,1352,6.8,3.0,94.0,1.9,1.9,0.0,61,19.1
2024-04-02 16:00:00,1978,6.9,3.7,92.0,2.6,2.6,0.0,63,14.4
2024-04-02 17:00:00,2734,6.5,2.8,92.0,2.5,2.5,0.0,63,17.4
2024-04-02 18:00:00,3026,6.3,2.0,91.0,0.8,0.8,0.0,53,20.9
2024-04-02 19:00:00,1873,6.0,1.7,92.0,0.2,0.2,0.0,51,20.5
2024-04-02 20:00:00,1594,5.7,1.4,92.0,0.3,0.3,0.0,51,20.8
2024-04-02 21:00:00,1645,5.6,1.4,92.0,0.6,0.6,0.0,53,19.3
2024-04-02 22:00:00,1640,5.5,1.4,91.0,0.1,0.1,0.0,51,18.7
2024-04-02 23:00:00,1062,5.4,1.1,90.0,0.0,0.0,0.0,3,19.7
2024-04-03 00:00:00,522,5.3,0.8,89.0,0.0,0.0,0.0,3,20.7
2024-04-03 01:00:00,223,5.2,0.7,89.0,0.0,0.0,0.0,3,20.3
2024-04-03 02:00:00,173,5.0,0.2,89.0,0.0,0.0,0.0,3,22.1
2024-04-03 03:00:00,99,4.6,0.6,89.0,0.0,0.0,0.0,3,16.3
2024-04-03 04:00:00,128,4.6,0.3,87.0,0.1,0.1,0.0,51,18.3
2024-04-03 05:00:00,325,4.5,-0.4,87.0,0.3,0.3,0.0,51,21.7
2024-04-03 06:00:00,1041,4.3,-1.0,90.0,0.6,0.6,0.0,53,24.4
2024-04-03 07:00:00,1940,4.4,-0.4,90.0,1.8,1.8,0.0,61,21.6
2024-04-03 08:00:00,2749,4.6,-0.9,91.0,1.3,1.3,0.0,61,26.5
2024-04-03 09:00:00,1924,4.8,-0.4,91.0,0.6,0.6,0.0,53,25.1
2024-04-03 10:00:00,1349,4.8,-0.6,91.0,1.7,1.7,0.0,61,26.9
2024-04-03 11:00:00,1031,4.6,-1.6,90.0,0.9,0.9,0.0,53,32.0
2024-04-03 12:00:00,946,4.6,-0.7,88.0,0.9,0.9,0.0,53,25.3
2024-04-03 13:00:00,1052,4.7,-0.8,88.0,3.3,3.3,0.0,63,26.5
2024-04-03 14:00:00,1936,4.8,-1.5,89.0,2.5,2.5,0.0,63,32.3
2024-04-03 15:00:00,1235,5.3,-1.6,89.0,0.8,0.8,0.0,53,36.5
2024-04-03 16:00:00,1244,5.6,-0.7,90.0,0.6,0.6,0.0,53,33.9
2024-04-03 17:00:00,1635,5.4,-1.2,92.0,1.3,1.3,0.0,61,35.5
2024-04-03 18:00:00,1407,5.8,-1.0,93.0,1.4,1.4,0.0,61,37.2
2024-04-03 19:00:00,1464,5.7,-0.5,93.0,3.0,3.0,0.0,63,33.6
2024-04-03 20:00:00,1202,5.7,-0.4,94.0,2.7,2.7,0.0,63,33.0
2024-04-03 21:00:00,1108,3.3,-4.0,93.0,0.5,0.5,0.0,53,38.5
2024-04-03 22:00:00,1200,3.4,-4.3,92.0,0.1,0.1,0.0,51,40.8
2024-04-03 23:00:00,622,3.5,-4.7,93.0,0.8,0.8,0.0,53,44.4
2024-04-04 00:00:00,347,3.7,-4.2,93.0,1.1,1.1,0.0,55,42.5
2024-04-04 01:00:00,166,3.8,-3.1,92.0,2.4,2.4,0.0,61,35.9
2024-04-04 02:00:00,144,4.1,-1.4,93.0,0.7,0.7,0.0,53,26.5
2024-04-04 03:00:00,62,3.7,-1.4,94.0,0.5,0.5,0.0,53,24.0
2024-04-04 04:00:00,118,3.3,-1.4,94.0,1.2,1.2,0.0,55,20.3
2024-04-04 05:00:00,666,2.9,-2.8,93.0,0.9,0.9,0.0,53,26.6
2024-04-04 06:00:00,1992,2.4,-3.1,92.0,0.1,0.1,0.0,51,23.9
2024-04-04 07:00:00,4672,2.2,-2.8,91.0,0.0,0.0,0.0,3,20.1
2024-04-04 08:00:00,7816,2.4,-2.9,90.0,0.2,0.2,0.0,51,22.3
2024-04-04 09:00:00,5805,2.6,-2.3,88.0,0.0,0.0,0.0,3,19.9
2024-04-04 10:00:00,3748,3.5,-1.8,81.0,0.0,0.0,0.0,3,22.6
2024-04-04 11:00:00,3758,4.8,-0.4,71.0,0.0,0.0,0.0,3,20.4
2024-04-04 12:00:00,4256,5.6,0.9,65.0,0.0,0.0,0.0,3,17.2
2024-04-04 13:00:00,4585,6.7,1.9,60.0,0.0,0.0,0.0,3,17.6
2024-04-04 14:00:00,5394,7.1,2.4,59.0,0.0,0.0,0.0,3,17.6
2024-04-04 15:00:00,6361,7.2,2.5,58.0,0.0,0.0,0.0,3,17.1
2024-04-04 16:00:00,7556,8.1,3.4,54.0,0.0,0.0,0.0,3,17.1
2024-04-04 17:00:00,10487,8.0,3.7,54.0,0.0,0.0,0.0,3,13.7
2024-04-04 18:00:00,10062,7.3,3.1,55.0,0.0,0.0,0.0,1,13.0
2024-04-04 19:00:00,7072,6.0,2.1,60.0,0.0,0.0,0.0,1,11.3
2024-04-04 20:00:00,4012,3.7,-0.4,69.0,0.0,0.0,0.0,3,12.1
2024-04-04 21:00:00,3118,4.7,1.3,67.0,0.0,0.0,0.0,3,8.2
2024-04-04 22:00:00,2844,2.9,-0.1,83.0,0.1,0.1,0.0,51,5.9
2024-04-04 23:00:00,1878,2.8,-1.1,76.0,0.1,0.1,0.0,51,11.2
2024-04-05 00:00:00,1138,1.2,-2.7,83.0,0.0,0.0,0.0,3,10.6
2024-04-05 01:00:00,578,1.7,-1.8,80.0,0.0,0.0,0.0,3,7.6
2024-04-05 02:00:00,387,1.3,-2.3,80.0,0.0,0.0,0.0,3,8.2
2024-04-05 03:00:00,206,1.1,-2.4,81.0,0.0,0.0,0.0,3,7.5
2024-04-05 04:00:00,291,0.7,-2.9,85.0,0.0,0.0,0.0,3,8.7
2024-04-05 05:00:00,766,1.3,-2.8,83.0,0.0,0.0,0.0,3,12.6
2024-04-05 06:00:00,2179,1.1,-2.9,84.0,0.0,0.0,0.0,1,11.5
2024-04-05 07:00:00,4720,0.8,-3.4,86.0,0.0,0.0,0.0,1,13.0
2024-04-05 08:00:00,6863,2.7,-2.5,71.0,0.0,0.0,0.0,0,19.2
2024-04-05 09:00:00,5433,4.7,-0.6,59.0,0.0,0.0,0.0,1,19.5
2024-04-05 10:00:00,4257,6.2,-0.2,49.0,0.0,0.0,0.0,1,25.5
2024-04-05 11:00:00,4480,6.9,0.4,46.0,0.0,0.0,0.0,3,26.9
2024-04-05 12:00:00,5104,7.2,0.6,45.0,0.0,0.0,0.0,2,26.9
2024-04-05 13:00:00,5497,8.1,2.0,42.0,0.0,0.0,0.0,2,27.2
2024-04-05 14:00:00,6126,8.5,2.4,40.0,0.0,0.0,0.0,2,26.3
2024-04-05 15:00:00,6956,8.4,1.9,40.0,0.0,0.0,0.0,2,26.0
2024-04-05 16:00:00,7846,8.4,1.8,40.0,0.0,0.0,0.0,3,26.7
2024-04-05 17:00:00,9249,7.8,1.3,40.0,0.0,0.0,0.0,2,25.5
2024-04-05 18:00:00,8594,7.4,0.8,41.0,0.0,0.0,0.0,0,26.1
2024-04-05 19:00:00,6741,6.2,0.7,50.0,0.0,0.0,0.0,0,19.7
2024-04-05 20:00:00,4340,4.9,-0.2,55.0,0.0,0.0,0.0,0,17.1
2024-04-05 21:00:00,3285,4.3,-0.5,57.0,0.0,0.0,0.0,1,15.5
2024-04-05 22:00:00,2577,3.6,-1.3,61.0,0.0,0.0,0.0,1,16.1
2024-04-05 23:00:00,2288,3.2,-1.7,63.0,0.0,0.0,0.0,1,16.2
2024-04-06 00:00:00,1845,2.9,-1.9,66.0,0.0,0.0,0.0,2,15.5
2024-04-06 01:00:00,1220,2.8,-2.1,68.0,0.0,0.0,0.0,3,16.9
2024-04-06 02:00:00,874,3.3,-1.9,68.0,0.0,0.0,0.0,3,18.5
2024-04-06 03:00:00,617,3.3,-1.8,69.0,0.0,0.0,0.0,2,18.6
2024-04-06 04:00:00,499,2.8,-2.0,73.0,0.0,0.0,0.0,2,17.1
2024-04-06 05:00:00,387,2.9,-1.8,74.0,0.0,0.0,0.0,3,16.4
2024-04-06 06:00:00,841,2.6,-1.9,78.0,0.0,0.0,0.0,3,15.5
2024-04-06 07:00:00,1660,3.6,-0.9,76.0,0.0,0.0,0.0,1,15.5
2024-04-06 08:00:00,2775,4.6,-0.4,72.0,0.0,0.0,0.0,2,19.0
2024-04-06 09:00:00,4138,6.0,0.5,63.0,0.1,0.1,0.0,51,22.6
2024-04-06 10:00:00,5301,6.7,0.6,57.0,0.1,0.1,0.0,51,25.8
2024-04-06 11:00:00,6498,7.4,1.0,49.0,0.0,0.0,0.0,3,26.8
2024-04-06 12:00:00,6961,8.8,2.3,42.0,0.0,0.0,0.0,3,26.8
2024-04-06 13:00:00,7103,9.2,2.7,40.0,0.0,0.0,0.0,3,26.5
2024-04-06 14:00:00,7568,10.0,3.8,39.0,0.0,0.0,0.0,3,24.8
2024-04-06 15:00:00,7854,10.5,4.3,37.0,0.0,0.0,0.0,3,24.8
2024-04-06 16:00:00,7375,10.4,4.1,38.0,0.0,0.0,0.0,3,25.5
2024-04-06 17:00:00,7051,9.9,3.8,40.0,0.0,0.0,0.0,3,23.8
2024-04-06 18:00:00,6822,9.1,3.8,46.0,0.0,0.0,0.0,0,19.7
2024-04-06 19:00:00,5278,7.8,3.1,50.0,0.0,0.0,0.0,2,16.1
2024-04-06 20:00:00,3891,6.1,1.9,55.0,0.0,0.0,0.0,0,11.9
2024-04-06 21:00:00,3089,6.1,2.3,57.0,0.0,0.0,0.0,1,9.7
2024-04-06 22:00:00,2631,5.1,1.5,64.0,0.0,0.0,0.0,1,8.5
2024-04-06 23:00:00,2652,3.9,0.0,70.0,0.0,0.0,0.0,0,10.5
2024-04-07 00:00:00,1826,2.9,-0.9,74.0,0.0,0.0,0.0,0,10.0
2024-04-07 01:00:00,1241,2.4,-1.6,75.0,0.0,0.0,0.0,0,11.0
2024-04-07 02:00:00,832,2.3,-2.0,72.0,0.0,0.0,0.0,0,12.2
2024-04-07 03:00:00,606,1.9,-2.3,71.0,0.0,0.0,0.0,0,11.9
2024-04-07 04:00:00,489,1.7,-2.7,72.0,0.0,0.0,0.0,1,12.4
2024-04-07 05:00:00,317,1.3,-2.8,74.0,0.0,0.0,0.0,1,11.0
2024-04-07 06:00:00,694,1.1,-3.0,77.0,0.0,0.0,0.0,1,10.9
2024-04-07 07:00:00,1283,1.1,-3.1,79.0,0.0,0.0,0.0,0,12.1
2024-04-07 08:00:00,2190,3.3,-1.4,72.0,0.0,0.0,0.0,0,16.3
2024-04-07 09:00:00,3574,6.4,2.5,60.0,0.0,0.0,0.0,0,11.3
2024-04-07 10:00:00,4891,8.1,2.8,51.0,0.1,0.1,0.0,51,19.9
2024-04-07 11:00:00,6154,8.5,3.2,48.0,0.0,0.0,0.0,3,19.9
2024-04-07 12:00:00,7117,9.4,3.9,45.0,0.0,0.0,0.0,3,21.1
2024-04-07 13:00:00,7832,10.2,4.8,43.0,0.0,0.0,0.0,3,20.8
2024-04-07 14:00:00,8428,11.3,5.8,39.0,0.0,0.0,0.0,3,20.6
2024-04-07 15:00:00,8448,12.6,6.9,36.0,0.0,0.0,0.0,3,22.0
2024-04-07 16:00:00,8358,13.3,7.6,34.0,0.0,0.0,0.0,1,22.1
2024-04-07 17:00:00,8141,12.4,6.7,35.0,0.0,0.0,0.0,0,22.4
2024-04-07 18:00:00,7394,11.4,6.2,38.0,0.0,0.0,0.0,0,19.1
2024-04-07 19:00:00,5461,9.8,5.4,42.0,0.0,0.0,0.0,0,13.4
2024-04-07 20:00:00,3664,8.1,3.6,44.0,0.0,0.0,0.0,0,12.7
2024-04-07 21:00:00,2716,5.8,2.3,61.0,0.0,0.0,0.0,0,8.3
2024-04-07 22:00:00,2034,6.3,3.7,64.0,0.0,0.0,0.0,0,3.3
2024-04-07 23:00:00,1231,5.7,3.2,68.0,0.0,0.0,0.0,0,2.9
2024-04-08 00:00:00,781,3.4,0.2,73.0,0.0,0.0,0.0,0,6.1
2024-04-08 01:00:00,374,2.8,-0.7,74.0,0.0,0.0,0.0,0,7.7
2024-04-08 02:00:00,249,2.1,-1.4,79.0,0.0,0.0,0.0,0,7.8
2024-04-08 03:00:00,177,1.8,-1.8,78.0,0.0,0.0,0.0,0,8.3
2024-04-08 04:00:00,265,1.8,-2.1,72.0,0.0,0.0,0.0,0,9.6
2024-04-08 05:00:00,851,1.8,-2.2,70.0,0.0,0.0,0.0,0,9.6
2024-04-08 06:00:00,2419,1.1,-2.6,74.0,0.0,0.0,0.0,0,7.6
2024-04-08 07:00:00,5498,1.0,-2.4,79.0,0.0,0.0,0.0,0,6.2
2024-04-08 08:00:00,8251,3.4,0.1,75.0,0.0,0.0,0.0,2,6.9
2024-04-08 09:00:00,5776,7.9,5.6,67.0,0.0,0.0,0.0,2,3.9
2024-04-08 10:00:00,4646,11.2,8.4,46.0,0.0,0.0,0.0,2,4.5
2024-04-08 11:00:00,4856,13.1,11.1,38.0,0.0,0.0,0.0,3,4.5
2024-04-08 12:00:00,5798,14.4,12.9,36.0,0.0,0.0,0.0,2,5.4
2024-04-08 13:00:00,6988,15.5,14.0,33.0,0.0,0.0,0.0,3,7.5
2024-04-08 14:00:00,9236,16.3,14.3,31.0,0.0,0.0,0.0,3,7.4
2024-04-08 15:00:00,8142,16.9,14.4,31.0,0.0,0.0,0.0,3,6.3
2024-04-08 16:00:00,8162,16.9,13.7,34.0,0.0,0.0,0.0,3,8.2
2024-04-08 17:00:00,10291,14.7,11.4,49.0,0.0,0.0,0.0,2,13.0
2024-04-08 18:00:00,9244,12.7,9.6,59.0,0.0,0.0,0.0,3,12.6
2024-04-08 19:00:00,6666,10.9,8.6,70.0,0.0,0.0,0.0,3,8.0
2024-04-08 20:00:00,4839,10.1,7.7,77.0,0.0,0.0,0.0,3,9.7
2024-04-08 21:00:00,3404,8.6,6.8,86.0,0.0,0.0,0.0,3,6.3
2024-04-08 22:00:00,2523,7.1,4.5,88.0,0.0,0.0,0.0,3,9.7
2024-04-08 23:00:00,1748,6.7,3.8,83.0,0.0,0.0,0.0,3,10.2
2024-04-09 00:00:00,894,6.3,3.2,80.0,0.0,0.0,0.0,2,10.1
2024-04-09 01:00:00,554,7.2,4.6,75.0,0.0,0.0,0.0,1,6.8
2024-04-09 02:00:00,295,6.9,4.2,79.0,0.0,0.0,0.0,1,7.6
2024-04-09 03:00:00,221,6.5,4.0,81.0,0.0,0.0,0.0,1,6.5
2024-04-09 04:00:00,286,5.2,2.5,87.0,0.0,0.0,0.0,0,8.2
2024-04-09 05:00:00,959,6.1,3.5,81.0,0.0,0.0,0.0,3,6.3
2024-04-09 06:00:00,3068,4.5,2.0,87.0,0.0,0.0,0.0,3,5.8
2024-04-09 07:00:00,6864,5.3,2.7,87.0,0.0,0.0,0.0,2,7.3
2024-04-09 08:00:00,10563,8.4,6.0,79.0,0.0,0.0,0.0,3,8.3
2024-04-09 09:00:00,7301,13.7,11.8,63.0,0.0,0.0,0.0,3,7.4
2024-04-09 10:00:00,4910,16.2,14.5,54.0,0.0,0.0,0.0,3,6.3
2024-04-09 11:00:00,4936,18.4,18.0,51.0,0.0,0.0,0.0,3,4.7
2024-04-09 12:00:00,5644,19.9,20.5,47.0,0.0,0.0,0.0,3,3.0
2024-04-09 13:00:00,6323,21.0,22.2,46.0,0.0,0.0,0.0,3,2.5
2024-04-09 14:00:00,7556,21.9,22.2,43.0,0.0,0.0,0.0,3,6.4
2024-04-09 15:00:00,8884,22.5,21.8,38.0,0.0,0.0,0.0,3,7.5
2024-04-09 16:00:00,10580,22.9,21.5,34.0,0.0,0.0,0.0,2,6.8
2024-04-09 17:00:00,15655,22.4,20.5,36.0,0.0,0.0,0.0,3,6.7
2024-04-09 18:00:00,14120,19.3,17.3,56.0,0.0,0.0,0.0,3,14.8
2024-04-09 19:00:00,9555,14.3,10.9,60.0,0.0,0.0,0.0,2,17.8
2024-04-09 20:00:00,6154,12.6,9.2,59.0,0.0,0.0,0.0,2,14.8
2024-04-09 21:00:00,4745,13.6,10.1,53.0,0.0,0.0,0.0,3,14.4
2024-04-09 22:00:00,3923,13.1,10.0,54.0,0.0,0.0,0.0,3,11.9
2024-04-09 23:00:00,2447,12.2,9.6,57.0,0.0,0.0,0.0,3,8.4
2024-04-10 00:00:00,1290,11.5,9.1,61.0,0.0,0.0,0.0,3,6.8
2024-04-10 01:00:00,633,10.9,8.6,63.0,0.0,0.0,0.0,3,6.3
2024-04-10 02:00:00,323,9.8,7.6,70.0,0.0,0.0,0.0,3,5.6
2024-04-10 03:00:00,294,8.2,5.3,79.0,0.0,0.0,0.0,3,11.2
2024-04-10 04:00:00,323,7.8,5.1,83.0,0.0,0.0,0.0,3,10.3
2024-04-10 05:00:00,937,7.7,5.4,84.0,0.0,0.0,0.0,3,7.2
2024-04-10 06:00:00,2931,7.8,5.4,82.0,0.0,0.0,0.0,3,8.0
2024-04-10 07:00:00,5750,7.8,5.5,82.0,0.0,0.0,0.0,3,7.2
2024-04-10 08:00:00,9490,8.9,6.7,79.0,0.0,0.0,0.0,3,7.7
2024-04-10 09:00:00,7528,11.4,9.2,75.0,0.0,0.0,0.0,3,9.8
2024-04-10 10:00:00,5194,13.3,10.9,71.0,0.0,0.0,0.0,3,13.2
2024-04-10 11:00:00,5164,14.4,12.4,69.0,0.0,0.0,0.0,3,14.0
2024-04-10 12:00:00,5805,14.7,12.3,71.0,0.0,0.0,0.0,3,16.1
2024-04-10 13:00:00,6047,14.6,12.2,75.0,0.0,0.0,0.0,3,16.3
2024-04-10 14:00:00,6477,15.1,13.1,76.0,0.6,0.6,0.0,53,15.5
2024-04-10 15:00:00,7237,15.0,13.5,80.0,0.7,0.7,0.0,53,12.9
2024-04-10 16:00:00,8674,15.3,14.0,77.0,0.0,0.0,0.0,3,11.8
2024-04-10 17:00:00,13143,15.2,14.1,77.0,0.0,0.0,0.0,2,10.0
2024-04-10 18:00:00,12179,15.2,14.2,78.0,0.0,0.0,0.0,3,9.7
2024-04-10 19:00:00,8481,13.4,12.6,85.0,0.0,0.0,0.0,1,7.2
2024-04-10 20:00:00,5494,11.8,10.9,93.0,0.0,0.0,0.0,3,7.2
2024-04-10 21:00:00,4379,10.8,9.9,94.0,0.0,0.0,0.0,3,5.8
2024-04-10 22:00:00,3424,10.5,8.8,87.0,0.0,0.0,0.0,3,8.9
2024-04-10 23:00:00,1990,9.4,7.6,89.0,0.0,0.0,0.0,3,8.4
2024-04-11 00:00:00,1091,8.8,6.9,90.0,0.0,0.0,0.0,3,7.9
2024-04-11 01:00:00,534,8.6,6.6,88.0,0.0,0.0,0.0,3,8.2
2024-04-11 02:00:00,312,8.2,5.8,89.0,0.0,0.0,0.0,3,10.4
2024-04-11 03:00:00,201,8.4,6.3,90.0,0.0,0.0,0.0,3,8.4
2024-04-11 04:00:00,309,8.7,6.4,92.0,0.0,0.0,0.0,3,11.0
2024-04-11 05:00:00,920,8.5,6.1,94.0,0.0,0.0,0.0,3,12.2
2024-04-11 06:00:00,2697,8.5,6.7,94.0,0.0,0.0,0.0,3,7.9
2024-04-11 07:00:00,4959,8.5,6.3,94.0,0.2,0.2,0.0,51,10.5
2024-04-11 08:00:00,5887,9.0,6.9,94.0,0.4,0.4,0.0,51,10.9
2024-04-11 09:00:00,5048,8.7,6.6,94.0,0.7,0.7,0.0,53,10.6
2024-04-11 10:00:00,3950,10.3,7.6,91.0,0.0,0.0,0.0,3,16.8
2024-04-11 11:00:00,4253,11.1,8.7,91.0,0.0,0.0,0.0,3,16.2
2024-04-11 12:00:00,4933,14.4,12.2,79.0,0.0,0.0,0.0,3,17.2
2024-04-11 13:00:00,5324,16.3,14.4,74.0,0.0,0.0,0.0,3,16.5
2024-04-11 14:00:00,6341,16.5,14.7,76.0,0.0,0.0,0.0,3,19.9
2024-04-11 15:00:00,6400,15.0,12.6,82.0,0.0,0.0,0.0,3,20.4
2024-04-11 16:00:00,6968,14.0,11.2,85.0,0.1,0.1,0.0,51,22.1
2024-04-11 17:00:00,8040,13.5,11.5,90.0,0.1,0.1,0.0,51,17.4
2024-04-11 18:00:00,7634,13.1,10.8,94.0,1.6,1.6,0.0,61,20.4
2024-04-11 19:00:00,3351,12.9,9.7,93.0,7.6,7.6,0.0,65,25.6
2024-04-11 20:00:00,2561,12.5,9.1,94.0,4.5,4.5,0.0,63,26.1
2024-04-11 21:00:00,2372,13.1,10.1,96.0,1.6,1.6,0.0,61,26.1
2024-04-11 22:00:00,1847,13.4,10.2,95.0,0.7,0.7,0.0,53,26.9
2024-04-11 23:00:00,1582,13.3,9.7,94.0,0.6,0.6,0.0,53,30.2
2024-04-12 00:00:00,842,12.9,9.7,96.0,0.2,0.2,0.0,51,26.5
2024-04-12 01:00:00,390,13.0,9.1,96.0,1.3,1.3,0.0,61,31.4
2024-04-12 02:00:00,171,13.0,8.9,96.0,1.9,1.9,0.0,61,32.8
2024-04-12 03:00:00,147,13.0,8.5,96.0,7.7,7.7,0.0,65,35.6
2024-04-12 04:00:00,187,14.2,9.8,96.0,1.5,1.5,0.0,61,38.3
2024-04-12 05:00:00,641,14.3,9.7,92.0,0.1,0.1,0.0,51,38.1
2024-04-12 06:00:00,2126,14.1,9.7,92.0,0.3,0.3,0.0,51,36.3
2024-04-12 07:00:00,4723,13.9,10.6,95.0,0.0,0.0,0.0,3,28.7
2024-04-12 08:00:00,6916,14.1,11.0,94.0,0.0,0.0,0.0,3,28.0
2024-04-12 09:00:00,5442,16.6,14.4,89.0,0.0,0.0,0.0,3,26.0
2024-04-12 10:00:00,4502,16.7,15.0,89.0,0.2,0.2,0.0,51,23.2
2024-04-12 11:00:00,4687,17.5,16.2,88.0,2.0,2.0,0.0,61,22.3
2024-04-12 12:00:00,3865,18.4,16.2,79.0,0.5,0.5,0.0,53,25.7
2024-04-12 13:00:00,2483,16.1,12.9,82.0,3.7,3.7,0.0,63,28.4
2024-04-12 14:00:00,6113,15.2,10.4,71.0,0.1,0.1,0.0,51,32.5
2024-04-12 15:00:00,7366,15.2,10.4,65.0,0.0,0.0,0.0,1,30.6
2024-04-12 16:00:00,8591,16.4,11.2,55.0,0.0,0.0,0.0,1,32.5
2024-04-12 17:00:00,10692,16.4,10.9,49.0,0.0,0.0,0.0,0,29.9
2024-04-12 18:00:00,10561,16.0,10.5,46.0,0.0,0.0,0.0,0,28.8
2024-04-12 19:00:00,8435,14.5,9.8,51.0,0.0,0.0,0.0,0,22.7
2024-04-12 20:00:00,5014,13.2,9.1,54.0,0.0,0.0,0.0,0,18.0
2024-04-12 21:00:00,4100,13.0,8.3,54.0,0.0,0.0,0.0,0,21.9
2024-04-12 22:00:00,3903,12.3,7.9,55.0,0.0,0.0,0.0,0,20.0
2024-04-12 23:00:00,3192,11.9,7.0,57.0,0.0,0.0,0.0,0,23.8
2024-04-13 00:00:00,2295,11.4,6.8,60.0,0.0,0.0,0.0,0,21.4
2024-04-13 01:00:00,1638,10.7,5.9,63.0,0.0,0.0,0.0,0,23.4
2024-04-13 02:00:00,1030,10.1,5.2,67.0,0.0,0.0,0.0,1,24.5
2024-04-13 03:00:00,693,9.6,4.7,73.0,0.0,0.0,0.0,2,25.3
2024-04-13 04:00:00,416,9.2,4.0,72.0,0.0,0.0,0.0,0,26.5
2024-04-13 05:00:00,393,7.9,2.3,68.0,0.0,0.0,0.0,3,26.4
2024-04-13 06:00:00,866,7.0,1.1,69.0,0.0,0.0,0.0,2,27.3
2024-04-13 07:00:00,1682,6.9,1.3,69.0,0.0,0.0,0.0,3,25.8
2024-04-13 08:00:00,2906,7.3,1.5,68.0,0.0,0.0,0.0,3,27.1
2024-04-13 09:00:00,4418,7.8,2.1,69.0,0.1,0.1,0.0,51,27.4
2024-04-13 10:00:00,5136,7.6,1.8,71.0,0.2,0.2,0.0,51,28.2
2024-04-13 11:00:00,5367,7.5,1.4,73.0,0.4,0.4,0.0,51,30.7
2024-04-13 12:00:00,5975,8.2,2.2,67.0,0.1,0.1,0.0,51,29.9
2024-04-13 13:00:00,6774,7.8,1.2,72.0,0.4,0.4,0.0,51,33.8
2024-04-13 14:00:00,6378,7.7,1.7,72.0,0.3,0.3,0.0,51,30.1
2024-04-13 15:00:00,6533,8.1,2.1,72.0,0.4,0.4,0.0,51,30.5
2024-04-13 16:00:00,6261,8.7,2.7,66.0,0.2,0.2,0.0,51,29.5
2024-04-13 17:00:00,6368,9.0,3.7,62.0,0.0,0.0,0.0,3,23.8
2024-04-13 18:00:00,6282,10.1,4.7,53.0,0.0,0.0,0.0,3,23.8
2024-04-13 19:00:00,5563,10.3,4.8,51.0,0.0,0.0,0.0,3,23.5
2024-04-13 20:00:00,3943,10.0,4.5,49.0,0.0,0.0,0.0,1,23.1
2024-04-13 21:00:00,3259,8.9,3.0,47.0,0.0,0.0,0.0,0,24.1
2024-04-13 22:00:00,2970,8.5,3.1,49.0,0.0,0.0,0.0,0,20.6
2024-04-13 23:00:00,2448,8.3,3.2,50.0,0.0,0.0,0.0,0,18.5
2024-04-14 00:00:00,1990,8.2,2.9,51.0,0.0,0.0,0.0,0,20.1
2024-04-14 01:00:00,1535,8.0,2.7,52.0,0.0,0.0,0.0,0,20.5
2024-04-14 02:00:00,977,7.6,2.4,54.0,0.0,0.0,0.0,0,20.3
2024-04-14 03:00:00,594,7.2,1.8,55.0,0.0,0.0,0.0,0,21.0
2024-04-14 04:00:00,459,6.8,1.4,57.0,0.0,0.0,0.0,3,21.2
2024-04-14 05:00:00,328,6.3,1.6,59.0,0.0,0.0,0.0,3,16.0
2024-04-14 06:00:00,686,5.6,1.2,63.0,0.0,0.0,0.0,2,14.4
2024-04-14 07:00:00,1388,5.5,1.1,65.0,0.0,0.0,0.0,3,14.5
2024-04-14 08:00:00,2413,7.1,2.9,65.0,0.0,0.0,0.0,1,15.5
2024-04-14 09:00:00,4236,10.3,6.7,60.0,0.0,0.0,0.0,3,13.2
2024-04-14 10:00:00,6300,13.0,9.5,54.0,0.0,0.0,0.0,3,14.3
2024-04-14 11:00:00,8198,15.3,11.7,46.0,0.0,0.0,0.0,3,18.4
2024-04-14 12:00:00,9427,16.7,13.3,42.0,0.0,0.0,0.0,3,17.7
2024-04-14 13:00:00,7786,17.2,12.9,41.0,0.5,0.5,0.0,53,22.1
2024-04-14 14:00:00,9818,16.6,13.2,51.0,0.8,0.8,0.0,53,17.0
2024-04-14 15:00:00,10755,19.8,16.3,37.0,0.0,0.0,0.0,3,21.3
2024-04-14 16:00:00,10894,20.8,16.8,37.0,0.0,0.0,0.0,3,22.7
2024-04-14 17:00:00,10828,20.9,17.3,39.0,0.0,0.0,0.0,1,18.7
2024-04-14 18:00:00,9692,20.6,17.2,40.0,0.0,0.0,0.0,3,17.6
2024-04-14 19:00:00,7823,19.2,15.8,42.0,0.0,0.0,0.0,3,16.9
2024-04-14 20:00:00,4888,18.8,14.9,44.0,0.0,0.0,0.0,3,20.5
2024-04-14 21:00:00,1581,14.5,11.6,57.0,0.0,0.0,0.0,3,13.3
2024-04-14 22:00:00,1627,16.2,11.8,50.0,0.0,0.0,0.0,3,22.4
2024-04-14 23:00:00,1475,16.6,12.7,59.0,0.0,0.0,0.0,3,23.5
2024-04-15 00:00:00,933,15.9,12.8,68.0,0.0,0.0,0.0,3,20.6
2024-04-15 01:00:00,505,14.3,12.9,78.0,0.0,0.0,0.0,1,10.8
2024-04-15 02:00:00,334,12.7,11.3,86.0,0.0,0.0,0.0,2,10.6
2024-04-15 03:00:00,280,12.0,10.5,90.0,0.0,0.0,0.0,0,11.7
2024-04-15 04:00:00,312,11.6,10.5,92.0,0.0,0.0,0.0,0,8.3
2024-04-15 05:00:00,974,11.0,9.8,93.0,0.0,0.0,0.0,0,8.0
2024-04-15 06:00:00,2895,10.2,9.1,94.0,0.0,0.0,0.0,0,6.5
2024-04-15 07:00:00,6711,10.9,9.5,93.0,0.0,0.0,0.0,0,9.0
2024-04-15 08:00:00,10043,13.5,12.5,86.0,0.0,0.0,0.0,0,9.4
2024-04-15 09:00:00,6977,17.1,16.3,79.0,0.0,0.0,0.0,3,12.8
2024-04-15 10:00:00,5180,19.6,18.1,64.0,0.0,0.0,0.0,3,15.1
2024-04-15 11:00:00,5318,21.4,20.5,47.0,0.0,0.0,0.0,1,11.5
2024-04-15 12:00:00,6334,22.8,21.6,36.0,0.0,0.0,0.0,2,11.9
2024-04-15 13:00:00,6868,22.7,19.4,35.0,0.0,0.0,0.0,2,18.7
2024-04-15 14:00:00,8079,22.3,18.8,36.0,0.0,0.0,0.0,1,19.8
2024-04-15 15:00:00,9553,22.6,19.1,36.0,0.0,0.0,0.0,1,23.0
2024-04-15 16:00:00,11223,22.7,18.9,37.0,0.0,0.0,0.0,1,20.9
2024-04-15 17:00:00,15219,23.1,19.8,38.0,0.0,0.0,0.0,1,18.9
2024-04-15 18:00:00,14246,22.1,19.3,43.0,0.0,0.0,0.0,0,17.2
2024-04-15 19:00:00,10151,20.3,18.2,49.0,0.0,0.0,0.0,0,13.2
2024-04-15 20:00:00,6751,17.1,15.7,59.0,0.0,0.0,0.0,0,8.2
2024-04-15 21:00:00,4796,16.7,14.1,54.0,0.0,0.0,0.0,0,13.0
2024-04-15 22:00:00,3368,15.5,11.2,48.0,0.0,0.0,0.0,0,20.3
2024-04-15 23:00:00,1951,13.5,8.5,48.0,0.0,0.0,0.0,0,22.3
2024-04-16 00:00:00,927,12.1,7.4,46.0,0.0,0.0,0.0,0,18.4
2024-04-16 01:00:00,482,10.6,7.0,51.0,0.0,0.0,0.0,0,10.8
2024-04-16 02:00:00,289,8.8,6.0,61.0,0.0,0.0,0.0,0,6.8
2024-04-16 03:00:00,181,8.4,5.5,64.0,0.0,0.0,0.0,0,7.4
2024-04-16 04:00:00,332,7.9,4.9,63.0,0.0,0.0,0.0,0,7.8
2024-04-16 05:00:00,1022,7.1,4.1,65.0,0.0,0.0,0.0,0,7.4
2024-04-16 06:00:00,3249,6.8,3.4,65.0,0.0,0.0,0.0,0,9.1
2024-04-16 07:00:00,7426,7.5,3.9,63.0,0.0,0.0,0.0,0,11.2
2024-04-16 08:00:00,11578,9.7,6.2,61.0,0.0,0.0,0.0,0,12.7
2024-04-16 09:00:00,7795,12.8,8.8,52.0,0.0,0.0,0.0,0,16.4
2024-04-16 10:00:00,5373,14.5,10.4,44.0,0.0,0.0,0.0,0,17.4
2024-04-16 11:00:00,5362,15.8,12.5,37.0,0.0,0.0,0.0,0,15.6
2024-04-16 12:00:00,6095,16.8,14.2,35.0,0.0,0.0,0.0,0,15.3
2024-04-16 13:00:00,6557,17.7,15.5,34.0,0.0,0.0,0.0,0,14.8
2024-04-16 14:00:00,7613,18.7,16.4,31.0,0.0,0.0,0.0,0,14.9
2024-04-16 15:00:00,9204,19.4,16.5,28.0,0.0,0.0,0.0,0,15.8
2024-04-16 16:00:00,10833,19.5,16.0,29.0,0.0,0.0,0.0,0,15.7
2024-04-16 17:00:00,16092,19.4,15.4,30.0,0.0,0.0,0.0,0,14.2
2024-04-16 18:00:00,14755,18.9,15.9,35.0,0.0,0.0,0.0,0,9.5
2024-04-16 19:00:00,10529,16.3,14.8,59.0,0.0,0.0,0.0,0,6.6
2024-04-16 20:00:00,6844,17.5,14.8,37.0,0.0,0.0,0.0,1,6.8
2024-04-16 21:00:00,5048,14.2,12.0,48.0,0.0,0.0,0.0,0,4.3
2024-04-16 22:00:00,3638,12.9,11.0,57.0,0.0,0.0,0.0,0,3.9
2024-04-16 23:00:00,2107,12.4,10.9,60.0,0.0,0.0,0.0,0,1.6
2024-04-17 00:00:00,1205,8.6,6.2,76.0,0.0,0.0,0.0,0,7.6
2024-04-17 01:00:00,563,8.9,6.2,72.0,0.0,0.0,0.0,0,8.4
2024-04-17 02:00:00,372,7.8,5.3,73.0,0.0,0.0,0.0,0,6.4
2024-04-17 03:00:00,238,7.6,4.6,71.0,0.0,0.0,0.0,0,8.7
2024-04-17 04:00:00,332,7.7,4.0,66.0,0.0,0.0,0.0,0,12.7
2024-04-17 05:00:00,996,7.5,3.6,63.0,0.0,0.0,0.0,0,12.9
2024-04-17 06:00:00,3213,6.8,3.1,62.0,0.0,0.0,0.0,1,10.2
2024-04-17 07:00:00,7439,6.8,3.1,65.0,0.0,0.0,0.0,3,11.8
2024-04-17 08:00:00,11303,8.5,4.4,64.0,0.0,0.0,0.0,3,15.6
2024-04-17 09:00:00,7946,11.3,7.8,60.0,0.0,0.0,0.0,3,13.9
2024-04-17 10:00:00,5402,12.8,9.5,58.0,0.0,0.0,0.0,3,13.7
2024-04-17 11:00:00,5353,14.5,11.7,55.0,0.0,0.0,0.0,3,15.4
2024-04-17 12:00:00,5781,15.0,11.8,52.0,0.0,0.0,0.0,3,15.6
2024-04-17 13:00:00,5871,15.5,12.5,51.0,0.0,0.0,0.0,3,16.4
2024-04-17 14:00:00,6660,13.6,9.9,57.0,0.0,0.0,0.0,3,17.4
2024-04-17 15:00:00,6304,12.5,9.0,63.0,0.0,0.0,0.0,3,15.9
2024-04-17 16:00:00,4051,11.8,8.6,68.0,0.4,0.4,0.0,51,15.1
2024-04-17 17:00:00,9002,10.5,7.3,77.0,0.7,0.7,0.0,53,16.4
2024-04-17 18:00:00,10082,9.9,6.8,80.0,0.1,0.1,0.0,51,14.8
2024-04-17 19:00:00,7687,9.6,7.2,81.0,0.0,0.0,0.0,3,10.3
2024-04-17 20:00:00,4981,9.3,6.7,82.0,0.1,0.1,0.0,51,11.3
2024-04-17 21:00:00,2699,8.6,5.9,88.0,0.0,0.0,0.0,3,12.7
2024-04-17 22:00:00,2338,8.4,5.9,93.0,0.9,0.9,0.0,53,12.0
2024-04-17 23:00:00,1698,8.1,5.3,95.0,0.6,0.6,0.0,53,14.6
2024-04-18 00:00:00,952,8.1,5.5,95.0,0.2,0.2,0.0,51,12.6
2024-04-18 01:00:00,483,8.0,5.0,93.0,0.2,0.2,0.0,51,14.9
2024-04-18 02:00:00,290,7.9,4.8,93.0,0.1,0.1,0.0,51,16.0
2024-04-18 03:00:00,164,8.0,4.4,94.0,0.2,0.2,0.0,51,19.0
2024-04-18 04:00:00,226,7.9,4.2,94.0,0.2,0.2,0.0,51,20.3
2024-04-18 05:00:00,676,8.0,4.3,92.0,0.1,0.1,0.0,51,19.8
2024-04-18 06:00:00,1839,7.9,4.0,93.0,0.1,0.1,0.0,51,20.8
2024-04-18 07:00:00,4065,7.6,3.6,93.0,0.2,0.2,0.0,51,21.7
2024-04-18 08:00:00,6184,7.8,3.6,91.0,0.1,0.1,0.0,51,22.1
2024-04-18 09:00:00,4180,7.3,3.0,88.0,0.1,0.1,0.0,51,22.2
2024-04-18 10:00:00,2880,7.6,3.6,87.0,0.1,0.1,0.0,51,20.2
2024-04-18 11:00:00,2845,7.4,3.3,85.0,0.2,0.2,0.0,51,19.9
2024-04-18 12:00:00,3784,7.5,3.3,82.0,0.2,0.2,0.0,51,19.6
2024-04-18 13:00:00,4122,8.0,3.1,78.0,0.1,0.1,0.0,51,24.3
2024-04-18 14:00:00,4990,8.2,3.8,77.0,0.0,0.0,0.0,3,20.7
2024-04-18 15:00:00,5778,8.1,3.7,75.0,0.0,0.0,0.0,3,20.2
2024-04-18 16:00:00,6986,8.2,3.7,72.0,0.0,0.0,0.0,3,20.4
2024-04-18 17:00:00,9692,8.2,3.2,72.0,0.0,0.0,0.0,1,23.2
2024-04-18 18:00:00,9288,8.4,4.3,70.0,0.0,0.0,0.0,3,17.6
2024-04-18 19:00:00,6562,8.1,4.5,70.0,0.0,0.0,0.0,3,13.3
2024-04-18 20:00:00,4732,7.9,4.2,74.0,0.0,0.0,0.0,0,14.8
2024-04-18 21:00:00,3632,7.1,3.7,75.0,0.0,0.0,0.0,0,12.2
2024-04-18 22:00:00,2793,5.8,3.2,83.0,0.0,0.0,0.0,3,7.2
2024-04-18 23:00:00,2032,5.1,2.8,89.0,0.0,0.0,0.0,3,5.2
2024-04-19 00:00:00,1187,5.0,2.3,88.0,0.0,0.0,0.0,3,7.7
2024-04-19 01:00:00,789,4.7,1.4,87.0,0.0,0.0,0.0,1,11.2
2024-04-19 02:00:00,483,4.3,1.4,88.0,0.0,0.0,0.0,1,8.2
2024-04-19 03:00:00,325,3.8,1.1,91.0,0.0,0.0,0.0,0,7.0
2024-04-19 04:00:00,368,3.5,0.9,92.0,0.0,0.0,0.0,1,6.0
2024-04-19 05:00:00,846,3.4,0.4,92.0,0.0,0.0,0.0,3,8.0
2024-04-19 06:00:00,2491,3.4,0.3,91.0,0.0,0.0,0.0,2,9.0
2024-04-19 07:00:00,5461,4.2,1.0,88.0,0.0,0.0,0.0,0,9.5
2024-04-19 08:00:00,7973,6.3,3.3,81.0,0.0,0.0,0.0,2,9.3
2024-04-19 09:00:00,6448,8.7,5.6,69.0,0.0,0.0,0.0,3,10.1
2024-04-19 10:00:00,5134,10.4,7.9,64.0,0.0,0.0,0.0,3,7.0
2024-04-19 11:00:00,5362,12.0,10.1,60.0,0.0,0.0,0.0,3,9.7
2024-04-19 12:00:00,6343,12.9,10.3,56.0,0.0,0.0,0.0,3,14.3
2024-04-19 13:00:00,6662,12.3,8.7,55.0,0.0,0.0,0.0,3,18.1
2024-04-19 14:00:00,7714,11.9,8.4,64.0,0.0,0.0,0.0,3,19.2
2024-04-19 15:00:00,8429,12.2,9.3,67.0,0.0,0.0,0.0,3,18.5
2024-04-19 16:00:00,9157,11.6,8.1,71.0,0.0,0.0,0.0,3,18.2
2024-04-19 17:00:00,10542,10.3,6.5,73.0,0.0,0.0,0.0,3,18.9
2024-04-19 18:00:00,9257,9.4,6.1,76.0,0.0,0.0,0.0,3,14.8
2024-04-19 19:00:00,7225,8.6,5.4,79.0,0.0,0.0,0.0,3,13.7
2024-04-19 20:00:00,4809,8.1,5.4,83.0,0.0,0.0,0.0,3,10.6
2024-04-19 21:00:00,3488,7.6,5.0,84.0,0.0,0.0,0.0,3,9.6
2024-04-19 22:00:00,3273,7.9,5.5,84.0,0.0,0.0,0.0,3,8.6
2024-04-19 23:00:00,2825,7.9,5.8,86.0,0.0,0.0,0.0,3,6.7
2024-04-20 00:00:00,2128,8.0,5.7,87.0,0.0,0.0,0.0,3,8.7
2024-04-20 01:00:00,1543,8.0,6.1,88.0,0.0,0.0,0.0,3,6.6
2024-04-20 02:00:00,1026,8.1,6.2,88.0,0.0,0.0,0.0,3,6.9
2024-04-20 03:00:00,669,8.3,6.4,87.0,0.0,0.0,0.0,3,6.3
2024-04-20 04:00:00,481,8.3,6.4,88.0,0.3,0.3,0.0,51,6.5
2024-04-20 05:00:00,355,8.3,6.6,90.0,0.1,0.1,0.0,51,6.3
2024-04-20 06:00:00,626,8.4,6.8,91.0,0.1,0.1,0.0,51,5.8
2024-04-20 07:00:00,1029,8.5,6.7,94.0,0.7,0.7,0.0,53,8.4
2024-04-20 08:00:00,2294,9.1,7.7,93.0,0.2,0.2,0.0,51,6.0
2024-04-20 09:00:00,3800,9.4,7.8,94.0,0.3,0.3,0.0,51,8.3
2024-04-20 10:00:00,6018,10.9,9.4,90.0,0.0,0.0,0.0,3,8.9
2024-04-20 11:00:00,8704,14.1,12.4,71.0,0.0,0.0,0.0,2,9.1
2024-04-20 12:00:00,11045,15.7,14.9,57.0,0.0,0.0,0.0,2,8.1
2024-04-20 13:00:00,12945,17.1,15.9,48.0,0.0,0.0,0.0,0,12.0
2024-04-20 14:00:00,14000,18.2,16.1,40.0,0.0,0.0,0.0,0,15.7
2024-04-20 15:00:00,14626,18.9,15.3,36.0,0.0,0.0,0.0,1,22.3
2024-04-20 16:00:00,14032,18.4,13.2,37.0,0.0,0.0,0.0,2,27.5
2024-04-20 17:00:00,13142,17.9,12.1,31.0,0.0,0.0,0.0,1,25.9
2024-04-20 18:00:00,11680,16.8,11.9,38.0,0.0,0.0,0.0,1,21.9
2024-04-20 19:00:00,8979,14.9,9.8,40.0,0.0,0.0,0.0,0,22.1
2024-04-20 20:00:00,5668,12.7,8.2,44.0,0.0,0.0,0.0,0,17.2
2024-04-20 21:00:00,4283,10.9,5.4,46.0,0.0,0.0,0.0,0,23.0
2024-04-20 22:00:00,3439,9.0,2.9,49.0,0.0,0.0,0.0,0,25.5
2024-04-20 23:00:00,2831,7.6,1.9,49.0,0.0,0.0,0.0,0,22.1
2024-04-21 00:00:00,1924,6.3,0.7,48.0,0.0,0.0,0.0,0,20.4
2024-04-21 01:00:00,1426,5.4,0.0,48.0,0.0,0.0,0.0,0,18.2
2024-04-21 02:00:00,937,4.5,-0.2,51.0,0.0,0.0,0.0,0,13.2
2024-04-21 03:00:00,621,3.5,-0.2,58.0,0.0,0.0,0.0,0,7.3
2024-04-21 04:00:00,406,3.1,-0.7,62.0,0.0,0.0,0.0,0,8.5
2024-04-21 05:00:00,362,2.4,-1.0,67.0,0.0,0.0,0.0,3,6.0
2024-04-21 06:00:00,743,2.0,-1.4,72.0,0.0,0.0,0.0,3,6.2
2024-04-21 07:00:00,1554,3.2,-0.5,72.0,0.0,0.0,0.0,3,9.2
2024-04-21 08:00:00,2440,5.1,0.9,60.0,0.0,0.0,0.0,3,11.6
2024-04-21 09:00:00,3961,7.2,3.3,48.0,0.0,0.0,0.0,3,8.9
2024-04-21 10:00:00,5488,8.0,4.2,46.0,0.0,0.0,0.0,3,8.8
2024-04-21 11:00:00,6485,8.7,4.2,42.0,0.0,0.0,0.0,3,13.0
2024-04-21 12:00:00,7297,9.1,4.0,40.0,0.0,0.0,0.0,3,16.6
2024-04-21 13:00:00,7487,9.8,4.4,37.0,0.0,0.0,0.0,3,18.1
2024-04-21 14:00:00,7856,10.6,4.9,37.0,0.0,0.0,0.0,3,20.9
2024-04-21 15:00:00,7574,10.7,5.1,37.0,0.0,0.0,0.0,3,20.5
2024-04-21 16:00:00,7259,10.8,5.1,35.0,0.0,0.0,0.0,3,20.6
2024-04-21 17:00:00,7004,10.9,5.3,36.0,0.0,0.0,0.0,3,20.1
2024-04-21 18:00:00,6487,10.2,5.0,38.0,0.0,0.0,0.0,3,17.7
2024-04-21 19:00:00,5106,9.3,4.7,42.0,0.0,0.0,0.0,3,13.7
2024-04-21 20:00:00,3629,7.9,3.9,48.0,0.0,0.0,0.0,3,10.0
2024-04-21 21:00:00,2704,6.5,3.1,53.0,0.0,0.0,0.0,3,6.6
2024-04-21 22:00:00,1928,5.9,2.2,57.0,0.0,0.0,0.0,1,8.4
2024-04-21 23:00:00,1400,5.0,1.0,60.0,0.0,0.0,0.0,2,10.4
2024-04-22 00:00:00,861,4.8,0.2,58.0,0.0,0.0,0.0,0,13.7
2024-04-22 01:00:00,393,4.0,0.1,61.0,0.0,0.0,0.0,3,9.4
2024-04-22 02:00:00,235,3.3,-0.4,66.0,0.0,0.0,0.0,3,8.6
2024-04-22 03:00:00,157,3.1,-0.8,68.0,0.0,0.0,0.0,1,9.8
2024-04-22 04:00:00,269,2.6,-1.3,69.0,0.0,0.0,0.0,0,9.5
2024-04-22 05:00:00,913,2.2,-1.7,70.0,0.0,0.0,0.0,0,9.3
2024-04-22 06:00:00,2505,1.9,-2.0,71.0,0.0,0.0,0.0,0,9.4
2024-04-22 07:00:00,4864,2.9,-1.0,68.0,0.0,0.0,0.0,0,10.2
2024-04-22 08:00:00,7468,5.4,1.4,61.0,0.0,0.0,0.0,0,11.1
2024-04-22 09:00:00,5675,8.2,3.8,52.0,0.0,0.0,0.0,0,13.9
2024-04-22 10:00:00,4282,9.6,5.0,43.0,0.0,0.0,0.0,0,15.9
2024-04-22 11:00:00,4483,10.7,7.0,38.0,0.0,0.0,0.0,0,15.3
2024-04-22 12:00:00,5177,11.5,8.7,38.0,0.0,0.0,0.0,0,14.3
2024-04-22 13:00:00,5601,12.5,10.4,37.0,0.0,0.0,0.0,0,11.7
2024-04-22 14:00:00,6240,13.3,11.5,36.0,0.0,0.0,0.0,0,10.5
2024-04-22 15:00:00,7393,13.8,11.4,34.0,0.0,0.0,0.0,0,10.0
2024-04-22 16:00:00,8773,13.9,10.4,33.0,0.0,0.0,0.0,0,11.6
2024-04-22 17:00:00,12175,13.9,9.8,32.0,0.0,0.0,0.0,1,10.7
2024-04-22 18:00:00,11559,13.6,9.7,33.0,0.0,0.0,0.0,0,9.3
2024-04-22 19:00:00,7859,11.5,9.3,64.0,0.0,0.0,0.0,0,6.4
2024-04-22 20:00:00,4863,10.8,7.3,40.0,0.0,0.0,0.0,0,6.8
2024-04-22 21:00:00,3474,7.7,3.3,66.0,0.0,0.0,0.0,0,17.4
2024-04-22 22:00:00,2930,6.7,2.9,67.0,0.0,0.0,0.0,0,12.4
2024-04-22 23:00:00,1715,5.8,2.5,69.0,0.0,0.0,0.0,0,8.8
2024-04-23 00:00:00,870,4.1,0.8,78.0,0.0,0.0,0.0,0,8.4
2024-04-23 01:00:00,477,5.5,2.5,67.0,0.0,0.0,0.0,0,6.0
2024-04-23 02:00:00,241,3.7,0.6,76.0,0.0,0.0,0.0,0,6.9
2024-04-23 03:00:00,199,3.0,-0.4,80.0,0.0,0.0,0.0,0,8.2
2024-04-23 04:00:00,286,2.1,-1.4,84.0,0.0,0.0,0.0,0,9.1
2024-04-23 05:00:00,952,1.9,-1.5,85.0,0.0,0.0,0.0,0,8.4
2024-04-23 06:00:00,2873,1.4,-2.2,87.0,0.0,0.0,0.0,0,9.4
2024-04-23 07:00:00,5426,4.0,1.2,79.0,0.0,0.0,0.0,0,5.0
2024-04-23 08:00:00,8859,6.7,4.1,69.0,0.0,0.0,0.0,0,4.7
2024-04-23 09:00:00,7000,9.6,7.2,59.0,0.0,0.0,0.0,0,4.1
2024-04-23 10:00:00,4885,12.3,9.8,53.0,0.0,0.0,0.0,0,7.9
2024-04-23 11:00:00,4933,13.7,10.9,45.0,0.0,0.0,0.0,0,14.1
2024-04-23 12:00:00,5593,14.1,11.3,44.0,0.0,0.0,0.0,0,17.3
2024-04-23 13:00:00,6030,14.2,11.0,41.0,0.0,0.0,0.0,0,21.2
2024-04-23 14:00:00,6442,13.9,9.8,38.0,0.0,0.0,0.0,0,25.1
2024-04-23 15:00:00,7121,14.0,9.2,36.0,0.0,0.0,0.0,0,26.2
2024-04-23 16:00:00,8454,13.6,8.2,35.0,0.0,0.0,0.0,0,26.5
2024-04-23 17:00:00,12005,12.6,6.5,39.0,0.0,0.0,0.0,1,26.0
2024-04-23 18:00:00,11080,10.5,4.6,51.0,0.0,0.0,0.0,3,26.4
2024-04-23 19:00:00,7602,9.1,4.2,63.0,0.0,0.0,0.0,1,21.3
2024-04-23 20:00:00,4828,8.1,2.8,60.0,0.0,0.0,0.0,3,22.4
2024-04-23 21:00:00,3781,8.1,3.3,60.0,0.0,0.0,0.0,3,19.1
2024-04-23 22:00:00,2955,7.8,3.4,59.0,0.0,0.0,0.0,3,15.8
2024-04-23 23:00:00,1824,8.4,4.2,53.0,0.0,0.0,0.0,3,13.9
2024-04-24 00:00:00,1019,8.2,4.2,54.0,0.0,0.0,0.0,3,12.0
2024-04-24 01:00:00,491,8.1,4.2,54.0,0.0,0.0,0.0,3,11.5
2024-04-24 02:00:00,304,7.9,4.3,58.0,0.0,0.0,0.0,3,10.2
2024-04-24 03:00:00,206,7.8,4.2,61.0,0.0,0.0,0.0,3,10.7
2024-04-24 04:00:00,259,7.9,4.5,61.0,0.0,0.0,0.0,3,9.7
2024-04-24 05:00:00,954,7.9,4.7,61.0,0.0,0.0,0.0,3,8.6
2024-04-24 06:00:00,2846,7.8,4.6,63.0,0.0,0.0,0.0,3,9.1
2024-04-24 07:00:00,4284,8.6,5.0,63.0,0.0,0.0,0.0,3,12.1
2024-04-24 08:00:00,7960,9.2,6.2,66.0,0.0,0.0,0.0,3,9.7
2024-04-24 09:00:00,6862,10.3,7.5,64.0,0.0,0.0,0.0,3,9.0
2024-04-24 10:00:00,4921,12.7,10.1,60.0,0.0,0.0,0.0,1,9.8
2024-04-24 11:00:00,4952,15.9,14.2,55.0,0.0,0.0,0.0,0,11.2
2024-04-24 12:00:00,5783,18.1,16.7,45.0,0.0,0.0,0.0,0,13.4
2024-04-24 13:00:00,6256,19.2,17.3,41.0,0.0,0.0,0.0,1,17.3
2024-04-24 14:00:00,6019,19.7,17.3,38.0,0.0,0.0,0.0,2,19.1
2024-04-24 15:00:00,6876,16.7,12.6,52.0,1.4,1.4,0.0,61,29.3
2024-04-24 16:00:00,8762,16.9,12.4,45.0,0.1,0.1,0.0,51,21.9
2024-04-24 17:00:00,13226,17.3,13.7,46.0,0.0,0.0,0.0,0,17.4
2024-04-24 18:00:00,13216,15.9,11.1,49.0,0.0,0.0,0.0,1,24.9
2024-04-24 19:00:00,9569,14.4,11.4,57.0,0.0,0.0,0.0,0,14.3
2024-04-24 20:00:00,6098,12.5,9.9,66.0,0.0,0.0,0.0,0,11.4
2024-04-24 21:00:00,4678,12.5,8.9,53.0,0.0,0.0,0.0,0,14.3
2024-04-24 22:00:00,3569,11.4,7.1,55.0,0.0,0.0,0.0,0,17.8
2024-04-24 23:00:00,2197,10.3,6.1,57.0,0.0,0.0,0.0,3,16.7
2024-04-25 00:00:00,1162,9.0,4.5,63.0,0.0,0.0,0.0,0,18.5
2024-04-25 01:00:00,554,6.9,1.6,62.0,0.0,0.0,0.0,0,21.4
2024-04-25 02:00:00,337,5.7,0.6,63.0,0.0,0.0,0.0,1,19.7
2024-04-25 03:00:00,190,5.0,-0.5,59.0,0.0,0.0,0.0,1,21.1
2024-04-25 04:00:00,277,4.0,-1.2,56.0,0.0,0.0,0.0,0,17.1
2024-04-25 05:00:00,909,3.1,-1.9,54.0,0.0,0.0,0.0,0,14.5
2024-04-25 06:00:00,2793,2.3,-2.7,55.0,0.0,0.0,0.0,0,14.5
2024-04-25 07:00:00,5312,2.4,-2.6,56.0,0.0,0.0,0.0,1,14.9
2024-04-25 08:00:00,8395,3.3,-1.9,50.0,0.0,0.0,0.0,1,16.1
2024-04-25 09:00:00,6609,5.9,0.8,43.0,0.0,0.0,0.0,1,15.1
2024-04-25 10:00:00,4856,7.3,2.8,41.0,0.0,0.0,0.0,2,11.8
2024-04-25 11:00:00,4789,8.5,5.1,39.0,0.0,0.0,0.0,2,8.0
2024-04-25 12:00:00,5276,9.5,6.7,38.0,0.0,0.0,0.0,1,6.6
2024-04-25 13:00:00,5976,10.5,8.5,37.0,0.0,0.0,0.0,1,6.5
2024-04-25 14:00:00,6358,11.4,9.4,35.0,0.0,0.0,0.0,1,6.2
2024-04-25 15:00:00,7326,12.0,9.6,33.0,0.0,0.0,0.0,1,7.4
2024-04-25 16:00:00,8554,11.3,8.1,40.0,0.0,0.0,0.0,0,12.4
2024-04-25 17:00:00,11892,10.2,5.9,48.0,0.0,0.0,0.0,2,15.0
2024-04-25 18:00:00,11467,9.4,5.0,49.0,0.0,0.0,0.0,1,14.9
2024-04-25 19:00:00,7953,7.8,3.3,54.0,0.0,0.0,0.0,1,15.5
2024-04-25 20:00:00,5139,5.9,1.7,60.0,0.0,0.0,0.0,2,13.0
2024-04-25 21:00:00,3816,5.4,1.9,69.0,0.0,0.0,0.0,3,9.4
2024-04-25 22:00:00,3311,4.3,1.5,80.0,0.0,0.0,0.0,0,5.7
2024-04-25 23:00:00,2209,4.5,1.6,79.0,0.0,0.0,0.0,0,6.5
2024-04-26 00:00:00,1274,5.2,2.9,76.0,0.0,0.0,0.0,0,2.9
2024-04-26 01:00:00,665,4.9,2.6,78.0,0.0,0.0,0.0,0,2.7
2024-04-26 02:00:00,456,3.5,0.8,84.0,0.0,0.0,0.0,0,4.8
2024-04-26 03:00:00,259,1.6,-1.6,91.0,0.0,0.0,0.0,0,7.9
2024-04-26 04:00:00,329,1.3,-1.9,92.0,0.0,0.0,0.0,0,7.7
2024-04-26 05:00:00,833,1.2,-1.7,94.0,0.0,0.0,0.0,0,5.8
2024-04-26 06:00:00,2390,1.4,-1.6,94.0,0.0,0.0,0.0,0,6.4
2024-04-26 07:00:00,4562,2.8,-0.1,87.0,0.0,0.0,0.0,0,6.2
2024-04-26 08:00:00,6871,5.1,2.7,80.0,0.0,0.0,0.0,0,4.1
2024-04-26 09:00:00,6182,7.8,5.1,60.0,0.0,0.0,0.0,0,4.8
2024-04-26 10:00:00,5337,9.8,7.4,53.0,0.0,0.0,0.0,0,4.5
2024-04-26 11:00:00,5720,11.5,10.1,48.0,0.0,0.0,0.0,0,4.7
2024-04-26 12:00:00,6627,12.8,12.1,46.0,0.0,0.0,0.0,0,5.5
2024-04-26 13:00:00,6962,14.1,13.7,43.0,0.0,0.0,0.0,2,5.4
2024-04-26 14:00:00,8029,14.2,12.0,41.0,0.0,0.0,0.0,3,9.4
2024-04-26 15:00:00,8739,12.3,7.7,47.0,0.0,0.0,0.0,3,18.4
2024-04-26 16:00:00,10051,12.6,8.1,42.0,0.0,0.0,0.0,2,16.7
2024-04-26 17:00:00,11425,12.4,7.6,40.0,0.0,0.0,0.0,1,17.5
2024-04-26 18:00:00,10850,10.6,5.6,46.0,0.0,0.0,0.0,0,18.7
2024-04-26 19:00:00,7792,8.9,4.7,52.0,0.0,0.0,0.0,0,14.0
2024-04-26 20:00:00,5031,7.1,3.7,63.0,0.0,0.0,0.0,0,9.5
2024-04-26 21:00:00,3827,6.6,2.9,70.0,0.0,0.0,0.0,0,12.0
2024-04-26 22:00:00,3273,6.1,2.5,72.0,0.0,0.0,0.0,0,11.7
2024-04-26 23:00:00,2725,5.4,1.6,71.0,0.0,0.0,0.0,0,12.2
2024-04-27 00:00:00,2093,4.8,1.3,67.0,0.0,0.0,0.0,0,8.4
2024-04-27 01:00:00,1301,4.0,0.8,73.0,0.0,0.0,0.0,2,7.0
2024-04-27 02:00:00,854,3.3,0.4,81.0,0.0,0.0,0.0,3,6.1
2024-04-27 03:00:00,621,2.5,-0.6,88.0,0.0,0.0,0.0,3,7.1
2024-04-27 04:00:00,449,1.9,-1.4,90.0,0.0,0.0,0.0,2,8.7
2024-04-27 05:00:00,341,3.9,1.1,83.0,0.0,0.0,0.0,3,6.0
2024-04-27 06:00:00,910,3.9,1.2,84.0,0.0,0.0,0.0,1,5.2
2024-04-27 07:00:00,1717,4.2,1.9,82.0,0.0,0.0,0.0,3,2.5
2024-04-27 08:00:00,3152,6.4,4.1,74.0,0.0,0.0,0.0,3,3.6
2024-04-27 09:00:00,4859,9.0,6.1,58.0,0.0,0.0,0.0,3,6.5
2024-04-27 10:00:00,6728,10.7,7.4,54.0,0.0,0.0,0.0,3,9.7
2024-04-27 11:00:00,8147,12.5,9.5,49.0,0.0,0.0,0.0,3,14.1
2024-04-27 12:00:00,9314,13.4,10.1,42.0,0.0,0.0,0.0,3,17.9
2024-04-27 13:00:00,9580,13.4,9.2,38.0,0.0,0.0,0.0,3,20.1
2024-04-27 14:00:00,9440,13.8,9.1,35.0,0.0,0.0,0.0,3,24.3
2024-04-27 15:00:00,9385,13.2,7.7,38.0,0.0,0.0,0.0,3,26.3
2024-04-27 16:00:00,8001,12.3,6.3,40.0,0.0,0.0,0.0,3,25.8
2024-04-27 17:00:00,5584,11.4,5.7,43.0,0.0,0.0,0.0,3,23.9
2024-04-27 18:00:00,5903,10.5,5.3,48.0,0.0,0.0,0.0,3,21.1
2024-04-27 19:00:00,5470,9.5,5.1,59.0,0.0,0.0,0.0,3,17.1
2024-04-27 20:00:00,3868,9.0,5.1,63.0,0.0,0.0,0.0,3,14.9
2024-04-27 21:00:00,2400,9.1,5.2,56.0,0.0,0.0,0.0,3,13.3
2024-04-27 22:00:00,2814,8.4,5.0,66.0,0.3,0.3,0.0,51,11.9
2024-04-27 23:00:00,2605,8.0,4.7,72.0,0.0,0.0,0.0,3,12.0
2024-04-28 00:00:00,1840,8.0,4.9,75.0,0.0,0.0,0.0,3,10.9
2024-04-28 01:00:00,1106,8.3,5.4,76.0,0.0,0.0,0.0,3,10.3
2024-04-28 02:00:00,816,8.4,5.7,78.0,0.0,0.0,0.0,3,9.5
2024-04-28 03:00:00,667,8.5,6.5,78.0,0.0,0.0,0.0,3,5.6
2024-04-28 04:00:00,422,8.7,6.3,78.0,0.0,0.0,0.0,3,8.0
2024-04-28 05:00:00,570,8.7,6.7,80.0,0.0,0.0,0.0,3,6.1
2024-04-28 06:00:00,1249,8.6,6.9,83.0,0.0,0.0,0.0,3,4.7
2024-04-28 07:00:00,2181,9.2,7.5,84.0,0.0,0.0,0.0,2,5.8
2024-04-28 08:00:00,3427,10.8,9.1,77.0,0.0,0.0,0.0,3,5.7
2024-04-28 09:00:00,4957,12.4,11.1,76.0,0.0,0.0,0.0,3,5.7
2024-04-28 10:00:00,6574,14.4,13.2,71.0,0.0,0.0,0.0,3,7.4
2024-04-28 11:00:00,8539,16.3,16.5,68.0,0.0,0.0,0.0,3,6.6
2024-04-28 12:00:00,9960,18.2,19.2,65.0,0.0,0.0,0.0,3,7.2
2024-04-28 13:00:00,11009,20.1,21.5,62.0,0.0,0.0,0.0,3,8.9
2024-04-28 14:00:00,11287,21.8,23.0,59.0,0.0,0.0,0.0,3,11.3
2024-04-28 15:00:00,11817,22.1,22.5,59.0,0.0,0.0,0.0,3,14.4
2024-04-28 16:00:00,11977,21.1,20.4,61.0,0.0,0.0,0.0,3,16.7
2024-04-28 17:00:00,11107,19.7,18.7,67.0,0.0,0.0,0.0,3,14.7
2024-04-28 18:00:00,10071,18.6,18.2,73.0,0.0,0.0,0.0,3,10.5
2024-04-28 19:00:00,8117,17.8,18.7,76.0,0.0,0.0,0.0,3,1.9
2024-04-28 20:00:00,5545,17.3,18.0,81.0,0.4,0.4,0.0,51,4.7
2024-04-28 21:00:00,3266,16.8,17.5,90.0,0.1,0.1,0.0,51,6.9
2024-04-28 22:00:00,2636,17.7,18.7,86.0,0.0,0.0,0.0,3,4.9
2024-04-28 23:00:00,1863,16.9,17.9,92.0,0.0,0.0,0.0,2,6.0
2024-04-29 00:00:00,994,16.7,17.1,92.0,0.0,0.0,0.0,3,9.3
2024-04-29 01:00:00,598,16.2,16.3,93.0,0.0,0.0,0.0,3,10.7
2024-04-29 02:00:00,312,15.5,15.7,94.0,0.0,0.0,0.0,3,9.1
2024-04-29 03:00:00,212,15.2,15.1,93.0,0.0,0.0,0.0,3,9.7
2024-04-29 04:00:00,316,15.1,14.9,93.0,0.0,0.0,0.0,3,9.7
2024-04-29 05:00:00,1012,14.8,14.8,93.0,0.0,0.0,0.0,2,8.5
2024-04-29 06:00:00,2869,14.3,14.3,93.0,0.0,0.0,0.0,3,6.6
2024-04-29 07:00:00,5946,15.3,15.5,92.0,0.0,0.0,0.0,0,7.6
2024-04-29 08:00:00,8918,17.5,18.6,88.0,0.0,0.0,0.0,1,5.4
2024-04-29 09:00:00,6891,20.2,21.9,80.0,0.0,0.0,0.0,2,4.0
2024-04-29 10:00:00,5184,22.3,24.3,73.0,0.0,0.0,0.0,2,5.4
2024-04-29 11:00:00,5755,24.1,27.5,67.0,0.0,0.0,0.0,2,3.3
2024-04-29 12:00:00,6571,25.5,29.9,63.0,0.1,0.1,0.0,51,2.0
2024-04-29 13:00:00,7010,26.4,30.3,61.0,0.0,0.0,0.0,1,4.1
2024-04-29 14:00:00,7589,27.4,31.0,56.0,0.1,0.1,0.0,51,5.9
2024-04-29 15:00:00,8620,25.4,27.2,62.0,1.2,1.2,0.0,55,10.2
2024-04-29 16:00:00,10165,25.4,26.6,64.0,0.2,0.2,0.0,51,11.5
2024-04-29 17:00:00,11408,23.6,23.8,64.0,0.1,0.1,0.0,51,13.9
2024-04-29 18:00:00,12958,21.1,22.5,77.0,5.9,5.9,0.0,63,7.7
2024-04-29 19:00:00,8981,20.2,21.6,82.0,0.0,0.0,0.0,1,7.7
2024-04-29 20:00:00,6666,17.7,18.0,87.0,0.0,0.0,0.0,1,10.7
2024-04-29 21:00:00,4747,14.5,13.3,88.0,0.0,0.0,0.0,1,13.2
2024-04-29 22:00:00,3425,13.8,12.5,92.0,0.0,0.0,0.0,1,14.1
2024-04-29 23:00:00,2051,13.0,11.6,94.0,0.0,0.0,0.0,3,14.1
2024-04-30 00:00:00,1162,12.6,11.5,96.0,0.0,0.0,0.0,3,12.1
2024-04-30 01:00:00,591,12.0,10.9,97.0,0.0,0.0,0.0,3,10.7
2024-04-30 02:00:00,337,11.6,10.5,98.0,0.0,0.0,0.0,3,10.5
2024-04-30 03:00:00,235,11.4,10.3,99.0,0.0,0.0,0.0,3,10.1
2024-04-30 04:00:00,338,11.3,10.0,99.0,0.0,0.0,0.0,3,10.8
2024-04-30 05:00:00,1069,11.1,9.8,99.0,0.0,0.0,0.0,3,11.1
2024-04-30 06:00:00,3276,10.9,9.2,98.0,0.0,0.0,0.0,3,13.0
2024-04-30 07:00:00,6216,11.1,9.3,95.0,0.0,0.0,0.0,3,12.9
2024-04-30 08:00:00,9811,11.7,9.8,90.0,0.0,0.0,0.0,3,13.4
2024-04-30 09:00:00,7137,12.7,10.6,85.0,0.0,0.0,0.0,3,14.8
2024-04-30 10:00:00,4763,14.1,12.7,81.0,0.0,0.0,0.0,3,11.5
2024-04-30 11:00:00,4874,15.9,15.1,77.0,0.0,0.0,0.0,3,9.3
2024-04-30 12:00:00,5294,17.7,17.2,73.0,0.0,0.0,0.0,3,9.3
2024-04-30 13:00:00,5791,20.1,20.3,65.0,0.0,0.0,0.0,3,10.1
2024-04-30 14:00:00,6426,21.2,21.5,61.0,0.0,0.0,0.0,3,13.9
2024-04-30 15:00:00,7436,21.1,21.3,61.0,0.0,0.0,0.0,3,13.1
2024-04-30 16:00:00,9055,19.3,17.5,61.0,0.0,0.0,0.0,3,15.6
2024-04-30 17:00:00,13766,19.4,18.1,61.0,0.0,0.0,0.0,3,12.8
2024-04-30 18:00:00,13271,18.2,16.4,64.0,0.0,0.0,0.0,3,14.7
2024-04-30 19:00:00,8872,15.7,13.5,71.0,0.0,0.0,0.0,3,15.8
2024-04-30 20:00:00,5539,13.0,10.9,79.0,0.0,0.0,0.0,3,13.4
2024-04-30 21:00:00,4113,10.1,7.6,87.0,0.0,0.0,0.0,3,13.6
2024-04-30 22:00:00,2589,10.1,8.0,89.0,1.7,1.7,0.0,61,10.9
2024-04-30 23:00:00,1270,10.2,8.1,91.0,1.0,1.0,0.0,55,12.0
2024-05-01 00:00:00,871,9.8,8.5,94.0,0.0,0.0,0.0,3,7.1
2024-05-01 01:00:00,415,9.7,8.2,94.0,0.0,0.0,0.0,3,8.2
2024-05-01 02:00:00,250,9.7,8.5,96.0,0.4,0.4,0.0,51,6.7
2024-05-01 03:00:00,178,9.9,9.0,95.0,0.6,0.6,0.0,53,4.6
2024-05-01 04:00:00,258,10.0,9.2,94.0,0.0,0.0,0.0,3,3.6
2024-05-01 05:00:00,1043,9.7,9.0,96.0,0.0,0.0,0.0,3,2.5
2024-05-01 06:00:00,3374,9.5,8.8,96.0,0.0,0.0,0.0,2,2.5
2024-05-01 07:00:00,7450,10.2,9.4,95.0,0.0,0.0,0.0,3,4.0
2024-05-01 08:00:00,11416,11.6,11.3,94.0,0.0,0.0,0.0,3,2.9
2024-05-01 09:00:00,8078,15.0,15.2,83.0,0.0,0.0,0.0,1,3.3
2024-05-01 10:00:00,5589,17.4,18.3,78.0,0.0,0.0,0.0,0,2.0
2024-05-01 11:00:00,5844,19.8,21.4,67.0,0.0,0.0,0.0,1,4.1
2024-05-01 12:00:00,6513,22.1,22.5,52.0,0.0,0.0,0.0,1,10.0
2024-05-01 13:00:00,7034,23.5,22.9,44.0,0.0,0.0,0.0,1,14.1
2024-05-01 14:00:00,8107,23.6,22.2,41.0,0.0,0.0,0.0,2,11.0
2024-05-01 15:00:00,9204,23.9,22.7,41.0,0.0,0.0,0.0,2,7.9
2024-05-01 16:00:00,10759,23.1,21.8,49.0,0.0,0.0,0.0,3,13.4
2024-05-01 17:00:00,15213,18.2,15.9,67.0,0.0,0.0,0.0,3,19.9
2024-05-01 18:00:00,14660,16.6,15.1,72.0,0.0,0.0,0.0,0,13.7
2024-05-01 19:00:00,10020,14.9,12.4,75.0,0.0,0.0,0.0,0,18.2
2024-05-01 20:00:00,6508,12.0,9.6,86.0,0.0,0.0,0.0,0,15.9
2024-05-01 21:00:00,4546,10.2,8.1,90.0,0.0,0.0,0.0,0,12.5
2024-05-01 22:00:00,3639,9.9,7.7,92.0,0.0,0.0,0.0,1,12.2
2024-05-01 23:00:00,2122,9.6,7.9,93.0,0.0,0.0,0.0,2,8.9
2024-05-02 00:00:00,1166,9.5,7.9,93.0,0.0,0.0,0.0,3,8.2
2024-05-02 01:00:00,612,9.5,7.7,93.0,0.0,0.0,0.0,3,9.4
2024-05-02 02:00:00,367,9.9,8.1,92.0,0.0,0.0,0.0,3,9.3
2024-05-02 03:00:00,245,9.5,8.2,95.0,0.0,0.0,0.0,3,6.3
2024-05-02 04:00:00,325,9.7,8.4,95.0,0.0,0.0,0.0,3,7.2
2024-05-02 05:00:00,1031,10.1,8.7,95.0,0.0,0.0,0.0,3,8.3
2024-05-02 06:00:00,3224,10.4,9.0,95.0,0.0,0.0,0.0,3,9.5
2024-05-02 07:00:00,7115,10.9,9.8,95.0,0.0,0.0,0.0,3,7.6
2024-05-02 08:00:00,10959,12.2,11.1,91.0,0.0,0.0,0.0,3,9.5
2024-05-02 09:00:00,8004,13.5,12.3,85.0,0.0,0.0,0.0,3,10.7
2024-05-02 10:00:00,5498,16.4,15.5,77.0,0.0,0.0,0.0,2,11.5
2024-05-02 11:00:00,5562,19.1,18.9,71.0,0.0,0.0,0.0,2,11.0
2024-05-02 12:00:00,6695,22.1,23.6,63.0,0.0,0.0,0.0,0,12.1
2024-05-02 13:00:00,7037,24.4,26.5,58.0,0.0,0.0,0.0,0,11.6
2024-05-02 14:00:00,8615,26.5,28.0,43.0,0.1,0.1,0.0,51,9.4
2024-05-02 15:00:00,10176,26.4,27.3,43.0,0.3,0.3,0.0,51,5.5
2024-05-02 16:00:00,11667,26.4,27.8,43.0,0.0,0.0,0.0,0,3.0
2024-05-02 17:00:00,16471,27.0,24.2,29.0,0.0,0.0,0.0,0,15.3
2024-05-02 18:00:00,15721,26.4,23.2,31.0,0.0,0.0,0.0,0,18.7
2024-05-02 19:00:00,11886,23.4,21.0,43.0,0.0,0.0,0.0,0,16.6
2024-05-02 20:00:00,8377,20.7,17.0,44.0,0.0,0.0,0.0,0,21.0
2024-05-02 21:00:00,5856,20.9,16.2,33.0,0.0,0.0,0.0,0,22.2
2024-05-02 22:00:00,4422,18.6,14.2,42.0,0.0,0.0,0.0,0,22.4
2024-05-02 23:00:00,3389,16.8,12.9,46.0,0.0,0.0,0.0,0,18.4
2024-05-03 00:00:00,2277,15.6,12.0,51.0,0.0,0.0,0.0,0,16.5
2024-05-03 01:00:00,1088,14.5,11.4,58.0,0.0,0.0,0.0,0,14.9
2024-05-03 02:00:00,629,13.2,10.7,67.0,0.0,0.0,0.0,1,12.0
2024-05-03 03:00:00,409,11.9,10.0,83.0,0.0,0.0,0.0,3,11.8
2024-05-03 04:00:00,405,11.0,9.4,93.0,0.0,0.0,0.0,3,11.3
2024-05-03 05:00:00,972,10.4,8.5,95.0,0.0,0.0,0.0,3,11.7
2024-05-03 06:00:00,2944,9.9,7.8,95.0,0.0,0.0,0.0,3,13.1
2024-05-03 07:00:00,6367,10.4,7.5,86.0,0.0,0.0,0.0,3,16.7
2024-05-03 08:00:00,9029,11.0,7.8,77.0,0.0,0.0,0.0,3,16.8
2024-05-03 09:00:00,7153,13.3,10.5,69.0,0.0,0.0,0.0,3,14.6
2024-05-03 10:00:00,5674,13.8,11.0,64.0,0.0,0.0,0.0,3,13.9
2024-05-03 11:00:00,5994,15.2,12.6,58.0,0.0,0.0,0.0,3,15.0
2024-05-03 12:00:00,6919,16.6,15.3,55.0,0.0,0.0,0.0,3,13.9
2024-05-03 13:00:00,7599,16.5,15.2,57.0,0.0,0.0,0.0,3,12.0
2024-05-03 14:00:00,8689,16.2,14.0,58.0,0.0,0.0,0.0,3,12.9
2024-05-03 15:00:00,10076,15.7,13.0,61.0,0.0,0.0,0.0,3,15.1
2024-05-03 16:00:00,11076,15.0,11.8,60.0,0.0,0.0,0.0,3,17.2
2024-05-03 17:00:00,13345,14.1,10.7,60.0,0.0,0.0,0.0,3,17.1
2024-05-03 18:00:00,11881,13.4,9.9,60.0,0.0,0.0,0.0,3,16.3
2024-05-03 19:00:00,9112,12.3,9.2,63.0,0.0,0.0,0.0,3,13.9
2024-05-03 20:00:00,5964,11.2,8.8,69.0,0.0,0.0,0.0,3,9.5
2024-05-03 21:00:00,4471,10.0,8.0,75.0,0.0,0.0,0.0,3,6.5
2024-05-03 22:00:00,3966,9.5,7.9,81.0,0.0,0.0,0.0,3,4.3
2024-05-03 23:00:00,3068,8.8,7.2,88.0,0.0,0.0,0.0,3,4.9
2024-05-04 00:00:00,2435,9.0,7.6,86.0,0.0,0.0,0.0,3,4.5
2024-05-04 01:00:00,1668,8.2,6.8,92.0,0.0,0.0,0.0,3,4.1
2024-05-04 02:00:00,1104,8.1,6.7,94.0,0.0,0.0,0.0,1,4.4
2024-05-04 03:00:00,711,7.6,6.2,96.0,0.0,0.0,0.0,2,4.6
2024-05-04 04:00:00,500,7.3,5.7,97.0,0.0,0.0,0.0,2,5.2
2024-05-04 05:00:00,453,7.5,6.1,97.0,0.0,0.0,0.0,3,4.2
2024-05-04 06:00:00,1178,7.7,6.2,97.0,0.0,0.0,0.0,3,5.4
2024-05-04 07:00:00,2142,8.8,7.2,91.0,0.0,0.0,0.0,3,6.6
2024-05-04 08:00:00,3718,10.5,8.6,78.0,0.0,0.0,0.0,3,8.0
2024-05-04 09:00:00,5747,12.0,9.9,70.0,0.0,0.0,0.0,3,8.5
2024-05-04 10:00:00,7850,13.6,11.4,64.0,0.0,0.0,0.0,3,9.7
2024-05-04 11:00:00,9135,15.3,14.1,60.0,0.0,0.0,0.0,3,10.6
2024-05-04 12:00:00,10391,16.9,14.7,52.0,0.0,0.0,0.0,3,16.7
2024-05-04 13:00:00,10258,16.0,13.2,53.0,0.0,0.0,0.0,3,20.3
2024-05-04 14:00:00,9956,14.9,10.8,54.0,0.0,0.0,0.0,3,20.6
2024-05-04 15:00:00,9437,13.4,9.7,59.0,0.0,0.0,0.0,3,17.8
2024-05-04 16:00:00,9103,12.7,9.2,61.0,0.0,0.0,0.0,3,15.7
2024-05-04 17:00:00,8551,12.1,9.0,66.0,0.0,0.0,0.0,3,14.7
2024-05-04 18:00:00,7908,11.4,8.6,72.0,0.0,0.0,0.0,3,13.1
2024-05-04 19:00:00,6594,10.8,8.1,76.0,0.0,0.0,0.0,3,12.3
2024-05-04 20:00:00,4754,10.4,7.8,79.0,0.0,0.0,0.0,3,12.2
2024-05-04 21:00:00,3858,10.0,7.5,78.0,0.0,0.0,0.0,3,10.7
2024-05-04 22:00:00,3387,9.6,6.9,80.0,0.0,0.0,0.0,3,12.3
2024-05-04 23:00:00,2822,9.2,6.3,82.0,0.0,0.0,0.0,3,13.2
2024-05-05 00:00:00,1976,9.1,5.9,80.0,0.0,0.0,0.0,3,14.4
2024-05-05 01:00:00,1436,8.8,5.6,81.0,0.0,0.0,0.0,3,14.6
2024-05-05 02:00:00,1054,8.6,5.5,81.0,0.0,0.0,0.0,3,13.9
2024-05-05 03:00:00,735,8.7,5.1,79.0,0.0,0.0,0.0,3,16.4
2024-05-05 04:00:00,334,8.7,5.2,81.0,0.0,0.0,0.0,3,16.7
2024-05-05 05:00:00,360,8.5,5.1,85.0,0.2,0.2,0.0,51,16.3
2024-05-05 06:00:00,759,8.3,5.0,87.0,0.1,0.1,0.0,51,16.1
2024-05-05 07:00:00,1438,8.5,5.0,86.0,0.0,0.0,0.0,3,17.7
2024-05-05 08:00:00,2385,8.8,5.3,85.0,0.0,0.0,0.0,3,18.0
2024-05-05 09:00:00,3676,9.0,5.4,87.0,0.1,0.1,0.0,51,19.1
2024-05-05 10:00:00,4973,9.5,5.8,85.0,0.2,0.2,0.0,51,20.6
2024-05-05 11:00:00,4517,10.2,6.5,82.0,0.1,0.1,0.0,51,20.6
2024-05-05 12:00:00,5278,11.1,7.3,79.0,0.3,0.3,0.0,51,21.7
2024-05-05 13:00:00,5022,10.3,6.9,84.0,0.4,0.4,0.0,51,18.8
2024-05-05 14:00:00,2612,10.0,7.0,90.0,1.6,1.6,0.0,61,17.9
2024-05-05 15:00:00,1730,10.1,6.9,92.0,1.3,1.3,0.0,61,19.5
2024-05-05 16:00:00,2230,10.2,7.2,93.0,0.8,0.8,0.0,53,19.4
2024-05-05 17:00:00,2312,10.5,7.8,93.0,0.7,0.7,0.0,53,17.6
2024-05-05 18:00:00,2775,11.0,9.1,90.0,0.2,0.2,0.0,51,12.2
2024-05-05 19:00:00,1916,11.1,9.1,91.0,0.0,0.0,0.0,3,12.5
2024-05-05 20:00:00,2099,10.9,9.6,94.0,0.0,0.0,0.0,3,8.7
2024-05-05 21:00:00,1995,10.7,9.8,96.0,1.4,1.4,0.0,61,5.9
2024-05-05 22:00:00,1481,10.8,10.2,96.0,2.5,2.5,0.0,63,4.3
2024-05-05 23:00:00,1062,10.9,10.6,97.0,0.2,0.2,0.0,51,3.2
2024-05-06 00:00:00,640,11.0,10.9,97.0,0.1,0.1,0.0,51,1.8
2024-05-06 01:00:00,390,10.9,10.5,98.0,0.1,0.1,0.0,51,4.2
2024-05-06 02:00:00,247,11.0,10.7,98.0,0.0,0.0,0.0,3,3.6
2024-05-06 03:00:00,185,11.0,10.8,98.0,0.0,0.0,0.0,3,3.0
2024-05-06 04:00:00,275,11.0,10.6,99.0,0.0,0.0,0.0,3,4.2
2024-05-06 05:00:00,947,11.0,10.5,99.0,0.0,0.0,0.0,3,5.2
2024-05-06 06:00:00,2714,11.1,10.5,98.0,0.0,0.0,0.0,3,5.7
2024-05-06 07:00:00,6148,11.5,11.1,97.0,0.0,0.0,0.0,3,5.2
2024-05-06 08:00:00,9166,12.5,12.3,97.0,0.0,0.0,0.0,3,5.5
2024-05-06 09:00:00,6557,13.6,14.0,94.0,0.0,0.0,0.0,3,2.3
2024-05-06 10:00:00,4756,15.4,16.3,90.0,0.0,0.0,0.0,3,2.2
2024-05-06 11:00:00,4863,16.6,17.5,87.0,0.0,0.0,0.0,3,4.0
2024-05-06 12:00:00,5582,19.0,20.0,81.0,0.0,0.0,0.0,3,5.8
2024-05-06 13:00:00,6113,20.5,21.5,74.0,0.1,0.1,0.0,51,6.5
2024-05-06 14:00:00,7204,21.0,21.8,71.0,0.2,0.2,0.0,51,7.6
2024-05-06 15:00:00,8693,21.2,21.9,71.0,0.1,0.1,0.0,51,8.5
2024-05-06 16:00:00,10390,21.7,22.3,68.0,0.1,0.1,0.0,51,8.5
2024-05-06 17:00:00,14025,21.5,22.1,71.0,0.0,0.0,0.0,3,10.0
2024-05-06 18:00:00,13054,20.8,21.6,75.0,0.1,0.1,0.0,51,9.3
2024-05-06 19:00:00,9788,19.4,20.0,83.0,0.1,0.1,0.0,51,10.8
2024-05-06 20:00:00,6661,17.5,18.1,90.0,0.0,0.0,0.0,3,9.4
2024-05-06 21:00:00,4690,16.5,17.1,94.0,0.0,0.0,0.0,3,8.7
2024-05-06 22:00:00,3967,16.3,17.0,95.0,0.0,0.0,0.0,3,7.9
2024-05-06 23:00:00,2224,15.9,16.4,95.0,0.0,0.0,0.0,3,8.2
2024-05-07 00:00:00,1277,15.6,15.7,94.0,0.0,0.0,0.0,3,9.5
2024-05-07 01:00:00,681,14.9,14.8,94.0,0.0,0.0,0.0,3,9.7
2024-05-07 02:00:00,380,14.1,13.8,93.0,0.0,0.0,0.0,3,8.7
2024-05-07 03:00:00,303,13.5,12.6,90.0,0.0,0.0,0.0,3,9.9
2024-05-07 04:00:00,331,12.8,11.1,84.0,0.0,0.0,0.0,2,11.9
2024-05-07 05:00:00,1201,11.8,10.0,86.0,0.0,0.0,0.0,1,11.5
2024-05-07 06:00:00,3683,11.3,9.1,85.0,0.0,0.0,0.0,0,12.6
2024-05-07 07:00:00,8090,12.1,9.6,75.0,0.0,0.0,0.0,0,13.0
2024-05-07 08:00:00,12170,13.9,11.6,65.0,0.0,0.0,0.0,0,11.2
2024-05-07 09:00:00,8402,16.8,14.1,53.0,0.0,0.0,0.0,0,13.3
2024-05-07 10:00:00,5926,19.5,17.8,48.0,0.0,0.0,0.0,0,11.8
2024-05-07 11:00:00,6203,21.3,20.8,44.0,0.0,0.0,0.0,0,9.7
2024-05-07 12:00:00,6963,22.4,23.2,40.0,0.0,0.0,0.0,0,5.3
2024-05-07 13:00:00,7330,23.3,24.9,38.0,0.0,0.0,0.0,0,2.5
2024-05-07 14:00:00,8635,24.0,25.0,36.0,0.0,0.0,0.0,0,5.9
2024-05-07 15:00:00,10030,24.5,24.7,35.0,0.0,0.0,0.0,0,8.4
2024-05-07 16:00:00,11641,25.0,24.3,34.0,0.0,0.0,0.0,1,8.9
2024-05-07 17:00:00,17586,25.0,23.4,33.0,0.0,0.0,0.0,0,7.9
2024-05-07 18:00:00,16292,24.5,23.2,35.0,0.0,0.0,0.0,1,5.2
2024-05-07 19:00:00,11594,23.0,22.8,47.0,0.0,0.0,0.0,3,3.6
2024-05-07 20:00:00,7840,18.2,15.8,57.0,0.0,0.0,0.0,3,15.5
2024-05-07 21:00:00,5711,17.6,14.6,52.0,0.0,0.0,0.0,3,16.0
2024-05-07 22:00:00,4192,16.8,14.6,59.0,0.0,0.0,0.0,3,12.4
2024-05-07 23:00:00,2935,16.7,15.1,65.0,0.0,0.0,0.0,3,11.5
2024-05-08 00:00:00,1487,17.4,16.2,70.0,0.0,0.0,0.0,3,12.1
2024-05-08 01:00:00,790,16.8,16.2,78.0,0.0,0.0,0.0,2,10.8
2024-05-08 02:00:00,438,15.8,15.8,86.0,0.0,0.0,0.0,3,7.5
2024-05-08 03:00:00,262,15.3,15.5,90.0,0.0,0.0,0.0,3,7.1
2024-05-08 04:00:00,341,15.3,15.4,93.0,0.0,0.0,0.0,3,8.1
2024-05-08 05:00:00,1140,15.4,15.6,94.0,0.2,0.2,0.0,51,8.6
2024-05-08 06:00:00,3069,16.0,16.4,95.0,0.0,0.0,0.0,3,9.4
2024-05-08 07:00:00,5894,16.9,16.8,93.0,0.3,0.3,0.0,51,13.6
2024-05-08 08:00:00,7283,18.0,17.9,89.0,0.1,0.1,0.0,51,15.0
2024-05-08 09:00:00,7064,20.6,21.3,85.0,0.0,0.0,0.0,3,15.0
2024-05-08 10:00:00,5636,23.1,23.9,75.0,0.2,0.2,0.0,51,15.5
2024-05-08 11:00:00,5844,24.5,24.9,69.0,0.0,0.0,0.0,3,18.5
2024-05-08 12:00:00,6648,26.2,27.2,61.0,0.0,0.0,0.0,3,20.3
2024-05-08 13:00:00,7122,27.3,27.0,49.0,0.0,0.0,0.0,1,23.4
2024-05-08 14:00:00,8526,28.5,28.4,44.0,0.0,0.0,0.0,1,21.5
2024-05-08 15:00:00,9661,29.6,28.6,36.0,0.0,0.0,0.0,0,22.5
2024-05-08 16:00:00,11343,29.6,27.5,34.0,0.0,0.0,0.0,0,23.8
2024-05-08 17:00:00,16805,28.9,25.7,35.0,0.0,0.0,0.0,2,25.8
2024-05-08 18:00:00,15979,27.8,24.9,37.0,0.0,0.0,0.0,2,23.7
2024-05-08 19:00:00,12064,26.2,22.7,34.0,0.0,0.0,0.0,3,22.1
2024-05-08 20:00:00,8108,24.0,20.3,35.0,0.0,0.0,0.0,3,21.6
2024-05-08 21:00:00,6167,24.0,20.6,35.0,0.0,0.0,0.0,2,19.3
2024-05-08 22:00:00,5392,21.7,19.4,44.0,0.0,0.0,0.0,0,14.1
2024-05-08 23:00:00,3474,19.3,16.8,50.0,0.0,0.0,0.0,3,14.8
2024-05-09 00:00:00,1741,16.8,15.6,64.0,0.0,0.0,0.0,3,8.0
2024-05-09 01:00:00,895,15.1,14.1,72.0,0.0,0.0,0.0,3,6.7
2024-05-09 02:00:00,533,15.2,13.5,67.0,0.0,0.0,0.0,3,10.4
2024-05-09 03:00:00,349,14.7,13.2,70.0,0.0,0.0,0.0,3,8.9
2024-05-09 04:00:00,385,14.0,12.4,75.0,0.0,0.0,0.0,3,10.2
2024-05-09 05:00:00,1086,13.9,11.6,73.0,0.0,0.0,0.0,3,14.0
2024-05-09 06:00:00,3437,13.4,10.8,73.0,0.0,0.0,0.0,3,15.0
2024-05-09 07:00:00,7588,13.7,11.3,71.0,0.0,0.0,0.0,3,14.0
2024-05-09 08:00:00,11548,14.5,12.0,67.0,0.0,0.0,0.0,3,14.3
2024-05-09 09:00:00,8720,16.6,14.1,60.0,0.0,0.0,0.0,3,15.0
2024-05-09 10:00:00,6208,17.9,15.6,55.0,0.0,0.0,0.0,3,13.6
2024-05-09 11:00:00,5967,19.5,18.3,50.0,0.0,0.0,0.0,3,13.3
2024-05-09 12:00:00,6580,19.6,17.4,50.0,0.0,0.0,0.0,3,13.4
2024-05-09 13:00:00,6813,18.7,16.3,50.0,0.0,0.0,0.0,3,12.8
2024-05-09 14:00:00,7803,18.9,16.9,47.0,0.0,0.0,0.0,3,9.2
2024-05-09 15:00:00,9414,19.5,17.7,45.0,0.0,0.0,0.0,3,8.9
2024-05-09 16:00:00,10768,19.8,17.9,43.0,0.0,0.0,0.0,3,6.9
2024-05-09 17:00:00,14992,19.5,17.7,42.0,0.0,0.0,0.0,3,6.6
2024-05-09 18:00:00,13861,18.2,16.6,49.0,0.0,0.0,0.0,3,6.6
2024-05-09 19:00:00,9864,17.2,15.6,54.0,0.0,0.0,0.0,3,7.1
2024-05-09 20:00:00,6891,16.5,14.7,55.0,0.0,0.0,0.0,3,7.7
2024-05-09 21:00:00,5182,16.1,13.8,57.0,0.0,0.0,0.0,3,10.7
2024-05-09 22:00:00,4226,15.2,13.2,62.0,0.0,0.0,0.0,3,9.7
2024-05-09 23:00:00,2975,14.6,12.9,65.0,0.0,0.0,0.0,3,8.3
2024-05-10 00:00:00,1666,14.2,12.5,69.0,0.0,0.0,0.0,3,9.4
2024-05-10 01:00:00,883,12.1,9.0,78.0,0.0,0.0,0.0,3,18.2
2024-05-10 02:00:00,265,11.0,7.9,82.0,0.0,0.0,0.0,3,17.9
2024-05-10 03:00:00,150,10.3,7.0,81.0,0.3,0.3,0.0,51,17.4
2024-05-10 04:00:00,141,9.7,7.1,89.0,0.8,0.8,0.0,53,14.5
2024-05-10 05:00:00,432,9.4,6.3,90.0,1.3,1.3,0.0,61,17.6
2024-05-10 06:00:00,1902,9.1,5.7,91.0,0.9,0.9,0.0,53,19.0
2024-05-10 07:00:00,4709,8.9,5.1,91.0,0.8,0.8,0.0,53,21.1
2024-05-10 08:00:00,5965,8.7,4.8,90.0,1.1,1.1,0.0,55,22.1
2024-05-10 09:00:00,4092,8.9,5.2,89.0,0.6,0.6,0.0,53,20.5
2024-05-10 10:00:00,3352,8.9,5.4,89.0,0.6,0.6,0.0,53,19.3
2024-05-10 11:00:00,4069,9.3,5.5,84.0,0.4,0.4,0.0,51,20.1
2024-05-10 12:00:00,4524,9.5,6.1,81.0,0.4,0.4,0.0,51,17.5
2024-05-10 13:00:00,5633,9.7,6.5,80.0,0.9,0.9,0.0,53,16.1
2024-05-10 14:00:00,6253,10.7,6.9,75.0,0.5,0.5,0.0,53,19.6
2024-05-10 15:00:00,6804,10.2,6.3,74.0,0.1,0.1,0.0,51,19.9
2024-05-10 16:00:00,5738,9.7,6.0,72.0,0.2,0.2,0.0,51,16.8
2024-05-10 17:00:00,7642,9.6,6.2,66.0,0.0,0.0,0.0,3,12.5
2024-05-10 18:00:00,8317,9.5,6.7,71.0,0.0,0.0,0.0,3,9.8
2024-05-10 19:00:00,4697,9.6,7.1,72.0,0.0,0.0,0.0,3,8.4
2024-05-10 20:00:00,3471,9.2,7.3,76.0,0.0,0.0,0.0,3,5.1
2024-05-10 21:00:00,2730,9.6,8.5,84.0,0.8,0.8,0.0,53,2.2
2024-05-10 22:00:00,2747,9.1,7.8,89.0,0.9,0.9,0.0,53,4.1
2024-05-10 23:00:00,2485,8.9,8.0,92.0,0.2,0.2,0.0,51,1.8
2024-05-11 00:00:00,2156,8.5,7.2,90.0,0.0,0.0,0.0,2,3.3
2024-05-11 01:00:00,1521,8.2,6.7,90.0,0.0,0.0,0.0,2,4.4
2024-05-11 02:00:00,1094,8.3,6.4,93.0,0.0,0.0,0.0,3,8.2
2024-05-11 03:00:00,665,8.0,6.4,95.0,0.0,0.0,0.0,0,6.4
2024-05-11 04:00:00,515,7.2,5.5,97.0,0.0,0.0,0.0,0,6.3
2024-05-11 05:00:00,408,6.8,4.9,97.0,0.0,0.0,0.0,1,6.5
2024-05-11 06:00:00,990,6.6,4.4,97.0,0.0,0.0,0.0,1,7.9
2024-05-11 07:00:00,2138,7.4,5.3,96.0,0.0,0.0,0.0,1,9.1
2024-05-11 08:00:00,3703,9.5,7.9,91.0,0.0,0.0,0.0,0,7.6
2024-05-11 09:00:00,5732,11.6,8.7,63.0,0.0,0.0,0.0,0,11.3
2024-05-11 10:00:00,7899,13.0,10.6,53.0,0.0,0.0,0.0,2,9.4
2024-05-11 11:00:00,9538,14.1,12.7,49.0,0.0,0.0,0.0,3,8.7
2024-05-11 12:00:00,10442,15.1,13.4,45.0,0.0,0.0,0.0,3,12.6
2024-05-11 13:00:00,11148,15.9,13.4,40.0,0.0,0.0,0.0,3,12.8
2024-05-11 14:00:00,11215,14.9,11.8,48.0,0.0,0.0,0.0,3,15.5
2024-05-11 15:00:00,11433,13.1,9.0,60.0,0.0,0.0,0.0,3,20.2
2024-05-11 16:00:00,10665,13.5,9.7,56.0,0.0,0.0,0.0,3,17.8
2024-05-11 17:00:00,9793,13.1,9.2,55.0,0.0,0.0,0.0,3,16.9
2024-05-11 18:00:00,8844,12.2,8.4,59.0,0.0,0.0,0.0,3,16.6
2024-05-11 19:00:00,7147,11.0,7.2,64.0,0.0,0.0,0.0,3,16.6
2024-05-11 20:00:00,5156,10.0,6.5,71.0,0.0,0.0,0.0,3,15.8
2024-05-11 21:00:00,3835,9.5,5.8,71.0,0.0,0.0,0.0,3,15.9
2024-05-11 22:00:00,3586,9.2,5.8,73.0,0.0,0.0,0.0,3,14.1
2024-05-11 23:00:00,3059,9.2,6.2,74.0,0.0,0.0,0.0,3,12.4
2024-05-12 00:00:00,2321,9.1,6.3,76.0,0.0,0.0,0.0,3,10.6
2024-05-12 01:00:00,1551,9.1,6.6,77.0,0.0,0.0,0.0,3,9.1
2024-05-12 02:00:00,1010,8.9,6.6,80.0,0.1,0.1,0.0,51,8.2
2024-05-12 03:00:00,731,8.8,6.5,81.0,0.0,0.0,0.0,3,8.8
2024-05-12 04:00:00,459,8.9,6.4,80.0,0.0,0.0,0.0,3,9.6
2024-05-12 05:00:00,406,8.9,6.3,79.0,0.0,0.0,0.0,3,9.8
2024-05-12 06:00:00,537,8.7,6.3,82.0,0.3,0.3,0.0,51,9.3
2024-05-12 07:00:00,772,8.8,6.4,85.0,0.4,0.4,0.0,51,10.5
2024-05-12 08:00:00,1001,8.7,6.5,89.0,1.1,1.1,0.0,55,10.1
2024-05-12 09:00:00,1622,8.7,6.8,86.0,1.1,1.1,0.0,55,6.5
2024-05-12 10:00:00,2294,8.8,7.3,84.0,1.6,1.6,0.0,61,3.7
2024-05-12 11:00:00,2845,9.5,7.9,83.0,1.5,1.5,0.0,61,5.0
2024-05-12 12:00:00,2701,9.8,7.5,78.0,0.6,0.6,0.0,53,8.7
2024-05-12 13:00:00,4132,10.3,7.8,81.0,0.2,0.2,0.0,51,11.8
2024-05-12 14:00:00,5677,10.6,7.8,78.0,0.0,0.0,0.0,3,13.8
2024-05-12 15:00:00,6677,12.4,10.6,68.0,0.1,0.1,0.0,51,11.5
2024-05-12 16:00:00,7033,12.7,10.1,62.0,0.1,0.1,0.0,51,10.2
2024-05-12 17:00:00,7353,12.8,10.1,63.0,0.0,0.0,0.0,2,11.3
2024-05-12 18:00:00,7326,12.6,10.2,63.0,0.0,0.0,0.0,2,9.6
2024-05-12 19:00:00,5860,12.0,9.5,64.0,0.0,0.0,0.0,2,9.4
2024-05-12 20:00:00,4251,9.7,6.9,80.0,0.0,0.0,0.0,0,12.6
2024-05-12 21:00:00,3209,9.6,7.5,80.0,0.0,0.0,0.0,1,8.4
2024-05-12 22:00:00,2421,9.0,7.3,86.0,0.0,0.0,0.0,0,6.3
2024-05-12 23:00:00,1586,8.3,6.6,91.0,0.0,0.0,0.0,0,6.1
2024-05-13 00:00:00,931,7.9,6.0,91.0,0.0,0.0,0.0,0,7.4
2024-05-13 01:00:00,508,7.5,5.2,92.0,0.0,0.0,0.0,0,9.4
2024-05-13 02:00:00,306,7.0,4.7,93.0,0.0,0.0,0.0,0,8.7
2024-05-13 03:00:00,231,6.5,4.3,94.0,0.0,0.0,0.0,0,7.4
2024-05-13 04:00:00,282,6.1,4.0,96.0,0.0,0.0,0.0,0,6.5
2024-05-13 05:00:00,1081,5.8,3.8,96.0,0.0,0.0,0.0,0,6.0
2024-05-13 06:00:00,3035,5.7,3.8,97.0,0.0,0.0,0.0,0,5.3
2024-05-13 07:00:00,6735,7.4,5.5,93.0,0.0,0.0,0.0,0,6.7
2024-05-13 08:00:00,9964,9.6,8.0,85.0,0.0,0.0,0.0,0,6.5
2024-05-13 09:00:00,6740,12.4,10.3,76.0,0.0,0.0,0.0,1,10.9
2024-05-13 10:00:00,4771,14.3,12.3,69.0,0.0,0.0,0.0,3,12.4
2024-05-13 11:00:00,4991,15.2,13.2,65.0,0.0,0.0,0.0,3,11.8
2024-05-13 12:00:00,5981,16.2,14.1,61.0,0.0,0.0,0.0,3,11.4
2024-05-13 13:00:00,6368,17.2,14.9,57.0,0.0,0.0,0.0,3,12.7
2024-05-13 14:00:00,7622,18.3,15.9,52.0,0.0,0.0,0.0,3,13.4
2024-05-13 15:00:00,8806,18.5,16.4,51.0,0.0,0.0,0.0,3,11.8
2024-05-13 16:00:00,10283,19.0,17.2,50.0,0.0,0.0,0.0,3,9.5
2024-05-13 17:00:00,13990,18.7,16.3,55.0,0.0,0.0,0.0,3,14.8
2024-05-13 18:00:00,13471,16.4,13.5,69.0,0.0,0.0,0.0,0,21.5
2024-05-13 19:00:00,9764,14.7,12.4,77.0,0.0,0.0,0.0,0,16.6
2024-05-13 20:00:00,6658,13.0,9.9,79.0,0.0,0.0,0.0,0,20.4
2024-05-13 21:00:00,4763,12.0,10.6,88.0,0.0,0.0,0.0,0,9.8
2024-05-13 22:00:00,3567,11.5,10.2,93.0,0.0,0.0,0.0,0,9.6
2024-05-13 23:00:00,2098,12.4,10.7,87.0,0.0,0.0,0.0,0,11.6
2024-05-14 00:00:00,1303,12.4,10.5,83.0,0.0,0.0,0.0,1,11.9
2024-05-14 01:00:00,670,11.6,9.8,85.0,0.0,0.0,0.0,3,10.7
2024-05-14 02:00:00,377,10.9,9.2,87.0,0.0,0.0,0.0,3,9.5
2024-05-14 03:00:00,269,10.4,9.0,91.0,0.0,0.0,0.0,3,7.5
2024-05-14 04:00:00,355,9.9,8.6,93.0,0.0,0.0,0.0,3,6.0
2024-05-14 05:00:00,1272,9.4,8.2,94.0,0.0,0.0,0.0,0,5.9
2024-05-14 06:00:00,3664,9.1,7.9,95.0,0.0,0.0,0.0,2,5.8
2024-05-14 07:00:00,8230,11.3,9.8,90.0,0.0,0.0,0.0,2,9.4
2024-05-14 08:00:00,12016,13.6,12.2,79.0,0.0,0.0,0.0,2,9.0
2024-05-14 09:00:00,8568,16.1,14.8,71.0,0.0,0.0,0.0,3,10.3
2024-05-14 10:00:00,5809,18.3,17.5,66.0,0.0,0.0,0.0,3,10.0
2024-05-14 11:00:00,5991,20.5,20.7,62.0,0.0,0.0,0.0,3,12.0
2024-05-14 12:00:00,6607,21.5,21.4,59.0,0.0,0.0,0.0,3,15.1
2024-05-14 13:00:00,6703,19.8,18.4,66.0,0.0,0.0,0.0,3,16.3
2024-05-14 14:00:00,7891,19.7,19.2,72.0,0.7,0.7,0.0,53,14.2
2024-05-14 15:00:00,9023,21.5,21.2,68.0,0.0,0.0,0.0,3,15.0
2024-05-14 16:00:00,10371,20.6,19.6,73.0,0.1,0.1,0.0,51,20.0
2024-05-14 17:00:00,14852,19.3,18.8,78.0,1.5,1.5,0.0,61,16.2
2024-05-14 18:00:00,13034,17.0,16.7,88.0,0.2,0.2,0.0,51,13.2
2024-05-14 19:00:00,6894,16.5,15.4,82.0,0.0,0.0,0.0,3,14.7
2024-05-14 20:00:00,5857,16.9,15.1,79.0,0.0,0.0,0.0,3,19.5
2024-05-14 21:00:00,3473,16.2,15.1,90.0,0.7,0.7,0.0,53,18.2
2024-05-14 22:00:00,3345,15.7,15.0,91.0,1.2,1.2,0.0,55,13.9
2024-05-14 23:00:00,2028,15.7,15.4,90.0,0.0,0.0,0.0,3,11.3
2024-05-15 00:00:00,1070,14.7,14.4,94.0,0.1,0.1,0.0,51,10.5
2024-05-15 01:00:00,431,14.0,13.5,93.0,0.1,0.1,0.0,51,10.2
2024-05-15 02:00:00,208,13.5,13.2,94.0,0.2,0.2,0.0,51,7.8
2024-05-15 03:00:00,166,13.3,13.3,94.0,0.1,0.1,0.0,51,4.6
2024-05-15 04:00:00,260,13.0,13.1,95.0,0.2,0.2,0.0,51,4.3
2024-05-15 05:00:00,727,13.0,12.8,94.0,0.5,0.5,0.0,53,5.8
2024-05-15 06:00:00,2004,12.9,12.5,94.0,0.2,0.2,0.0,51,6.9
2024-05-15 07:00:00,3495,13.1,12.8,95.0,0.1,0.1,0.0,51,6.9
2024-05-15 08:00:00,4513,13.9,13.7,92.0,0.0,0.0,0.0,3,7.3
2024-05-15 09:00:00,3910,14.1,14.0,96.0,1.0,1.0,0.0,55,8.0
2024-05-15 10:00:00,3371,14.7,14.7,95.0,1.1,1.1,0.0,55,8.2
2024-05-15 11:00:00,3666,15.1,14.5,92.0,1.2,1.2,0.0,55,11.9
2024-05-15 12:00:00,4907,16.5,15.3,83.0,0.5,0.5,0.0,53,16.2
2024-05-15 13:00:00,5798,17.3,16.0,77.0,0.2,0.2,0.0,51,16.3
2024-05-15 14:00:00,6878,18.1,16.1,68.0,0.1,0.1,0.0,51,17.9
2024-05-15 15:00:00,7451,18.2,15.9,68.0,0.2,0.2,0.0,51,20.0
2024-05-15 16:00:00,7525,17.1,14.6,77.0,0.5,0.5,0.0,53,23.3
2024-05-15 17:00:00,7256,16.7,14.5,81.0,0.1,0.1,0.0,51,23.0
2024-05-15 18:00:00,7712,16.0,13.9,85.0,0.1,0.1,0.0,51,21.8
2024-05-15 19:00:00,5904,14.9,12.9,88.0,0.1,0.1,0.0,51,20.4
2024-05-15 20:00:00,4780,14.1,11.8,91.0,0.1,0.1,0.0,51,21.1
2024-05-15 21:00:00,3722,14.3,12.2,96.0,0.4,0.4,0.0,51,22.0
2024-05-15 22:00:00,3185,14.5,12.3,94.0,0.2,0.2,0.0,51,22.9
2024-05-15 23:00:00,1890,14.7,12.4,93.0,0.1,0.1,0.0,51,23.1
2024-05-16 00:00:00,1262,14.5,12.0,92.0,0.1,0.1,0.0,51,24.3
2024-05-16 01:00:00,537,14.4,11.7,92.0,0.1,0.1,0.0,51,25.2
2024-05-16 02:00:00,190,14.3,11.7,92.0,0.2,0.2,0.0,51,24.4
2024-05-16 03:00:00,144,14.1,11.5,92.0,0.1,0.1,0.0,51,24.3
2024-05-16 04:00:00,247,14.2,11.2,91.0,0.1,0.1,0.0,51,25.8
2024-05-16 05:00:00,615,14.2,11.3,90.0,0.1,0.1,0.0,51,25.8
2024-05-16 06:00:00,1835,14.3,11.5,90.0,0.1,0.1,0.0,51,24.5
2024-05-16 07:00:00,4900,14.4,11.5,89.0,0.1,0.1,0.0,51,25.1
2024-05-16 08:00:00,8484,14.7,11.9,86.0,0.1,0.1,0.0,51,24.6
2024-05-16 09:00:00,6634,15.2,12.5,89.0,0.2,0.2,0.0,51,26.4
2024-05-16 10:00:00,4886,15.8,13.3,87.0,0.2,0.2,0.0,51,25.1
2024-05-16 11:00:00,5025,16.2,13.4,84.0,0.2,0.2,0.0,51,27.2
2024-05-16 12:00:00,5811,17.4,14.4,77.0,0.3,0.3,0.0,51,27.9
2024-05-16 13:00:00,6172,17.9,15.1,75.0,0.2,0.2,0.0,51,26.9
2024-05-16 14:00:00,7362,17.6,15.1,76.0,0.2,0.2,0.0,51,24.1
2024-05-16 15:00:00,8741,17.8,16.0,78.0,0.4,0.4,0.0,51,20.3
2024-05-16 16:00:00,9809,17.3,16.2,83.0,0.3,0.3,0.0,51,17.7
2024-05-16 17:00:00,13076,17.5,16.7,82.0,0.2,0.2,0.0,51,15.1
2024-05-16 18:00:00,12062,17.4,16.3,83.0,0.3,0.3,0.0,51,17.4
2024-05-16 19:00:00,8891,16.5,14.9,85.0,0.3,0.3,0.0,51,20.1
2024-05-16 20:00:00,6463,15.4,13.7,86.0,0.2,0.2,0.0,51,18.9
2024-05-16 21:00:00,4892,15.2,14.1,92.0,0.1,0.1,0.0,51,16.5
2024-05-16 22:00:00,4343,14.7,13.4,92.0,0.0,0.0,0.0,0,16.5
2024-05-16 23:00:00,3072,14.1,12.9,92.0,0.0,0.0,0.0,0,14.4
2024-05-17 00:00:00,1811,13.6,12.3,91.0,0.0,0.0,0.0,0,13.5
2024-05-17 01:00:00,1008,13.1,11.2,90.0,0.0,0.0,0.0,0,16.3
2024-05-17 02:00:00,642,12.6,10.9,89.0,0.0,0.0,0.0,0,14.0
2024-05-17 03:00:00,382,11.9,10.4,92.0,0.0,0.0,0.0,0,11.9
2024-05-17 04:00:00,378,11.4,10.1,93.0,0.0,0.0,0.0,0,10.0
2024-05-17 05:00:00,985,11.1,9.6,94.0,0.0,0.0,0.0,1,11.2
2024-05-17 06:00:00,2747,11.4,9.8,93.0,0.0,0.0,0.0,0,11.5
2024-05-17 07:00:00,6362,12.2,10.5,91.0,0.0,0.0,0.0,3,13.7
2024-05-17 08:00:00,9117,13.9,12.4,85.0,0.0,0.0,0.0,3,13.6
2024-05-17 09:00:00,7390,15.5,14.3,80.0,0.0,0.0,0.0,3,12.7
2024-05-17 10:00:00,6142,18.0,16.7,69.0,0.0,0.0,0.0,2,13.5
2024-05-17 11:00:00,6631,20.0,19.1,60.0,0.0,0.0,0.0,3,17.7
2024-05-17 12:00:00,7707,20.6,19.5,57.0,0.0,0.0,0.0,3,15.3
2024-05-17 13:00:00,8246,21.0,19.7,56.0,0.0,0.0,0.0,3,14.6
2024-05-17 14:00:00,9554,20.9,19.6,55.0,0.0,0.0,0.0,3,11.7
2024-05-17 15:00:00,10751,21.8,20.4,52.0,0.0,0.0,0.0,3,12.6
2024-05-17 16:00:00,11758,21.6,20.3,53.0,0.0,0.0,0.0,3,12.0
2024-05-17 17:00:00,13746,20.7,20.2,61.0,0.0,0.0,0.0,3,9.9
2024-05-17 18:00:00,12692,20.0,20.1,67.0,0.0,0.0,0.0,3,7.6
2024-05-17 19:00:00,10370,19.0,19.3,73.0,0.0,0.0,0.0,3,7.2
2024-05-17 20:00:00,7742,17.3,17.9,84.0,0.0,0.0,0.0,3,5.8
2024-05-17 21:00:00,5635,17.8,18.7,74.0,0.0,0.0,0.0,3,0.8
2024-05-17 22:00:00,4749,15.4,14.8,84.0,0.0,0.0,0.0,3,10.0
2024-05-17 23:00:00,4392,14.2,13.4,83.0,0.0,0.0,0.0,3,8.1
2024-05-18 00:00:00,3301,13.3,12.4,83.0,0.0,0.0,0.0,3,7.2
2024-05-18 01:00:00,2163,12.6,12.0,88.0,0.0,0.0,0.0,3,5.7
2024-05-18 02:00:00,1469,12.6,12.2,87.0,0.0,0.0,0.0,3,4.0
2024-05-18 03:00:00,1038,12.6,12.3,88.0,0.0,0.0,0.0,3,3.6
2024-05-18 04:00:00,700,12.6,12.2,88.0,0.0,0.0,0.0,3,4.3
2024-05-18 05:00:00,862,12.6,12.1,89.0,0.0,0.0,0.0,3,4.6
2024-05-18 06:00:00,1739,12.5,11.5,88.0,0.0,0.0,0.0,3,8.7
2024-05-18 07:00:00,2582,13.3,12.2,81.0,0.0,0.0,0.0,3,7.9
2024-05-18 08:00:00,4007,13.9,12.6,74.0,0.0,0.0,0.0,3,7.7
2024-05-18 09:00:00,5930,17.5,16.3,61.0,0.0,0.0,0.0,3,8.1
2024-05-18 10:00:00,7805,18.4,17.3,57.0,0.0,0.0,0.0,3,7.4
2024-05-18 11:00:00,9264,18.7,17.9,57.0,0.0,0.0,0.0,3,5.8
2024-05-18 12:00:00,10662,20.1,20.0,55.0,0.0,0.0,0.0,3,5.6
2024-05-18 13:00:00,10640,21.1,21.4,54.0,0.0,0.0,0.0,3,6.6
2024-05-18 14:00:00,10675,21.7,21.5,54.0,0.0,0.0,0.0,3,5.0
2024-05-18 15:00:00,9612,21.4,20.1,59.0,0.0,0.0,0.0,3,15.3
2024-05-18 16:00:00,8001,19.3,18.4,71.0,0.0,0.0,0.0,3,15.1
2024-05-18 17:00:00,6606,17.5,17.1,79.0,0.2,0.2,0.0,51,11.1
2024-05-18 18:00:00,5258,16.1,16.0,84.0,0.4,0.4,0.0,51,8.4
2024-05-18 19:00:00,4339,15.5,16.0,88.0,0.3,0.3,0.0,51,4.3
2024-05-18 20:00:00,3683,15.0,16.1,94.0,0.3,0.3,0.0,51,1.5
2024-05-18 21:00:00,2982,15.3,16.1,94.0,0.3,0.3,0.0,51,4.2
2024-05-18 22:00:00,3066,14.8,14.9,93.0,0.2,0.2,0.0,51,7.2
2024-05-18 23:00:00,3025,14.0,14.2,94.0,0.1,0.1,0.0,51,5.0
2024-05-19 00:00:00,2516,13.3,13.3,96.0,0.0,0.0,0.0,1,5.1
2024-05-19 01:00:00,1950,12.7,12.9,96.0,0.0,0.0,0.0,1,3.7
2024-05-19 02:00:00,1297,12.4,12.4,98.0,0.0,0.0,0.0,1,4.0
2024-05-19 03:00:00,934,12.2,12.1,99.0,0.0,0.0,0.0,3,4.6
2024-05-19 04:00:00,579,12.4,11.9,99.0,0.0,0.0,0.0,3,8.4
2024-05-19 05:00:00,474,12.6,11.6,96.0,0.0,0.0,0.0,3,11.4
2024-05-19 06:00:00,952,12.6,11.4,92.0,0.0,0.0,0.0,3,11.5
2024-05-19 07:00:00,1567,13.1,11.4,89.0,0.0,0.0,0.0,3,13.9
2024-05-19 08:00:00,3039,13.8,11.5,84.0,0.0,0.0,0.0,3,17.9
2024-05-19 09:00:00,5022,16.4,14.4,75.0,0.0,0.0,0.0,3,17.9
2024-05-19 10:00:00,7197,17.9,16.3,70.0,0.0,0.0,0.0,3,16.5
2024-05-19 11:00:00,8757,19.6,18.0,63.0,0.0,0.0,0.0,3,15.6
2024-05-19 12:00:00,10452,20.1,18.7,61.0,0.0,0.0,0.0,3,13.9
2024-05-19 13:00:00,11781,20.9,20.0,59.0,0.0,0.0,0.0,3,11.0
2024-05-19 14:00:00,12086,21.8,21.0,56.0,0.0,0.0,0.0,3,11.6
2024-05-19 15:00:00,12653,22.5,21.6,55.0,0.0,0.0,0.0,3,12.7
2024-05-19 16:00:00,11706,22.5,22.0,55.0,0.1,0.1,0.0,51,9.7
2024-05-19 17:00:00,10901,21.8,21.6,57.0,0.0,0.0,0.0,2,8.0
2024-05-19 18:00:00,11748,19.3,18.5,72.0,0.0,0.0,0.0,2,14.5
2024-05-19 19:00:00,8993,16.7,15.6,79.0,0.0,0.0,0.0,0,13.5
2024-05-19 20:00:00,6122,14.7,13.7,85.0,0.0,0.0,0.0,1,10.8
2024-05-19 21:00:00,4196,13.3,12.2,88.0,0.0,0.0,0.0,0,9.7
2024-05-19 22:00:00,3166,12.4,11.4,91.0,0.0,0.0,0.0,0,8.3
2024-05-19 23:00:00,2120,11.8,11.4,94.0,0.0,0.0,0.0,0,4.8
2024-05-20 00:00:00,1191,11.7,11.3,93.0,0.0,0.0,0.0,0,3.8
2024-05-20 01:00:00,657,10.8,10.1,96.0,0.0,0.0,0.0,0,5.0
2024-05-20 02:00:00,445,10.5,9.7,97.0,0.0,0.0,0.0,0,5.6
2024-05-20 03:00:00,288,10.6,10.1,98.0,0.0,0.0,0.0,0,4.0
2024-05-20 04:00:00,355,10.7,9.8,97.0,0.0,0.0,0.0,1,6.6
2024-05-20 05:00:00,1133,10.4,9.7,97.0,0.0,0.0,0.0,2,4.7
2024-05-20 06:00:00,3333,10.4,9.7,99.0,0.0,0.0,0.0,3,4.9
2024-05-20 07:00:00,7143,11.2,10.8,98.0,0.0,0.0,0.0,3,5.0
2024-05-20 08:00:00,10922,13.5,13.7,92.0,0.0,0.0,0.0,1,3.6
2024-05-20 09:00:00,7723,16.3,16.6,77.0,0.0,0.0,0.0,0,3.4
2024-05-20 10:00:00,5648,17.9,18.9,72.0,0.0,0.0,0.0,0,2.3
2024-05-20 11:00:00,5595,20.0,22.2,66.0,0.0,0.0,0.0,3,1.0
2024-05-20 12:00:00,6627,21.8,24.4,60.0,0.0,0.0,0.0,3,0.7
2024-05-20 13:00:00,7159,23.9,25.8,54.0,0.0,0.0,0.0,3,3.0
2024-05-20 14:00:00,8362,24.1,25.4,55.0,0.0,0.0,0.0,2,12.1
2024-05-20 15:00:00,9612,21.9,22.2,67.0,0.0,0.0,0.0,0,17.8
2024-05-20 16:00:00,11104,21.1,20.6,65.0,0.0,0.0,0.0,3,18.2
2024-05-20 17:00:00,15245,20.2,18.7,66.0,0.0,0.0,0.0,3,18.4
2024-05-20 18:00:00,14396,18.2,16.5,71.0,0.0,0.0,0.0,3,17.4
2024-05-20 19:00:00,10688,16.8,15.1,75.0,0.0,0.0,0.0,2,16.4
2024-05-20 20:00:00,7168,15.1,14.0,83.0,0.0,0.0,0.0,0,11.8
2024-05-20 21:00:00,5131,14.5,13.6,84.0,0.0,0.0,0.0,0,9.7
2024-05-20 22:00:00,3590,13.8,13.1,88.0,0.0,0.0,0.0,3,9.0
2024-05-20 23:00:00,2280,13.3,12.6,91.0,0.0,0.0,0.0,2,8.9
2024-05-21 00:00:00,1218,12.8,12.3,95.0,0.0,0.0,0.0,3,7.4
2024-05-21 01:00:00,618,12.5,12.0,96.0,0.0,0.0,0.0,3,7.1
2024-05-21 02:00:00,412,12.3,11.7,96.0,0.0,0.0,0.0,3,7.2
2024-05-21 03:00:00,279,12.2,11.6,96.0,0.0,0.0,0.0,3,7.2
2024-05-21 04:00:00,335,12.0,11.5,97.0,0.0,0.0,0.0,3,7.1
2024-05-21 05:00:00,1208,11.9,11.1,97.0,0.0,0.0,0.0,3,8.0
2024-05-21 06:00:00,3770,11.9,11.2,97.0,0.0,0.0,0.0,2,7.8
2024-05-21 07:00:00,8115,13.3,12.6,92.0,0.0,0.0,0.0,3,9.1
2024-05-21 08:00:00,12415,15.3,15.0,86.0,0.0,0.0,0.0,1,8.9
2024-05-21 09:00:00,8698,18.4,19.2,81.0,0.0,0.0,0.0,0,5.9
2024-05-21 10:00:00,6000,20.4,22.1,76.0,0.0,0.0,0.0,0,6.3
2024-05-21 11:00:00,5900,22.6,25.3,71.0,0.0,0.0,0.0,0,7.5
2024-05-21 12:00:00,6668,24.6,27.9,67.0,0.0,0.0,0.0,0,9.9
2024-05-21 13:00:00,7164,26.1,29.5,62.0,0.0,0.0,0.0,0,11.9
2024-05-21 14:00:00,8518,26.6,29.4,60.0,0.0,0.0,0.0,0,14.2
2024-05-21 15:00:00,9960,26.0,28.4,64.0,0.0,0.0,0.0,0,16.2
2024-05-21 16:00:00,11876,25.1,26.9,68.0,0.0,0.0,0.0,0,15.6
2024-05-21 17:00:00,17212,23.1,23.9,74.0,0.0,0.0,0.0,1,15.7
2024-05-21 18:00:00,16109,21.0,21.4,78.0,0.0,0.0,0.0,1,13.6
2024-05-21 19:00:00,11811,19.2,19.4,81.0,0.0,0.0,0.0,3,11.7
2024-05-21 20:00:00,8631,17.7,17.7,84.0,0.0,0.0,0.0,3,11.2
2024-05-21 21:00:00,6416,19.1,20.4,84.0,0.0,0.0,0.0,3,6.2
2024-05-21 22:00:00,4759,19.0,20.1,83.0,0.0,0.0,0.0,3,6.9
2024-05-21 23:00:00,3165,19.3,19.5,76.0,0.0,0.0,0.0,1,10.5
2024-05-22 00:00:00,1635,18.8,18.6,76.0,0.0,0.0,0.0,3,11.3
2024-05-22 01:00:00,884,17.9,17.8,82.0,0.0,0.0,0.0,2,10.9
2024-05-22 02:00:00,500,17.1,17.2,86.0,0.0,0.0,0.0,2,10.2
2024-05-22 03:00:00,301,16.3,16.0,87.0,0.0,0.0,0.0,1,11.7
2024-05-22 04:00:00,358,15.7,15.1,88.0,0.0,0.0,0.0,1,11.7
2024-05-22 05:00:00,1197,15.2,14.9,90.0,0.0,0.0,0.0,3,10.0
2024-05-22 06:00:00,3808,15.1,14.8,91.0,0.0,0.0,0.0,3,10.0
2024-05-22 07:00:00,8405,16.6,16.5,86.0,0.0,0.0,0.0,3,9.4
2024-05-22 08:00:00,12797,18.5,18.9,79.0,0.0,0.0,0.0,0,8.4
2024-05-22 09:00:00,8916,21.4,21.8,70.0,0.0,0.0,0.0,0,11.2
2024-05-22 10:00:00,6436,23.6,24.6,65.0,0.0,0.0,0.0,0,11.8
2024-05-22 11:00:00,6336,25.6,27.2,57.0,0.0,0.0,0.0,0,13.3
2024-05-22 12:00:00,7180,27.0,28.4,51.0,0.0,0.0,0.0,0,16.1
2024-05-22 13:00:00,7707,27.9,29.7,49.0,0.0,0.0,0.0,0,15.8
2024-05-22 14:00:00,9115,27.1,29.0,57.0,0.0,0.0,0.0,0,19.1
2024-05-22 15:00:00,10190,25.4,26.5,65.0,0.0,0.0,0.0,0,22.4
2024-05-22 16:00:00,12117,23.9,24.1,66.0,0.0,0.0,0.0,0,21.5
2024-05-22 17:00:00,17188,22.9,22.4,68.0,0.0,0.0,0.0,0,19.2
2024-05-22 18:00:00,16638,22.3,22.2,71.0,0.0,0.0,0.0,0,16.8
2024-05-22 19:00:00,12041,21.8,22.2,73.0,0.0,0.0,0.0,1,13.9
2024-05-22 20:00:00,8874,21.9,21.6,71.0,0.0,0.0,0.0,1,17.7
2024-05-22 21:00:00,6492,22.3,22.6,71.0,0.0,0.0,0.0,3,14.3
2024-05-22 22:00:00,5249,22.5,22.6,70.0,0.0,0.0,0.0,2,15.3
2024-05-22 23:00:00,3838,21.8,22.0,73.0,0.0,0.0,0.0,0,14.9
2024-05-23 00:00:00,1997,20.9,21.5,77.0,0.0,0.0,0.0,3,12.2
2024-05-23 01:00:00,1084,20.2,20.9,81.0,0.0,0.0,0.0,0,11.5
2024-05-23 02:00:00,550,19.8,20.5,83.0,0.0,0.0,0.0,2,11.8
2024-05-23 03:00:00,331,19.5,20.3,85.0,0.0,0.0,0.0,3,11.0
2024-05-23 04:00:00,384,19.0,19.9,87.0,0.0,0.0,0.0,3,10.1
2024-05-23 05:00:00,1195,18.5,19.6,89.0,0.0,0.0,0.0,3,8.5
2024-05-23 06:00:00,3528,18.5,19.4,89.0,0.0,0.0,0.0,3,9.7
2024-05-23 07:00:00,7841,19.5,20.4,87.0,0.0,0.0,0.0,3,11.1
2024-05-23 08:00:00,11411,20.9,22.3,82.0,0.2,0.2,0.0,51,9.4
2024-05-23 09:00:00,5785,21.3,23.6,85.0,1.0,1.0,0.0,55,6.1
2024-05-23 10:00:00,2729,22.9,25.5,81.0,0.4,0.4,0.0,51,6.5
2024-05-23 11:00:00,4569,22.3,24.9,83.0,0.6,0.6,0.0,53,6.7
2024-05-23 12:00:00,5883,22.8,24.7,78.0,0.0,0.0,0.0,3,10.0
2024-05-23 13:00:00,6477,23.9,26.5,72.0,0.0,0.0,0.0,3,2.9
2024-05-23 14:00:00,7605,24.2,26.7,69.0,0.0,0.0,0.0,3,3.3
2024-05-23 15:00:00,9678,25.7,27.3,59.0,0.0,0.0,0.0,3,5.4
2024-05-23 16:00:00,11280,26.6,27.7,49.0,0.0,0.0,0.0,3,8.9
2024-05-23 17:00:00,14739,26.2,26.2,51.0,0.0,0.0,0.0,2,12.0
2024-05-23 18:00:00,14248,26.0,25.8,54.0,0.0,0.0,0.0,3,15.1
2024-05-23 19:00:00,11152,25.2,25.7,58.0,0.0,0.0,0.0,3,11.0
2024-05-23 20:00:00,8282,23.3,24.3,65.0,0.0,0.0,0.0,3,7.6
2024-05-23 21:00:00,6247,20.7,22.1,77.0,0.0,0.0,0.0,0,5.7
2024-05-23 22:00:00,5075,20.3,21.2,77.0,0.0,0.0,0.0,0,8.4
2024-05-23 23:00:00,3571,19.4,20.2,82.0,0.0,0.0,0.0,0,9.7
2024-05-24 00:00:00,2315,18.4,19.1,87.0,0.0,0.0,0.0,0,9.6
2024-05-24 01:00:00,1269,17.8,18.4,88.0,0.0,0.0,0.0,0,9.8
2024-05-24 02:00:00,795,17.2,17.8,90.0,0.0,0.0,0.0,1,8.8
2024-05-24 03:00:00,513,16.5,17.3,93.0,0.0,0.0,0.0,0,6.5
2024-05-24 04:00:00,458,15.9,16.6,95.0,0.0,0.0,0.0,3,6.2
2024-05-24 05:00:00,1077,15.8,16.6,95.0,0.0,0.0,0.0,3,5.8
2024-05-24 06:00:00,2996,15.4,16.3,97.0,0.0,0.0,0.0,3,5.2
2024-05-24 07:00:00,6302,16.8,17.7,92.0,0.0,0.0,0.0,3,6.3
2024-05-24 08:00:00,8889,18.6,19.5,82.0,0.0,0.0,0.0,3,6.4
2024-05-24 09:00:00,7784,22.3,22.4,58.0,0.0,0.0,0.0,3,6.8
2024-05-24 10:00:00,6887,24.5,24.0,42.0,0.0,0.0,0.0,0,7.6
2024-05-24 11:00:00,7361,25.7,25.2,32.0,0.0,0.0,0.0,0,9.9
2024-05-24 12:00:00,8469,26.3,25.6,28.0,0.0,0.0,0.0,0,12.1
2024-05-24 13:00:00,9504,26.8,26.1,27.0,0.0,0.0,0.0,0,13.5
2024-05-24 14:00:00,10855,27.3,26.8,28.0,0.0,0.0,0.0,0,13.1
2024-05-24 15:00:00,11892,27.6,26.6,27.0,0.0,0.0,0.0,0,14.6
2024-05-24 16:00:00,12578,27.8,25.8,26.0,0.0,0.0,0.0,0,16.5
2024-05-24 17:00:00,13422,27.9,24.8,27.0,0.0,0.0,0.0,0,17.9
2024-05-24 18:00:00,12441,27.6,26.1,31.0,0.0,0.0,0.0,0,8.9
2024-05-24 19:00:00,10465,25.5,27.0,55.0,0.0,0.0,0.0,0,3.3
2024-05-24 20:00:00,7672,21.6,21.9,63.0,0.0,0.0,0.0,0,7.9
2024-05-24 21:00:00,5838,22.7,22.0,45.0,0.0,0.0,0.0,0,4.5
2024-05-24 22:00:00,5073,20.1,19.7,57.0,0.0,0.0,0.0,0,5.8
2024-05-24 23:00:00,4248,17.5,17.2,73.0,0.0,0.0,0.0,0,7.7
2024-05-25 00:00:00,3145,17.0,17.1,79.0,0.0,0.0,0.0,0,6.0
2024-05-25 01:00:00,2013,16.7,15.0,69.0,0.0,0.0,0.0,0,13.8
2024-05-25 02:00:00,1416,16.6,14.8,65.0,0.0,0.0,0.0,0,12.7
2024-05-25 03:00:00,912,15.6,14.4,71.0,0.0,0.0,0.0,1,9.2
2024-05-25 04:00:00,615,14.3,13.6,79.0,0.0,0.0,0.0,2,6.0
2024-05-25 05:00:00,555,13.8,13.1,81.0,0.0,0.0,0.0,3,6.0
2024-05-25 06:00:00,1113,14.9,14.6,74.0,0.0,0.0,0.0,3,2.9
2024-05-25 07:00:00,2128,15.7,15.1,74.0,0.0,0.0,0.0,0,6.6
2024-05-25 08:00:00,3574,17.6,16.5,61.0,0.0,0.0,0.0,1,6.9
2024-05-25 09:00:00,5622,20.2,19.1,53.0,0.0,0.0,0.0,0,8.1
2024-05-25 10:00:00,7024,21.8,21.7,49.0,0.0,0.0,0.0,2,6.4
2024-05-25 11:00:00,8218,23.4,24.4,47.0,0.0,0.0,0.0,3,5.8
2024-05-25 12:00:00,9482,24.7,26.3,45.0,0.0,0.0,0.0,1,7.2
2024-05-25 13:00:00,10061,25.6,26.5,43.0,0.0,0.0,0.0,2,12.4
2024-05-25 14:00:00,10219,25.2,24.9,40.0,0.0,0.0,0.0,2,16.8
2024-05-25 15:00:00,10442,24.7,24.1,40.0,0.0,0.0,0.0,3,15.8
2024-05-25 16:00:00,10075,23.9,22.4,42.0,0.0,0.0,0.0,3,16.1
2024-05-25 17:00:00,9959,21.7,19.7,50.0,0.0,0.0,0.0,3,15.9
2024-05-25 18:00:00,9555,20.3,18.9,60.0,0.0,0.0,0.0,0,14.3
2024-05-25 19:00:00,8429,18.8,17.9,69.0,0.0,0.0,0.0,0,12.0
2024-05-25 20:00:00,6308,16.7,15.8,80.0,0.0,0.0,0.0,1,12.6
2024-05-25 21:00:00,4858,16.8,16.3,76.0,0.0,0.0,0.0,3,9.0
2024-05-25 22:00:00,4278,15.7,15.6,85.0,0.0,0.0,0.0,3,8.0
2024-05-25 23:00:00,3751,15.7,15.7,89.0,0.0,0.0,0.0,3,8.8
2024-05-26 00:00:00,2644,15.8,16.2,93.0,0.0,0.0,0.0,3,7.2
2024-05-26 01:00:00,1906,15.8,17.2,97.0,0.1,0.1,0.0,51,1.9
2024-05-26 02:00:00,1319,15.8,17.4,94.0,0.0,0.0,0.0,3,0.4
2024-05-26 03:00:00,857,15.4,16.7,97.0,0.0,0.0,0.0,3,2.2
2024-05-26 04:00:00,629,15.2,16.3,98.0,0.0,0.0,0.0,3,4.0
2024-05-26 05:00:00,490,14.9,15.9,99.0,0.0,0.0,0.0,3,3.4
2024-05-26 06:00:00,847,15.2,15.8,98.0,0.1,0.1,0.0,51,6.8
2024-05-26 07:00:00,1510,16.2,17.0,94.0,0.0,0.0,0.0,2,6.8
2024-05-26 08:00:00,2578,17.8,18.8,89.0,0.0,0.0,0.0,1,7.1
2024-05-26 09:00:00,4284,20.2,21.8,88.0,0.0,0.0,0.0,3,9.3
2024-05-26 10:00:00,6262,22.2,24.2,78.0,0.0,0.0,0.0,3,8.9
2024-05-26 11:00:00,7691,24.0,26.9,70.0,0.0,0.0,0.0,0,8.2
2024-05-26 12:00:00,8969,25.0,28.2,66.0,0.0,0.0,0.0,1,9.8
2024-05-26 13:00:00,9436,25.3,27.9,64.0,0.0,0.0,0.0,1,10.8
2024-05-26 14:00:00,9957,25.6,27.9,61.0,0.0,0.0,0.0,1,12.2
2024-05-26 15:00:00,9906,25.2,26.8,64.0,0.0,0.0,0.0,1,15.5
2024-05-26 16:00:00,9829,23.9,24.8,69.0,0.0,0.0,0.0,1,15.5
2024-05-26 17:00:00,9882,21.8,22.3,78.0,0.0,0.0,0.0,3,16.0
2024-05-26 18:00:00,9524,20.2,20.8,83.0,0.0,0.0,0.0,3,13.7
2024-05-26 19:00:00,8463,19.2,20.1,87.0,0.0,0.0,0.0,3,11.0
2024-05-26 20:00:00,6420,18.1,18.6,93.0,0.0,0.0,0.0,3,13.0
2024-05-26 21:00:00,4676,18.3,19.7,99.0,0.0,0.0,0.0,3,10.3
2024-05-26 22:00:00,4011,18.2,19.0,98.0,0.0,0.0,0.0,3,14.2
2024-05-26 23:00:00,3318,18.2,19.1,97.0,0.0,0.0,0.0,3,13.3
2024-05-27 00:00:00,2176,18.0,18.7,97.0,0.0,0.0,0.0,3,13.3
2024-05-27 01:00:00,1391,17.3,17.7,98.0,0.0,0.0,0.0,3,14.0
2024-05-27 02:00:00,829,16.6,16.9,99.0,0.0,0.0,0.0,3,13.2
2024-05-27 03:00:00,561,16.3,16.4,99.0,0.0,0.0,0.0,3,13.6
2024-05-27 04:00:00,464,16.4,16.5,97.0,0.0,0.0,0.0,3,13.8
2024-05-27 05:00:00,444,16.5,16.3,98.0,0.6,0.6,0.0,53,16.2
2024-05-27 06:00:00,959,16.5,16.6,99.0,0.0,0.0,0.0,3,14.2
2024-05-27 07:00:00,770,16.7,16.9,97.0,0.0,0.0,0.0,3,13.5
2024-05-27 08:00:00,1959,16.8,17.3,97.0,0.3,0.3,0.0,51,11.2
2024-05-27 09:00:00,3118,19.5,20.1,92.0,0.1,0.1,0.0,51,16.3
2024-05-27 10:00:00,4678,19.9,20.2,92.0,0.3,0.3,0.0,51,19.6
2024-05-27 11:00:00,6386,21.2,20.7,85.0,0.1,0.1,0.0,51,25.1
2024-05-27 12:00:00,7282,20.6,20.7,89.0,0.1,0.1,0.0,51,21.8
2024-05-27 13:00:00,5265,21.6,21.0,83.0,0.1,0.1,0.0,51,26.0
2024-05-27 14:00:00,2407,21.4,20.9,84.0,2.6,2.6,0.0,63,24.8
2024-05-27 15:00:00,1652,19.8,20.4,94.0,3.9,3.9,0.0,63,18.3
2024-05-27 16:00:00,4082,20.5,20.8,95.0,1.2,1.2,0.0,55,23.0
2024-05-27 17:00:00,4641,19.1,19.8,97.0,1.4,1.4,0.0,61,17.2
2024-05-27 18:00:00,4892,18.5,19.3,97.0,1.4,1.4,0.0,61,14.4
2024-05-27 19:00:00,3340,18.7,19.0,95.0,3.5,3.5,0.0,63,16.9
2024-05-27 20:00:00,3406,18.7,18.9,95.0,0.8,0.8,0.0,53,17.7
2024-05-27 21:00:00,2914,17.6,19.1,97.0,7.9,7.9,0.0,65,7.1
2024-05-27 22:00:00,2412,17.7,18.7,97.0,8.9,8.9,0.0,65,10.7
2024-05-27 23:00:00,1756,17.7,19.0,97.0,6.2,6.2,0.0,63,8.2
2024-05-28 00:00:00,1127,17.7,19.1,98.0,0.0,0.0,0.0,3,9.0
2024-05-28 01:00:00,723,18.1,19.5,97.0,0.0,0.0,0.0,3,9.4
2024-05-28 02:00:00,443,18.2,19.9,97.0,0.0,0.0,0.0,3,7.4
2024-05-28 03:00:00,289,18.3,20.1,97.0,0.0,0.0,0.0,3,7.5
2024-05-28 04:00:00,355,18.2,19.7,98.0,0.0,0.0,0.0,3,9.3
2024-05-28 05:00:00,1201,18.5,19.8,98.0,0.0,0.0,0.0,2,11.2
2024-05-28 06:00:00,3541,18.2,19.0,95.0,0.0,0.0,0.0,0,12.4
2024-05-28 07:00:00,7833,18.5,18.9,91.0,0.0,0.0,0.0,0,14.8
2024-05-28 08:00:00,11733,19.5,19.5,83.0,0.0,0.0,0.0,0,16.3
2024-05-28 09:00:00,7924,21.1,20.7,73.0,0.0,0.0,0.0,0,16.7
2024-05-28 10:00:00,5586,21.9,21.3,66.0,0.0,0.0,0.0,0,18.6
2024-05-28 11:00:00,5845,22.8,22.9,59.0,0.0,0.0,0.0,0,17.8
2024-05-28 12:00:00,6458,23.8,23.9,53.0,0.0,0.0,0.0,0,19.1
2024-05-28 13:00:00,7086,25.1,24.8,44.0,0.0,0.0,0.0,0,18.8
2024-05-28 14:00:00,8260,26.1,24.5,38.0,0.0,0.0,0.0,0,23.3
2024-05-28 15:00:00,9591,25.6,23.1,39.0,0.0,0.0,0.0,0,26.5
2024-05-28 16:00:00,11788,25.7,23.5,39.0,0.0,0.0,0.0,0,23.0
2024-05-28 17:00:00,16308,25.6,22.7,39.0,0.0,0.0,0.0,0,22.7
2024-05-28 18:00:00,15625,25.0,22.3,42.0,0.0,0.0,0.0,0,21.2
2024-05-28 19:00:00,11762,23.7,21.9,48.0,0.0,0.0,0.0,0,16.8
2024-05-28 20:00:00,8348,22.2,20.5,51.0,0.0,0.0,0.0,0,15.3
2024-05-28 21:00:00,5669,19.3,18.3,62.0,0.0,0.0,0.0,1,11.0
2024-05-28 22:00:00,4281,17.9,17.5,70.0,0.0,0.0,0.0,0,7.6
2024-05-28 23:00:00,3018,17.0,16.2,75.0,0.0,0.0,0.0,0,11.3
2024-05-29 00:00:00,1604,16.2,15.6,79.0,0.0,0.0,0.0,0,9.9
2024-05-29 01:00:00,836,15.5,14.7,81.0,0.0,0.0,0.0,0,10.5
2024-05-29 02:00:00,482,14.9,14.3,83.0,0.0,0.0,0.0,0,8.5
2024-05-29 03:00:00,304,14.4,13.9,86.0,0.0,0.0,0.0,0,7.6
2024-05-29 04:00:00,350,13.8,13.4,90.0,0.0,0.0,0.0,0,7.3
2024-05-29 05:00:00,1299,13.5,12.9,91.0,0.0,0.0,0.0,0,8.5
2024-05-29 06:00:00,3873,13.3,12.7,91.0,0.0,0.0,0.0,0,8.5
2024-05-29 07:00:00,8362,14.6,14.0,84.0,0.0,0.0,0.0,0,8.0
2024-05-29 08:00:00,12716,16.2,15.5,77.0,0.0,0.0,0.0,0,9.0
2024-05-29 09:00:00,8986,18.7,17.8,64.0,0.0,0.0,0.0,0,10.0
2024-05-29 10:00:00,6270,20.0,19.8,57.0,0.0,0.0,0.0,0,7.9
2024-05-29 11:00:00,6195,21.2,22.2,53.0,0.0,0.0,0.0,1,5.5
2024-05-29 12:00:00,6950,21.6,22.6,50.0,0.1,0.1,0.0,51,3.3
2024-05-29 13:00:00,7350,22.4,23.4,47.0,0.0,0.0,0.0,1,5.5
2024-05-29 14:00:00,8604,23.0,24.1,47.0,0.0,0.0,0.0,1,5.9
2024-05-29 15:00:00,9849,23.4,24.4,46.0,0.0,0.0,0.0,0,5.6
2024-05-29 16:00:00,11522,23.8,24.6,45.0,0.0,0.0,0.0,1,5.0
2024-05-29 17:00:00,16882,23.6,23.1,45.0,0.0,0.0,0.0,1,5.8
2024-05-29 18:00:00,15718,20.9,20.1,64.0,1.0,1.0,0.0,55,13.8
2024-05-29 19:00:00,11658,20.0,18.9,66.0,0.0,0.0,0.0,3,15.3
2024-05-29 20:00:00,8102,16.6,15.8,87.0,1.2,1.2,0.0,55,15.8
2024-05-29 21:00:00,1428,16.6,16.8,89.0,3.4,3.4,0.0,63,8.9
2024-05-29 22:00:00,1457,16.6,17.8,89.0,3.8,3.8,0.0,63,2.7
2024-05-29 23:00:00,1033,16.6,17.3,91.0,2.8,2.8,0.0,63,6.8
2024-05-30 00:00:00,610,16.3,16.7,88.0,1.7,1.7,0.0,61,7.1
2024-05-30 01:00:00,460,15.6,15.3,88.0,1.1,1.1,0.0,55,10.1
2024-05-30 02:00:00,359,14.7,14.7,89.0,0.2,0.2,0.0,51,5.9
2024-05-30 03:00:00,264,14.6,13.7,88.0,0.0,0.0,0.0,3,12.4
2024-05-30 04:00:00,234,14.0,12.2,88.0,0.0,0.0,0.0,3,17.1
2024-05-30 05:00:00,750,13.6,12.2,91.0,0.1,0.1,0.0,51,13.6
2024-05-30 06:00:00,3312,13.2,11.9,91.0,0.1,0.1,0.0,51,12.9
2024-05-30 07:00:00,7619,13.5,11.8,87.0,0.0,0.0,0.0,0,14.6
2024-05-30 08:00:00,11433,14.4,12.1,80.0,0.0,0.0,0.0,0,18.3
2024-05-30 09:00:00,8395,15.3,12.5,73.0,0.0,0.0,0.0,1,19.9
2024-05-30 10:00:00,6034,16.7,14.0,65.0,0.0,0.0,0.0,1,20.4
2024-05-30 11:00:00,6031,17.9,15.4,57.0,0.0,0.0,0.0,2,18.8
2024-05-30 12:00:00,6902,18.6,15.8,52.0,0.0,0.0,0.0,3,18.6
2024-05-30 13:00:00,7193,19.7,17.9,47.0,0.0,0.0,0.0,2,15.7
2024-05-30 14:00:00,8575,20.5,19.2,43.0,0.0,0.0,0.0,2,14.0
2024-05-30 15:00:00,9984,20.7,18.7,41.0,0.0,0.0,0.0,3,14.3
2024-05-30 16:00:00,11688,20.5,18.2,42.0,0.0,0.0,0.0,1,13.1
2024-05-30 17:00:00,16338,20.1,17.7,42.0,0.0,0.0,0.0,1,11.3
2024-05-30 18:00:00,15237,19.9,17.3,39.0,0.0,0.0,0.0,1,10.6
2024-05-30 19:00:00,11553,19.3,17.3,43.0,0.0,0.0,0.0,1,7.9
2024-05-30 20:00:00,8383,17.5,16.0,55.0,0.0,0.0,0.0,1,7.2
2024-05-30 21:00:00,6095,15.0,13.7,67.0,0.0,0.0,0.0,2,7.0
2024-05-30 22:00:00,5107,14.2,13.1,74.0,0.0,0.0,0.0,3,6.5
2024-05-30 23:00:00,3921,15.3,14.0,68.0,0.0,0.0,0.0,3,7.4
2024-05-31 00:00:00,2300,15.1,12.8,62.0,0.0,0.0,0.0,1,12.0
2024-05-31 01:00:00,1175,14.0,10.8,57.0,0.0,0.0,0.0,1,14.1
2024-05-31 02:00:00,689,13.3,10.0,57.0,0.0,0.0,0.0,2,14.0
2024-05-31 03:00:00,467,12.9,9.8,59.0,0.0,0.0,0.0,2,13.0
2024-05-31 04:00:00,439,12.9,9.6,58.0,0.0,0.0,0.0,3,13.8
2024-05-31 05:00:00,1129,12.7,9.5,58.0,0.0,0.0,0.0,3,13.0
2024-05-31 06:00:00,3210,12.3,9.3,62.0,0.0,0.0,0.0,0,12.1
2024-05-31 07:00:00,6825,12.8,10.1,66.0,0.0,0.0,0.0,1,12.2
2024-05-31 08:00:00,10186,14.8,11.9,58.0,0.0,0.0,0.0,0,13.6
2024-05-31 09:00:00,8095,17.2,14.4,52.0,0.0,0.0,0.0,0,14.2
2024-05-31 10:00:00,6636,18.9,16.3,44.0,0.0,0.0,0.0,0,15.7
2024-05-31 11:00:00,6991,20.3,18.0,37.0,0.0,0.0,0.0,1,16.5
2024-05-31 12:00:00,8108,21.3,19.1,32.0,0.0,0.0,0.0,3,16.6
2024-05-31 13:00:00,8931,21.7,19.4,30.0,0.0,0.0,0.0,2,15.0
2024-05-31 14:00:00,10615,22.7,20.3,27.0,0.0,0.0,0.0,3,16.2
2024-05-31 15:00:00,11895,22.0,17.6,29.0,0.0,0.0,0.0,3,18.6
2024-05-31 16:00:00,13396,22.4,18.4,29.0,0.0,0.0,0.0,2,17.1
2024-05-31 17:00:00,15659,22.7,19.6,30.0,0.0,0.0,0.0,3,12.1
2024-05-31 18:00:00,14733,23.5,19.9,28.0,0.0,0.0,0.0,0,14.7
2024-05-31 19:00:00,12204,20.7,17.1,38.0,0.0,0.0,0.0,0,17.9
2024-05-31 20:00:00,8739,19.2,16.0,43.0,0.0,0.0,0.0,0,14.8
2024-05-31 21:00:00,6674,17.7,15.6,52.0,0.0,0.0,0.0,1,10.4
2024-05-31 22:00:00,5773,17.2,14.4,52.0,0.0,0.0,0.0,0,14.1
2024-05-31 23:00:00,5158,16.9,13.5,45.0,0.0,0.0,0.0,0,14.8
2024-06-01 00:00:00,3852,15.3,12.4,51.0,0.0,0.0,0.0,0,11.5
2024-06-01 01:00:00,2562,14.2,11.5,55.0,0.0,0.0,0.0,0,10.5
2024-06-01 02:00:00,1641,13.7,11.0,57.0,0.0,0.0,0.0,0,10.2
2024-06-01 03:00:00,928,13.3,10.6,57.0,0.0,0.0,0.0,0,9.9
2024-06-01 04:00:00,595,13.2,10.3,56.0,0.0,0.0,0.0,0,11.2
2024-06-01 05:00:00,557,13.6,10.4,53.0,0.0,0.0,0.0,0,12.5
2024-06-01 06:00:00,1325,14.0,10.6,53.0,0.0,0.0,0.0,0,14.3
2024-06-01 07:00:00,2680,15.5,12.2,53.0,0.0,0.0,0.0,0,15.1
2024-06-01 08:00:00,4338,17.5,15.1,53.0,0.0,0.0,0.0,0,12.1
2024-06-01 09:00:00,6815,19.5,17.1,48.0,0.0,0.0,0.0,0,12.7
2024-06-01 10:00:00,8794,21.4,19.6,43.0,0.0,0.0,0.0,0,12.9
2024-06-01 11:00:00,10809,23.3,22.8,38.0,0.0,0.0,0.0,0,10.2
2024-06-01 12:00:00,12301,24.8,25.3,34.0,0.0,0.0,0.0,0,7.8
2024-06-01 13:00:00,13313,25.9,26.5,30.0,0.0,0.0,0.0,0,7.2
2024-06-01 14:00:00,14175,26.5,27.0,28.0,0.0,0.0,0.0,0,7.2
2024-06-01 15:00:00,12621,26.9,26.7,27.0,0.0,0.0,0.0,2,8.9
2024-06-01 16:00:00,11790,27.0,25.5,27.0,0.0,0.0,0.0,0,12.5
2024-06-01 17:00:00,13320,26.7,24.4,27.0,0.0,0.0,0.0,1,12.6
2024-06-01 18:00:00,12364,26.6,24.4,29.0,0.0,0.0,0.0,1,10.0
2024-06-01 19:00:00,11112,24.8,24.5,42.0,0.0,0.0,0.0,1,4.3
2024-06-01 20:00:00,8950,21.4,20.2,54.0,0.0,0.0,0.0,1,11.9
2024-06-01 21:00:00,6769,20.1,18.3,48.0,0.0,0.0,0.0,3,10.2
2024-06-01 22:00:00,6091,19.6,17.0,41.0,0.0,0.0,0.0,3,10.8
2024-06-01 23:00:00,5300,19.0,16.2,40.0,0.0,0.0,0.0,2,10.8
2024-06-02 00:00:00,3917,17.7,15.3,45.0,0.0,0.0,0.0,0,9.1
2024-06-02 01:00:00,2693,15.9,14.1,55.0,0.0,0.0,0.0,0,7.1
2024-06-02 02:00:00,1696,15.4,13.1,58.0,0.0,0.0,0.0,3,10.5
2024-06-02 03:00:00,1250,15.0,12.2,54.0,0.0,0.0,0.0,3,11.8
2024-06-02 04:00:00,730,14.4,11.7,54.0,0.0,0.0,0.0,3,10.5
2024-06-02 05:00:00,610,14.2,11.7,56.0,0.0,0.0,0.0,3,9.5
2024-06-02 06:00:00,1106,14.3,12.3,62.0,0.0,0.0,0.0,3,8.3
2024-06-02 07:00:00,1953,15.6,14.0,64.0,0.0,0.0,0.0,3,9.2
2024-06-02 08:00:00,3320,17.7,16.8,62.0,0.0,0.0,0.0,3,6.5
2024-06-02 09:00:00,5454,19.7,19.1,59.0,0.0,0.0,0.0,3,6.9
2024-06-02 10:00:00,7516,21.8,21.4,53.0,0.0,0.0,0.0,3,6.5
2024-06-02 11:00:00,9372,24.1,24.5,48.0,0.0,0.0,0.0,3,5.9
2024-06-02 12:00:00,10864,25.9,25.9,37.0,0.0,0.0,0.0,3,10.7
2024-06-02 13:00:00,11760,26.3,25.7,36.0,0.0,0.0,0.0,3,13.8
2024-06-02 14:00:00,12249,26.8,26.8,37.0,0.0,0.0,0.0,3,14.5
2024-06-02 15:00:00,12423,26.1,26.0,43.0,0.0,0.0,0.0,3,17.1
2024-06-02 16:00:00,12312,24.9,23.5,48.0,0.0,0.0,0.0,3,20.9
2024-06-02 17:00:00,11753,24.4,22.9,53.0,0.0,0.0,0.0,3,19.0
2024-06-02 18:00:00,11026,24.1,24.5,62.0,0.0,0.0,0.0,3,12.5
2024-06-02 19:00:00,9344,24.1,23.8,51.0,0.0,0.0,0.0,3,9.0
2024-06-02 20:00:00,7169,22.6,22.1,50.0,0.0,0.0,0.0,3,6.4
2024-06-02 21:00:00,5329,21.2,20.9,60.0,0.0,0.0,0.0,3,8.4
2024-06-02 22:00:00,3846,20.1,20.9,76.0,0.0,0.0,0.0,3,8.1
2024-06-02 23:00:00,2611,19.0,20.4,84.0,0.0,0.0,0.0,3,5.3
2024-06-03 00:00:00,1422,19.5,20.3,77.0,0.0,0.0,0.0,1,6.6
2024-06-03 01:00:00,692,18.9,18.6,73.0,0.0,0.0,0.0,3,10.5
2024-06-03 02:00:00,443,18.2,18.6,76.0,0.0,0.0,0.0,3,5.8
2024-06-03 03:00:00,295,18.1,18.7,78.0,0.0,0.0,0.0,3,5.2
2024-06-03 04:00:00,350,17.8,18.4,82.0,0.0,0.0,0.0,3,5.8
2024-06-03 05:00:00,1180,17.4,17.9,85.0,0.0,0.0,0.0,0,7.6
2024-06-03 06:00:00,3567,16.9,17.4,89.0,0.0,0.0,0.0,1,8.5
2024-06-03 07:00:00,7565,18.3,19.1,86.0,0.0,0.0,0.0,1,7.7
2024-06-03 08:00:00,10815,20.2,21.3,76.0,0.0,0.0,0.0,0,6.5
2024-06-03 09:00:00,7567,22.8,23.2,61.0,0.0,0.0,0.0,0,8.3
2024-06-03 10:00:00,5645,24.6,25.7,54.0,0.0,0.0,0.0,0,5.8
2024-06-03 11:00:00,5851,25.9,28.0,48.0,0.0,0.0,0.0,0,4.1
2024-06-03 12:00:00,6692,26.9,29.2,45.0,0.0,0.0,0.0,0,5.9
2024-06-03 13:00:00,7136,27.7,30.0,44.0,0.0,0.0,0.0,0,7.6
2024-06-03 14:00:00,8167,28.4,30.6,42.0,0.0,0.0,0.0,0,8.5
2024-06-03 15:00:00,9696,28.7,30.2,40.0,0.0,0.0,0.0,1,8.5
2024-06-03 16:00:00,11277,28.9,29.8,39.0,0.0,0.0,0.0,2,7.9
2024-06-03 17:00:00,15688,28.1,27.6,40.0,0.0,0.0,0.0,2,10.9
2024-06-03 18:00:00,15187,25.9,25.4,54.0,0.0,0.0,0.0,3,17.3
2024-06-03 19:00:00,11625,25.0,25.3,56.0,0.0,0.0,0.0,3,11.2
2024-06-03 20:00:00,8867,23.5,24.2,62.0,0.0,0.0,0.0,2,8.8
2024-06-03 21:00:00,6413,22.4,23.0,63.0,0.0,0.0,0.0,3,7.6
2024-06-03 22:00:00,4780,22.0,23.1,67.0,0.0,0.0,0.0,1,5.8
2024-06-03 23:00:00,3000,20.6,21.7,72.0,0.0,0.0,0.0,1,4.3
2024-06-04 00:00:00,1650,18.9,20.2,81.0,0.0,0.0,0.0,2,4.0
2024-06-04 01:00:00,819,18.1,19.3,86.0,0.0,0.0,0.0,0,5.6
2024-06-04 02:00:00,520,16.9,18.0,92.0,0.0,0.0,0.0,0,6.1
2024-06-04 03:00:00,334,18.1,19.5,86.0,0.0,0.0,0.0,0,3.1
2024-06-04 04:00:00,379,17.3,18.7,89.0,0.0,0.0,0.0,0,2.6
2024-06-04 05:00:00,1335,16.0,17.1,96.0,0.0,0.0,0.0,0,4.5
2024-06-04 06:00:00,4116,16.0,16.9,95.0,0.0,0.0,0.0,0,5.7
2024-06-04 07:00:00,8315,17.8,18.3,86.0,0.0,0.0,0.0,0,9.0
2024-06-04 08:00:00,12572,19.8,20.8,79.0,0.0,0.0,0.0,0,7.4
2024-06-04 09:00:00,8804,22.1,23.2,71.0,0.0,0.0,0.0,0,7.8
2024-06-04 10:00:00,6284,23.5,25.1,67.0,0.0,0.0,0.0,0,9.0
2024-06-04 11:00:00,6504,24.3,26.3,64.0,0.0,0.0,0.0,0,10.9
2024-06-04 12:00:00,7299,24.8,26.7,61.0,0.0,0.0,0.0,3,13.2
2024-06-04 13:00:00,7727,24.8,26.4,58.0,0.0,0.0,0.0,3,16.1
2024-06-04 14:00:00,8603,25.2,26.9,54.0,0.0,0.0,0.0,3,14.0
2024-06-04 15:00:00,9792,25.3,26.1,52.0,0.0,0.0,0.0,3,14.4
2024-06-04 16:00:00,12015,24.9,25.3,52.0,0.0,0.0,0.0,3,14.4
2024-06-04 17:00:00,17257,23.9,23.0,55.0,0.0,0.0,0.0,3,15.9
2024-06-04 18:00:00,16465,22.0,20.7,60.0,0.0,0.0,0.0,3,17.4
2024-06-04 19:00:00,12441,20.0,18.8,70.0,0.0,0.0,0.0,3,17.5
2024-06-04 20:00:00,9088,18.3,17.9,80.0,0.0,0.0,0.0,3,14.3
2024-06-04 21:00:00,6893,17.4,17.8,86.0,0.0,0.0,0.0,3,8.9
2024-06-04 22:00:00,5035,16.5,16.9,92.0,0.0,0.0,0.0,3,9.3
2024-06-04 23:00:00,3006,16.0,16.9,95.0,0.0,0.0,0.0,3,6.3
2024-06-05 00:00:00,1727,15.5,16.6,97.0,0.0,0.0,0.0,3,4.3
2024-06-05 01:00:00,945,14.8,15.5,99.0,0.0,0.0,0.0,1,5.1
2024-06-05 02:00:00,507,14.7,15.5,99.0,0.0,0.0,0.0,2,4.8
2024-06-05 03:00:00,335,14.4,14.9,98.0,0.0,0.0,0.0,2,5.6
2024-06-05 04:00:00,325,15.3,16.3,97.0,0.0,0.0,0.0,2,4.2
2024-06-05 05:00:00,1364,15.2,16.4,98.0,0.0,0.0,0.0,1,3.2
2024-06-05 06:00:00,4133,14.9,16.0,98.0,0.0,0.0,0.0,2,2.9
2024-06-05 07:00:00,8513,16.1,17.1,95.0,0.0,0.0,0.0,3,5.6
2024-06-05 08:00:00,12941,17.2,18.4,93.0,0.0,0.0,0.0,3,6.0
2024-06-05 09:00:00,9039,19.2,20.9,87.0,0.0,0.0,0.0,3,5.4
2024-06-05 10:00:00,6465,20.1,21.8,85.0,0.0,0.0,0.0,3,6.8
2024-06-05 11:00:00,6680,21.4,23.1,81.0,0.1,0.1,0.0,51,8.3
2024-06-05 12:00:00,7178,23.7,24.9,69.0,0.1,0.1,0.0,51,11.5
2024-06-05 13:00:00,7935,25.2,27.0,61.0,0.1,0.1,0.0,51,13.0
2024-06-05 14:00:00,9196,25.8,27.0,57.0,0.0,0.0,0.0,3,15.3
2024-06-05 15:00:00,10274,24.1,23.9,69.0,0.0,0.0,0.0,3,22.0
2024-06-05 16:00:00,12417,24.0,23.5,69.0,0.0,0.0,0.0,3,23.2
2024-06-05 17:00:00,17316,23.0,22.9,76.0,0.0,0.0,0.0,3,22.5
2024-06-05 18:00:00,15842,22.3,22.7,80.0,0.0,0.0,0.0,3,19.1
2024-06-05 19:00:00,12306,22.0,22.8,81.0,0.0,0.0,0.0,3,15.9
2024-06-05 20:00:00,9289,20.7,21.9,88.0,0.0,0.0,0.0,3,13.6
2024-06-05 21:00:00,6850,19.7,22.0,95.0,11.2,11.2,0.0,65,6.6
2024-06-05 22:00:00,5787,19.8,22.7,95.0,2.6,2.6,0.0,63,2.8
2024-06-05 23:00:00,3581,19.6,21.3,96.0,0.5,0.5,0.0,53,10.7
2024-06-06 00:00:00,1805,19.3,21.2,97.0,0.4,0.4,0.0,51,9.1
2024-06-06 01:00:00,547,18.9,19.7,98.0,0.3,0.3,0.0,51,16.1
2024-06-06 02:00:00,321,18.7,19.7,97.0,2.6,2.6,0.0,63,13.7
2024-06-06 03:00:00,223,18.7,19.0,97.0,2.1,2.1,0.0,61,18.9
2024-06-06 04:00:00,148,19.1,18.2,95.0,9.7,9.7,0.0,65,27.6
2024-06-06 05:00:00,640,19.3,18.7,96.0,1.8,1.8,0.0,61,26.1
2024-06-06 06:00:00,2834,18.8,19.6,97.0,0.0,0.0,0.0,3,14.8
2024-06-06 07:00:00,6170,19.4,20.8,94.0,0.0,0.0,0.0,3,11.6
2024-06-06 08:00:00,10557,20.7,22.6,89.0,0.1,0.1,0.0,51,9.5
2024-06-06 09:00:00,8434,23.5,25.8,84.0,0.1,0.1,0.0,51,12.4
2024-06-06 10:00:00,6151,24.3,26.2,76.0,0.0,0.0,0.0,1,12.4
2024-06-06 11:00:00,6342,26.2,29.4,66.0,0.0,0.0,0.0,3,10.0
2024-06-06 12:00:00,7143,27.1,30.0,63.0,0.0,0.0,0.0,3,8.1
2024-06-06 13:00:00,7686,24.4,26.0,76.0,5.4,5.4,0.0,63,15.5
2024-06-06 14:00:00,6100,23.3,26.1,84.0,0.8,0.8,0.0,53,9.0
2024-06-06 15:00:00,6389,25.9,29.1,72.0,1.0,1.0,0.0,55,10.3
2024-06-06 16:00:00,7466,23.3,25.9,84.0,9.0,9.0,0.0,65,9.4
2024-06-06 17:00:00,13947,23.8,25.8,82.0,0.2,0.2,0.0,51,14.1
2024-06-06 18:00:00,14825,24.6,27.0,80.0,0.0,0.0,0.0,3,13.3
2024-06-06 19:00:00,12187,24.8,27.5,81.0,0.0,0.0,0.0,1,12.5
2024-06-06 20:00:00,9595,24.2,27.3,84.0,0.0,0.0,0.0,1,10.0
2024-06-06 21:00:00,6068,22.8,25.8,80.0,0.1,0.1,0.0,51,3.3
2024-06-06 22:00:00,5410,23.1,26.2,78.0,0.0,0.0,0.0,2,2.5
2024-06-06 23:00:00,4247,22.7,25.6,80.0,0.1,0.1,0.0,51,3.4
2024-06-07 00:00:00,2531,20.8,23.6,90.0,0.3,0.3,0.0,51,4.3
2024-06-07 01:00:00,1512,20.1,22.5,92.0,0.4,0.4,0.0,51,6.0
2024-06-07 02:00:00,779,19.3,21.2,93.0,0.0,0.0,0.0,0,7.1
2024-06-07 03:00:00,507,18.5,20.3,94.0,0.0,0.0,0.0,0,6.6
2024-06-07 04:00:00,487,18.1,19.6,94.0,0.0,0.0,0.0,0,7.1
2024-06-07 05:00:00,1168,17.4,18.8,94.0,0.0,0.0,0.0,0,5.6
2024-06-07 06:00:00,3460,17.2,18.7,94.0,0.0,0.0,0.0,3,4.6
2024-06-07 07:00:00,6792,18.3,20.1,92.0,0.0,0.0,0.0,3,4.4
2024-06-07 08:00:00,9742,18.9,21.2,90.0,0.0,0.0,0.0,3,2.2
2024-06-07 09:00:00,8331,21.8,24.2,79.0,0.0,0.0,0.0,2,3.7
2024-06-07 10:00:00,6705,23.9,24.4,57.0,0.0,0.0,0.0,0,7.6
2024-06-07 11:00:00,7555,25.4,25.8,42.0,0.0,0.0,0.0,1,8.1
2024-06-07 12:00:00,8616,26.2,26.3,37.0,0.0,0.0,0.0,2,7.6
2024-06-07 13:00:00,9390,26.6,24.5,35.0,0.0,0.0,0.0,3,16.4
2024-06-07 14:00:00,10614,26.0,23.4,38.0,0.0,0.0,0.0,2,18.8
2024-06-07 15:00:00,11966,27.4,24.9,34.0,0.0,0.0,0.0,1,21.7
2024-06-07 16:00:00,12948,27.7,24.5,30.0,0.0,0.0,0.0,3,20.8
2024-06-07 17:00:00,15099,26.7,24.4,35.0,0.0,0.0,0.0,1,15.8
2024-06-07 18:00:00,14513,26.3,24.5,36.0,0.0,0.0,0.0,1,12.7
2024-06-07 19:00:00,12157,25.4,22.6,37.0,0.0,0.0,0.0,1,18.2
2024-06-07 20:00:00,9306,23.0,19.7,42.0,0.0,0.0,0.0,0,21.4
2024-06-07 21:00:00,6673,20.2,17.5,52.0,0.0,0.0,0.0,1,18.3
2024-06-07 22:00:00,6018,19.0,17.2,58.0,0.0,0.0,0.0,0,13.2
2024-06-07 23:00:00,5344,17.9,16.4,64.0,0.0,0.0,0.0,0,12.6
2024-06-08 00:00:00,3929,16.8,15.7,67.0,0.0,0.0,0.0,0,9.0
2024-06-08 01:00:00,2664,15.7,15.1,74.0,0.0,0.0,0.0,0,6.5
2024-06-08 02:00:00,1748,15.2,14.4,79.0,0.0,0.0,0.0,0,8.8
2024-06-08 03:00:00,1113,15.2,13.3,70.0,0.0,0.0,0.0,0,12.6
2024-06-08 04:00:00,722,15.2,12.9,64.0,0.0,0.0,0.0,0,12.6
2024-06-08 05:00:00,712,15.1,12.9,65.0,0.0,0.0,0.0,0,12.8
2024-06-08 06:00:00,1433,15.3,12.9,66.0,0.0,0.0,0.0,0,14.2
2024-06-08 07:00:00,2912,16.4,14.5,67.0,0.0,0.0,0.0,0,13.4
2024-06-08 08:00:00,4588,17.9,15.7,63.0,0.0,0.0,0.0,0,16.5
2024-06-08 09:00:00,6803,20.1,17.4,52.0,0.0,0.0,0.0,0,18.9
2024-06-08 10:00:00,9063,21.4,19.2,49.0,0.0,0.0,0.0,0,18.8
2024-06-08 11:00:00,10878,23.1,20.3,42.0,0.0,0.0,0.0,3,25.6
2024-06-08 12:00:00,12044,22.1,18.4,45.0,0.0,0.0,0.0,1,24.5
2024-06-08 13:00:00,12705,23.6,20.3,40.0,0.0,0.0,0.0,3,25.0
2024-06-08 14:00:00,12833,23.1,19.5,41.0,0.0,0.0,0.0,2,23.0
2024-06-08 15:00:00,12983,24.2,20.8,38.0,0.0,0.0,0.0,3,24.0
2024-06-08 16:00:00,12504,23.8,20.1,38.0,0.0,0.0,0.0,3,23.2
2024-06-08 17:00:00,12425,24.4,20.6,37.0,0.0,0.0,0.0,1,23.9
2024-06-08 18:00:00,11896,23.9,20.5,38.0,0.0,0.0,0.0,0,21.3
2024-06-08 19:00:00,10925,23.3,21.1,42.0,0.0,0.0,0.0,0,14.2
2024-06-08 20:00:00,8790,20.9,20.1,52.0,0.0,0.0,0.0,0,6.9
2024-06-08 21:00:00,7061,20.3,18.4,49.0,0.0,0.0,0.0,0,11.6
2024-06-08 22:00:00,6399,19.2,17.7,52.0,0.0,0.0,0.0,0,9.2
2024-06-08 23:00:00,5674,17.9,16.7,62.0,0.0,0.0,0.0,0,9.2
2024-06-09 00:00:00,4332,16.9,15.9,67.0,0.0,0.0,0.0,0,8.4
2024-06-09 01:00:00,2815,16.2,15.3,69.0,0.0,0.0,0.0,1,7.3
2024-06-09 02:00:00,1994,15.3,14.6,74.0,0.0,0.0,0.0,0,5.8
2024-06-09 03:00:00,1247,14.7,14.5,78.0,0.0,0.0,0.0,2,3.0
2024-06-09 04:00:00,791,14.7,14.1,79.0,0.0,0.0,0.0,3,5.9
2024-06-09 05:00:00,654,15.3,14.7,79.0,0.0,0.0,0.0,3,8.0
2024-06-09 06:00:00,1105,15.3,14.6,78.0,0.0,0.0,0.0,3,8.3
2024-06-09 07:00:00,1879,17.7,16.5,71.0,0.0,0.0,0.0,3,13.0
2024-06-09 08:00:00,2985,18.9,17.9,69.0,0.0,0.0,0.0,3,13.2
2024-06-09 09:00:00,3955,21.0,20.7,65.0,0.0,0.0,0.0,3,11.2
2024-06-09 10:00:00,5569,22.4,20.9,58.0,0.0,0.0,0.0,3,18.5
2024-06-09 11:00:00,7047,23.1,20.5,54.0,0.0,0.0,0.0,3,24.2
2024-06-09 12:00:00,8945,21.9,19.5,58.0,0.0,0.0,0.0,3,23.5
2024-06-09 13:00:00,10556,23.2,20.7,51.0,0.0,0.0,0.0,1,22.1
2024-06-09 14:00:00,11592,22.9,20.6,46.0,0.0,0.0,0.0,0,23.2
2024-06-09 15:00:00,11965,23.6,22.0,44.0,0.0,0.0,0.0,0,21.9
2024-06-09 16:00:00,12329,24.3,22.5,38.0,0.0,0.0,0.0,0,16.4
2024-06-09 17:00:00,12083,24.0,21.3,38.0,0.0,0.0,0.0,0,18.0
2024-06-09 18:00:00,11497,23.9,21.0,36.0,0.0,0.0,0.0,0,16.2
2024-06-09 19:00:00,9937,22.8,20.3,40.0,0.0,0.0,0.0,0,14.3
2024-06-09 20:00:00,7883,20.8,19.0,45.0,0.0,0.0,0.0,0,9.7
2024-06-09 21:00:00,5907,18.9,17.6,52.0,0.0,0.0,0.0,0,6.5
2024-06-09 22:00:00,4783,17.5,16.3,58.0,0.0,0.0,0.0,0,6.7
2024-06-09 23:00:00,3050,15.6,14.9,71.0,0.0,0.0,0.0,0,6.1
2024-06-10 00:00:00,1732,14.5,13.8,80.0,0.0,0.0,0.0,1,6.9
2024-06-10 01:00:00,864,15.6,13.7,67.0,0.0,0.0,0.0,1,12.1
2024-06-10 02:00:00,495,16.5,13.5,55.0,0.0,0.0,0.0,0,15.8
2024-06-10 03:00:00,319,15.9,13.0,56.0,0.0,0.0,0.0,0,14.6
2024-06-10 04:00:00,391,15.1,12.4,60.0,0.0,0.0,0.0,0,13.8
2024-06-10 05:00:00,1263,14.5,12.0,64.0,0.0,0.0,0.0,0,13.0
2024-06-10 06:00:00,3661,14.0,12.0,70.0,0.0,0.0,0.0,0,11.6
2024-06-10 07:00:00,7547,15.2,13.5,71.0,0.0,0.0,0.0,0,11.3
2024-06-10 08:00:00,10928,16.6,14.7,67.0,0.0,0.0,0.0,0,14.4
2024-06-10 09:00:00,7739,18.2,15.8,60.0,0.0,0.0,0.0,0,17.0
2024-06-10 10:00:00,5811,19.6,17.2,52.0,0.0,0.0,0.0,1,17.1
2024-06-10 11:00:00,6139,20.4,18.2,46.0,0.0,0.0,0.0,3,15.2
2024-06-10 12:00:00,6753,20.6,18.0,46.0,0.0,0.0,0.0,3,14.7
2024-06-10 13:00:00,7431,21.0,18.8,44.0,0.0,0.0,0.0,3,12.2
2024-06-10 14:00:00,8601,21.9,19.5,41.0,0.0,0.0,0.0,2,13.2
2024-06-10 15:00:00,9860,22.0,19.3,41.0,0.0,0.0,0.0,3,14.7
2024-06-10 16:00:00,11604,22.7,20.0,38.0,0.0,0.0,0.0,1,14.5
2024-06-10 17:00:00,15964,23.5,20.3,36.0,0.0,0.0,0.0,1,17.4
2024-06-10 18:00:00,15400,23.2,20.3,36.0,0.0,0.0,0.0,3,15.5
2024-06-10 19:00:00,11923,21.9,20.1,43.0,0.0,0.0,0.0,3,9.5
2024-06-10 20:00:00,8731,20.3,19.5,51.0,0.0,0.0,0.0,3,5.1
2024-06-10 21:00:00,6211,18.9,17.7,57.0,0.0,0.0,0.0,2,8.9
2024-06-10 22:00:00,4568,17.7,16.2,61.0,0.0,0.0,0.0,0,10.9
2024-06-10 23:00:00,2978,16.3,15.2,69.0,0.0,0.0,0.0,0,8.7
2024-06-11 00:00:00,1483,15.8,14.8,72.0,0.0,0.0,0.0,1,8.6
2024-06-11 01:00:00,755,15.2,14.4,76.0,0.0,0.0,0.0,2,7.4
2024-06-11 02:00:00,501,15.2,14.4,77.0,0.0,0.0,0.0,3,8.0
2024-06-11 03:00:00,339,15.0,13.9,77.0,0.0,0.0,0.0,3,9.8
2024-06-11 04:00:00,378,14.8,13.7,79.0,0.0,0.0,0.0,1,10.1
2024-06-11 05:00:00,1395,13.4,13.1,88.0,0.0,0.0,0.0,0,5.1
2024-06-11 06:00:00,4134,13.4,12.9,89.0,0.0,0.0,0.0,1,7.2
2024-06-11 07:00:00,8447,14.5,14.0,84.0,0.0,0.0,0.0,1,7.2
2024-06-11 08:00:00,13105,16.1,15.6,75.0,0.0,0.0,0.0,0,6.9
2024-06-11 09:00:00,9082,18.0,17.2,63.0,0.0,0.0,0.0,1,7.6
2024-06-11 10:00:00,6349,19.3,19.2,59.0,0.0,0.0,0.0,1,5.1
2024-06-11 11:00:00,6424,20.5,20.0,54.0,0.0,0.0,0.0,3,7.1
2024-06-11 12:00:00,7058,20.9,19.7,50.0,0.0,0.0,0.0,3,8.7
2024-06-11 13:00:00,7509,20.8,19.6,52.0,0.0,0.0,0.0,3,8.9
2024-06-11 14:00:00,8521,21.6,20.5,49.0,0.0,0.0,0.0,2,8.4
2024-06-11 15:00:00,9728,22.3,21.4,46.0,0.0,0.0,0.0,3,8.7
2024-06-11 16:00:00,11870,22.4,21.5,47.0,0.0,0.0,0.0,1,7.0
2024-06-11 17:00:00,16972,22.5,21.6,45.0,0.0,0.0,0.0,2,6.8
2024-06-11 18:00:00,15574,22.1,21.4,46.0,0.1,0.1,0.0,51,5.0
2024-06-11 19:00:00,11419,21.0,20.5,52.0,0.0,0.0,0.0,3,5.2
2024-06-11 20:00:00,8334,19.7,19.4,67.0,0.0,0.0,0.0,2,9.4
2024-06-11 21:00:00,6148,18.2,17.8,72.0,0.0,0.0,0.0,2,9.1
2024-06-11 22:00:00,4805,17.1,17.4,82.0,0.0,0.0,0.0,1,6.1
2024-06-11 23:00:00,3244,16.6,17.0,81.0,0.0,0.0,0.0,1,4.6
2024-06-12 00:00:00,1698,16.6,15.9,77.0,0.0,0.0,0.0,2,10.2
2024-06-12 01:00:00,896,15.9,15.1,77.0,0.0,0.0,0.0,2,9.4
2024-06-12 02:00:00,562,15.5,14.8,78.0,0.0,0.0,0.0,0,8.8
2024-06-12 03:00:00,343,14.8,14.1,81.0,0.0,0.0,0.0,0,8.0
2024-06-12 04:00:00,347,14.4,13.6,83.0,0.0,0.0,0.0,1,8.3
2024-06-12 05:00:00,1331,14.0,13.4,85.0,0.0,0.0,0.0,0,6.9
2024-06-12 06:00:00,4049,13.9,13.5,87.0,0.0,0.0,0.0,0,5.8
2024-06-12 07:00:00,8415,15.3,14.9,80.0,0.0,0.0,0.0,0,6.5
2024-06-12 08:00:00,13177,17.0,16.7,72.0,0.0,0.0,0.0,0,6.6
2024-06-12 09:00:00,9388,19.6,19.5,62.0,0.0,0.0,0.0,0,5.5
2024-06-12 10:00:00,6696,21.1,21.0,55.0,0.0,0.0,0.0,3,8.2
2024-06-12 11:00:00,6632,21.7,20.5,51.0,0.0,0.0,0.0,3,10.9
2024-06-12 12:00:00,7372,21.9,20.7,50.0,0.0,0.0,0.0,3,9.7
2024-06-12 13:00:00,7987,22.7,21.3,47.0,0.0,0.0,0.0,3,10.6
2024-06-12 14:00:00,8808,23.5,22.1,44.0,0.0,0.0,0.0,3,11.3
2024-06-12 15:00:00,9948,24.3,23.2,41.0,0.0,0.0,0.0,3,13.6
2024-06-12 16:00:00,11830,24.5,22.5,40.0,0.0,0.0,0.0,3,13.4
2024-06-12 17:00:00,16995,23.9,22.9,41.0,0.0,0.0,0.0,3,6.9
2024-06-12 18:00:00,16419,22.2,21.6,60.0,0.0,0.0,0.0,3,12.8
2024-06-12 19:00:00,12525,20.3,19.6,69.0,0.0,0.0,0.0,2,15.0
2024-06-12 20:00:00,9653,19.4,19.9,73.0,0.0,0.0,0.0,0,6.6
2024-06-12 21:00:00,7157,19.2,19.6,80.0,0.0,0.0,0.0,1,9.9
2024-06-12 22:00:00,5660,18.2,18.5,84.0,0.0,0.0,0.0,0,10.6
2024-06-12 23:00:00,4179,17.4,17.5,85.0,0.0,0.0,0.0,0,10.1
2024-06-13 00:00:00,1997,16.6,17.0,86.0,0.0,0.0,0.0,0,7.3
2024-06-13 01:00:00,1032,15.5,15.9,90.0,0.0,0.0,0.0,0,5.8
2024-06-13 02:00:00,587,14.9,15.1,90.0,0.0,0.0,0.0,0,5.9
2024-06-13 03:00:00,390,14.4,14.4,91.0,0.0,0.0,0.0,0,6.1
2024-06-13 04:00:00,416,14.0,14.0,92.0,0.0,0.0,0.0,1,5.5
2024-06-13 05:00:00,1267,13.2,13.1,94.0,0.0,0.0,0.0,0,5.6
2024-06-13 06:00:00,3804,14.0,14.1,93.0,0.0,0.0,0.0,3,5.8
2024-06-13 07:00:00,8044,15.9,15.7,81.0,0.0,0.0,0.0,3,7.1
2024-06-13 08:00:00,12561,18.7,18.9,68.0,0.0,0.0,0.0,0,4.7
2024-06-13 09:00:00,9128,21.8,22.1,57.0,0.0,0.0,0.0,1,4.5
2024-06-13 10:00:00,6782,24.2,25.3,51.0,0.0,0.0,0.0,3,4.2
2024-06-13 11:00:00,6802,26.1,27.5,47.0,0.0,0.0,0.0,3,7.9
2024-06-13 12:00:00,7457,27.6,29.0,40.0,0.0,0.0,0.0,2,10.0
2024-06-13 13:00:00,7706,28.4,28.7,37.0,0.0,0.0,0.0,2,14.8
2024-06-13 14:00:00,8827,27.6,27.3,45.0,0.0,0.0,0.0,2,22.0
2024-06-13 15:00:00,10059,26.4,24.5,44.0,0.0,0.0,0.0,1,27.8
2024-06-13 16:00:00,12038,26.3,23.4,45.0,0.0,0.0,0.0,1,29.2
2024-06-13 17:00:00,16984,25.5,23.0,52.0,0.0,0.0,0.0,1,28.5
2024-06-13 18:00:00,16078,24.7,22.4,55.0,0.0,0.0,0.0,0,27.3
2024-06-13 19:00:00,12679,22.9,21.6,64.0,0.0,0.0,0.0,0,22.2
2024-06-13 20:00:00,9639,22.5,20.3,62.0,0.0,0.0,0.0,1,26.0
2024-06-13 21:00:00,7704,22.5,21.2,63.0,0.0,0.0,0.0,0,20.2
2024-06-13 22:00:00,6261,22.2,21.3,63.0,0.0,0.0,0.0,0,17.0
2024-06-13 23:00:00,4477,21.4,20.5,66.0,0.0,0.0,0.0,0,16.3
2024-06-14 00:00:00,2648,20.6,19.7,68.0,0.0,0.0,0.0,0,15.9
2024-06-14 01:00:00,1522,20.2,19.5,70.0,0.0,0.0,0.0,0,15.3
2024-06-14 02:00:00,918,19.8,19.8,75.0,0.0,0.0,0.0,0,12.1
2024-06-14 03:00:00,510,19.3,19.5,78.0,0.0,0.0,0.0,0,11.1
2024-06-14 04:00:00,474,18.9,19.1,81.0,0.0,0.0,0.0,0,11.8
2024-06-14 05:00:00,1178,18.7,18.8,81.0,0.0,0.0,0.0,0,11.3
2024-06-14 06:00:00,3364,18.6,18.9,82.0,0.0,0.0,0.0,3,10.7
2024-06-14 07:00:00,6616,20.1,20.4,78.0,0.0,0.0,0.0,2,12.1
2024-06-14 08:00:00,10089,21.8,22.1,73.0,0.0,0.0,0.0,1,14.2
2024-06-14 09:00:00,8461,24.0,25.2,69.0,0.0,0.0,0.0,2,11.6
2024-06-14 10:00:00,7244,25.7,27.2,65.0,0.0,0.0,0.0,1,12.6
2024-06-14 11:00:00,7822,27.1,29.4,62.0,0.0,0.0,0.0,1,11.0
2024-06-14 12:00:00,8806,28.3,33.0,59.0,0.0,0.0,0.0,1,4.5
2024-06-14 13:00:00,9460,28.7,32.6,57.0,0.0,0.0,0.0,3,8.7
2024-06-14 14:00:00,10358,23.5,24.9,75.0,5.6,5.6,0.0,63,12.6
2024-06-14 15:00:00,10834,22.4,25.5,85.0,10.6,10.6,0.0,65,4.0
2024-06-14 16:00:00,12246,23.1,25.8,83.0,0.1,0.1,0.0,51,8.3
2024-06-14 17:00:00,14618,24.8,28.4,78.0,0.0,0.0,0.0,2,3.6
2024-06-14 18:00:00,10339,24.8,28.2,75.0,0.1,0.1,0.0,51,3.3
2024-06-14 19:00:00,4543,22.4,25.5,89.0,2.7,2.7,0.0,63,6.7
2024-06-14 20:00:00,5456,20.8,22.5,93.0,2.8,2.8,0.0,63,12.7
2024-06-14 21:00:00,4139,20.1,22.8,91.0,1.1,1.1,0.0,55,3.4
2024-06-14 22:00:00,4592,19.9,22.5,89.0,0.2,0.2,0.0,51,1.9
2024-06-14 23:00:00,4436,19.4,21.1,91.0,0.0,0.0,0.0,3,8.5
2024-06-15 00:00:00,3578,18.6,20.4,93.0,0.0,0.0,0.0,3,6.1
2024-06-15 01:00:00,2379,18.5,20.2,92.0,0.0,0.0,0.0,3,5.8
2024-06-15 02:00:00,1840,18.6,20.5,93.0,0.0,0.0,0.0,3,5.6
2024-06-15 03:00:00,1130,18.3,18.9,91.0,0.0,0.0,0.0,1,12.4
2024-06-15 04:00:00,724,17.5,17.4,89.0,0.0,0.0,0.0,0,13.7
2024-06-15 05:00:00,705,16.6,15.7,85.0,0.0,0.0,0.0,0,15.9
2024-06-15 06:00:00,1637,16.2,14.8,84.0,0.0,0.0,0.0,0,17.4
2024-06-15 07:00:00,2625,17.0,15.7,83.0,0.0,0.0,0.0,0,17.7
2024-06-15 08:00:00,4479,18.3,16.5,75.0,0.0,0.0,0.0,0,20.4
2024-06-15 09:00:00,7000,20.1,18.2,65.0,0.0,0.0,0.0,0,20.2
2024-06-15 10:00:00,9112,21.8,20.4,56.0,0.0,0.0,0.0,0,18.7
2024-06-15 11:00:00,10868,22.9,21.4,47.0,0.0,0.0,0.0,0,19.8
2024-06-15 12:00:00,11836,23.6,22.6,43.0,0.0,0.0,0.0,0,18.4
2024-06-15 13:00:00,12432,24.5,24.1,41.0,0.0,0.0,0.0,1,15.0
2024-06-15 14:00:00,13032,25.6,24.8,36.0,0.0,0.0,0.0,1,14.7
2024-06-15 15:00:00,12779,26.1,25.3,35.0,0.0,0.0,0.0,0,14.1
2024-06-15 16:00:00,12622,26.3,24.5,30.0,0.0,0.0,0.0,0,15.5
2024-06-15 17:00:00,12404,25.9,22.9,29.0,0.0,0.0,0.0,0,17.6
2024-06-15 18:00:00,12149,25.1,21.9,32.0,0.0,0.0,0.0,0,17.4
2024-06-15 19:00:00,11120,24.1,22.4,39.0,0.0,0.0,0.0,0,10.3
2024-06-15 20:00:00,8951,21.2,20.6,54.0,0.0,0.0,0.0,0,7.2
2024-06-15 21:00:00,7295,19.1,18.4,59.0,0.0,0.0,0.0,0,7.4
2024-06-15 22:00:00,6447,18.5,17.5,61.0,0.0,0.0,0.0,0,8.0
2024-06-15 23:00:00,5554,17.7,16.5,61.0,0.0,0.0,0.0,0,8.2
2024-06-16 00:00:00,4053,17.2,15.3,60.0,0.0,0.0,0.0,1,11.2
2024-06-16 01:00:00,2788,16.4,14.5,62.0,0.0,0.0,0.0,2,11.3
2024-06-16 02:00:00,1953,15.4,13.9,67.0,0.0,0.0,0.0,2,9.4
2024-06-16 03:00:00,1252,15.0,13.2,69.0,0.0,0.0,0.0,3,11.2
2024-06-16 04:00:00,944,14.5,12.6,71.0,0.0,0.0,0.0,3,12.1
2024-06-16 05:00:00,627,13.9,11.9,74.0,0.0,0.0,0.0,3,12.0
2024-06-16 06:00:00,1145,13.5,11.4,73.0,0.0,0.0,0.0,2,12.6
2024-06-16 07:00:00,2089,14.6,12.6,69.0,0.0,0.0,0.0,0,11.9
2024-06-16 08:00:00,3382,16.2,13.8,58.0,0.0,0.0,0.0,0,13.1
2024-06-16 09:00:00,5596,18.4,15.8,50.0,0.0,0.0,0.0,3,13.5
2024-06-16 10:00:00,7776,20.0,18.0,44.0,0.0,0.0,0.0,3,13.1
2024-06-16 11:00:00,9604,21.2,20.1,41.0,0.0,0.0,0.0,3,12.1
2024-06-16 12:00:00,10624,22.2,22.0,40.0,0.0,0.0,0.0,2,11.2
2024-06-16 13:00:00,11319,23.3,24.3,40.0,0.0,0.0,0.0,1,7.8
2024-06-16 14:00:00,11799,23.6,24.4,43.0,0.0,0.0,0.0,3,10.9
2024-06-16 15:00:00,11855,22.9,22.4,45.0,0.0,0.0,0.0,1,15.9
2024-06-16 16:00:00,11557,22.4,21.3,46.0,0.0,0.0,0.0,3,15.7
2024-06-16 17:00:00,11457,22.0,20.3,50.0,0.0,0.0,0.0,1,15.9
2024-06-16 18:00:00,10905,21.0,19.1,58.0,0.0,0.0,0.0,2,17.6
2024-06-16 19:00:00,9836,19.7,18.2,66.0,0.0,0.0,0.0,3,17.0
2024-06-16 20:00:00,7695,18.6,17.7,74.0,0.0,0.0,0.0,3,14.3
2024-06-16 21:00:00,5563,17.3,16.8,81.0,0.0,0.0,0.0,3,12.7
2024-06-16 22:00:00,4516,16.8,16.9,87.0,0.0,0.0,0.0,3,10.1
2024-06-16 23:00:00,3135,16.3,16.8,91.0,0.0,0.0,0.0,3,7.4
2024-06-17 00:00:00,1822,16.1,16.6,93.0,0.0,0.0,0.0,2,7.3
2024-06-17 01:00:00,890,16.0,16.6,94.0,0.0,0.0,0.0,3,7.3
2024-06-17 02:00:00,585,16.1,17.0,95.0,0.0,0.0,0.0,3,6.2
2024-06-17 03:00:00,355,16.2,17.2,95.0,0.0,0.0,0.0,3,5.6
2024-06-17 04:00:00,428,15.7,16.6,97.0,0.0,0.0,0.0,1,5.4
2024-06-17 05:00:00,1235,16.0,16.9,97.0,0.0,0.0,0.0,0,6.5
2024-06-17 06:00:00,3516,16.1,17.0,96.0,0.0,0.0,0.0,0,6.8
2024-06-17 07:00:00,6348,17.6,18.6,89.0,0.0,0.0,0.0,0,6.6
2024-06-17 08:00:00,9805,19.6,20.0,75.0,0.0,0.0,0.0,0,8.7
2024-06-17 09:00:00,7675,21.6,21.9,67.0,0.0,0.0,0.0,1,10.2
2024-06-17 10:00:00,5845,23.5,23.8,60.0,0.0,0.0,0.0,1,11.5
2024-06-17 11:00:00,6016,25.0,25.3,57.0,0.0,0.0,0.0,1,15.1
2024-06-17 12:00:00,6818,26.6,27.4,52.0,0.0,0.0,0.0,0,17.4
2024-06-17 13:00:00,3892,28.0,29.0,49.0,0.0,0.0,0.0,1,17.7
2024-06-17 14:00:00,3621,29.0,30.0,47.0,0.0,0.0,0.0,2,20.5
2024-06-17 15:00:00,8318,27.4,27.9,56.0,0.0,0.0,0.0,2,23.3
2024-06-17 16:00:00,10536,26.3,25.5,61.0,0.0,0.0,0.0,1,25.8
2024-06-17 17:00:00,15505,26.2,25.6,61.0,0.0,0.0,0.0,0,25.2
2024-06-17 18:00:00,15243,26.0,25.6,63.0,0.0,0.0,0.0,0,24.2
2024-06-17 19:00:00,12065,24.9,24.6,67.0,0.0,0.0,0.0,1,22.5
2024-06-17 20:00:00,9624,24.1,23.5,66.0,0.0,0.0,0.0,2,21.6
2024-06-17 21:00:00,6483,23.5,23.7,70.0,0.0,0.0,0.0,2,17.3
2024-06-17 22:00:00,4749,22.9,23.1,71.0,0.0,0.0,0.0,3,17.0
2024-06-17 23:00:00,3476,22.4,22.5,72.0,0.0,0.0,0.0,3,16.5
2024-06-18 00:00:00,1723,21.6,22.1,74.0,0.0,0.0,0.0,3,13.0
2024-06-18 01:00:00,940,20.8,21.6,78.0,0.0,0.0,0.0,3,11.0
2024-06-18 02:00:00,539,20.4,21.1,80.0,0.0,0.0,0.0,3,11.8
2024-06-18 03:00:00,334,20.1,20.7,82.0,0.0,0.0,0.0,3,12.7
2024-06-18 04:00:00,416,20.0,20.8,84.0,0.0,0.0,0.0,1,12.0
2024-06-18 05:00:00,1364,19.7,20.5,85.0,0.0,0.0,0.0,1,12.1
2024-06-18 06:00:00,4106,19.8,20.7,84.0,0.0,0.0,0.0,3,10.8
2024-06-18 07:00:00,8079,21.0,22.3,80.0,0.0,0.0,0.0,3,8.7
2024-06-18 08:00:00,12613,22.5,23.7,73.0,0.0,0.0,0.0,3,9.9
2024-06-18 09:00:00,8923,24.5,26.1,68.0,0.0,0.0,0.0,0,9.7
2024-06-18 10:00:00,6352,26.2,28.4,64.0,0.0,0.0,0.0,0,10.2
2024-06-18 11:00:00,6772,27.9,31.0,61.0,0.0,0.0,0.0,3,11.7
2024-06-18 12:00:00,7371,29.0,32.6,59.0,0.0,0.0,0.0,2,13.7
2024-06-18 13:00:00,7663,29.3,32.6,58.0,0.0,0.0,0.0,3,17.2
2024-06-18 14:00:00,8252,29.2,32.0,58.0,0.0,0.0,0.0,3,19.7
2024-06-18 15:00:00,9276,29.1,31.1,58.0,0.0,0.0,0.0,2,21.3
2024-06-18 16:00:00,11725,28.8,30.1,58.0,0.0,0.0,0.0,2,21.7
2024-06-18 17:00:00,16814,28.0,28.2,58.0,0.0,0.0,0.0,0,22.2
2024-06-18 18:00:00,16451,26.8,26.8,59.0,0.0,0.0,0.0,0,19.9
2024-06-18 19:00:00,13172,25.5,25.6,62.0,0.0,0.0,0.0,0,18.5
2024-06-18 20:00:00,10095,24.3,24.2,64.0,0.0,0.0,0.0,1,18.0
2024-06-18 21:00:00,7815,23.4,23.2,66.0,0.0,0.0,0.0,3,16.7
2024-06-18 22:00:00,6292,23.2,23.3,66.0,0.0,0.0,0.0,3,14.1
2024-06-18 23:00:00,4544,22.8,22.9,65.0,0.0,0.0,0.0,3,12.7
2024-06-19 00:00:00,2740,22.1,22.0,65.0,0.0,0.0,0.0,3,12.4
2024-06-19 01:00:00,1647,21.4,21.2,64.0,0.0,0.0,0.0,3,11.5
2024-06-19 02:00:00,905,20.7,20.7,67.0,0.0,0.0,0.0,3,10.2
2024-06-19 03:00:00,565,20.2,20.2,70.0,0.0,0.0,0.0,3,10.0
2024-06-19 04:00:00,444,19.7,20.2,73.0,0.0,0.0,0.0,3,7.7
2024-06-19 05:00:00,1032,19.4,20.1,76.0,0.0,0.0,0.0,3,6.4
2024-06-19 06:00:00,2655,19.5,20.2,78.0,0.0,0.0,0.0,3,8.2
2024-06-19 07:00:00,4388,20.7,21.7,77.0,0.0,0.0,0.0,3,8.9
2024-06-19 08:00:00,6950,22.2,23.4,73.0,0.0,0.0,0.0,3,9.8
2024-06-19 09:00:00,8155,24.1,25.6,70.0,0.0,0.0,0.0,3,10.1
2024-06-19 10:00:00,8597,25.8,28.0,66.0,0.0,0.0,0.0,3,8.6
2024-06-19 11:00:00,9756,27.7,30.7,62.0,0.0,0.0,0.0,3,8.5
2024-06-19 12:00:00,10333,29.3,32.8,56.0,0.0,0.0,0.0,3,8.2
2024-06-19 13:00:00,10570,30.5,34.0,52.0,0.0,0.0,0.0,3,9.9
2024-06-19 14:00:00,11306,29.7,32.4,56.0,0.0,0.0,0.0,2,18.1
2024-06-19 15:00:00,11725,29.3,31.0,54.0,0.0,0.0,0.0,0,21.4
2024-06-19 16:00:00,12012,28.4,28.5,51.0,0.0,0.0,0.0,0,24.1
2024-06-19 17:00:00,14351,27.5,26.2,48.0,0.0,0.0,0.0,2,23.4
2024-06-19 18:00:00,14132,26.4,24.5,46.0,0.0,0.0,0.0,2,21.3
2024-06-19 19:00:00,11797,25.0,24.0,54.0,0.0,0.0,0.0,0,17.8
2024-06-19 20:00:00,9589,23.9,23.6,60.0,0.0,0.0,0.0,0,14.9
2024-06-19 21:00:00,7542,22.7,22.7,66.0,0.0,0.0,0.0,1,13.4
2024-06-19 22:00:00,6108,22.3,22.6,68.0,0.0,0.0,0.0,1,12.6
2024-06-19 23:00:00,4021,22.3,22.5,68.0,0.0,0.0,0.0,1,12.2
2024-06-20 00:00:00,2321,22.0,21.9,65.0,0.0,0.0,0.0,3,12.6
2024-06-20 01:00:00,1140,21.5,21.4,67.0,0.0,0.0,0.0,3,12.3
2024-06-20 02:00:00,683,20.9,21.1,71.0,0.0,0.0,0.0,3,10.4
2024-06-20 03:00:00,429,20.4,20.6,72.0,0.0,0.0,0.0,3,10.4
2024-06-20 04:00:00,466,19.8,20.2,74.0,0.0,0.0,0.0,0,8.8
2024-06-20 05:00:00,1341,19.4,19.8,76.0,0.0,0.0,0.0,1,8.5
2024-06-20 06:00:00,3854,19.4,19.9,78.0,0.0,0.0,0.0,0,9.2
2024-06-20 07:00:00,7598,20.7,21.5,75.0,0.0,0.0,0.0,0,9.2
2024-06-20 08:00:00,11524,22.8,23.7,68.0,0.0,0.0,0.0,1,9.5
2024-06-20 09:00:00,8755,25.7,27.2,62.0,0.0,0.0,0.0,2,9.0
2024-06-20 10:00:00,6647,27.8,29.5,56.0,0.0,0.0,0.0,1,11.3
2024-06-20 11:00:00,6796,30.0,32.3,49.0,0.0,0.0,0.0,2,12.5
2024-06-20 12:00:00,7317,31.4,33.5,43.0,0.0,0.0,0.0,3,14.2
2024-06-20 13:00:00,7339,32.2,34.3,41.0,0.0,0.0,0.0,3,14.2
2024-06-20 14:00:00,8570,32.6,34.7,40.0,0.0,0.0,0.0,3,15.0
2024-06-20 15:00:00,9021,32.7,34.5,40.0,0.0,0.0,0.0,2,16.7
2024-06-20 16:00:00,10382,31.5,33.2,49.0,0.0,0.0,0.0,2,18.7
2024-06-20 17:00:00,15919,30.1,30.8,53.0,0.0,0.0,0.0,1,20.7
2024-06-20 18:00:00,15831,28.9,29.5,55.0,0.0,0.0,0.0,3,18.6
2024-06-20 19:00:00,12651,27.2,27.9,58.0,0.0,0.0,0.0,1,15.6
2024-06-20 20:00:00,10027,25.7,26.0,61.0,0.0,0.0,0.0,1,16.6
2024-06-20 21:00:00,7783,25.8,27.8,66.0,0.0,0.0,0.0,1,9.8
2024-06-20 22:00:00,6351,25.2,27.2,66.0,0.0,0.0,0.0,0,7.6
2024-06-20 23:00:00,4421,24.7,26.1,63.0,0.0,0.0,0.0,1,7.4
2024-06-21 00:00:00,2620,24.2,25.1,62.0,0.0,0.0,0.0,3,9.2
2024-06-21 01:00:00,1441,23.9,24.4,63.0,0.0,0.0,0.0,3,12.1
2024-06-21 02:00:00,875,23.8,24.4,66.0,0.0,0.0,0.0,0,12.6
2024-06-21 03:00:00,519,23.1,23.6,68.0,0.0,0.0,0.0,0,12.7
2024-06-21 04:00:00,499,22.6,22.8,68.0,0.0,0.0,0.0,0,13.5
2024-06-21 05:00:00,1291,22.2,22.3,68.0,0.0,0.0,0.0,0,13.2
2024-06-21 06:00:00,3460,22.1,22.3,67.0,0.0,0.0,0.0,0,12.1
2024-06-21 07:00:00,6560,23.3,24.0,66.0,0.0,0.0,0.0,0,11.2
2024-06-21 08:00:00,9635,25.2,26.4,62.0,0.0,0.0,0.0,1,9.5
2024-06-21 09:00:00,7997,27.5,29.9,60.0,0.0,0.0,0.0,1,7.1
2024-06-21 10:00:00,6777,29.7,32.8,55.0,0.0,0.0,0.0,1,5.9
2024-06-21 11:00:00,7420,31.6,35.3,48.0,0.0,0.0,0.0,0,6.9
2024-06-21 12:00:00,8044,32.9,36.4,43.0,0.0,0.0,0.0,0,9.3
2024-06-21 13:00:00,8751,34.0,37.3,40.0,0.0,0.0,0.0,1,10.7
2024-06-21 14:00:00,9562,34.5,37.0,38.0,0.0,0.0,0.0,2,11.4
2024-06-21 15:00:00,10047,34.2,35.8,39.0,0.0,0.0,0.0,3,15.6
2024-06-21 16:00:00,11405,30.7,32.4,50.0,0.6,0.6,0.0,53,11.3
2024-06-21 17:00:00,14130,28.0,31.5,70.0,3.2,3.2,0.0,63,9.5
2024-06-21 18:00:00,13765,29.1,31.3,57.0,0.0,0.0,0.0,2,10.2
2024-06-21 19:00:00,11538,27.6,29.4,61.0,0.0,0.0,0.0,3,11.7
2024-06-21 20:00:00,9127,26.5,28.6,70.0,0.0,0.0,0.0,2,14.4
2024-06-21 21:00:00,7194,24.9,26.7,73.0,0.0,0.0,0.0,3,13.7
2024-06-21 22:00:00,6339,24.1,26.6,76.0,0.0,0.0,0.0,3,7.6
2024-06-21 23:00:00,5366,23.3,26.3,80.0,0.0,0.0,0.0,3,4.3
2024-06-22 00:00:00,4113,22.6,25.9,87.0,0.0,0.0,0.0,3,4.1
2024-06-22 01:00:00,2838,22.3,26.4,91.0,0.0,0.0,0.0,1,1.4
2024-06-22 02:00:00,1952,21.6,25.2,94.0,0.0,0.0,0.0,2,3.3
2024-06-22 03:00:00,1066,21.9,25.7,93.0,0.0,0.0,0.0,2,3.4
2024-06-22 04:00:00,756,22.1,25.7,92.0,0.0,0.0,0.0,0,4.0
2024-06-22 05:00:00,686,21.2,24.3,94.0,0.0,0.0,0.0,2,5.9
2024-06-22 06:00:00,1380,22.4,25.3,87.0,0.0,0.0,0.0,3,6.9
2024-06-22 07:00:00,2750,23.9,26.5,78.0,0.0,0.0,0.0,3,8.2
2024-06-22 08:00:00,4518,25.5,27.7,69.0,0.0,0.0,0.0,3,9.0
2024-06-22 09:00:00,6709,26.6,29.6,69.0,0.0,0.0,0.0,3,7.2
2024-06-22 10:00:00,8290,28.2,31.2,64.0,0.0,0.0,0.0,2,8.7
2024-06-22 11:00:00,9587,30.2,34.1,57.0,0.0,0.0,0.0,3,6.5
2024-06-22 12:00:00,10165,32.2,37.0,50.0,0.0,0.0,0.0,3,6.6
2024-06-22 13:00:00,10138,33.2,38.3,47.0,0.0,0.0,0.0,1,6.0
2024-06-22 14:00:00,9653,31.4,34.4,53.0,0.5,0.5,0.0,53,12.0
2024-06-22 15:00:00,9675,28.4,31.1,67.0,2.1,2.1,0.0,61,14.5
2024-06-22 16:00:00,9480,29.5,32.2,65.0,0.2,0.2,0.0,51,15.7
2024-06-22 17:00:00,10408,30.5,33.9,56.0,0.1,0.1,0.0,51,5.2
2024-06-22 18:00:00,10630,29.2,32.0,62.0,0.0,0.0,0.0,0,10.8
2024-06-22 19:00:00,9627,28.5,31.8,66.0,0.0,0.0,0.0,0,8.7
2024-06-22 20:00:00,7011,26.5,29.8,74.0,0.0,0.0,0.0,1,9.4
2024-06-22 21:00:00,3734,24.8,27.7,80.0,0.0,0.0,0.0,3,10.1
2024-06-22 22:00:00,4815,23.7,26.8,85.0,0.0,0.0,0.0,1,8.5
2024-06-22 23:00:00,3722,22.8,26.0,89.0,0.0,0.0,0.0,3,7.2
2024-06-23 00:00:00,3322,22.6,26.1,90.0,0.0,0.0,0.0,3,5.5
2024-06-23 01:00:00,2464,22.4,24.7,89.0,0.2,0.2,0.0,51,11.8
2024-06-23 02:00:00,1740,22.0,24.0,89.0,0.1,0.1,0.0,51,12.7
2024-06-23 03:00:00,1338,22.0,23.6,89.0,0.0,0.0,0.0,3,15.5
2024-06-23 04:00:00,845,22.1,24.5,90.0,0.0,0.0,0.0,3,10.7
2024-06-23 05:00:00,734,22.4,25.2,88.0,0.0,0.0,0.0,3,8.7
2024-06-23 06:00:00,1266,22.9,25.7,86.0,0.0,0.0,0.0,3,8.5
2024-06-23 07:00:00,2410,24.0,26.8,81.0,0.0,0.0,0.0,3,9.4
2024-06-23 08:00:00,3489,25.7,28.0,73.0,0.0,0.0,0.0,3,12.4
2024-06-23 09:00:00,5343,27.6,30.1,72.0,0.0,0.0,0.0,1,16.3
2024-06-23 10:00:00,7525,29.3,31.6,64.0,0.0,0.0,0.0,3,16.7
2024-06-23 11:00:00,8602,31.0,33.0,57.0,0.1,0.1,0.0,51,18.7
2024-06-23 12:00:00,9424,32.8,34.0,47.0,0.0,0.0,0.0,3,20.8
2024-06-23 13:00:00,9834,34.1,34.6,39.0,0.0,0.0,0.0,2,25.2
2024-06-23 14:00:00,10179,34.3,34.3,38.0,0.0,0.0,0.0,2,26.7
2024-06-23 15:00:00,10093,34.8,34.4,36.0,0.0,0.0,0.0,3,25.9
2024-06-23 16:00:00,9947,34.5,33.1,33.0,0.0,0.0,0.0,3,23.2
2024-06-23 17:00:00,10813,34.1,33.2,34.0,0.0,0.0,0.0,3,20.8
2024-06-23 18:00:00,10076,33.4,32.1,35.0,0.0,0.0,0.0,3,22.0
2024-06-23 19:00:00,8871,32.1,30.8,37.0,0.0,0.0,0.0,3,22.4
2024-06-23 20:00:00,7406,31.3,31.0,39.0,0.0,0.0,0.0,3,15.3
2024-06-23 21:00:00,5672,28.9,28.4,52.0,0.0,0.0,0.0,3,23.4
2024-06-23 22:00:00,4485,27.9,27.6,59.0,0.0,0.0,0.0,3,25.3
2024-06-23 23:00:00,2937,26.7,26.9,66.0,0.0,0.0,0.0,3,24.3
2024-06-24 00:00:00,1704,26.4,27.0,68.0,0.0,0.0,0.0,1,22.2
2024-06-24 01:00:00,986,25.9,26.8,71.0,0.0,0.0,0.0,0,20.6
2024-06-24 02:00:00,592,25.7,26.7,71.0,0.0,0.0,0.0,0,19.3
2024-06-24 03:00:00,400,25.3,26.7,71.0,0.0,0.0,0.0,1,16.3
2024-06-24 04:00:00,444,25.0,26.0,70.0,0.0,0.0,0.0,0,16.5
2024-06-24 05:00:00,1318,24.4,24.7,69.0,0.0,0.0,0.0,0,18.4
2024-06-24 06:00:00,3773,23.5,23.5,70.0,0.0,0.0,0.0,0,18.9
2024-06-24 07:00:00,7139,23.4,23.1,69.0,0.0,0.0,0.0,0,20.3
2024-06-24 08:00:00,10878,23.2,22.1,62.0,0.0,0.0,0.0,0,20.3
2024-06-24 09:00:00,8046,24.6,23.2,57.0,0.0,0.0,0.0,0,22.7
2024-06-24 10:00:00,5871,24.6,22.4,49.0,0.0,0.0,0.0,0,24.9
2024-06-24 11:00:00,6165,25.0,23.0,46.0,0.0,0.0,0.0,0,26.2
2024-06-24 12:00:00,6884,25.6,23.6,43.0,0.0,0.0,0.0,2,28.2
2024-06-24 13:00:00,7506,25.7,22.5,40.0,0.0,0.0,0.0,3,29.6
2024-06-24 14:00:00,8279,25.5,21.2,39.0,0.0,0.0,0.0,3,31.9
2024-06-24 15:00:00,9026,25.2,20.3,39.0,0.0,0.0,0.0,3,34.7
2024-06-24 16:00:00,10634,24.8,19.9,40.0,0.0,0.0,0.0,1,37.4
2024-06-24 17:00:00,15538,23.2,18.5,45.0,0.0,0.0,0.0,0,34.1
2024-06-24 18:00:00,14692,23.2,18.1,43.0,0.0,0.0,0.0,3,35.5
2024-06-24 19:00:00,11448,23.1,18.0,42.0,0.0,0.0,0.0,3,34.2
2024-06-24 20:00:00,8557,22.6,18.5,44.0,0.0,0.0,0.0,1,27.7
2024-06-24 21:00:00,6296,21.8,18.8,48.0,0.0,0.0,0.0,3,21.3
2024-06-24 22:00:00,4737,22.1,18.9,46.0,0.0,0.0,0.0,0,22.0
2024-06-24 23:00:00,3579,21.4,18.3,48.0,0.0,0.0,0.0,0,21.0
2024-06-25 00:00:00,1762,21.2,18.1,49.0,0.0,0.0,0.0,0,21.5
2024-06-25 01:00:00,952,20.9,17.9,49.0,0.0,0.0,0.0,0,20.1
2024-06-25 02:00:00,653,20.4,17.6,50.0,0.0,0.0,0.0,0,18.6
2024-06-25 03:00:00,380,20.1,17.2,50.0,0.0,0.0,0.0,0,18.1
2024-06-25 04:00:00,479,19.9,16.9,50.0,0.0,0.0,0.0,0,18.6
2024-06-25 05:00:00,1473,19.5,16.6,51.0,0.0,0.0,0.0,0,18.4
2024-06-25 06:00:00,4311,19.5,16.6,54.0,0.0,0.0,0.0,0,19.4
2024-06-25 07:00:00,8049,20.5,18.4,56.0,0.0,0.0,0.0,0,17.4
2024-06-25 08:00:00,12664,22.3,20.6,53.0,0.0,0.0,0.0,0,16.3
2024-06-25 09:00:00,9073,24.5,23.3,51.0,0.0,0.0,0.0,0,16.5
2024-06-25 10:00:00,6524,27.0,26.3,44.0,0.0,0.0,0.0,1,15.2
2024-06-25 11:00:00,6508,28.9,28.1,33.0,0.0,0.0,0.0,1,15.5
2024-06-25 12:00:00,7105,29.8,29.7,30.0,0.0,0.0,0.0,0,13.5
2024-06-25 13:00:00,7538,30.6,30.8,28.0,0.0,0.0,0.0,3,13.2
2024-06-25 14:00:00,8522,31.3,31.5,26.0,0.0,0.0,0.0,3,13.0
2024-06-25 15:00:00,9160,32.2,31.7,24.0,0.0,0.0,0.0,3,13.3
2024-06-25 16:00:00,10919,32.7,31.6,22.0,0.0,0.0,0.0,3,12.6
2024-06-25 17:00:00,16940,30.1,28.3,36.0,0.0,0.0,0.0,3,21.3
2024-06-25 18:00:00,16677,28.6,27.6,46.0,0.0,0.0,0.0,3,20.4
2024-06-25 19:00:00,13002,27.2,27.7,55.0,0.0,0.0,0.0,0,14.7
2024-06-25 20:00:00,10062,26.0,27.8,60.0,0.0,0.0,0.0,2,6.5
2024-06-25 21:00:00,7833,26.6,23.3,27.0,0.0,0.0,0.0,3,15.3
2024-06-25 22:00:00,6043,25.3,22.4,32.0,0.0,0.0,0.0,3,15.3
2024-06-25 23:00:00,4088,25.7,22.8,36.0,0.0,0.0,0.0,3,18.4
2024-06-26 00:00:00,2269,24.7,22.3,41.0,0.0,0.0,0.0,3,17.6
2024-06-26 01:00:00,1159,24.1,22.0,46.0,0.0,0.0,0.0,3,18.5
2024-06-26 02:00:00,670,23.5,21.6,50.0,0.0,0.0,0.0,3,18.7
2024-06-26 03:00:00,367,23.3,21.7,53.0,0.0,0.0,0.0,3,18.2
2024-06-26 04:00:00,441,23.1,21.6,55.0,0.0,0.0,0.0,3,17.9
2024-06-26 05:00:00,1398,22.7,21.5,57.0,0.0,0.0,0.0,3,16.3
2024-06-26 06:00:00,4028,22.4,21.8,60.0,0.0,0.0,0.0,3,14.1
2024-06-26 07:00:00,7895,23.3,23.3,62.0,0.0,0.0,0.0,3,12.7
2024-06-26 08:00:00,12733,24.8,24.8,59.0,0.0,0.0,0.0,3,14.8
2024-06-26 09:00:00,9594,26.5,26.8,57.0,0.0,0.0,0.0,3,15.0
2024-06-26 10:00:00,6898,28.3,28.9,52.0,0.0,0.0,0.0,3,14.9
2024-06-26 11:00:00,6942,30.0,31.4,48.0,0.0,0.0,0.0,3,15.5
2024-06-26 12:00:00,7385,31.5,33.0,45.0,0.0,0.0,0.0,3,16.3
2024-06-26 13:00:00,7756,33.2,35.2,41.0,0.0,0.0,0.0,2,18.0
2024-06-26 14:00:00,8508,33.7,35.1,37.0,0.0,0.0,0.0,1,16.9
2024-06-26 15:00:00,8895,34.2,36.1,35.0,0.0,0.0,0.0,1,13.0
2024-06-26 16:00:00,11069,34.5,36.4,34.0,0.0,0.0,0.0,2,9.1
2024-06-26 17:00:00,16750,32.9,32.8,39.0,0.0,0.0,0.0,3,18.1
2024-06-26 18:00:00,16866,30.1,30.5,57.0,0.0,0.0,0.0,3,25.5
2024-06-26 19:00:00,12924,29.6,31.0,59.0,0.0,0.0,0.0,3,19.8
2024-06-26 20:00:00,7503,29.3,28.4,48.0,0.4,0.4,0.0,51,23.5
2024-06-26 21:00:00,4376,23.3,24.3,76.0,0.1,0.1,0.0,51,15.5
2024-06-26 22:00:00,4585,23.2,25.3,81.0,0.0,0.0,0.0,3,11.0
2024-06-26 23:00:00,3214,23.5,26.5,81.0,0.0,0.0,0.0,3,5.8
2024-06-27 00:00:00,1253,23.2,26.5,82.0,0.0,0.0,0.0,3,3.1
2024-06-27 01:00:00,418,22.8,25.9,85.0,0.4,0.4,0.0,51,5.0
2024-06-27 02:00:00,234,22.4,25.8,91.0,1.6,1.6,0.0,61,6.1
2024-06-27 03:00:00,206,21.3,23.7,92.0,2.0,2.0,0.0,61,9.5
2024-06-27 04:00:00,330,21.1,23.8,91.0,4.4,4.4,0.0,63,6.4
2024-06-27 05:00:00,1182,21.0,22.6,89.0,0.5,0.5,0.0,53,12.2
2024-06-27 06:00:00,3656,20.8,22.8,91.0,0.0,0.0,0.0,3,10.0
2024-06-27 07:00:00,6964,21.0,22.8,88.0,0.0,0.0,0.0,3,10.4
2024-06-27 08:00:00,11542,21.5,23.3,83.0,0.0,0.0,0.0,0,8.7
2024-06-27 09:00:00,9503,21.5,21.5,68.0,0.0,0.0,0.0,0,13.0
2024-06-27 10:00:00,6772,23.3,23.2,59.0,0.0,0.0,0.0,0,14.4
2024-06-27 11:00:00,7036,24.8,26.0,52.0,0.0,0.0,0.0,0,10.7
2024-06-27 12:00:00,7757,25.9,27.4,50.0,0.0,0.0,0.0,1,12.9
2024-06-27 13:00:00,7889,27.0,28.0,46.0,0.0,0.0,0.0,1,15.6
2024-06-27 14:00:00,8491,27.8,28.0,40.0,0.0,0.0,0.0,1,15.3
2024-06-27 15:00:00,9356,28.5,28.0,37.0,0.0,0.0,0.0,1,16.9
2024-06-27 16:00:00,11526,28.9,27.0,34.0,0.0,0.0,0.0,0,19.2
2024-06-27 17:00:00,17095,29.4,26.9,32.0,0.0,0.0,0.0,1,20.3
2024-06-27 18:00:00,16651,28.1,25.9,36.0,0.0,0.0,0.0,1,18.7
2024-06-27 19:00:00,13288,27.2,25.4,39.0,0.0,0.0,0.0,1,16.4
2024-06-27 20:00:00,10915,25.3,23.2,45.0,0.0,0.0,0.0,0,19.7
2024-06-27 21:00:00,7694,22.5,20.5,52.0,0.0,0.0,0.0,0,17.9
2024-06-27 22:00:00,6430,21.7,19.7,53.0,0.0,0.0,0.0,0,17.1
2024-06-27 23:00:00,4790,20.6,18.0,51.0,0.0,0.0,0.0,0,17.5
2024-06-28 00:00:00,2841,19.4,16.6,50.0,0.0,0.0,0.0,0,17.2
2024-06-28 01:00:00,1533,18.1,15.7,53.0,0.0,0.0,0.0,1,13.7
2024-06-28 02:00:00,907,16.9,14.7,56.0,0.0,0.0,0.0,1,11.9
2024-06-28 03:00:00,629,16.1,14.0,58.0,0.0,0.0,0.0,3,10.8
2024-06-28 04:00:00,523,15.4,13.5,62.0,0.0,0.0,0.0,3,9.4
2024-06-28 05:00:00,1238,15.0,13.4,64.0,0.0,0.0,0.0,3,8.3
2024-06-28 06:00:00,3366,14.8,13.4,68.0,0.0,0.0,0.0,3,7.6
2024-06-28 07:00:00,5600,16.0,14.7,66.0,0.0,0.0,0.0,2,8.0
2024-06-28 08:00:00,8964,17.3,15.4,59.0,0.0,0.0,0.0,3,11.7
2024-06-28 09:00:00,8073,18.7,16.1,46.0,0.0,0.0,0.0,1,12.2
2024-06-28 10:00:00,7005,19.9,17.9,40.0,0.0,0.0,0.0,1,10.6
2024-06-28 11:00:00,7631,21.1,20.3,37.0,0.0,0.0,0.0,0,8.4
2024-06-28 12:00:00,8679,22.2,22.4,35.0,0.0,0.0,0.0,0,5.8
2024-06-28 13:00:00,9282,23.1,24.3,33.0,0.0,0.0,0.0,2,2.7
2024-06-28 14:00:00,10236,24.2,25.9,31.0,0.0,0.0,0.0,0,0.8
2024-06-28 15:00:00,11182,24.9,25.5,30.0,0.0,0.0,0.0,0,4.3
2024-06-28 16:00:00,13258,24.1,22.3,35.0,0.0,0.0,0.0,0,16.2
2024-06-28 17:00:00,15696,23.1,20.0,36.0,0.0,0.0,0.0,0,19.8
2024-06-28 18:00:00,15054,21.9,18.3,40.0,0.0,0.0,0.0,0,20.7
2024-06-28 19:00:00,12394,20.4,17.0,44.0,0.0,0.0,0.0,0,19.1
2024-06-28 20:00:00,9532,19.2,16.2,49.0,0.0,0.0,0.0,0,17.2
2024-06-28 21:00:00,6850,17.9,16.1,61.0,0.0,0.0,0.0,3,12.9
2024-06-28 22:00:00,6354,17.6,16.2,65.0,0.0,0.0,0.0,3,11.5
2024-06-28 23:00:00,5057,17.8,17.0,66.0,0.0,0.0,0.0,3,8.6
2024-06-29 00:00:00,3812,17.9,17.3,68.0,0.0,0.0,0.0,3,8.0
2024-06-29 01:00:00,2812,17.6,17.2,73.0,0.0,0.0,0.0,3,8.8
2024-06-29 02:00:00,2151,17.7,17.6,77.0,0.0,0.0,0.0,3,8.2
2024-06-29 03:00:00,1393,17.2,18.0,85.0,0.0,0.0,0.0,2,4.8
2024-06-29 04:00:00,990,17.6,18.1,86.0,0.0,0.0,0.0,3,8.7
2024-06-29 05:00:00,699,18.1,18.8,86.0,0.0,0.0,0.0,3,8.9
2024-06-29 06:00:00,1427,18.3,18.7,87.0,0.0,0.0,0.0,3,11.4
2024-06-29 07:00:00,2743,19.9,19.8,82.0,0.0,0.0,0.0,3,16.2
2024-06-29 08:00:00,3909,21.0,20.4,79.0,0.0,0.0,0.0,3,21.6
2024-06-29 09:00:00,6048,21.7,21.3,80.0,0.1,0.1,0.0,51,23.7
2024-06-29 10:00:00,7966,22.8,21.9,76.0,0.1,0.1,0.0,51,26.8
2024-06-29 11:00:00,9211,24.2,22.7,69.0,0.1,0.1,0.0,51,30.8
2024-06-29 12:00:00,10492,25.0,23.9,67.0,0.3,0.3,0.0,51,31.4
2024-06-29 13:00:00,10938,25.1,23.6,67.0,0.0,0.0,0.0,3,31.7
2024-06-29 14:00:00,11959,25.8,25.0,65.0,0.0,0.0,0.0,3,31.0
2024-06-29 15:00:00,11860,25.6,24.2,67.0,0.0,0.0,0.0,3,32.4
2024-06-29 16:00:00,11220,25.9,24.9,68.0,0.0,0.0,0.0,3,32.1
2024-06-29 17:00:00,11085,25.1,24.1,73.0,0.0,0.0,0.0,2,32.5
2024-06-29 18:00:00,10619,25.3,24.9,74.0,0.0,0.0,0.0,3,30.1
2024-06-29 19:00:00,9825,24.6,24.9,78.0,0.0,0.0,0.0,3,25.8
2024-06-29 20:00:00,7892,24.4,25.1,79.0,0.0,0.0,0.0,3,23.1
2024-06-29 21:00:00,5363,23.3,25.1,87.0,0.0,0.0,0.0,3,17.2
2024-06-29 22:00:00,2419,22.9,24.9,89.0,0.3,0.3,0.0,51,16.3
2024-06-29 23:00:00,3280,22.9,25.2,91.0,0.7,0.7,0.0,53,16.2
2024-06-30 00:00:00,2575,22.9,25.4,92.0,0.1,0.1,0.0,51,15.0
2024-06-30 01:00:00,1792,22.9,25.5,92.0,0.2,0.2,0.0,51,14.6
2024-06-30 02:00:00,1352,22.8,25.4,94.0,0.2,0.2,0.0,51,15.5
2024-06-30 03:00:00,1063,22.6,25.1,95.0,0.1,0.1,0.0,51,15.2
2024-06-30 04:00:00,908,22.6,25.4,96.0,0.1,0.1,0.0,51,14.4
2024-06-30 05:00:00,728,22.7,25.9,96.0,0.0,0.0,0.0,3,12.2
2024-06-30 06:00:00,1022,23.1,26.6,95.0,0.0,0.0,0.0,3,10.4
2024-06-30 07:00:00,1753,24.1,27.5,92.0,0.0,0.0,0.0,3,13.1
2024-06-30 08:00:00,2926,25.5,28.5,86.0,0.0,0.0,0.0,3,16.3
2024-06-30 09:00:00,4806,26.2,29.0,82.0,0.0,0.0,0.0,3,18.2
2024-06-30 10:00:00,6679,27.2,29.6,77.0,0.0,0.0,0.0,3,20.1
2024-06-30 11:00:00,8611,28.1,30.6,73.0,0.0,0.0,0.0,3,18.9
2024-06-30 12:00:00,9090,28.8,31.3,70.0,0.0,0.0,0.0,3,19.1
2024-06-30 13:00:00,9138,29.7,32.2,66.0,0.0,0.0,0.0,3,19.4
2024-06-30 14:00:00,9875,30.9,33.7,62.0,0.0,0.0,0.0,2,19.9
2024-06-30 15:00:00,9744,31.8,34.9,58.0,0.0,0.0,0.0,2,19.7
2024-06-30 16:00:00,5309,32.5,34.9,54.0,0.0,0.0,0.0,3,20.5
2024-06-30 17:00:00,3297,24.9,27.5,90.0,15.1,15.1,0.0,65,20.7
2024-06-30 18:00:00,5023,24.9,25.9,84.0,0.1,0.1,0.0,51,26.4
2024-06-30 19:00:00,6000,24.4,26.9,88.0,4.3,4.3,0.0,63,17.1
2024-06-30 20:00:00,5383,23.2,26.3,90.0,10.4,10.4,0.0,65,10.1
2024-06-30 21:00:00,4418,22.4,25.6,92.0,0.0,0.0,0.0,2,8.3
2024-06-30 22:00:00,3794,21.6,24.2,93.0,1.6,1.6,0.0,61,10.2
2024-06-30 23:00:00,2704,21.2,21.2,85.0,0.0,0.0,0.0,0,22.1
2024-07-01 00:00:00,1739,18.9,17.5,79.0,0.0,0.0,0.0,0,21.4
2024-07-01 01:00:00,1011,17.6,16.0,78.0,0.0,0.0,0.0,1,19.6
2024-07-01 02:00:00,630,16.8,14.8,77.0,0.0,0.0,0.0,0,19.3
2024-07-01 03:00:00,416,16.2,14.3,77.0,0.0,0.0,0.0,0,17.3
2024-07-01 04:00:00,490,15.9,14.3,78.0,0.0,0.0,0.0,0,15.9
2024-07-01 05:00:00,1293,15.9,14.2,78.0,0.0,0.0,0.0,1,15.9
2024-07-01 06:00:00,3381,16.6,14.8,76.0,0.0,0.0,0.0,1,17.3
2024-07-01 07:00:00,6237,18.0,16.1,71.0,0.0,0.0,0.0,1,19.4
2024-07-01 08:00:00,9469,19.4,17.5,68.0,0.0,0.0,0.0,0,20.3
2024-07-01 09:00:00,7529,20.5,18.1,64.0,0.0,0.0,0.0,1,23.5
2024-07-01 10:00:00,5777,21.6,19.4,59.0,0.0,0.0,0.0,0,23.3
2024-07-01 11:00:00,6098,23.0,21.5,54.0,0.1,0.1,0.0,51,22.9
2024-07-01 12:00:00,6754,23.4,21.5,51.0,0.0,0.0,0.0,1,23.4
2024-07-01 13:00:00,7264,24.0,22.7,51.0,0.1,0.1,0.0,51,23.4
2024-07-01 14:00:00,7945,24.8,22.7,44.0,0.0,0.0,0.0,0,24.0
2024-07-01 15:00:00,8819,25.3,23.4,42.0,0.0,0.0,0.0,0,23.5
2024-07-01 16:00:00,10499,25.6,23.6,40.0,0.0,0.0,0.0,0,21.2
2024-07-01 17:00:00,15043,25.4,23.0,40.0,0.0,0.0,0.0,0,20.5
2024-07-01 18:00:00,15576,24.8,22.3,43.0,0.0,0.0,0.0,0,19.1
2024-07-01 19:00:00,11939,23.9,22.7,48.0,0.0,0.0,0.0,0,13.4
2024-07-01 20:00:00,9441,22.6,21.1,51.0,0.0,0.0,0.0,0,14.5
2024-07-01 21:00:00,6574,21.0,20.9,61.0,0.0,0.0,0.0,0,7.6
2024-07-01 22:00:00,4670,20.4,19.3,61.0,0.0,0.0,0.0,0,13.0
2024-07-01 23:00:00,3422,20.6,18.2,51.0,0.0,0.0,0.0,0,16.7
2024-07-02 00:00:00,1767,19.2,17.6,56.0,0.0,0.0,0.0,0,11.5
2024-07-02 01:00:00,961,18.1,16.7,66.0,0.0,0.0,0.0,0,13.1
2024-07-02 02:00:00,502,18.0,16.2,67.0,0.0,0.0,0.0,0,15.5
2024-07-02 03:00:00,386,17.3,15.7,67.0,0.0,0.0,0.0,0,13.4
2024-07-02 04:00:00,440,16.6,15.1,71.0,0.0,0.0,0.0,0,13.0
2024-07-02 05:00:00,1350,16.0,14.6,74.0,0.0,0.0,0.0,0,12.3
2024-07-02 06:00:00,3749,15.7,14.3,75.0,0.0,0.0,0.0,0,11.9
2024-07-02 07:00:00,6941,16.8,15.7,73.0,0.0,0.0,0.0,0,11.2
2024-07-02 08:00:00,11026,18.7,17.6,65.0,0.0,0.0,0.0,0,11.5
2024-07-02 09:00:00,8780,21.1,20.4,58.0,0.0,0.0,0.0,0,9.8
2024-07-02 10:00:00,6443,23.1,22.8,49.0,0.0,0.0,0.0,0,9.8
2024-07-02 11:00:00,6530,24.5,25.3,44.0,0.0,0.0,0.0,0,7.1
2024-07-02 12:00:00,7195,25.5,27.6,41.0,0.0,0.0,0.0,0,3.0
2024-07-02 13:00:00,7393,26.2,28.8,38.0,0.0,0.0,0.0,0,2.0
2024-07-02 14:00:00,8170,26.9,29.5,36.0,0.0,0.0,0.0,0,1.8
2024-07-02 15:00:00,8931,27.4,29.9,36.0,0.0,0.0,0.0,3,0.8
2024-07-02 16:00:00,11114,27.5,28.7,37.0,0.0,0.0,0.0,3,4.3
2024-07-02 17:00:00,16371,27.0,26.1,38.0,0.0,0.0,0.0,3,9.1
2024-07-02 18:00:00,16139,26.0,24.2,39.0,0.0,0.0,0.0,3,14.2
2024-07-02 19:00:00,12521,24.6,22.8,43.0,0.0,0.0,0.0,3,14.7
2024-07-02 20:00:00,9441,23.0,21.7,50.0,0.0,0.0,0.0,3,12.9
2024-07-02 21:00:00,6937,21.4,20.3,56.0,0.0,0.0,0.0,3,12.4
2024-07-02 22:00:00,5348,20.6,19.9,60.0,0.0,0.0,0.0,3,10.4
2024-07-02 23:00:00,3720,20.2,19.9,63.0,0.0,0.0,0.0,3,8.5
2024-07-03 00:00:00,2053,19.4,19.6,68.0,0.0,0.0,0.0,3,6.0
2024-07-03 01:00:00,1051,18.5,18.7,73.0,0.0,0.0,0.0,1,6.1
2024-07-03 02:00:00,610,17.8,18.0,76.0,0.0,0.0,0.0,2,6.5
2024-07-03 03:00:00,380,17.2,17.3,78.0,0.0,0.0,0.0,0,7.2
2024-07-03 04:00:00,424,16.6,16.6,80.0,0.0,0.0,0.0,1,7.2
2024-07-03 05:00:00,1274,17.1,17.1,78.0,0.0,0.0,0.0,1,7.1
2024-07-03 06:00:00,3347,18.1,18.5,75.0,0.0,0.0,0.0,0,4.6
2024-07-03 07:00:00,6095,18.6,19.4,76.0,0.0,0.0,0.0,3,4.1
2024-07-03 08:00:00,9387,20.4,21.0,67.0,0.0,0.0,0.0,3,5.0
2024-07-03 09:00:00,8076,22.7,23.4,59.0,0.0,0.0,0.0,2,4.9
2024-07-03 10:00:00,6500,24.7,24.9,47.0,0.0,0.0,0.0,2,7.4
2024-07-03 11:00:00,6975,26.0,25.6,37.0,0.0,0.0,0.0,2,11.2
2024-07-03 12:00:00,7893,26.8,26.5,35.0,0.0,0.0,0.0,1,14.0
2024-07-03 13:00:00,8546,27.0,26.9,37.0,0.0,0.0,0.0,3,16.2
2024-07-03 14:00:00,9468,26.5,25.9,39.0,0.0,0.0,0.0,3,20.0
2024-07-03 15:00:00,10696,26.2,24.7,39.0,0.0,0.0,0.0,3,22.5
2024-07-03 16:00:00,11795,25.7,23.2,40.0,0.0,0.0,0.0,3,25.3
2024-07-03 17:00:00,13833,24.9,21.8,42.0,0.0,0.0,0.0,3,25.3
2024-07-03 18:00:00,12966,24.1,21.0,47.0,0.0,0.0,0.0,3,25.3
2024-07-03 19:00:00,10772,23.1,20.8,53.0,0.0,0.0,0.0,3,21.9
2024-07-03 20:00:00,8337,21.9,19.9,58.0,0.0,0.0,0.0,3,20.5
2024-07-03 21:00:00,6367,21.0,19.0,56.0,0.0,0.0,0.0,3,17.7
2024-07-03 22:00:00,5091,20.4,18.7,59.0,0.0,0.0,0.0,2,15.6
2024-07-03 23:00:00,3947,20.0,18.3,59.0,0.0,0.0,0.0,3,15.1
2024-07-04 00:00:00,2691,19.8,18.4,58.0,0.0,0.0,0.0,3,12.6
2024-07-04 01:00:00,1639,19.5,18.1,58.0,0.0,0.0,0.0,1,12.0
2024-07-04 02:00:00,1112,19.2,18.0,62.0,0.0,0.0,0.0,3,12.0
2024-07-04 03:00:00,616,19.1,18.2,67.0,0.0,0.0,0.0,3,11.7
2024-07-04 04:00:00,531,19.0,18.5,71.0,0.0,0.0,0.0,2,10.9
2024-07-04 05:00:00,517,18.6,18.6,75.0,0.0,0.0,0.0,3,9.0
2024-07-04 06:00:00,1137,18.7,18.7,77.0,0.0,0.0,0.0,3,9.6
2024-07-04 07:00:00,2121,19.8,20.3,74.0,0.0,0.0,0.0,3,8.5
2024-07-04 08:00:00,3110,21.5,21.8,68.0,0.0,0.0,0.0,2,10.5
2024-07-04 09:00:00,4428,23.2,24.6,69.0,0.0,0.0,0.0,3,8.5
2024-07-04 10:00:00,5797,24.8,26.3,66.0,0.0,0.0,0.0,3,9.6
2024-07-04 11:00:00,6943,25.9,27.7,65.0,0.1,0.1,0.0,51,9.5
2024-07-04 12:00:00,7728,27.6,30.7,61.0,0.0,0.0,0.0,3,8.3
2024-07-04 13:00:00,8353,29.3,33.2,56.0,0.0,0.0,0.0,2,8.8
2024-07-04 14:00:00,8259,29.6,32.9,56.0,0.0,0.0,0.0,3,13.4
2024-07-04 15:00:00,8483,29.2,32.0,58.0,0.0,0.0,0.0,3,16.1
2024-07-04 16:00:00,8277,28.4,29.9,61.0,0.0,0.0,0.0,3,18.2
2024-07-04 17:00:00,8438,27.4,29.4,64.0,0.0,0.0,0.0,3,13.1
2024-07-04 18:00:00,8157,26.3,28.5,69.0,0.3,0.3,0.0,51,12.0
2024-07-04 19:00:00,7694,25.8,27.9,71.0,0.0,0.0,0.0,3,12.5
2024-07-04 20:00:00,7591,25.2,27.8,73.0,0.0,0.0,0.0,3,8.9
2024-07-04 21:00:00,6649,24.4,27.9,85.0,0.0,0.0,0.0,3,9.0
2024-07-04 22:00:00,5430,23.8,26.9,89.0,0.1,0.1,0.0,51,11.6
2024-07-04 23:00:00,2272,23.4,26.9,91.0,1.7,1.7,0.0,61,9.1
2024-07-05 00:00:00,2099,23.1,27.3,93.0,1.7,1.7,0.0,61,4.4
2024-07-05 01:00:00,1334,22.1,26.0,96.0,0.0,0.0,0.0,3,5.6
2024-07-05 02:00:00,860,21.6,25.3,96.0,0.0,0.0,0.0,3,4.6
2024-07-05 03:00:00,637,21.4,24.9,96.0,0.0,0.0,0.0,3,5.2
2024-07-05 04:00:00,498,21.3,25.0,97.0,0.0,0.0,0.0,3,4.0
2024-07-05 05:00:00,736,21.2,24.8,97.0,0.0,0.0,0.0,3,4.7
2024-07-05 06:00:00,1702,21.4,25.1,98.0,0.0,0.0,0.0,3,5.1
2024-07-05 07:00:00,3109,23.0,27.0,94.0,0.0,0.0,0.0,3,6.0
2024-07-05 08:00:00,4405,24.4,28.2,89.0,0.0,0.0,0.0,3,8.9
2024-07-05 09:00:00,4878,24.9,29.1,87.0,0.0,0.0,0.0,3,7.6
2024-07-05 10:00:00,5378,27.5,31.6,77.0,0.1,0.1,0.0,51,10.1
2024-07-05 11:00:00,6378,29.3,33.7,71.0,0.0,0.0,0.0,3,9.2
2024-07-05 12:00:00,7026,29.4,33.7,70.0,0.0,0.0,0.0,3,9.0
2024-07-05 13:00:00,7344,30.9,35.6,63.0,0.0,0.0,0.0,2,11.3
2024-07-05 14:00:00,8263,31.3,36.1,61.0,0.0,0.0,0.0,2,14.4
2024-07-05 15:00:00,8291,29.8,33.5,68.0,0.3,0.3,0.0,51,13.1
2024-07-05 16:00:00,8415,29.8,32.8,66.0,0.1,0.1,0.0,51,17.6
2024-07-05 17:00:00,9319,28.0,31.5,72.0,0.5,0.5,0.0,53,10.9
2024-07-05 18:00:00,9646,24.9,27.5,84.0,3.0,3.0,0.0,63,15.8
2024-07-05 19:00:00,5575,24.9,28.3,86.0,0.0,0.0,0.0,3,12.2
2024-07-05 20:00:00,3903,24.4,27.9,88.0,0.0,0.0,0.0,3,10.9
2024-07-05 21:00:00,4197,25.5,30.1,84.0,0.0,0.0,0.0,3,4.6
2024-07-05 22:00:00,3792,25.5,29.2,81.0,0.0,0.0,0.0,3,7.9
2024-07-05 23:00:00,3371,25.1,28.9,82.0,0.0,0.0,0.0,3,7.0
2024-07-06 00:00:00,2479,24.8,27.8,83.0,0.0,0.0,0.0,3,12.5
2024-07-06 01:00:00,1665,23.7,26.5,86.0,0.0,0.0,0.0,3,11.9
2024-07-06 02:00:00,1180,22.4,24.9,90.0,0.0,0.0,0.0,2,12.1
2024-07-06 03:00:00,799,22.0,24.8,93.0,0.0,0.0,0.0,3,9.8
2024-07-06 04:00:00,565,21.9,25.3,94.0,0.0,0.0,0.0,3,6.6
2024-07-06 05:00:00,639,22.3,25.7,93.0,0.1,0.1,0.0,51,7.5
2024-07-06 06:00:00,1035,22.6,26.5,93.0,0.0,0.0,0.0,3,5.4
2024-07-06 07:00:00,1593,23.3,26.7,91.0,0.1,0.1,0.0,51,9.4
2024-07-06 08:00:00,2289,24.8,28.5,86.0,0.0,0.0,0.0,2,9.5
2024-07-06 09:00:00,4260,25.6,30.8,86.0,0.0,0.0,0.0,2,2.4
2024-07-06 10:00:00,6044,27.5,32.3,77.0,0.0,0.0,0.0,3,5.8
2024-07-06 11:00:00,7513,29.0,34.2,70.0,0.0,0.0,0.0,3,4.0
2024-07-06 12:00:00,7913,30.7,35.9,61.0,0.0,0.0,0.0,1,5.4
2024-07-06 13:00:00,7930,31.8,37.7,60.0,0.0,0.0,0.0,1,9.1
2024-07-06 14:00:00,8314,31.9,37.0,59.0,0.0,0.0,0.0,1,12.4
2024-07-06 15:00:00,8921,30.5,34.0,66.0,0.5,0.5,0.0,53,14.9
2024-07-06 16:00:00,8418,30.6,34.1,66.0,0.1,0.1,0.0,51,15.9
2024-07-06 17:00:00,9031,30.8,34.4,64.0,0.1,0.1,0.0,51,13.4
2024-07-06 18:00:00,8681,31.1,34.2,61.0,0.0,0.0,0.0,1,15.5
2024-07-06 19:00:00,8539,31.0,34.5,61.0,0.0,0.0,0.0,1,11.3
2024-07-06 20:00:00,7287,29.4,33.4,68.0,0.0,0.0,0.0,1,9.8
2024-07-06 21:00:00,5803,27.3,31.8,82.0,0.0,0.0,0.0,0,10.9
2024-07-06 22:00:00,4963,26.7,31.6,83.0,0.0,0.0,0.0,0,5.9
2024-07-06 23:00:00,4172,25.7,30.4,87.0,0.0,0.0,0.0,0,6.6
2024-07-07 00:00:00,2967,25.5,30.2,87.0,0.0,0.0,0.0,3,5.4
2024-07-07 01:00:00,2118,26.1,31.0,83.0,0.0,0.0,0.0,3,4.0
2024-07-07 02:00:00,1538,25.0,29.5,86.0,0.0,0.0,0.0,1,4.0
2024-07-07 03:00:00,988,22.9,26.7,92.0,0.0,0.0,0.0,0,5.4
2024-07-07 04:00:00,830,22.9,25.9,88.0,0.0,0.0,0.0,0,8.5
2024-07-07 05:00:00,655,22.5,25.0,87.0,0.0,0.0,0.0,1,10.6
2024-07-07 06:00:00,1036,22.6,24.5,82.0,0.0,0.0,0.0,3,11.2
2024-07-07 07:00:00,1766,23.4,25.7,82.0,0.0,0.0,0.0,3,11.6
2024-07-07 08:00:00,2852,25.0,27.4,78.0,0.0,0.0,0.0,3,12.6
2024-07-07 09:00:00,4593,26.6,28.2,64.0,0.0,0.0,0.0,2,13.6
2024-07-07 10:00:00,5852,28.1,29.6,57.0,0.0,0.0,0.0,2,12.1
2024-07-07 11:00:00,7077,29.9,32.7,52.0,0.0,0.0,0.0,2,10.0
2024-07-07 12:00:00,7937,31.0,35.0,49.0,0.0,0.0,0.0,3,6.1
2024-07-07 13:00:00,8726,31.6,35.5,46.0,0.1,0.1,0.0,51,1.1
2024-07-07 14:00:00,8813,31.2,33.6,48.0,0.2,0.2,0.0,51,6.1
2024-07-07 15:00:00,9205,30.0,32.7,55.0,0.5,0.5,0.0,53,8.4
2024-07-07 16:00:00,9234,30.3,33.8,56.0,0.1,0.1,0.0,51,6.8
2024-07-07 17:00:00,9588,30.8,34.0,54.0,0.0,0.0,0.0,0,6.5
2024-07-07 18:00:00,9240,30.7,33.6,54.0,0.0,0.0,0.0,0,7.7
2024-07-07 19:00:00,8485,29.4,32.5,63.0,0.0,0.0,0.0,0,10.8
2024-07-07 20:00:00,7232,27.1,30.9,78.0,0.0,0.0,0.0,0,11.3
2024-07-07 21:00:00,5671,26.6,30.3,72.0,0.0,0.0,0.0,0,5.1
2024-07-07 22:00:00,4203,24.9,29.3,87.0,0.0,0.0,0.0,0,6.0
2024-07-07 23:00:00,2860,24.5,29.3,91.0,0.0,0.0,0.0,0,4.0
2024-07-08 00:00:00,1657,23.7,28.0,97.0,0.0,0.0,0.0,2,9.4
2024-07-08 01:00:00,808,23.1,27.7,98.0,0.0,0.0,0.0,3,5.4
2024-07-08 02:00:00,504,22.8,27.7,100.0,0.0,0.0,0.0,3,3.4
2024-07-08 03:00:00,330,22.7,27.3,100.0,0.0,0.0,0.0,3,4.9
2024-07-08 04:00:00,410,22.8,27.6,99.0,0.0,0.0,0.0,3,3.2
2024-07-08 05:00:00,1268,22.7,27.8,100.0,0.0,0.0,0.0,3,1.1
2024-07-08 06:00:00,3542,22.7,26.9,98.0,0.0,0.0,0.0,2,5.5
2024-07-08 07:00:00,6678,23.3,27.0,88.0,0.0,0.0,0.0,3,5.0
2024-07-08 08:00:00,10233,24.3,27.5,79.0,0.0,0.0,0.0,1,5.6
2024-07-08 09:00:00,7663,26.6,29.4,67.0,0.0,0.0,0.0,1,7.1
2024-07-08 10:00:00,5641,28.5,31.6,60.0,0.0,0.0,0.0,1,6.6
2024-07-08 11:00:00,5665,30.0,34.1,54.0,0.0,0.0,0.0,1,4.4
2024-07-08 12:00:00,6404,30.9,35.1,49.0,0.0,0.0,0.0,3,2.8
2024-07-08 13:00:00,6749,31.6,35.4,45.0,0.0,0.0,0.0,3,1.8
2024-07-08 14:00:00,7055,32.0,35.4,45.0,0.0,0.0,0.0,0,7.0
2024-07-08 15:00:00,7895,31.8,35.2,48.0,0.0,0.0,0.0,0,11.4
2024-07-08 16:00:00,9922,30.9,33.5,53.0,0.0,0.0,0.0,1,14.2
2024-07-08 17:00:00,14872,30.2,31.8,54.0,0.0,0.0,0.0,3,15.2
2024-07-08 18:00:00,14534,28.4,30.4,63.0,0.0,0.0,0.0,2,15.9
2024-07-08 19:00:00,11920,26.2,28.9,76.0,0.0,0.0,0.0,2,14.3
2024-07-08 20:00:00,9211,24.4,27.2,85.0,0.0,0.0,0.0,2,13.1
2024-07-08 21:00:00,6592,23.7,26.6,90.0,0.0,0.0,0.0,3,13.4
2024-07-08 22:00:00,4594,22.9,26.4,95.0,0.0,0.0,0.0,3,10.6
2024-07-08 23:00:00,3026,23.0,26.9,94.0,0.0,0.0,0.0,3,6.5
2024-07-09 00:00:00,1647,23.2,27.3,93.0,0.0,0.0,0.0,3,5.6
2024-07-09 01:00:00,865,22.7,26.6,96.0,0.0,0.0,0.0,3,7.4
2024-07-09 02:00:00,501,22.4,26.3,97.0,0.0,0.0,0.0,3,6.0
2024-07-09 03:00:00,319,22.1,26.0,98.0,0.0,0.0,0.0,3,5.7
2024-07-09 04:00:00,450,22.0,25.7,98.0,0.0,0.0,0.0,3,6.8
2024-07-09 05:00:00,1486,21.8,25.4,98.0,0.0,0.0,0.0,3,6.4
2024-07-09 06:00:00,4120,21.7,25.3,98.0,0.0,0.0,0.0,3,6.3
2024-07-09 07:00:00,8030,22.2,25.9,95.0,0.0,0.0,0.0,2,5.6
2024-07-09 08:00:00,12600,24.0,28.1,87.0,0.0,0.0,0.0,1,4.8
2024-07-09 09:00:00,9359,26.3,30.3,79.0,0.0,0.0,0.0,3,7.8
2024-07-09 10:00:00,6180,28.2,32.2,72.0,0.0,0.0,0.0,3,10.0
2024-07-09 11:00:00,6113,29.5,34.0,67.0,0.0,0.0,0.0,3,11.4
2024-07-09 12:00:00,6709,30.6,35.3,63.0,0.0,0.0,0.0,3,13.0
2024-07-09 13:00:00,7010,30.8,34.9,63.0,0.0,0.0,0.0,3,16.3
2024-07-09 14:00:00,7724,30.0,33.7,66.0,0.0,0.0,0.0,3,19.1
2024-07-09 15:00:00,8212,30.2,33.5,66.0,0.0,0.0,0.0,1,19.5
2024-07-09 16:00:00,10340,30.4,33.0,64.0,0.1,0.1,0.0,51,23.1
2024-07-09 17:00:00,17164,29.0,30.6,67.0,0.0,0.0,0.0,3,22.7
2024-07-09 18:00:00,15506,28.8,31.5,68.0,0.0,0.0,0.0,3,16.5
2024-07-09 19:00:00,11987,27.7,31.3,75.0,0.0,0.0,0.0,3,12.2
2024-07-09 20:00:00,9184,28.1,32.4,75.0,0.0,0.0,0.0,3,9.0
2024-07-09 21:00:00,6999,27.4,31.6,75.0,0.0,0.0,0.0,3,7.6
2024-07-09 22:00:00,5382,26.8,31.3,79.0,0.0,0.0,0.0,3,6.6
2024-07-09 23:00:00,3406,26.4,31.2,83.0,0.0,0.0,0.0,3,5.4
2024-07-10 00:00:00,2008,26.3,30.7,85.0,0.0,0.0,0.0,3,9.9
2024-07-10 01:00:00,933,25.9,30.0,86.0,0.0,0.0,0.0,3,11.3
2024-07-10 02:00:00,574,25.4,29.6,87.0,0.0,0.0,0.0,2,9.3
2024-07-10 03:00:00,322,24.9,29.1,89.0,0.0,0.0,0.0,3,8.8
2024-07-10 04:00:00,420,24.6,28.5,89.0,0.0,0.0,0.0,1,9.1
2024-07-10 05:00:00,1436,24.2,28.1,90.0,0.0,0.0,0.0,3,9.3
2024-07-10 06:00:00,4099,24.0,27.7,91.0,0.0,0.0,0.0,2,9.7
2024-07-10 07:00:00,7773,25.0,28.5,84.0,0.0,0.0,0.0,3,9.7
2024-07-10 08:00:00,12533,26.2,29.5,78.0,0.0,0.0,0.0,3,10.8
2024-07-10 09:00:00,9490,27.7,30.9,74.0,0.0,0.0,0.0,3,14.1
2024-07-10 10:00:00,6374,29.0,32.6,70.0,0.1,0.1,0.0,51,13.0
2024-07-10 11:00:00,6228,29.9,33.3,67.0,0.0,0.0,0.0,1,17.6
2024-07-10 12:00:00,6994,30.9,34.8,65.0,0.0,0.0,0.0,3,19.3
2024-07-10 13:00:00,7081,30.7,34.0,63.0,1.0,1.0,0.0,55,24.1
2024-07-10 14:00:00,7858,30.0,31.8,65.0,0.4,0.4,0.0,51,26.0
2024-07-10 15:00:00,8276,29.7,30.4,64.0,0.0,0.0,0.0,2,32.5
2024-07-10 16:00:00,10033,29.3,30.1,65.0,0.0,0.0,0.0,1,33.1
2024-07-10 17:00:00,16998,28.4,28.6,69.0,0.0,0.0,0.0,0,32.9
2024-07-10 18:00:00,16880,28.0,28.4,70.0,0.0,0.0,0.0,0,30.7
2024-07-10 19:00:00,13341,27.1,27.9,73.0,0.0,0.0,0.0,1,27.5
2024-07-10 20:00:00,9770,26.1,27.2,76.0,0.0,0.0,0.0,2,24.4
2024-07-10 21:00:00,7333,25.8,27.1,77.0,0.0,0.0,0.0,3,22.7
2024-07-10 22:00:00,6289,25.5,26.9,79.0,0.0,0.0,0.0,2,22.7
2024-07-10 23:00:00,3913,25.1,26.8,81.0,0.0,0.0,0.0,3,20.9
2024-07-11 00:00:00,2115,25.1,26.9,81.0,0.0,0.0,0.0,3,19.1
2024-07-11 01:00:00,1108,24.9,26.8,81.0,0.1,0.1,0.0,51,17.7
2024-07-11 02:00:00,501,23.8,26.9,90.0,1.9,1.9,0.0,61,13.0
2024-07-11 03:00:00,276,23.9,27.5,92.0,0.6,0.6,0.0,53,10.6
2024-07-11 04:00:00,397,24.1,27.7,91.0,0.0,0.0,0.0,2,11.0
2024-07-11 05:00:00,1073,24.0,27.5,92.0,0.0,0.0,0.0,3,12.3
2024-07-11 06:00:00,3580,24.1,27.4,92.0,2.2,2.2,0.0,61,14.4
2024-07-11 07:00:00,7278,24.4,27.5,92.0,0.0,0.0,0.0,0,16.9
2024-07-11 08:00:00,12047,24.3,26.0,82.0,0.0,0.0,0.0,0,18.2
2024-07-11 09:00:00,9335,25.0,25.9,69.0,0.0,0.0,0.0,0,16.8
2024-07-11 10:00:00,6483,26.0,27.1,64.0,0.0,0.0,0.0,0,15.2
2024-07-11 11:00:00,6342,27.4,29.2,57.0,0.0,0.0,0.0,2,14.6
2024-07-11 12:00:00,7085,29.3,30.6,49.0,0.0,0.0,0.0,1,18.5
2024-07-11 13:00:00,7408,32.0,31.9,38.0,0.0,0.0,0.0,2,24.5
2024-07-11 14:00:00,7765,32.0,31.3,38.0,0.0,0.0,0.0,1,26.7
2024-07-11 15:00:00,8819,33.5,32.8,32.0,0.0,0.0,0.0,2,22.2
2024-07-11 16:00:00,11084,33.1,32.1,33.0,0.0,0.0,0.0,2,20.8
2024-07-11 17:00:00,16876,32.5,31.3,36.0,0.0,0.0,0.0,1,20.2
2024-07-11 18:00:00,16330,30.6,30.7,50.0,0.0,0.0,0.0,2,21.7
2024-07-11 19:00:00,12955,29.1,30.5,58.0,0.0,0.0,0.0,2,16.9
2024-07-11 20:00:00,10083,27.5,31.7,74.0,0.0,0.0,0.0,1,5.8
2024-07-11 21:00:00,7915,25.1,26.3,61.0,0.0,0.0,0.0,1,8.7
2024-07-11 22:00:00,6276,24.4,26.1,64.0,0.0,0.0,0.0,0,5.8
2024-07-11 23:00:00,4276,23.4,25.2,69.0,0.0,0.0,0.0,0,5.2
2024-07-12 00:00:00,2612,22.6,24.5,73.0,0.0,0.0,0.0,0,4.9
2024-07-12 01:00:00,1416,22.1,24.1,76.0,0.0,0.0,0.0,0,4.9
2024-07-12 02:00:00,832,21.5,23.5,79.0,0.0,0.0,0.0,0,4.8
2024-07-12 03:00:00,558,20.9,23.1,82.0,0.0,0.0,0.0,0,4.4
2024-07-12 04:00:00,511,21.1,23.1,81.0,0.0,0.0,0.0,1,4.7
2024-07-12 05:00:00,1166,21.0,23.2,85.0,0.0,0.0,0.0,1,5.4
2024-07-12 06:00:00,3189,21.8,24.3,77.0,0.0,0.0,0.0,1,1.1
2024-07-12 07:00:00,4344,22.6,25.2,76.0,0.0,0.0,0.0,1,1.9
2024-07-12 08:00:00,4852,24.2,26.6,71.0,1.3,1.3,0.0,61,4.9
2024-07-12 09:00:00,6964,25.0,27.3,68.0,0.0,0.0,0.0,2,6.1
2024-07-12 10:00:00,6343,26.3,28.6,64.0,0.0,0.0,0.0,2,6.4
2024-07-12 11:00:00,6612,27.1,29.3,61.0,0.0,0.0,0.0,2,8.0
2024-07-12 12:00:00,7458,28.5,30.6,56.0,0.0,0.0,0.0,3,8.4
2024-07-12 13:00:00,8016,28.3,30.1,60.0,0.0,0.0,0.0,3,13.0
2024-07-12 14:00:00,8654,25.7,27.7,79.0,0.6,0.6,0.0,53,19.5
2024-07-12 15:00:00,9853,26.8,29.4,73.0,0.2,0.2,0.0,51,14.1
2024-07-12 16:00:00,11457,27.6,29.8,70.0,0.0,0.0,0.0,3,17.2
2024-07-12 17:00:00,13905,26.9,28.5,72.0,2.1,2.1,0.0,61,20.6
2024-07-12 18:00:00,11654,24.4,28.0,85.0,2.6,2.6,0.0,63,8.6
2024-07-12 19:00:00,10094,25.0,28.0,83.0,0.1,0.1,0.0,51,12.3
2024-07-12 20:00:00,8059,24.3,28.1,86.0,0.5,0.5,0.0,53,6.9
2024-07-12 21:00:00,6229,24.0,28.0,92.0,0.3,0.3,0.0,51,8.9
2024-07-12 22:00:00,5743,22.7,25.9,94.0,3.6,3.6,0.0,63,11.2
2024-07-12 23:00:00,4932,22.5,26.1,94.0,5.6,5.6,0.0,63,7.2
2024-07-13 00:00:00,3693,23.3,27.7,94.0,0.1,0.1,0.0,51,4.7
2024-07-13 01:00:00,2676,22.7,26.8,96.0,0.4,0.4,0.0,51,5.9
2024-07-13 02:00:00,1846,22.0,24.5,97.0,3.7,3.7,0.0,63,14.3
2024-07-13 03:00:00,1213,21.2,22.2,92.0,8.2,8.2,0.0,65,19.3
2024-07-13 04:00:00,756,21.2,23.2,95.0,1.2,1.2,0.0,55,13.7
2024-07-13 05:00:00,381,21.4,23.7,95.0,1.0,1.0,0.0,55,12.0
2024-07-13 06:00:00,358,21.2,24.1,96.0,3.3,3.3,0.0,63,8.0
2024-07-13 07:00:00,593,21.3,24.4,95.0,4.1,4.1,0.0,63,6.9
2024-07-13 08:00:00,2094,21.8,25.2,95.0,1.4,1.4,0.0,61,6.0
2024-07-13 09:00:00,4205,22.1,26.0,96.0,6.0,6.0,0.0,63,4.2
2024-07-13 10:00:00,4247,22.3,26.5,94.0,1.6,1.6,0.0,61,1.8
2024-07-13 11:00:00,5302,24.5,28.5,84.0,0.2,0.2,0.0,51,5.0
2024-07-13 12:00:00,8627,25.8,29.5,76.0,0.0,0.0,0.0,2,5.2
2024-07-13 13:00:00,9996,27.4,32.1,66.0,0.0,0.0,0.0,1,5.1
2024-07-13 14:00:00,10784,28.4,33.1,60.0,0.0,0.0,0.0,0,3.6
2024-07-13 15:00:00,11413,29.2,34.2,56.0,0.0,0.0,0.0,0,3.4
2024-07-13 16:00:00,11251,29.6,33.7,54.0,0.0,0.0,0.0,0,3.1
2024-07-13 17:00:00,11470,29.6,32.7,54.0,0.0,0.0,0.0,0,4.4
2024-07-13 18:00:00,11066,28.5,31.3,63.0,0.0,0.0,0.0,0,9.8
2024-07-13 19:00:00,10492,26.9,29.6,75.0,0.0,0.0,0.0,0,14.8
2024-07-13 20:00:00,8723,26.1,29.0,75.0,0.0,0.0,0.0,0,10.8
2024-07-13 21:00:00,6910,24.6,28.7,88.0,0.0,0.0,0.0,0,7.6
2024-07-13 22:00:00,5922,23.8,28.1,94.0,0.0,0.0,0.0,0,6.9
2024-07-13 23:00:00,5105,23.1,27.3,96.0,0.0,0.0,0.0,0,6.1
2024-07-14 00:00:00,3801,24.4,29.9,94.0,0.0,0.0,0.0,0,1.1
2024-07-14 01:00:00,2875,24.1,29.7,96.0,0.0,0.0,0.0,0,1.0
2024-07-14 02:00:00,2071,22.7,27.2,100.0,0.0,0.0,0.0,0,5.2
2024-07-14 03:00:00,1345,22.1,26.4,98.0,0.0,0.0,0.0,0,4.1
2024-07-14 04:00:00,838,21.9,25.8,99.0,0.0,0.0,0.0,0,6.2
2024-07-14 05:00:00,622,21.3,24.6,96.0,0.0,0.0,0.0,0,6.4
2024-07-14 06:00:00,1104,21.0,23.5,91.0,0.0,0.0,0.0,0,7.2
2024-07-14 07:00:00,2043,22.0,24.6,87.0,0.0,0.0,0.0,0,7.0
2024-07-14 08:00:00,3452,23.7,26.8,81.0,0.0,0.0,0.0,0,6.1
2024-07-14 09:00:00,5340,25.6,29.0,76.0,0.0,0.0,0.0,0,6.9
2024-07-14 10:00:00,6964,27.4,30.8,66.0,0.0,0.0,0.0,0,6.8
2024-07-14 11:00:00,8503,28.8,32.8,58.0,0.0,0.0,0.0,0,5.8
2024-07-14 12:00:00,9892,28.1,32.0,61.0,0.8,0.8,0.0,53,8.2
2024-07-14 13:00:00,11077,28.5,32.4,62.0,0.1,0.1,0.0,51,4.2
2024-07-14 14:00:00,12409,30.2,35.1,57.0,0.0,0.0,0.0,0,8.9
2024-07-14 15:00:00,9586,30.6,33.8,52.0,0.0,0.0,0.0,0,12.4
2024-07-14 16:00:00,8802,29.9,31.6,51.0,0.0,0.0,0.0,1,15.5
2024-07-14 17:00:00,12088,29.3,31.9,59.0,0.1,0.1,0.0,51,10.4
2024-07-14 18:00:00,10759,29.5,32.8,61.0,0.0,0.0,0.0,0,8.5
2024-07-14 19:00:00,9950,29.0,32.2,63.0,0.0,0.0,0.0,0,9.0
2024-07-14 20:00:00,7817,27.5,31.3,70.0,0.0,0.0,0.0,0,6.3
2024-07-14 21:00:00,5375,25.9,29.9,81.0,0.0,0.0,0.0,0,7.4
2024-07-14 22:00:00,4489,24.9,29.1,88.0,0.0,0.0,0.0,2,8.0
2024-07-14 23:00:00,2976,24.2,28.6,93.0,0.0,0.0,0.0,3,7.3
2024-07-15 00:00:00,2848,24.2,28.7,92.0,0.0,0.0,0.0,3,5.9
2024-07-15 01:00:00,1134,24.3,28.3,90.0,0.0,0.0,0.0,3,8.9
2024-07-15 02:00:00,625,23.8,27.4,90.0,0.0,0.0,0.0,2,9.8
2024-07-15 03:00:00,384,23.3,26.8,92.0,0.0,0.0,0.0,1,9.0
2024-07-15 04:00:00,403,23.0,26.8,93.0,0.0,0.0,0.0,1,6.8
2024-07-15 05:00:00,683,22.6,26.7,95.0,0.0,0.0,0.0,0,4.1
2024-07-15 06:00:00,3079,22.7,26.6,96.0,0.0,0.0,0.0,0,6.4
2024-07-15 07:00:00,6415,23.5,28.5,92.0,0.0,0.0,0.0,0,0.5
2024-07-15 08:00:00,10262,25.0,29.4,86.0,0.0,0.0,0.0,0,5.4
2024-07-15 09:00:00,8164,27.1,30.9,78.0,0.0,0.0,0.0,0,10.9
2024-07-15 10:00:00,5786,28.7,32.6,71.0,0.0,0.0,0.0,3,11.3
2024-07-15 11:00:00,5782,29.2,33.2,68.0,0.0,0.0,0.0,1,8.7
2024-07-15 12:00:00,6501,30.9,35.8,62.0,0.0,0.0,0.0,3,8.9
2024-07-15 13:00:00,6782,31.7,36.7,57.0,0.1,0.1,0.0,51,11.3
2024-07-15 14:00:00,6885,32.4,36.4,52.0,0.0,0.0,0.0,3,14.1
2024-07-15 15:00:00,7755,32.5,36.4,54.0,0.1,0.1,0.0,51,14.9
2024-07-15 16:00:00,10012,32.8,35.2,50.0,0.0,0.0,0.0,0,15.0
2024-07-15 17:00:00,14579,33.8,34.6,36.0,0.0,0.0,0.0,0,10.1
2024-07-15 18:00:00,14434,33.9,35.1,37.0,0.0,0.0,0.0,0,8.9
2024-07-15 19:00:00,11600,32.4,34.3,43.0,0.0,0.0,0.0,0,8.4
2024-07-15 20:00:00,8837,30.5,32.2,48.0,0.0,0.0,0.0,0,9.0
2024-07-15 21:00:00,6422,28.2,28.9,60.0,0.0,0.0,0.0,2,21.1
2024-07-15 22:00:00,4542,26.1,29.4,73.0,0.3,0.3,0.0,51,6.9
2024-07-15 23:00:00,2917,25.2,28.6,78.0,0.0,0.0,0.0,0,6.6
2024-07-16 00:00:00,1661,25.8,28.5,75.0,0.0,0.0,0.0,0,11.4
2024-07-16 01:00:00,854,25.9,28.0,73.0,0.0,0.0,0.0,0,14.5
2024-07-16 02:00:00,478,25.5,27.1,73.0,0.0,0.0,0.0,0,16.3
2024-07-16 03:00:00,324,24.8,26.4,74.0,0.0,0.0,0.0,0,14.5
2024-07-16 04:00:00,400,24.0,26.0,75.0,0.0,0.0,0.0,1,10.1
2024-07-16 05:00:00,1413,23.1,25.4,78.0,0.0,0.0,0.0,1,7.2
2024-07-16 06:00:00,4242,22.2,24.8,83.0,0.0,0.0,0.0,0,5.7
2024-07-16 07:00:00,7892,23.3,26.0,79.0,0.0,0.0,0.0,0,6.5
2024-07-16 08:00:00,12044,25.2,28.3,72.0,0.0,0.0,0.0,0,4.5
2024-07-16 09:00:00,9083,28.1,31.7,60.0,0.0,0.0,0.0,2,0.5
2024-07-16 10:00:00,6133,29.7,32.6,54.0,0.0,0.0,0.0,1,6.1
2024-07-16 11:00:00,5902,31.3,34.6,51.0,0.0,0.0,0.0,1,10.5
2024-07-16 12:00:00,6505,30.6,34.0,57.0,0.4,0.4,0.0,51,13.2
2024-07-16 13:00:00,6450,32.1,35.3,53.0,0.0,0.0,0.0,1,16.5
2024-07-16 14:00:00,6868,33.1,35.6,46.0,0.0,0.0,0.0,1,20.3
2024-07-16 15:00:00,7774,33.4,35.2,46.0,0.0,0.0,0.0,1,21.9
2024-07-16 16:00:00,10174,28.6,29.5,64.0,0.3,0.3,0.0,51,24.5
2024-07-16 17:00:00,15675,28.3,30.7,68.0,0.0,0.0,0.0,2,16.4
2024-07-16 18:00:00,16926,29.8,31.8,63.0,0.0,0.0,0.0,1,19.3
2024-07-16 19:00:00,12820,30.5,31.9,58.0,0.0,0.0,0.0,1,21.5
2024-07-16 20:00:00,9858,29.3,30.2,58.0,0.0,0.0,0.0,1,20.3
2024-07-16 21:00:00,6976,28.6,31.2,67.0,0.1,0.1,0.0,51,15.5
2024-07-16 22:00:00,5136,29.0,30.6,66.0,0.0,0.0,0.0,3,22.5
2024-07-16 23:00:00,3432,27.3,29.6,71.0,0.0,0.0,0.0,3,16.3
2024-07-17 00:00:00,1873,26.1,29.3,76.0,0.0,0.0,0.0,3,10.1
2024-07-17 01:00:00,960,25.5,28.7,79.0,0.0,0.0,0.0,3,9.8
2024-07-17 02:00:00,533,24.6,28.4,82.0,0.0,0.0,0.0,3,5.4
2024-07-17 03:00:00,340,24.7,28.7,80.0,0.0,0.0,0.0,2,3.1
2024-07-17 04:00:00,370,24.2,28.4,84.0,0.0,0.0,0.0,0,1.8
2024-07-17 05:00:00,1403,23.6,27.8,87.0,0.0,0.0,0.0,2,2.6
2024-07-17 06:00:00,4173,22.8,26.8,92.0,0.0,0.0,0.0,3,4.7
2024-07-17 07:00:00,7430,24.5,28.8,85.0,0.0,0.0,0.0,3,3.2
2024-07-17 08:00:00,11499,25.9,30.4,79.0,0.0,0.0,0.0,3,2.4
2024-07-17 09:00:00,9332,24.9,27.2,75.0,0.0,0.0,0.0,1,10.9
2024-07-17 10:00:00,6453,27.7,30.9,68.0,0.0,0.0,0.0,2,8.7
2024-07-17 11:00:00,6277,28.9,32.5,65.0,0.0,0.0,0.0,0,11.5
2024-07-17 12:00:00,6923,30.5,34.9,59.0,0.0,0.0,0.0,1,11.4
2024-07-17 13:00:00,7153,30.6,34.7,61.0,0.0,0.0,0.0,3,14.6
2024-07-17 14:00:00,7520,30.6,34.9,63.0,0.0,0.0,0.0,0,16.2
2024-07-17 15:00:00,8313,31.1,35.5,63.0,0.0,0.0,0.0,0,16.9
2024-07-17 16:00:00,10886,29.6,34.0,70.0,6.1,6.1,0.0,63,15.2
2024-07-17 17:00:00,15997,25.7,30.3,87.0,14.0,14.0,0.0,65,7.4
2024-07-17 18:00:00,16219,26.4,31.2,80.0,0.2,0.2,0.0,51,3.4
2024-07-17 19:00:00,12476,26.9,31.3,78.0,0.0,0.0,0.0,3,6.4
2024-07-17 20:00:00,9239,26.3,30.4,82.0,0.0,0.0,0.0,3,9.0
2024-07-17 21:00:00,3690,23.9,28.9,96.0,4.7,4.7,0.0,63,4.5
2024-07-17 22:00:00,990,23.6,27.0,94.0,6.9,6.9,0.0,63,12.9
2024-07-17 23:00:00,1352,23.2,27.3,91.0,3.5,3.5,0.0,63,4.0
2024-07-18 00:00:00,1335,22.3,24.7,86.0,1.2,1.2,0.0,55,9.9
2024-07-18 01:00:00,740,21.9,24.7,87.0,0.3,0.3,0.0,51,6.3
2024-07-18 02:00:00,467,21.6,25.5,93.0,0.0,0.0,0.0,3,1.8
2024-07-18 03:00:00,325,21.1,24.3,94.0,0.0,0.0,0.0,3,4.7
2024-07-18 04:00:00,414,20.8,23.8,93.0,0.0,0.0,0.0,0,4.7
2024-07-18 05:00:00,1268,20.9,23.9,93.0,0.0,0.0,0.0,0,5.4
2024-07-18 06:00:00,3893,21.1,23.8,92.0,0.0,0.0,0.0,0,6.6
2024-07-18 07:00:00,7380,22.2,24.3,86.0,0.0,0.0,0.0,3,11.0
2024-07-18 08:00:00,12066,22.9,25.3,86.0,0.0,0.0,0.0,3,11.6
2024-07-18 09:00:00,9159,23.6,26.4,85.0,0.0,0.0,0.0,3,10.9
2024-07-18 10:00:00,6569,24.2,26.9,81.0,0.0,0.0,0.0,3,10.2
2024-07-18 11:00:00,6415,24.7,27.3,76.0,0.0,0.0,0.0,2,9.0
2024-07-18 12:00:00,7155,26.7,28.7,59.0,0.0,0.0,0.0,0,11.0
2024-07-18 13:00:00,7710,27.8,30.8,52.0,0.0,0.0,0.0,1,9.3
2024-07-18 14:00:00,8007,28.3,31.3,48.0,0.0,0.0,0.0,3,6.1
2024-07-18 15:00:00,9003,28.3,29.4,46.0,0.0,0.0,0.0,2,6.1
2024-07-18 16:00:00,11263,29.3,30.8,42.0,0.0,0.0,0.0,2,7.5
2024-07-18 17:00:00,16936,29.5,29.6,40.0,0.0,0.0,0.0,3,10.2
2024-07-18 18:00:00,16690,29.0,28.8,39.0,0.0,0.0,0.0,3,9.5
2024-07-18 19:00:00,13321,27.8,29.1,51.0,0.0,0.0,0.0,3,6.6
2024-07-18 20:00:00,10090,26.4,27.2,53.0,0.0,0.0,0.0,3,8.7
2024-07-18 21:00:00,7477,23.4,24.3,62.0,0.0,0.0,0.0,3,6.6
2024-07-18 22:00:00,6190,23.3,23.3,61.0,0.0,0.0,0.0,3,11.9
2024-07-18 23:00:00,4571,22.2,21.3,58.0,0.0,0.0,0.0,0,14.0
2024-07-19 00:00:00,2724,21.3,19.9,59.0,0.0,0.0,0.0,0,16.1
2024-07-19 01:00:00,1542,20.6,19.2,61.0,0.0,0.0,0.0,0,15.7
2024-07-19 02:00:00,956,19.7,18.4,64.0,0.0,0.0,0.0,0,15.2
2024-07-19 03:00:00,557,18.9,17.5,65.0,0.0,0.0,0.0,0,14.3
2024-07-19 04:00:00,489,18.2,16.5,66.0,0.0,0.0,0.0,0,15.0
2024-07-19 05:00:00,1213,17.6,16.0,69.0,0.0,0.0,0.0,0,14.6
2024-07-19 06:00:00,3423,17.2,15.8,72.0,0.0,0.0,0.0,0,13.5
2024-07-19 07:00:00,6029,17.8,17.3,74.0,0.0,0.0,0.0,0,10.4
2024-07-19 08:00:00,9215,19.3,18.8,70.0,0.0,0.0,0.0,0,11.7
2024-07-19 09:00:00,8449,21.5,21.1,62.0,0.0,0.0,0.0,0,11.9
2024-07-19 10:00:00,6831,23.0,23.1,56.0,0.0,0.0,0.0,0,9.4
2024-07-19 11:00:00,7268,24.2,25.1,50.0,0.0,0.0,0.0,0,8.7
2024-07-19 12:00:00,8342,25.2,26.8,46.0,0.0,0.0,0.0,0,7.6
2024-07-19 13:00:00,9098,25.9,28.0,44.0,0.0,0.0,0.0,0,7.1
2024-07-19 14:00:00,9803,26.5,28.4,42.0,0.0,0.0,0.0,0,7.6
2024-07-19 15:00:00,11083,27.0,28.4,41.0,0.0,0.0,0.0,0,9.2
2024-07-19 16:00:00,12595,27.4,27.8,39.0,0.0,0.0,0.0,1,9.0
2024-07-19 17:00:00,14864,27.6,26.9,38.0,0.0,0.0,0.0,1,8.6
2024-07-19 18:00:00,14428,27.4,26.7,37.0,0.0,0.0,0.0,0,7.8
2024-07-19 19:00:00,11901,27.1,27.5,43.0,0.0,0.0,0.0,0,4.3
2024-07-19 20:00:00,9473,25.1,25.1,49.0,0.0,0.0,0.0,0,8.4
2024-07-19 21:00:00,7277,23.1,23.6,62.0,0.0,0.0,0.0,0,9.2
2024-07-19 22:00:00,6500,22.5,23.1,66.0,0.0,0.0,0.0,1,9.4
2024-07-19 23:00:00,5531,21.5,22.2,69.0,0.0,0.0,0.0,2,7.7
2024-07-20 00:00:00,4059,20.5,21.5,75.0,0.0,0.0,0.0,3,7.6
2024-07-20 01:00:00,2844,19.6,20.9,80.0,0.0,0.0,0.0,3,6.1
2024-07-20 02:00:00,1953,19.1,20.2,83.0,0.0,0.0,0.0,3,6.4
2024-07-20 03:00:00,1209,18.3,19.4,86.0,0.0,0.0,0.0,3,5.8
2024-07-20 04:00:00,835,17.8,19.0,87.0,0.0,0.0,0.0,3,5.1
2024-07-20 05:00:00,719,17.1,18.2,90.0,0.0,0.0,0.0,3,4.7
2024-07-20 06:00:00,1411,17.8,18.9,84.0,0.0,0.0,0.0,3,3.9
2024-07-20 07:00:00,2738,18.7,20.2,81.0,0.0,0.0,0.0,3,2.3
2024-07-20 08:00:00,4212,20.9,22.5,72.0,0.0,0.0,0.0,3,2.8
2024-07-20 09:00:00,6423,23.5,25.0,63.0,0.0,0.0,0.0,3,3.8
2024-07-20 10:00:00,8441,24.8,26.1,60.0,0.0,0.0,0.0,3,6.1
2024-07-20 11:00:00,9660,25.4,27.5,60.0,0.0,0.0,0.0,3,3.4
2024-07-20 12:00:00,10736,27.0,28.1,58.0,0.0,0.0,0.0,3,11.8
2024-07-20 13:00:00,11163,24.6,26.4,71.0,0.9,0.9,0.0,53,10.4
2024-07-20 14:00:00,11296,26.8,28.0,62.0,0.0,0.0,0.0,3,14.9
2024-07-20 15:00:00,11884,27.5,26.9,48.0,0.0,0.0,0.0,3,17.7
2024-07-20 16:00:00,11736,27.5,26.9,48.0,0.0,0.0,0.0,3,17.3
2024-07-20 17:00:00,11404,27.3,27.2,50.0,0.0,0.0,0.0,3,14.3
2024-07-20 18:00:00,10920,27.0,27.7,53.0,0.0,0.0,0.0,3,10.7
2024-07-20 19:00:00,10123,26.2,27.7,58.0,0.0,0.0,0.0,3,8.0
2024-07-20 20:00:00,8214,24.8,27.2,68.0,0.0,0.0,0.0,3,5.1
2024-07-20 21:00:00,6596,23.9,26.4,70.0,0.0,0.0,0.0,3,3.3
2024-07-20 22:00:00,6285,23.1,26.0,78.0,0.0,0.0,0.0,3,3.2
2024-07-20 23:00:00,5459,23.2,24.7,72.0,0.0,0.0,0.0,3,9.2
2024-07-21 00:00:00,3969,23.2,24.0,67.0,0.0,0.0,0.0,3,10.4
2024-07-21 01:00:00,2914,22.6,23.7,71.0,0.0,0.0,0.0,3,9.8
2024-07-21 02:00:00,2073,21.9,23.4,77.0,0.0,0.0,0.0,0,8.2
2024-07-21 03:00:00,1368,20.6,22.7,84.0,0.0,0.0,0.0,1,5.0
2024-07-21 04:00:00,874,20.0,21.9,86.0,0.0,0.0,0.0,0,5.1
2024-07-21 05:00:00,628,19.1,21.0,90.0,0.0,0.0,0.0,0,5.1
2024-07-21 06:00:00,1247,18.9,21.1,92.0,0.0,0.0,0.0,0,3.8
2024-07-21 07:00:00,2075,20.6,22.8,86.0,0.0,0.0,0.0,0,4.6
2024-07-21 08:00:00,3329,22.5,24.9,78.0,0.0,0.0,0.0,0,4.6
2024-07-21 09:00:00,5360,24.7,27.4,73.0,0.0,0.0,0.0,0,5.6
2024-07-21 10:00:00,7527,26.0,28.8,67.0,0.0,0.0,0.0,0,6.2
2024-07-21 11:00:00,8981,27.3,30.1,58.0,0.0,0.0,0.0,0,7.5
2024-07-21 12:00:00,10239,28.3,30.7,47.0,0.0,0.0,0.0,1,7.3
2024-07-21 13:00:00,10938,29.2,32.2,43.0,0.0,0.0,0.0,1,3.6
2024-07-21 14:00:00,10996,30.1,32.8,40.0,0.0,0.0,0.0,1,6.9
2024-07-21 15:00:00,11418,30.3,32.3,38.0,0.0,0.0,0.0,0,5.5
2024-07-21 16:00:00,11329,30.4,31.6,38.0,0.0,0.0,0.0,0,7.3
2024-07-21 17:00:00,11241,29.4,29.6,45.0,0.0,0.0,0.0,1,13.9
2024-07-21 18:00:00,11224,27.8,27.6,56.0,0.0,0.0,0.0,1,21.7
2024-07-21 19:00:00,9646,27.4,27.7,55.0,0.0,0.0,0.0,1,16.5
2024-07-21 20:00:00,7854,26.6,28.0,61.0,0.0,0.0,0.0,3,11.1
2024-07-21 21:00:00,6019,24.7,26.1,70.0,0.0,0.0,0.0,2,13.5
2024-07-21 22:00:00,4315,24.0,25.5,71.0,0.0,0.0,0.0,3,11.3
2024-07-21 23:00:00,3166,23.4,25.4,75.0,0.0,0.0,0.0,3,8.7
2024-07-22 00:00:00,1715,23.0,24.9,78.0,0.0,0.0,0.0,3,9.7
2024-07-22 01:00:00,885,22.8,24.5,78.0,0.0,0.0,0.0,2,11.0
2024-07-22 02:00:00,512,22.1,24.2,82.0,0.0,0.0,0.0,3,8.7
2024-07-22 03:00:00,333,21.7,23.9,84.0,0.0,0.0,0.0,3,7.4
2024-07-22 04:00:00,370,21.0,23.6,88.0,0.0,0.0,0.0,3,4.7
2024-07-22 05:00:00,1229,20.4,22.9,92.0,0.0,0.0,0.0,3,5.5
2024-07-22 06:00:00,3664,20.5,23.4,92.0,0.0,0.0,0.0,3,4.3
2024-07-22 07:00:00,6965,21.5,24.3,88.0,0.0,0.0,0.0,3,5.9
2024-07-22 08:00:00,10339,22.9,25.7,82.0,0.0,0.0,0.0,3,5.8
2024-07-22 09:00:00,8157,24.6,27.1,76.0,0.0,0.0,0.0,3,9.8
2024-07-22 10:00:00,5866,25.5,28.5,73.0,0.0,0.0,0.0,3,6.6
2024-07-22 11:00:00,5934,27.3,30.8,66.0,0.0,0.0,0.0,3,3.8
2024-07-22 12:00:00,6659,26.4,27.3,63.0,0.8,0.8,0.0,53,15.9
2024-07-22 13:00:00,6974,26.0,27.8,70.0,0.2,0.2,0.0,51,14.5
2024-07-22 14:00:00,7360,27.1,28.0,60.0,0.0,0.0,0.0,3,15.8
2024-07-22 15:00:00,8467,27.1,27.5,59.0,0.0,0.0,0.0,3,18.1
2024-07-22 16:00:00,10766,25.8,26.4,68.0,0.0,0.0,0.0,3,19.9
2024-07-22 17:00:00,15657,25.6,26.6,71.0,0.0,0.0,0.0,3,19.5
2024-07-22 18:00:00,14789,25.5,26.9,71.0,0.0,0.0,0.0,3,16.4
2024-07-22 19:00:00,11095,24.9,27.3,76.0,0.0,0.0,0.0,3,11.9
2024-07-22 20:00:00,7289,24.3,27.0,80.0,0.0,0.0,0.0,3,9.8
2024-07-22 21:00:00,5320,22.8,25.8,87.0,0.4,0.4,0.0,51,7.1
2024-07-22 22:00:00,4125,21.3,23.4,93.0,2.2,2.2,0.0,61,12.6
2024-07-22 23:00:00,2337,21.5,24.7,94.0,0.6,0.6,0.0,53,5.9
2024-07-23 00:00:00,1316,21.2,24.1,93.0,0.2,0.2,0.0,51,6.9
2024-07-23 01:00:00,657,21.0,23.8,93.0,0.1,0.1,0.0,51,6.1
2024-07-23 02:00:00,386,20.9,24.2,95.0,0.1,0.1,0.0,51,4.0
2024-07-23 03:00:00,143,20.8,24.3,95.0,0.2,0.2,0.0,51,2.6
2024-07-23 04:00:00,306,20.7,24.0,95.0,0.1,0.1,0.0,51,3.3
2024-07-23 05:00:00,1369,20.4,23.9,97.0,0.0,0.0,0.0,3,2.4
2024-07-23 06:00:00,3329,20.6,24.3,96.0,0.1,0.1,0.0,51,1.3
2024-07-23 07:00:00,5727,21.0,24.6,94.0,0.3,0.3,0.0,51,1.8
2024-07-23 08:00:00,8062,21.9,25.5,89.0,0.0,0.0,0.0,2,2.1
2024-07-23 09:00:00,6561,22.1,25.0,90.0,0.4,0.4,0.0,51,8.1
2024-07-23 10:00:00,4298,22.6,25.6,86.0,0.2,0.2,0.0,51,7.1
2024-07-23 11:00:00,5269,24.1,27.1,77.0,0.1,0.1,0.0,51,5.0
2024-07-23 12:00:00,6508,24.9,27.9,73.0,0.1,0.1,0.0,51,5.4
2024-07-23 13:00:00,7018,26.2,30.1,67.0,0.3,0.3,0.0,51,5.9
2024-07-23 14:00:00,7528,27.2,30.8,62.0,0.1,0.1,0.0,51,6.1
2024-07-23 15:00:00,8326,28.2,31.6,60.0,0.1,0.1,0.0,51,4.3
2024-07-23 16:00:00,10667,28.2,31.3,61.0,0.0,0.0,0.0,3,4.3
2024-07-23 17:00:00,16473,28.0,31.6,61.0,0.0,0.0,0.0,3,1.1
2024-07-23 18:00:00,15942,26.2,29.0,71.0,0.2,0.2,0.0,51,8.2
2024-07-23 19:00:00,12365,25.8,28.8,74.0,0.1,0.1,0.0,51,8.2
2024-07-23 20:00:00,9098,25.4,29.1,77.0,0.0,0.0,0.0,3,4.8
2024-07-23 21:00:00,6869,22.9,26.1,91.0,0.0,0.0,0.0,3,8.6
2024-07-23 22:00:00,5436,22.5,26.3,94.0,0.0,0.0,0.0,1,6.1
2024-07-23 23:00:00,3430,22.0,25.9,97.0,0.0,0.0,0.0,3,5.4
2024-07-24 00:00:00,1925,21.8,25.5,97.0,0.0,0.0,0.0,3,5.6
2024-07-24 01:00:00,956,21.5,25.3,98.0,0.0,0.0,0.0,3,4.6
2024-07-24 02:00:00,549,21.3,24.8,98.0,0.0,0.0,0.0,3,5.6
2024-07-24 03:00:00,350,21.3,24.6,98.0,0.0,0.0,0.0,3,6.6
2024-07-24 04:00:00,428,21.2,24.5,98.0,0.0,0.0,0.0,3,7.1
2024-07-24 05:00:00,1320,21.2,24.4,98.0,0.0,0.0,0.0,3,8.1
2024-07-24 06:00:00,3841,21.2,24.7,98.0,0.0,0.0,0.0,3,6.1
2024-07-24 07:00:00,7380,21.5,24.8,97.0,0.0,0.0,0.0,3,7.4
2024-07-24 08:00:00,11878,22.2,25.6,94.0,0.1,0.1,0.0,51,7.1
2024-07-24 09:00:00,8577,22.7,25.3,90.0,0.0,0.0,0.0,3,12.1
2024-07-24 10:00:00,6073,22.8,25.3,89.0,0.0,0.0,0.0,3,12.9
2024-07-24 11:00:00,6305,23.2,25.8,88.0,0.5,0.5,0.0,53,12.1
2024-07-24 12:00:00,7116,24.3,27.4,82.0,0.2,0.2,0.0,51,9.4
2024-07-24 13:00:00,7456,25.9,29.7,77.0,0.0,0.0,0.0,3,6.3
2024-07-24 14:00:00,7505,27.4,30.9,68.0,0.0,0.0,0.0,3,5.6
2024-07-24 15:00:00,8831,28.5,31.4,62.0,0.0,0.0,0.0,3,10.6
2024-07-24 16:00:00,11194,27.8,29.6,62.0,0.0,0.0,0.0,3,13.8
2024-07-24 17:00:00,17144,26.7,28.4,67.0,0.0,0.0,0.0,3,14.5
2024-07-24 18:00:00,16837,26.4,28.9,69.0,0.0,0.0,0.0,3,10.3
2024-07-24 19:00:00,12913,25.4,27.5,74.0,0.0,0.0,0.0,3,12.6
2024-07-24 20:00:00,9594,24.1,26.3,80.0,0.0,0.0,0.0,3,12.2
2024-07-24 21:00:00,7185,23.4,25.9,81.0,0.0,0.0,0.0,1,8.7
2024-07-24 22:00:00,5850,22.3,25.8,87.0,1.3,1.3,0.0,61,2.9
2024-07-24 23:00:00,3740,20.4,22.7,97.0,7.9,7.9,0.0,65,10.5
2024-07-25 00:00:00,2088,20.9,23.3,95.0,0.0,0.0,0.0,3,9.7
2024-07-25 01:00:00,1048,20.6,23.6,96.0,0.0,0.0,0.0,3,6.1
2024-07-25 02:00:00,676,20.6,24.0,97.0,0.0,0.0,0.0,3,4.0
2024-07-25 03:00:00,380,20.1,23.1,98.0,0.0,0.0,0.0,3,4.6
2024-07-25 04:00:00,432,19.7,22.4,99.0,0.0,0.0,0.0,2,5.9
2024-07-25 05:00:00,1326,20.8,24.3,98.0,0.0,0.0,0.0,2,4.0
2024-07-25 06:00:00,3839,19.6,22.4,100.0,0.0,0.0,0.0,3,6.2
2024-07-25 07:00:00,7331,21.7,25.2,96.0,0.0,0.0,0.0,3,6.4
2024-07-25 08:00:00,11912,22.8,26.1,91.0,0.0,0.0,0.0,3,8.6
2024-07-25 09:00:00,9428,24.1,27.8,86.0,0.0,0.0,0.0,3,6.6
2024-07-25 10:00:00,6519,24.6,27.9,81.0,0.0,0.0,0.0,3,7.1
2024-07-25 11:00:00,6626,25.3,28.2,75.0,0.0,0.0,0.0,3,8.0
2024-07-25 12:00:00,7593,25.7,27.8,66.0,0.0,0.0,0.0,3,8.8
2024-07-25 13:00:00,7758,26.4,27.8,60.0,0.0,0.0,0.0,3,10.4
2024-07-25 14:00:00,8440,27.4,28.5,53.0,0.0,0.0,0.0,3,11.7
2024-07-25 15:00:00,9134,28.7,30.5,48.0,0.0,0.0,0.0,1,12.4
2024-07-25 16:00:00,11717,29.2,29.3,41.0,0.0,0.0,0.0,2,14.6
2024-07-25 17:00:00,16941,29.4,28.0,36.0,0.0,0.0,0.0,2,16.1
2024-07-25 18:00:00,16350,28.7,26.8,34.0,0.0,0.0,0.0,3,16.4
2024-07-25 19:00:00,12739,27.1,27.2,44.0,0.0,0.0,0.0,3,8.4
2024-07-25 20:00:00,9874,25.5,25.6,51.0,0.0,0.0,0.0,3,10.2
2024-07-25 21:00:00,7311,22.9,23.9,65.0,0.0,0.0,0.0,2,7.2
2024-07-25 22:00:00,6092,22.7,22.1,58.0,0.0,0.0,0.0,0,12.8
2024-07-25 23:00:00,4328,21.6,20.3,57.0,0.0,0.0,0.0,0,14.3
2024-07-26 00:00:00,2629,20.8,18.9,56.0,0.0,0.0,0.0,0,16.1
2024-07-26 01:00:00,1736,20.1,17.6,53.0,0.0,0.0,0.0,0,17.9
2024-07-26 02:00:00,1008,19.3,16.9,56.0,0.0,0.0,0.0,0,16.8
2024-07-26 03:00:00,556,18.6,16.5,59.0,0.0,0.0,0.0,0,15.1
2024-07-26 04:00:00,542,18.1,16.2,62.0,0.0,0.0,0.0,0,14.3
2024-07-26 05:00:00,1314,17.7,15.6,64.0,0.0,0.0,0.0,0,16.1
2024-07-26 06:00:00,3344,17.5,15.2,66.0,0.0,0.0,0.0,0,18.4
2024-07-26 07:00:00,5886,18.1,16.1,66.0,0.0,0.0,0.0,0,16.7
2024-07-26 08:00:00,9253,19.5,17.7,63.0,0.0,0.0,0.0,0,17.1
2024-07-26 09:00:00,8144,21.3,19.3,58.0,0.0,0.0,0.0,0,19.2
2024-07-26 10:00:00,7110,22.6,20.8,52.0,0.0,0.0,0.0,0,18.3
2024-07-26 11:00:00,7409,24.0,23.3,49.0,0.0,0.0,0.0,0,17.0
2024-07-26 12:00:00,8730,25.5,25.5,45.0,0.0,0.0,0.0,0,15.5
2024-07-26 13:00:00,9496,26.6,26.8,41.0,0.0,0.0,0.0,0,15.9
2024-07-26 14:00:00,9786,27.5,27.7,37.0,0.0,0.0,0.0,0,14.8
2024-07-26 15:00:00,10980,27.9,27.9,35.0,0.0,0.0,0.0,0,13.8
2024-07-26 16:00:00,12756,28.1,27.6,34.0,0.0,0.0,0.0,3,12.2
2024-07-26 17:00:00,14871,28.1,27.1,32.0,0.0,0.0,0.0,3,8.2
2024-07-26 18:00:00,14461,27.7,26.9,34.0,0.0,0.0,0.0,3,6.3
2024-07-26 19:00:00,12381,26.5,26.9,44.0,0.0,0.0,0.0,3,4.3
2024-07-26 20:00:00,9633,25.1,25.7,53.0,0.0,0.0,0.0,3,6.5
2024-07-26 21:00:00,7101,23.3,22.8,48.0,0.0,0.0,0.0,3,6.4
2024-07-26 22:00:00,6402,23.3,22.6,48.0,0.0,0.0,0.0,3,8.7
2024-07-26 23:00:00,5458,21.7,21.3,57.0,0.0,0.0,0.0,2,8.4
2024-07-27 00:00:00,4075,20.3,20.5,65.0,0.0,0.0,0.0,2,6.3
2024-07-27 01:00:00,2906,19.7,20.2,69.0,0.0,0.0,0.0,3,5.4
2024-07-27 02:00:00,2255,19.4,20.1,72.0,0.0,0.0,0.0,3,4.4
2024-07-27 03:00:00,1515,18.7,19.5,75.0,0.0,0.0,0.0,1,4.5
2024-07-27 04:00:00,846,17.7,18.1,79.0,0.0,0.0,0.0,0,6.5
2024-07-27 05:00:00,653,17.1,17.1,80.0,0.0,0.0,0.0,0,8.3
2024-07-27 06:00:00,1442,16.9,16.7,80.0,0.0,0.0,0.0,0,8.6
2024-07-27 07:00:00,2570,18.0,17.6,76.0,0.0,0.0,0.0,0,11.5
2024-07-27 08:00:00,4323,20.3,20.1,68.0,0.0,0.0,0.0,0,10.5
2024-07-27 09:00:00,6639,22.8,23.3,63.0,0.0,0.0,0.0,0,9.1
2024-07-27 10:00:00,8653,24.9,25.4,55.0,0.0,0.0,0.0,0,9.6
2024-07-27 11:00:00,10368,26.4,27.6,47.0,0.0,0.0,0.0,0,8.4
2024-07-27 12:00:00,11582,27.6,29.2,41.0,0.0,0.0,0.0,0,8.1
2024-07-27 13:00:00,12039,28.1,29.1,39.0,0.0,0.0,0.0,1,7.9
2024-07-27 14:00:00,12007,28.5,28.9,36.0,0.0,0.0,0.0,1,7.1
2024-07-27 15:00:00,12134,28.1,27.3,37.0,0.0,0.0,0.0,1,9.1
2024-07-27 16:00:00,11926,28.5,27.6,35.0,0.0,0.0,0.0,2,8.6
2024-07-27 17:00:00,11765,29.0,28.7,32.0,0.0,0.0,0.0,2,4.1
2024-07-27 18:00:00,11717,28.9,28.3,33.0,0.0,0.0,0.0,3,6.0
2024-07-27 19:00:00,10788,26.7,26.2,45.0,0.0,0.0,0.0,0,12.1
2024-07-27 20:00:00,8862,24.7,24.0,49.0,0.0,0.0,0.0,0,12.3
2024-07-27 21:00:00,7074,23.5,24.2,61.0,0.0,0.0,0.0,0,8.2
2024-07-27 22:00:00,6214,22.5,23.1,63.0,0.0,0.0,0.0,0,6.8
2024-07-27 23:00:00,5241,21.3,22.1,69.0,0.0,0.0,0.0,0,6.4
2024-07-28 00:00:00,3886,20.9,21.3,70.0,0.0,0.0,0.0,0,9.0
2024-07-28 01:00:00,2918,20.2,20.7,70.0,0.0,0.0,0.0,0,7.0
2024-07-28 02:00:00,2009,19.5,19.9,73.0,0.0,0.0,0.0,0,7.4
2024-07-28 03:00:00,1347,19.2,19.3,73.0,0.0,0.0,0.0,0,8.5
2024-07-28 04:00:00,916,19.0,18.8,72.0,0.0,0.0,0.0,0,9.4
2024-07-28 05:00:00,706,18.5,18.5,74.0,0.0,0.0,0.0,0,8.2
2024-07-28 06:00:00,1328,17.6,18.1,80.0,0.0,0.0,0.0,0,5.5
2024-07-28 07:00:00,2171,18.9,19.5,78.0,0.0,0.0,0.0,0,7.2
2024-07-28 08:00:00,3504,21.0,22.0,71.0,0.0,0.0,0.0,0,6.5
2024-07-28 09:00:00,5456,24.0,24.6,60.0,0.0,0.0,0.0,0,8.6
2024-07-28 10:00:00,7667,26.2,26.5,50.0,0.0,0.0,0.0,0,10.2
2024-07-28 11:00:00,8871,27.9,28.6,43.0,0.0,0.0,0.0,2,11.1
2024-07-28 12:00:00,10323,28.5,28.9,40.0,0.0,0.0,0.0,3,9.4
2024-07-28 13:00:00,11237,29.4,30.4,37.0,0.0,0.0,0.0,3,7.5
2024-07-28 14:00:00,11338,30.1,30.8,35.0,0.0,0.0,0.0,3,7.5
2024-07-28 15:00:00,11719,30.4,31.0,34.0,0.0,0.0,0.0,3,6.0
2024-07-28 16:00:00,11619,27.8,26.4,43.0,0.0,0.0,0.0,3,18.7
2024-07-28 17:00:00,11830,25.9,25.0,52.0,0.0,0.0,0.0,3,18.6
2024-07-28 18:00:00,11341,25.4,24.6,54.0,0.0,0.0,0.0,3,18.1
2024-07-28 19:00:00,10007,24.8,24.5,58.0,0.0,0.0,0.0,3,15.9
2024-07-28 20:00:00,7954,23.5,24.1,69.0,0.0,0.0,0.0,3,13.9
2024-07-28 21:00:00,5645,22.6,23.2,68.0,0.0,0.0,0.0,3,10.7
2024-07-28 22:00:00,4501,22.2,23.5,74.0,0.0,0.0,0.0,3,8.7
2024-07-28 23:00:00,3146,21.6,23.6,82.0,0.0,0.0,0.0,3,6.8
2024-07-29 00:00:00,1847,21.7,24.3,85.0,0.0,0.0,0.0,3,5.8
2024-07-29 01:00:00,944,21.4,24.3,88.0,0.0,0.0,0.0,3,4.6
2024-07-29 02:00:00,473,21.1,24.1,91.0,0.0,0.0,0.0,3,4.7
2024-07-29 03:00:00,273,21.0,24.2,92.0,0.0,0.0,0.0,3,3.7
2024-07-29 04:00:00,405,21.2,24.2,92.0,0.0,0.0,0.0,3,5.3
2024-07-29 05:00:00,1223,20.9,23.8,94.0,0.0,0.0,0.0,3,6.2
2024-07-29 06:00:00,3439,21.2,23.4,91.0,0.0,0.0,0.0,3,9.8
2024-07-29 07:00:00,6720,21.6,23.7,88.0,0.0,0.0,0.0,3,10.2
2024-07-29 08:00:00,10330,22.2,24.3,81.0,0.0,0.0,0.0,3,8.0
2024-07-29 09:00:00,7925,22.3,25.5,93.0,0.4,0.4,0.0,51,7.6
2024-07-29 10:00:00,5864,24.3,27.2,74.0,0.0,0.0,0.0,2,4.4
2024-07-29 11:00:00,6246,26.2,29.2,62.0,0.0,0.0,0.0,1,4.3
2024-07-29 12:00:00,6970,27.6,30.8,56.0,0.0,0.0,0.0,3,5.5
2024-07-29 13:00:00,5947,28.2,30.6,54.0,0.0,0.0,0.0,3,6.4
2024-07-29 14:00:00,5755,28.0,29.4,53.0,0.0,0.0,0.0,3,8.6
2024-07-29 15:00:00,7792,25.0,26.1,71.0,2.7,2.7,0.0,63,16.8
2024-07-29 16:00:00,10545,25.4,26.6,68.0,1.0,1.0,0.0,55,14.7
2024-07-29 17:00:00,15909,26.5,27.7,64.0,0.0,0.0,0.0,1,15.4
2024-07-29 18:00:00,15512,25.8,27.1,69.0,0.0,0.0,0.0,1,16.3
2024-07-29 19:00:00,12205,25.7,27.8,73.0,0.0,0.0,0.0,0,13.2
2024-07-29 20:00:00,9375,24.8,27.1,78.0,0.0,0.0,0.0,0,12.8
2024-07-29 21:00:00,6439,23.9,27.0,82.0,0.0,0.0,0.0,1,7.3
2024-07-29 22:00:00,4790,24.3,26.0,76.0,0.0,0.0,0.0,2,14.2
2024-07-29 23:00:00,3113,23.6,25.8,81.0,0.0,0.0,0.0,2,11.3
2024-07-30 00:00:00,1681,22.7,25.6,87.0,0.0,0.0,0.0,2,8.2
2024-07-30 01:00:00,870,22.0,25.4,92.0,0.0,0.0,0.0,3,5.4
2024-07-30 02:00:00,536,21.7,24.8,93.0,0.0,0.0,0.0,3,7.6
2024-07-30 03:00:00,325,21.5,24.2,95.0,0.0,0.0,0.0,1,9.5
2024-07-30 04:00:00,395,21.1,24.2,96.0,0.0,0.0,0.0,0,6.4
2024-07-30 05:00:00,1456,20.9,23.8,97.0,0.0,0.0,0.0,1,8.0
2024-07-30 06:00:00,4261,20.8,23.8,97.0,0.0,0.0,0.0,2,6.6
2024-07-30 07:00:00,7736,21.7,25.1,95.0,0.0,0.0,0.0,3,6.6
2024-07-30 08:00:00,12428,23.8,26.2,86.0,0.0,0.0,0.0,3,15.0
2024-07-30 09:00:00,9503,25.3,27.8,79.0,0.0,0.0,0.0,3,14.1
2024-07-30 10:00:00,6552,27.0,28.9,69.0,0.0,0.0,0.0,3,16.3
2024-07-30 11:00:00,6517,28.4,30.5,63.0,0.0,0.0,0.0,3,17.7
2024-07-30 12:00:00,7119,29.6,31.8,56.0,0.0,0.0,0.0,3,19.1
2024-07-30 13:00:00,7242,30.5,32.1,50.0,0.0,0.0,0.0,3,19.8
2024-07-30 14:00:00,7695,30.5,31.5,50.0,0.0,0.0,0.0,1,22.1
2024-07-30 15:00:00,8617,30.5,30.7,49.0,0.0,0.0,0.0,1,27.5
2024-07-30 16:00:00,11519,29.7,29.7,53.0,0.0,0.0,0.0,2,26.7
2024-07-30 17:00:00,17804,28.6,28.5,59.0,0.0,0.0,0.0,1,25.8
2024-07-30 18:00:00,17082,27.7,27.9,63.0,0.0,0.0,0.0,2,24.6
2024-07-30 19:00:00,13409,26.7,27.1,66.0,0.0,0.0,0.0,3,23.6
2024-07-30 20:00:00,9760,25.5,26.3,71.0,0.0,0.0,0.0,3,20.5
2024-07-30 21:00:00,7321,24.6,25.5,73.0,0.0,0.0,0.0,3,18.4
2024-07-30 22:00:00,5713,24.0,24.9,75.0,0.0,0.0,0.0,3,17.8
2024-07-30 23:00:00,3556,23.7,24.7,77.0,0.0,0.0,0.0,2,17.5
2024-07-31 00:00:00,1948,23.4,24.8,81.0,0.0,0.0,0.0,3,17.1
2024-07-31 01:00:00,998,23.2,25.0,85.0,0.1,0.1,0.0,51,16.2
2024-07-31 02:00:00,590,22.5,25.4,91.0,2.1,2.1,0.0,61,9.9
2024-07-31 03:00:00,378,22.6,25.8,92.0,0.4,0.4,0.0,51,8.5
2024-07-31 04:00:00,415,22.4,25.6,93.0,0.7,0.7,0.0,53,9.0
2024-07-31 05:00:00,1416,22.4,25.5,94.0,0.0,0.0,0.0,3,9.8
2024-07-31 06:00:00,4004,22.5,25.6,94.0,0.0,0.0,0.0,3,10.0
2024-07-31 07:00:00,7726,22.8,25.8,93.0,0.0,0.0,0.0,3,10.9
2024-07-31 08:00:00,12080,23.9,26.3,86.0,0.0,0.0,0.0,3,15.1
2024-07-31 09:00:00,8383,23.2,25.5,89.0,0.2,0.2,0.0,51,15.2
2024-07-31 10:00:00,6531,25.4,27.8,80.0,0.2,0.2,0.0,51,15.9
2024-07-31 11:00:00,6563,26.1,28.6,76.0,0.1,0.1,0.0,51,14.7
2024-07-31 12:00:00,7305,27.1,29.5,71.0,0.2,0.2,0.0,51,15.5
2024-07-31 13:00:00,7530,28.1,30.1,67.0,0.1,0.1,0.0,51,16.9
2024-07-31 14:00:00,7815,27.7,30.6,72.0,0.2,0.2,0.0,51,14.1
2024-07-31 15:00:00,9033,29.3,32.7,65.0,0.3,0.3,0.0,51,13.4
2024-07-31 16:00:00,11409,31.1,33.6,52.0,0.0,0.0,0.0,3,13.4
2024-07-31 17:00:00,17178,28.4,31.4,63.0,1.3,1.3,0.0,61,8.5
2024-07-31 18:00:00,17013,24.3,27.8,86.0,7.6,7.6,0.0,65,9.2
2024-07-31 19:00:00,13187,25.0,29.0,83.0,0.0,0.0,0.0,1,6.1
2024-07-31 20:00:00,10001,24.1,27.4,85.0,0.0,0.0,0.0,1,9.0
2024-07-31 21:00:00,6626,25.9,29.2,74.0,0.0,0.0,0.0,0,6.7
2024-07-31 22:00:00,4834,24.8,28.1,78.0,0.0,0.0,0.0,0,6.1
2024-07-31 23:00:00,3511,23.4,27.0,87.0,0.0,0.0,0.0,0,5.4
2024-08-01 00:00:00,1978,23.2,26.8,87.0,0.0,0.0,0.0,0,4.7
2024-08-01 01:00:00,1081,22.4,25.8,90.0,0.0,0.0,0.0,0,5.6
2024-08-01 02:00:00,671,21.8,25.2,93.0,0.0,0.0,0.0,0,5.6
2024-08-01 03:00:00,396,21.5,24.6,94.0,0.0,0.0,0.0,0,6.6
2024-08-01 04:00:00,461,20.9,24.2,96.0,0.0,0.0,0.0,0,4.4
2024-08-01 05:00:00,1339,20.2,23.1,97.0,0.0,0.0,0.0,0,5.4
2024-08-01 06:00:00,3884,19.8,22.5,97.0,0.0,0.0,0.0,0,5.8
2024-08-01 07:00:00,7398,21.8,25.1,91.0,0.0,0.0,0.0,0,5.2
2024-08-01 08:00:00,11755,24.6,28.3,80.0,0.0,0.0,0.0,0,4.2
2024-08-01 09:00:00,9336,27.3,30.7,66.0,0.0,0.0,0.0,0,4.7
2024-08-01 10:00:00,6706,29.2,31.9,56.0,0.0,0.0,0.0,0,5.6
2024-08-01 11:00:00,6650,30.6,33.7,50.0,0.0,0.0,0.0,0,7.6
2024-08-01 12:00:00,4693,31.7,34.8,45.0,0.0,0.0,0.0,1,10.1
2024-08-01 13:00:00,7343,32.8,36.0,43.0,0.0,0.0,0.0,0,11.2
2024-08-01 14:00:00,7522,33.3,35.8,42.0,0.0,0.0,0.0,1,13.0
2024-08-01 15:00:00,8581,33.9,35.8,40.0,0.0,0.0,0.0,1,14.1
2024-08-01 16:00:00,11231,33.8,35.8,40.0,0.0,0.0,0.0,1,11.0
2024-08-01 17:00:00,16465,31.7,33.4,50.0,0.0,0.0,0.0,2,14.8
2024-08-01 18:00:00,16355,30.2,32.7,60.0,0.0,0.0,0.0,1,15.3
2024-08-01 19:00:00,13179,29.1,32.5,67.0,0.0,0.0,0.0,0,12.1
2024-08-01 20:00:00,9731,27.0,30.5,76.0,0.0,0.0,0.0,0,10.9
2024-08-01 21:00:00,7596,25.4,29.7,83.0,0.0,0.0,0.0,1,5.5
2024-08-01 22:00:00,5938,25.3,29.5,83.0,0.0,0.0,0.0,1,5.8
2024-08-01 23:00:00,3929,24.8,28.8,84.0,0.0,0.0,0.0,2,6.5
2024-08-02 00:00:00,2463,25.8,30.0,77.0,0.0,0.0,0.0,2,2.2
2024-08-02 01:00:00,1441,24.5,27.6,84.0,0.0,0.0,0.0,2,11.1
2024-08-02 02:00:00,780,24.1,27.7,81.0,0.0,0.0,0.0,1,4.0
2024-08-02 03:00:00,473,24.0,27.5,82.0,0.0,0.0,0.0,1,4.6
2024-08-02 04:00:00,480,23.6,26.9,83.0,0.0,0.0,0.0,3,5.8
2024-08-02 05:00:00,1226,22.6,25.8,89.0,0.0,0.0,0.0,3,7.0
2024-08-02 06:00:00,3399,23.0,26.4,87.0,0.0,0.0,0.0,3,6.0
2024-08-02 07:00:00,6015,24.1,27.7,83.0,0.0,0.0,0.0,3,5.6
2024-08-02 08:00:00,8998,25.5,29.4,77.0,0.0,0.0,0.0,1,4.2
2024-08-02 09:00:00,8095,25.7,29.2,76.0,0.0,0.0,0.0,3,6.3
2024-08-02 10:00:00,6625,28.3,32.4,68.0,0.0,0.0,0.0,2,4.7
2024-08-02 11:00:00,6925,30.8,34.7,59.0,0.0,0.0,0.0,3,7.4
2024-08-02 12:00:00,7847,31.8,35.2,55.0,0.0,0.0,0.0,3,11.3
2024-08-02 13:00:00,8622,32.4,35.9,52.0,0.0,0.0,0.0,3,14.4
2024-08-02 14:00:00,9072,31.5,35.2,56.0,0.6,0.6,0.0,53,16.2
2024-08-02 15:00:00,9943,29.3,30.5,64.0,1.1,1.1,0.0,55,25.1
2024-08-02 16:00:00,11624,28.0,32.0,69.0,0.1,0.1,0.0,51,5.2
2024-08-02 17:00:00,14061,27.7,30.9,72.0,0.4,0.4,0.0,51,12.3
2024-08-02 18:00:00,8990,25.7,30.6,85.0,1.6,1.6,0.0,61,3.6
2024-08-02 19:00:00,3635,25.8,30.3,84.0,0.0,0.0,0.0,2,6.3
2024-08-02 20:00:00,6114,24.6,28.2,91.0,0.1,0.1,0.0,51,12.6
2024-08-02 21:00:00,5409,25.2,29.8,90.0,0.1,0.1,0.0,51,7.2
2024-08-02 22:00:00,4998,24.4,29.3,94.0,0.0,0.0,0.0,0,5.4
2024-08-02 23:00:00,4400,23.7,28.3,95.0,0.0,0.0,0.0,1,5.2
2024-08-03 00:00:00,3428,23.8,27.9,95.0,0.0,0.0,0.0,3,9.6
2024-08-03 01:00:00,2523,23.7,28.0,94.0,0.0,0.0,0.0,3,7.1
2024-08-03 02:00:00,1712,23.5,27.8,94.0,0.0,0.0,0.0,3,6.3
2024-08-03 03:00:00,1169,23.5,27.6,94.0,0.1,0.1,0.0,51,6.5
2024-08-03 04:00:00,800,23.4,27.6,94.0,0.2,0.2,0.0,51,6.0
2024-08-03 05:00:00,611,23.3,27.1,95.0,0.0,0.0,0.0,3,8.9
2024-08-03 06:00:00,1496,22.9,26.4,96.0,0.0,0.0,0.0,2,10.2
2024-08-03 07:00:00,2880,23.3,26.9,94.0,0.0,0.0,0.0,1,10.5
2024-08-03 08:00:00,4739,24.4,28.3,89.0,0.0,0.0,0.0,2,9.3
2024-08-03 09:00:00,7677,26.4,30.3,78.0,0.0,0.0,0.0,2,8.3
2024-08-03 10:00:00,10522,28.2,31.6,69.0,0.0,0.0,0.0,2,10.1
2024-08-03 11:00:00,11922,29.7,33.7,63.0,0.0,0.0,0.0,3,10.9
2024-08-03 12:00:00,12750,30.9,34.8,56.0,0.0,0.0,0.0,3,10.5
2024-08-03 13:00:00,12542,31.9,35.5,53.0,0.0,0.0,0.0,1,11.9
2024-08-03 14:00:00,11860,32.5,36.2,51.0,0.0,0.0,0.0,1,12.5
2024-08-03 15:00:00,11061,29.1,33.5,67.0,4.0,4.0,0.0,63,7.7
2024-08-03 16:00:00,11136,28.4,31.4,71.0,1.3,1.3,0.0,61,15.5
2024-08-03 17:00:00,7033,26.7,30.1,79.0,0.5,0.5,0.0,53,13.9
2024-08-03 18:00:00,6339,27.5,31.9,74.0,0.1,0.1,0.0,51,5.7
2024-08-03 19:00:00,2390,26.7,30.1,77.0,0.0,0.0,0.0,3,11.7
2024-08-03 20:00:00,1556,25.2,28.5,81.0,0.0,0.0,0.0,3,10.8
2024-08-03 21:00:00,3101,24.0,28.5,93.0,1.1,1.1,0.0,55,5.8
2024-08-03 22:00:00,3728,23.1,27.4,95.0,0.1,0.1,0.0,51,5.2
2024-08-03 23:00:00,3322,23.0,26.0,92.0,3.7,3.7,0.0,63,12.0
2024-08-04 00:00:00,2693,23.0,27.1,94.0,0.3,0.3,0.0,51,5.9
2024-08-04 01:00:00,2159,22.6,25.9,96.0,0.0,0.0,0.0,3,11.0
2024-08-04 02:00:00,1692,22.7,26.5,96.0,0.0,0.0,0.0,3,7.9
2024-08-04 03:00:00,1156,22.8,26.5,97.0,0.0,0.0,0.0,3,8.9
2024-08-04 04:00:00,703,22.7,26.0,97.0,0.0,0.0,0.0,3,11.7
2024-08-04 05:00:00,593,22.5,26.3,97.0,0.0,0.0,0.0,3,7.5
2024-08-04 06:00:00,1138,22.5,26.1,96.0,0.0,0.0,0.0,3,7.9
2024-08-04 07:00:00,1888,22.7,25.8,95.0,0.0,0.0,0.0,2,11.4
2024-08-04 08:00:00,3171,23.2,26.0,91.0,0.0,0.0,0.0,2,13.3
2024-08-04 09:00:00,5122,23.9,26.3,84.0,0.1,0.1,0.0,51,13.7
2024-08-04 10:00:00,6736,23.7,26.4,86.0,0.5,0.5,0.0,53,11.5
2024-08-04 11:00:00,8278,23.8,26.8,87.0,1.1,1.1,0.0,55,11.2
2024-08-04 12:00:00,8955,23.6,25.9,87.0,0.8,0.8,0.0,53,15.4
2024-08-04 13:00:00,9450,24.4,27.1,82.0,0.2,0.2,0.0,51,11.8
2024-08-04 14:00:00,9166,26.9,29.5,69.0,0.1,0.1,0.0,51,13.0
2024-08-04 15:00:00,9203,27.6,30.4,69.0,0.1,0.1,0.0,51,13.3
2024-08-04 16:00:00,7467,27.0,29.6,70.0,0.2,0.2,0.0,51,12.5
2024-08-04 17:00:00,3046,24.3,27.3,82.0,1.7,1.7,0.0,61,9.2
2024-08-04 18:00:00,6386,24.5,27.2,81.0,0.0,0.0,0.0,2,11.3
2024-08-04 19:00:00,6502,24.8,27.9,81.0,0.0,0.0,0.0,3,10.2
2024-08-04 20:00:00,6431,23.9,27.0,86.0,0.0,0.0,0.0,3,9.9
2024-08-04 21:00:00,4815,24.1,26.9,88.0,0.0,0.0,0.0,0,14.1
2024-08-04 22:00:00,3877,23.6,26.3,87.0,0.0,0.0,0.0,0,13.1
2024-08-04 23:00:00,2782,23.3,26.0,88.0,0.0,0.0,0.0,0,12.9
2024-08-05 00:00:00,1677,23.0,25.8,90.0,0.0,0.0,0.0,0,12.0
2024-08-05 01:00:00,855,22.7,25.6,91.0,0.0,0.0,0.0,0,10.4
2024-08-05 02:00:00,488,22.3,25.4,92.0,0.0,0.0,0.0,0,8.8
2024-08-05 03:00:00,343,21.9,25.0,92.0,0.0,0.0,0.0,0,6.9
2024-08-05 04:00:00,401,21.4,24.0,90.0,0.0,0.0,0.0,0,7.4
2024-08-05 05:00:00,1276,20.9,22.9,86.0,0.0,0.0,0.0,0,8.0
2024-08-05 06:00:00,3687,20.4,22.2,85.0,0.0,0.0,0.0,0,6.6
2024-08-05 07:00:00,6724,21.4,22.9,80.0,0.0,0.0,0.0,0,8.7
2024-08-05 08:00:00,10551,23.3,25.3,74.0,0.0,0.0,0.0,0,7.1
2024-08-05 09:00:00,8069,25.8,28.0,66.0,0.0,0.0,0.0,0,7.1
2024-08-05 10:00:00,5956,27.4,29.8,58.0,0.0,0.0,0.0,0,5.1
2024-08-05 11:00:00,6055,28.9,32.2,51.0,0.0,0.0,0.0,0,3.2
2024-08-05 12:00:00,6914,30.0,34.2,46.0,0.0,0.0,0.0,0,0.7
2024-08-05 13:00:00,7058,31.0,34.4,42.0,0.0,0.0,0.0,3,5.8
2024-08-05 14:00:00,7630,30.8,32.8,45.0,0.0,0.0,0.0,2,10.9
2024-08-05 15:00:00,8356,31.1,33.0,44.0,0.0,0.0,0.0,1,12.8
2024-08-05 16:00:00,10588,29.9,31.0,51.0,0.0,0.0,0.0,3,17.4
2024-08-05 17:00:00,16009,28.2,29.5,63.0,0.0,0.0,0.0,3,19.4
2024-08-05 18:00:00,15923,28.4,31.5,70.0,0.0,0.0,0.0,3,14.7
2024-08-05 19:00:00,12929,29.1,31.2,60.0,0.0,0.0,0.0,3,14.2
2024-08-05 20:00:00,8996,27.7,28.7,62.0,0.0,0.0,0.0,3,19.0
2024-08-05 21:00:00,6355,26.2,30.4,81.0,0.0,0.0,0.0,3,7.7
2024-08-05 22:00:00,4734,25.7,28.8,75.0,0.0,0.0,0.0,3,8.4
2024-08-05 23:00:00,3033,24.7,26.5,71.0,0.0,0.0,0.0,3,10.9
2024-08-06 00:00:00,1784,24.3,25.7,71.0,0.0,0.0,0.0,1,12.7
2024-08-06 01:00:00,911,24.0,25.2,72.0,0.0,0.0,0.0,1,13.5
2024-08-06 02:00:00,597,23.6,25.1,74.0,0.0,0.0,0.0,3,11.6
2024-08-06 03:00:00,312,23.2,25.0,78.0,0.0,0.0,0.0,1,10.7
2024-08-06 04:00:00,411,22.9,25.0,82.0,0.0,0.0,0.0,0,10.4
2024-08-06 05:00:00,1473,22.4,25.2,86.0,0.0,0.0,0.0,0,7.1
2024-08-06 06:00:00,4287,22.1,25.0,89.0,0.0,0.0,0.0,0,7.8
2024-08-06 07:00:00,7751,22.9,25.9,88.0,0.0,0.0,0.0,0,9.4
2024-08-06 08:00:00,12327,24.5,27.7,84.0,0.0,0.0,0.0,0,9.5
2024-08-06 09:00:00,9289,26.8,30.5,79.0,0.0,0.0,0.0,1,11.3
2024-08-06 10:00:00,6443,28.1,32.3,72.0,0.0,0.0,0.0,2,6.8
2024-08-06 11:00:00,6458,29.1,34.0,67.0,0.1,0.1,0.0,51,6.0
2024-08-06 12:00:00,7102,30.0,35.2,64.0,0.1,0.1,0.0,51,7.7
2024-08-06 13:00:00,7282,31.3,36.0,56.0,0.1,0.1,0.0,51,9.7
2024-08-06 14:00:00,7278,31.0,34.2,52.0,0.1,0.1,0.0,51,4.8
2024-08-06 15:00:00,8495,26.1,29.1,82.0,8.1,8.1,0.0,65,16.5
2024-08-06 16:00:00,10636,25.1,29.4,87.0,2.9,2.9,0.0,63,6.5
2024-08-06 17:00:00,13491,25.3,29.9,87.0,2.4,2.4,0.0,61,6.2
2024-08-06 18:00:00,2886,24.7,28.2,84.0,4.8,4.8,0.0,63,8.9
2024-08-06 19:00:00,2172,24.2,27.6,86.0,0.3,0.3,0.0,51,8.9
2024-08-06 20:00:00,1554,23.0,25.6,93.0,1.3,1.3,0.0,61,14.5
2024-08-06 21:00:00,883,22.0,24.6,94.0,2.0,2.0,0.0,61,11.9
2024-08-06 22:00:00,628,21.4,24.1,94.0,4.1,4.1,0.0,63,9.1
2024-08-06 23:00:00,639,21.1,22.6,95.0,5.7,5.7,0.0,63,16.6
2024-08-07 00:00:00,629,21.3,23.8,97.0,5.1,5.1,0.0,63,11.8
2024-08-07 01:00:00,381,21.3,23.9,97.0,1.2,1.2,0.0,55,11.2
2024-08-07 02:00:00,325,21.1,23.9,97.0,1.0,1.0,0.0,55,9.5
2024-08-07 03:00:00,221,21.3,24.0,96.0,0.6,0.6,0.0,53,9.9
2024-08-07 04:00:00,265,21.3,23.9,96.0,0.0,0.0,0.0,3,10.9
2024-08-07 05:00:00,1044,20.8,22.9,95.0,0.0,0.0,0.0,3,12.3
2024-08-07 06:00:00,3278,20.1,21.3,93.0,0.2,0.2,0.0,51,14.7
2024-08-07 07:00:00,5852,19.7,20.4,92.0,0.4,0.4,0.0,51,16.1
2024-08-07 08:00:00,6250,19.4,20.0,90.0,0.1,0.1,0.0,51,15.0
2024-08-07 09:00:00,4245,18.3,18.2,91.0,1.0,1.0,0.0,55,16.9
2024-08-07 10:00:00,3771,18.6,17.8,86.0,0.1,0.1,0.0,51,20.0
2024-08-07 11:00:00,4204,19.3,18.7,82.0,0.0,0.0,0.0,3,18.0
2024-08-07 12:00:00,4459,20.3,19.9,78.0,0.0,0.0,0.0,3,17.6
2024-08-07 13:00:00,3734,21.5,21.2,74.0,0.0,0.0,0.0,3,17.2
2024-08-07 14:00:00,3864,21.2,20.7,74.0,0.0,0.0,0.0,3,18.3
2024-08-07 15:00:00,4056,21.1,20.7,75.0,0.0,0.0,0.0,3,18.0
2024-08-07 16:00:00,6961,21.0,20.5,75.0,0.0,0.0,0.0,3,18.8
2024-08-07 17:00:00,11737,20.8,20.4,75.0,0.0,0.0,0.0,3,17.6
2024-08-07 18:00:00,12979,20.6,20.3,76.0,0.1,0.1,0.0,51,17.2
2024-08-07 19:00:00,10212,20.3,19.9,77.0,0.0,0.0,0.0,3,17.6
2024-08-07 20:00:00,7329,20.0,19.9,80.0,0.0,0.0,0.0,3,15.6
2024-08-07 21:00:00,5787,18.1,18.6,93.0,10.5,10.5,0.0,65,13.0
2024-08-07 22:00:00,4442,18.0,18.6,94.0,2.8,2.8,0.0,63,12.8
2024-08-07 23:00:00,3229,18.1,19.0,94.0,2.4,2.4,0.0,61,10.7
2024-08-08 00:00:00,1949,18.0,18.6,94.0,1.5,1.5,0.0,61,12.4
2024-08-08 01:00:00,1020,17.9,19.0,93.0,2.2,2.2,0.0,61,8.3
2024-08-08 02:00:00,628,17.9,19.2,93.0,0.5,0.5,0.0,53,7.7
2024-08-08 03:00:00,424,18.0,18.6,91.0,3.4,3.4,0.0,63,11.0
2024-08-08 04:00:00,414,18.2,18.7,90.0,0.2,0.2,0.0,51,12.1
2024-08-08 05:00:00,1143,18.3,18.9,90.0,0.0,0.0,0.0,3,12.1
2024-08-08 06:00:00,2750,18.5,19.1,91.0,0.0,0.0,0.0,3,12.6
2024-08-08 07:00:00,5509,18.9,19.3,91.0,0.0,0.0,0.0,3,15.3
2024-08-08 08:00:00,9103,19.7,20.0,87.0,0.0,0.0,0.0,3,16.6
2024-08-08 09:00:00,7352,19.4,19.2,84.0,0.0,0.0,0.0,3,17.5
2024-08-08 10:00:00,4370,20.0,20.0,83.0,0.0,0.0,0.0,3,17.6
2024-08-08 11:00:00,1873,20.4,20.4,83.0,0.7,0.7,0.0,53,18.0
2024-08-08 12:00:00,3719,21.1,20.9,80.0,0.1,0.1,0.0,51,20.2
2024-08-08 13:00:00,4818,20.9,20.8,83.0,0.0,0.0,0.0,3,20.4
2024-08-08 14:00:00,5743,20.9,21.2,85.0,0.6,0.6,0.0,53,18.7
2024-08-08 15:00:00,5758,21.7,21.9,83.0,0.0,0.0,0.0,3,21.0
2024-08-08 16:00:00,6174,22.2,22.5,83.0,0.1,0.1,0.0,51,22.0
2024-08-08 17:00:00,8243,22.0,22.7,84.0,0.0,0.0,0.0,3,18.7
2024-08-08 18:00:00,7857,21.4,22.1,87.0,0.1,0.1,0.0,51,18.7
2024-08-08 19:00:00,5294,21.4,22.4,88.0,0.4,0.4,0.0,51,17.1
2024-08-08 20:00:00,3561,21.2,22.5,91.0,0.5,0.5,0.0,53,16.7
2024-08-08 21:00:00,2784,20.1,20.7,92.0,0.1,0.1,0.0,51,18.0
2024-08-08 22:00:00,3066,19.9,20.8,95.0,0.1,0.1,0.0,51,17.1
2024-08-08 23:00:00,2304,20.0,21.1,96.0,1.0,1.0,0.0,55,16.9
2024-08-09 00:00:00,1723,21.1,22.8,95.0,0.0,0.0,0.0,3,15.5
2024-08-09 01:00:00,1003,21.8,24.0,94.0,0.2,0.2,0.0,51,14.7
2024-08-09 02:00:00,672,22.3,24.7,93.0,0.5,0.5,0.0,53,14.1
2024-08-09 03:00:00,467,22.6,25.2,95.0,0.6,0.6,0.0,53,14.4
2024-08-09 04:00:00,455,22.3,25.2,97.0,0.5,0.5,0.0,53,12.4
2024-08-09 05:00:00,996,22.0,24.1,96.0,0.5,0.5,0.0,53,16.4
2024-08-09 06:00:00,2685,22.1,23.5,96.0,0.2,0.2,0.0,51,22.1
2024-08-09 07:00:00,4830,22.0,22.9,95.0,0.2,0.2,0.0,51,23.7
2024-08-09 08:00:00,7619,21.3,22.4,97.0,7.8,7.8,0.0,65,21.1
2024-08-09 09:00:00,6809,24.1,24.5,87.0,0.3,0.3,0.0,51,30.6
2024-08-09 10:00:00,5632,24.2,25.4,88.0,0.3,0.3,0.0,51,25.4
2024-08-09 11:00:00,6208,26.6,27.6,80.0,0.3,0.3,0.0,51,30.3
2024-08-09 12:00:00,7160,27.5,27.1,72.0,0.5,0.5,0.0,53,38.2
2024-08-09 13:00:00,7914,27.2,26.8,74.0,1.0,1.0,0.0,55,43.4
2024-08-09 14:00:00,7824,27.4,26.7,74.0,0.9,0.9,0.0,53,42.7
2024-08-09 15:00:00,9169,27.2,26.2,76.0,0.5,0.5,0.0,53,42.1
2024-08-09 16:00:00,10841,26.2,25.7,78.0,0.5,0.5,0.0,53,37.6
2024-08-09 17:00:00,12107,23.7,24.3,90.0,6.2,6.2,0.0,63,28.9
2024-08-09 18:00:00,7375,24.3,25.8,91.0,1.7,1.7,0.0,61,25.7
2024-08-09 19:00:00,5910,24.4,26.0,90.0,0.5,0.5,0.0,53,24.5
2024-08-09 20:00:00,5141,24.0,25.9,91.0,0.3,0.3,0.0,51,22.2
2024-08-09 21:00:00,3027,24.1,26.4,91.0,0.1,0.1,0.0,51,20.0
2024-08-09 22:00:00,3661,23.7,25.9,92.0,0.3,0.3,0.0,51,19.6
2024-08-09 23:00:00,3309,23.4,26.1,94.0,0.1,0.1,0.0,51,16.8
2024-08-10 00:00:00,2856,22.9,25.8,96.0,0.1,0.1,0.0,51,15.1
2024-08-10 01:00:00,2049,22.7,25.8,96.0,1.1,1.1,0.0,55,12.7
2024-08-10 02:00:00,1599,22.7,25.8,96.0,0.0,0.0,0.0,2,13.2
2024-08-10 03:00:00,1063,22.7,25.8,96.0,0.0,0.0,0.0,3,11.7
2024-08-10 04:00:00,717,22.6,25.6,93.0,0.0,0.0,0.0,0,11.5
2024-08-10 05:00:00,641,21.9,24.5,93.0,0.0,0.0,0.0,0,11.0
2024-08-10 06:00:00,1518,21.2,23.2,91.0,0.0,0.0,0.0,0,11.6
2024-08-10 07:00:00,3050,21.1,22.8,88.0,0.0,0.0,0.0,0,11.6
2024-08-10 08:00:00,4988,21.7,23.7,84.0,0.0,0.0,0.0,0,9.1
2024-08-10 09:00:00,8290,23.5,25.5,79.0,0.0,0.0,0.0,0,11.0
2024-08-10 10:00:00,11249,24.9,26.8,72.0,0.0,0.0,0.0,0,11.4
2024-08-10 11:00:00,13130,26.3,27.9,59.0,0.0,0.0,0.0,0,13.5
2024-08-10 12:00:00,13648,27.0,28.6,53.0,0.0,0.0,0.0,0,14.6
2024-08-10 13:00:00,14547,27.3,29.0,52.0,0.0,0.0,0.0,0,15.0
2024-08-10 14:00:00,13909,28.1,29.5,49.0,0.0,0.0,0.0,1,15.9
2024-08-10 15:00:00,13217,28.4,29.1,47.0,0.0,0.0,0.0,1,17.0
2024-08-10 16:00:00,11639,28.4,28.4,46.0,0.0,0.0,0.0,0,17.7
2024-08-10 17:00:00,11891,28.2,27.5,46.0,0.0,0.0,0.0,0,17.4
2024-08-10 18:00:00,11938,27.6,27.7,49.0,0.0,0.0,0.0,0,13.4
2024-08-10 19:00:00,10994,26.0,27.0,57.0,0.0,0.0,0.0,0,9.3
2024-08-10 20:00:00,8770,24.1,24.6,60.0,0.0,0.0,0.0,3,10.5
2024-08-10 21:00:00,6948,23.4,25.0,73.0,0.0,0.0,0.0,3,9.8
2024-08-10 22:00:00,5926,23.0,23.6,67.0,0.0,0.0,0.0,2,11.3
2024-08-10 23:00:00,4941,22.1,22.2,66.0,0.0,0.0,0.0,3,11.8
2024-08-11 00:00:00,3877,21.0,21.2,68.0,0.0,0.0,0.0,3,9.7
2024-08-11 01:00:00,2799,20.1,20.1,70.0,0.0,0.0,0.0,0,9.5
2024-08-11 02:00:00,1997,19.4,19.3,71.0,0.0,0.0,0.0,1,9.4
2024-08-11 03:00:00,1388,19.0,19.2,73.0,0.0,0.0,0.0,2,7.4
2024-08-11 04:00:00,893,18.9,19.0,74.0,0.0,0.0,0.0,0,8.7
2024-08-11 05:00:00,716,18.3,18.6,78.0,0.0,0.0,0.0,0,7.6
2024-08-11 06:00:00,1452,17.9,18.1,80.0,0.0,0.0,0.0,3,8.1
2024-08-11 07:00:00,2065,18.1,18.8,82.0,0.0,0.0,0.0,3,6.5
2024-08-11 08:00:00,3430,19.4,20.7,80.0,0.0,0.0,0.0,3,4.7
2024-08-11 09:00:00,5387,21.6,22.9,70.0,0.0,0.0,0.0,2,4.7
2024-08-11 10:00:00,7607,23.0,24.4,62.0,0.0,0.0,0.0,3,3.0
2024-08-11 11:00:00,9144,24.0,25.3,56.0,0.0,0.0,0.0,0,1.5
2024-08-11 12:00:00,10212,25.3,27.9,53.0,0.0,0.0,0.0,2,3.6
2024-08-11 13:00:00,10901,26.0,27.9,48.0,0.0,0.0,0.0,2,6.6
2024-08-11 14:00:00,11385,26.4,27.4,45.0,0.0,0.0,0.0,1,6.1
2024-08-11 15:00:00,11897,27.0,27.4,42.0,0.0,0.0,0.0,2,11.4
2024-08-11 16:00:00,11849,26.8,25.5,41.0,0.0,0.0,0.0,1,14.8
2024-08-11 17:00:00,11958,26.3,23.9,41.0,0.0,0.0,0.0,0,19.9
2024-08-11 18:00:00,12003,25.6,23.3,40.0,0.0,0.0,0.0,3,17.0
2024-08-11 19:00:00,10179,24.3,23.2,47.0,0.0,0.0,0.0,2,12.7
2024-08-11 20:00:00,7755,22.8,21.2,51.0,0.0,0.0,0.0,0,15.1
2024-08-11 21:00:00,5850,21.6,22.2,67.0,0.0,0.0,0.0,2,7.2
2024-08-11 22:00:00,4322,21.4,20.6,63.0,0.0,0.0,0.0,3,14.4
2024-08-11 23:00:00,2990,20.4,19.4,65.0,0.0,0.0,0.0,1,14.5
2024-08-12 00:00:00,1756,19.9,19.0,64.0,0.0,0.0,0.0,1,12.7
2024-08-12 01:00:00,938,19.0,19.0,71.0,0.0,0.0,0.0,0,7.8
2024-08-12 02:00:00,519,17.2,17.7,84.0,0.0,0.0,0.0,0,6.9
2024-08-12 03:00:00,368,17.3,18.0,85.0,0.0,0.0,0.0,0,5.3
2024-08-12 04:00:00,433,16.4,17.1,90.0,0.0,0.0,0.0,3,5.4
2024-08-12 05:00:00,1280,15.9,16.6,93.0,0.0,0.0,0.0,3,6.0
2024-08-12 06:00:00,3542,16.4,17.4,93.0,0.0,0.0,0.0,1,5.1
2024-08-12 07:00:00,6610,17.3,17.9,88.0,0.0,0.0,0.0,0,7.8
2024-08-12 08:00:00,10317,19.3,19.8,77.0,0.0,0.0,0.0,0,8.5
2024-08-12 09:00:00,8050,21.6,22.0,64.0,0.0,0.0,0.0,0,7.6
2024-08-12 10:00:00,6004,23.1,22.9,55.0,0.0,0.0,0.0,0,9.1
2024-08-12 11:00:00,6240,24.1,23.9,48.0,0.0,0.0,0.0,1,11.9
2024-08-12 12:00:00,7009,24.5,23.7,46.0,0.1,0.1,0.0,51,14.8
2024-08-12 13:00:00,7239,24.7,23.6,45.0,0.1,0.1,0.0,51,17.0
2024-08-12 14:00:00,7707,24.9,23.4,44.0,0.0,0.0,0.0,1,18.1
2024-08-12 15:00:00,8177,25.2,23.6,43.0,0.2,0.2,0.0,51,18.9
2024-08-12 16:00:00,9585,24.9,23.1,46.0,0.0,0.0,0.0,0,16.9
2024-08-12 17:00:00,15334,25.4,23.8,45.0,0.0,0.0,0.0,0,15.9
2024-08-12 18:00:00,15571,25.1,23.5,44.0,0.0,0.0,0.0,0,15.4
2024-08-12 19:00:00,11805,24.0,23.1,51.0,0.0,0.0,0.0,0,12.3
2024-08-12 20:00:00,8688,22.2,21.7,58.0,0.0,0.0,0.0,0,10.9
2024-08-12 21:00:00,6181,20.6,20.2,64.0,0.0,0.0,0.0,0,11.2
2024-08-12 22:00:00,4436,19.6,19.0,68.0,0.0,0.0,0.0,0,11.5
2024-08-12 23:00:00,3148,18.5,18.0,71.0,0.0,0.0,0.0,0,10.3
2024-08-13 00:00:00,1760,17.8,17.1,74.0,0.0,0.0,0.0,0,11.2
2024-08-13 01:00:00,856,17.4,16.6,76.0,0.0,0.0,0.0,0,11.8
2024-08-13 02:00:00,527,17.0,16.3,78.0,0.0,0.0,0.0,0,11.2
2024-08-13 03:00:00,355,16.4,16.0,81.0,0.0,0.0,0.0,0,9.4
2024-08-13 04:00:00,413,16.1,15.6,83.0,0.0,0.0,0.0,0,10.0
2024-08-13 05:00:00,1368,16.0,15.2,82.0,0.0,0.0,0.0,0,12.0
2024-08-13 06:00:00,4248,15.9,14.8,81.0,0.0,0.0,0.0,0,13.2
2024-08-13 07:00:00,7520,16.5,16.0,80.0,0.0,0.0,0.0,0,10.2
2024-08-13 08:00:00,12296,18.3,18.2,76.0,0.0,0.0,0.0,0,9.2
2024-08-13 09:00:00,9067,20.2,20.5,70.0,0.0,0.0,0.0,0,7.7
2024-08-13 10:00:00,6443,21.8,22.3,64.0,0.0,0.0,0.0,0,7.4
2024-08-13 11:00:00,6386,23.2,23.7,56.0,0.0,0.0,0.0,0,10.8
2024-08-13 12:00:00,7221,24.3,24.6,50.0,0.0,0.0,0.0,0,12.7
2024-08-13 13:00:00,7436,25.0,24.7,45.0,0.0,0.0,0.0,1,12.3
2024-08-13 14:00:00,7998,25.8,25.7,41.0,0.0,0.0,0.0,3,12.0
2024-08-13 15:00:00,8935,26.5,26.0,38.0,0.0,0.0,0.0,3,11.7
2024-08-13 16:00:00,11239,26.2,24.7,38.0,0.0,0.0,0.0,3,12.0
2024-08-13 17:00:00,16909,25.7,24.6,41.0,0.0,0.0,0.0,2,10.5
2024-08-13 18:00:00,15189,25.9,25.0,41.0,0.0,0.0,0.0,1,8.9
2024-08-13 19:00:00,13464,24.2,25.5,59.0,0.0,0.0,0.0,0,3.9
2024-08-13 20:00:00,9842,21.1,21.5,68.0,0.0,0.0,0.0,1,8.2
2024-08-13 21:00:00,7002,21.4,22.6,71.0,0.0,0.0,0.0,3,6.3
2024-08-13 22:00:00,5154,19.5,20.7,82.0,0.0,0.0,0.0,3,7.2
2024-08-13 23:00:00,3599,18.8,20.2,86.0,0.0,0.0,0.0,1,5.8
2024-08-14 00:00:00,2006,18.4,19.9,87.0,0.0,0.0,0.0,1,4.9
2024-08-14 01:00:00,1060,18.3,19.1,84.0,0.0,0.0,0.0,1,7.8
2024-08-14 02:00:00,580,17.9,18.3,84.0,0.0,0.0,0.0,2,9.1
2024-08-14 03:00:00,383,17.7,18.1,85.0,0.0,0.0,0.0,3,9.4
2024-08-14 04:00:00,392,17.6,18.0,86.0,0.0,0.0,0.0,3,9.1
2024-08-14 05:00:00,1363,17.4,17.8,87.0,0.0,0.0,0.0,2,8.9
2024-08-14 06:00:00,4066,17.2,17.7,88.0,0.0,0.0,0.0,0,8.8
2024-08-14 07:00:00,7575,18.1,18.4,85.0,0.0,0.0,0.0,0,10.2
2024-08-14 08:00:00,12081,19.8,20.4,79.0,0.0,0.0,0.0,0,9.7
2024-08-14 09:00:00,9392,22.1,23.0,72.0,0.0,0.0,0.0,0,9.7
2024-08-14 10:00:00,6680,24.2,25.5,65.0,0.0,0.0,0.0,0,8.9
2024-08-14 11:00:00,6654,25.7,27.1,54.0,0.0,0.0,0.0,1,9.5
2024-08-14 12:00:00,7443,26.3,26.3,44.0,0.0,0.0,0.0,1,11.2
2024-08-14 13:00:00,7727,27.1,27.3,40.0,0.0,0.0,0.0,0,11.9
2024-08-14 14:00:00,8321,27.2,27.0,38.0,0.0,0.0,0.0,1,12.7
2024-08-14 15:00:00,8948,27.5,27.1,37.0,0.0,0.0,0.0,1,14.0
2024-08-14 16:00:00,11724,27.1,25.8,38.0,0.0,0.0,0.0,1,13.4
2024-08-14 17:00:00,16809,26.9,26.0,40.0,0.0,0.0,0.0,1,11.3
2024-08-14 18:00:00,17638,26.2,25.6,44.0,0.0,0.0,0.0,1,10.2
2024-08-14 19:00:00,13791,24.8,25.9,57.0,0.0,0.0,0.0,1,5.5
2024-08-14 20:00:00,9991,23.4,24.0,60.0,0.0,0.0,0.0,0,7.6
2024-08-14 21:00:00,7312,21.2,22.4,72.0,0.0,0.0,0.0,0,6.1
2024-08-14 22:00:00,5994,20.4,22.2,79.0,0.0,0.0,0.0,1,3.7
2024-08-14 23:00:00,3786,19.9,20.8,82.0,0.0,0.0,0.0,0,9.4
2024-08-15 00:00:00,2231,19.4,20.4,84.0,0.0,0.0,0.0,0,8.6
2024-08-15 01:00:00,1177,19.1,19.7,82.0,0.0,0.0,0.0,0,10.0
2024-08-15 02:00:00,692,18.6,19.5,84.0,0.0,0.0,0.0,0,8.0
2024-08-15 03:00:00,444,17.9,19.0,90.0,0.0,0.0,0.0,0,6.4
2024-08-15 04:00:00,473,17.1,18.6,94.0,0.0,0.0,0.0,0,4.5
2024-08-15 05:00:00,1385,16.9,18.3,94.0,0.0,0.0,0.0,1,4.7
2024-08-15 06:00:00,3843,16.8,18.1,94.0,0.0,0.0,0.0,1,4.9
2024-08-15 07:00:00,7179,17.8,18.9,90.0,0.0,0.0,0.0,0,7.0
2024-08-15 08:00:00,11584,19.8,21.3,82.0,0.0,0.0,0.0,0,5.5
2024-08-15 09:00:00,9350,22.6,24.1,72.0,0.0,0.0,0.0,0,7.8
2024-08-15 10:00:00,6844,24.8,26.3,62.0,0.0,0.0,0.0,0,7.2
2024-08-15 11:00:00,6901,26.7,28.7,53.0,0.0,0.0,0.0,1,6.7
2024-08-15 12:00:00,7513,27.8,29.8,44.0,0.0,0.0,0.0,1,7.2
2024-08-15 13:00:00,7913,28.1,29.4,41.0,0.0,0.0,0.0,0,6.7
2024-08-15 14:00:00,8375,28.8,30.4,38.0,0.0,0.0,0.0,1,6.9
2024-08-15 15:00:00,9301,29.2,30.1,36.0,0.0,0.0,0.0,0,7.6
2024-08-15 16:00:00,11782,29.2,29.1,37.0,0.0,0.0,0.0,0,9.8
2024-08-15 17:00:00,16769,28.6,27.9,37.0,0.0,0.0,0.0,0,10.0
2024-08-15 18:00:00,16554,28.1,28.1,40.0,0.0,0.0,0.0,0,6.6
2024-08-15 19:00:00,13118,26.7,29.2,60.0,0.0,0.0,0.0,1,4.0
2024-08-15 20:00:00,9210,24.6,25.4,57.0,0.0,0.0,0.0,0,6.6
2024-08-15 21:00:00,7383,23.6,24.9,63.0,0.0,0.0,0.0,1,5.8
2024-08-15 22:00:00,5831,22.6,23.8,69.0,0.0,0.0,0.0,0,7.7
2024-08-15 23:00:00,4205,21.1,22.8,78.0,0.0,0.0,0.0,0,5.5
2024-08-16 00:00:00,2578,20.2,21.8,81.0,0.0,0.0,0.0,0,5.5
2024-08-16 01:00:00,1561,19.5,21.1,84.0,0.0,0.0,0.0,0,4.8
2024-08-16 02:00:00,915,19.3,20.7,84.0,0.0,0.0,0.0,0,5.8
2024-08-16 03:00:00,540,19.3,20.4,81.0,0.0,0.0,0.0,0,6.6
2024-08-16 04:00:00,565,18.9,20.1,83.0,0.0,0.0,0.0,0,5.8
2024-08-16 05:00:00,1238,18.5,19.9,86.0,0.0,0.0,0.0,0,5.2
2024-08-16 06:00:00,3365,18.1,19.5,89.0,0.0,0.0,0.0,0,5.2
2024-08-16 07:00:00,5811,19.0,20.5,87.0,0.0,0.0,0.0,0,5.8
2024-08-16 08:00:00,8729,20.9,23.0,79.0,0.0,0.0,0.0,0,3.3
2024-08-16 09:00:00,8061,23.3,25.5,72.0,0.0,0.0,0.0,0,4.7
2024-08-16 10:00:00,6804,25.6,27.8,64.0,0.0,0.0,0.0,0,5.5
2024-08-16 11:00:00,7259,27.1,30.1,58.0,0.0,0.0,0.0,0,4.8
2024-08-16 12:00:00,8356,27.8,31.0,52.0,0.0,0.0,0.0,1,3.3
2024-08-16 13:00:00,9061,28.5,31.9,49.0,0.0,0.0,0.0,0,2.3
2024-08-16 14:00:00,9493,29.0,32.3,46.0,0.0,0.0,0.0,1,0.7
2024-08-16 15:00:00,10612,29.3,32.0,44.0,0.0,0.0,0.0,0,1.9
2024-08-16 16:00:00,12220,29.3,30.7,44.0,0.0,0.0,0.0,1,6.2
2024-08-16 17:00:00,14860,28.8,29.6,46.0,0.0,0.0,0.0,3,9.5
2024-08-16 18:00:00,14045,26.6,27.5,62.0,0.0,0.0,0.0,3,16.7
2024-08-16 19:00:00,11932,24.5,25.6,74.0,0.0,0.0,0.0,1,17.1
2024-08-16 20:00:00,8657,23.0,24.7,84.0,0.0,0.0,0.0,3,16.0
2024-08-16 21:00:00,6801,21.8,23.5,91.0,0.0,0.0,0.0,3,15.4
2024-08-16 22:00:00,5926,21.5,23.7,93.0,0.0,0.0,0.0,3,13.0
2024-08-16 23:00:00,4979,21.3,23.5,94.0,0.0,0.0,0.0,0,12.2
2024-08-17 00:00:00,3887,20.8,23.3,96.0,0.0,0.0,0.0,1,9.7
2024-08-17 01:00:00,2695,20.5,23.2,97.0,0.0,0.0,0.0,1,8.0
2024-08-17 02:00:00,1907,20.4,23.0,98.0,0.0,0.0,0.0,2,8.4
2024-08-17 03:00:00,1393,20.3,22.9,97.0,0.0,0.0,0.0,1,8.2
2024-08-17 04:00:00,874,20.1,22.7,98.0,0.0,0.0,0.0,1,8.0
2024-08-17 05:00:00,694,20.1,22.7,98.0,0.0,0.0,0.0,3,8.1
2024-08-17 06:00:00,1682,20.2,22.5,98.0,0.0,0.0,0.0,1,10.5
2024-08-17 07:00:00,2977,20.7,23.1,95.0,0.0,0.0,0.0,3,9.5
2024-08-17 08:00:00,5058,22.0,23.4,87.0,0.0,0.0,0.0,3,16.1
2024-08-17 09:00:00,8016,22.7,24.4,86.0,0.0,0.0,0.0,1,15.3
2024-08-17 10:00:00,10812,24.2,25.6,79.0,0.4,0.4,0.0,51,17.9
2024-08-17 11:00:00,12927,25.7,26.6,67.0,0.2,0.2,0.0,51,19.3
2024-08-17 12:00:00,13879,25.4,25.7,68.0,0.0,0.0,0.0,3,20.8
2024-08-17 13:00:00,13778,24.6,24.9,72.0,0.0,0.0,0.0,3,21.4
2024-08-17 14:00:00,13060,24.1,24.3,73.0,0.0,0.0,0.0,2,21.8
2024-08-17 15:00:00,12216,24.9,24.8,68.0,0.0,0.0,0.0,3,23.0
2024-08-17 16:00:00,9376,25.5,25.3,64.0,0.0,0.0,0.0,3,21.4
2024-08-17 17:00:00,5464,24.3,24.4,73.0,0.0,0.0,0.0,3,23.0
2024-08-17 18:00:00,7757,23.6,23.8,75.0,0.0,0.0,0.0,3,21.3
2024-08-17 19:00:00,8193,23.1,23.8,80.0,0.0,0.0,0.0,3,20.3
2024-08-17 20:00:00,6839,22.5,24.1,87.0,0.1,0.1,0.0,51,16.5
2024-08-17 21:00:00,5114,21.8,24.4,90.0,0.0,0.0,0.0,2,9.2
2024-08-17 22:00:00,4852,21.4,23.7,93.0,0.0,0.0,0.0,3,11.8
2024-08-17 23:00:00,4203,21.3,24.8,97.0,7.9,7.9,0.0,65,4.5
2024-08-18 00:00:00,3278,21.3,23.8,96.0,0.3,0.3,0.0,51,11.4
2024-08-18 01:00:00,2600,21.2,23.5,95.0,0.0,0.0,0.0,3,12.0
2024-08-18 02:00:00,1507,21.3,23.1,94.0,0.0,0.0,0.0,3,15.0
2024-08-18 03:00:00,1188,21.2,22.9,93.0,0.3,0.3,0.0,51,14.5
2024-08-18 04:00:00,584,21.1,23.3,93.0,1.9,1.9,0.0,61,10.9
2024-08-18 05:00:00,254,21.1,22.6,93.0,0.7,0.7,0.0,53,15.8
2024-08-18 06:00:00,407,21.1,22.2,90.0,0.7,0.7,0.0,53,16.9
2024-08-18 07:00:00,569,20.9,22.4,90.0,1.0,1.0,0.0,55,14.0
2024-08-18 08:00:00,1389,21.3,22.8,91.0,1.7,1.7,0.0,61,15.6
2024-08-18 09:00:00,3137,21.6,23.4,91.0,1.6,1.6,0.0,61,14.3
2024-08-18 10:00:00,5640,21.9,22.7,89.0,0.2,0.2,0.0,51,21.3
2024-08-18 11:00:00,7474,23.2,23.4,81.0,0.3,0.3,0.0,51,24.0
2024-08-18 12:00:00,9237,22.7,24.0,85.0,2.2,2.2,0.0,61,17.9
2024-08-18 13:00:00,10196,22.0,22.6,88.0,0.6,0.6,0.0,53,21.7
2024-08-18 14:00:00,11015,21.7,22.7,88.0,0.6,0.6,0.0,53,18.1
2024-08-18 15:00:00,11665,23.6,24.4,83.0,0.1,0.1,0.0,51,22.1
2024-08-18 16:00:00,11713,24.8,25.8,77.0,0.0,0.0,0.0,2,21.6
2024-08-18 17:00:00,11766,24.0,24.5,79.0,0.7,0.7,0.0,53,23.5
2024-08-18 18:00:00,10457,23.6,24.3,82.0,0.2,0.2,0.0,51,22.7
2024-08-18 19:00:00,3704,23.3,25.5,88.0,0.5,0.5,0.0,53,15.0
2024-08-18 20:00:00,1360,22.4,24.7,91.0,1.0,1.0,0.0,55,13.1
2024-08-18 21:00:00,1834,20.7,23.3,96.0,1.5,1.5,0.0,61,8.9
2024-08-18 22:00:00,2202,20.6,24.2,96.0,3.5,3.5,0.0,63,1.3
2024-08-18 23:00:00,1889,20.4,23.7,95.0,3.3,3.3,0.0,63,2.9
2024-08-19 00:00:00,1214,19.6,21.5,98.0,4.8,4.8,0.0,63,10.8
2024-08-19 01:00:00,465,19.8,21.9,97.0,0.1,0.1,0.0,51,9.9
2024-08-19 02:00:00,303,19.9,22.3,98.0,0.1,0.1,0.0,51,8.4
2024-08-19 03:00:00,307,20.1,23.4,97.0,0.3,0.3,0.0,51,2.6
2024-08-19 04:00:00,383,20.0,23.4,97.0,0.0,0.0,0.0,3,2.0
2024-08-19 05:00:00,1139,20.3,23.7,97.0,0.0,0.0,0.0,3,2.5
2024-08-19 06:00:00,3271,20.0,23.1,98.0,0.0,0.0,0.0,3,4.5
2024-08-19 07:00:00,6195,20.2,22.8,97.0,0.0,0.0,0.0,3,7.2
2024-08-19 08:00:00,10332,20.6,23.1,95.0,0.0,0.0,0.0,3,8.4
2024-08-19 09:00:00,8100,22.6,26.2,90.0,0.0,0.0,0.0,3,4.3
2024-08-19 10:00:00,5975,23.8,27.3,84.0,0.2,0.2,0.0,51,5.4
2024-08-19 11:00:00,5987,24.8,28.0,75.0,0.2,0.2,0.0,51,4.9
2024-08-19 12:00:00,6867,25.9,29.9,71.0,0.2,0.2,0.0,51,4.4
2024-08-19 13:00:00,7308,26.6,30.6,69.0,0.2,0.2,0.0,51,6.8
2024-08-19 14:00:00,7737,27.5,31.2,64.0,0.1,0.1,0.0,51,10.7
2024-08-19 15:00:00,8772,26.5,28.1,66.0,0.2,0.2,0.0,51,14.1
2024-08-19 16:00:00,10634,23.4,25.4,87.0,5.8,5.8,0.0,63,16.7
2024-08-19 17:00:00,15381,22.1,22.5,78.0,2.2,2.2,0.0,61,17.6
2024-08-19 18:00:00,9820,22.2,24.7,85.0,0.2,0.2,0.0,51,8.3
2024-08-19 19:00:00,10724,22.8,25.3,83.0,0.0,0.0,0.0,2,8.5
2024-08-19 20:00:00,7851,22.1,23.4,83.0,0.0,0.0,0.0,2,14.0
2024-08-19 21:00:00,5763,21.3,21.6,84.0,0.2,0.2,0.0,51,19.3
2024-08-19 22:00:00,4355,20.3,20.2,83.0,0.1,0.1,0.0,51,18.6
2024-08-19 23:00:00,2837,19.4,19.1,84.0,0.1,0.1,0.0,51,18.1
2024-08-20 00:00:00,1709,18.3,17.2,83.0,0.0,0.0,0.0,3,19.7
2024-08-20 01:00:00,887,17.5,16.2,80.0,0.0,0.0,0.0,3,18.0
2024-08-20 02:00:00,530,17.1,15.5,76.0,0.0,0.0,0.0,3,17.2
2024-08-20 03:00:00,396,16.9,15.4,74.0,0.0,0.0,0.0,3,14.9
2024-08-20 04:00:00,461,16.7,15.1,72.0,0.0,0.0,0.0,1,14.9
2024-08-20 05:00:00,1348,16.1,14.4,72.0,0.0,0.0,0.0,3,13.8
2024-08-20 06:00:00,4012,16.4,14.3,68.0,0.0,0.0,0.0,3,14.8
2024-08-20 07:00:00,7401,16.3,14.2,67.0,0.0,0.0,0.0,3,14.7
2024-08-20 08:00:00,11736,16.3,14.0,66.0,0.0,0.0,0.0,3,15.8
2024-08-20 09:00:00,8948,16.8,13.9,64.0,0.0,0.0,0.0,0,19.8
2024-08-20 10:00:00,6161,17.9,15.0,59.0,0.0,0.0,0.0,0,19.0
2024-08-20 11:00:00,6267,18.8,16.6,53.0,0.0,0.0,0.0,0,18.0
2024-08-20 12:00:00,7095,20.0,18.5,49.0,0.0,0.0,0.0,0,16.8
2024-08-20 13:00:00,7446,20.9,19.7,46.0,0.0,0.0,0.0,0,17.3
2024-08-20 14:00:00,8042,21.2,19.5,45.0,0.0,0.0,0.0,0,19.4
2024-08-20 15:00:00,9204,21.6,19.7,43.0,0.0,0.0,0.0,0,19.5
2024-08-20 16:00:00,11734,21.6,18.9,42.0,0.0,0.0,0.0,0,20.3
2024-08-20 17:00:00,17750,21.6,18.1,39.0,0.0,0.0,0.0,0,18.9
2024-08-20 18:00:00,17101,20.7,16.7,41.0,0.0,0.0,0.0,1,22.6
2024-08-20 19:00:00,12774,19.2,16.3,49.0,0.0,0.0,0.0,0,16.9
2024-08-20 20:00:00,8706,17.6,15.8,55.0,0.0,0.0,0.0,0,10.0
2024-08-20 21:00:00,6449,16.7,15.1,64.0,0.0,0.0,0.0,0,10.8
2024-08-20 22:00:00,4839,16.6,14.3,62.0,0.0,0.0,0.0,0,14.3
2024-08-20 23:00:00,3240,15.9,13.5,63.0,0.0,0.0,0.0,0,14.8
2024-08-21 00:00:00,1744,15.1,13.0,66.0,0.0,0.0,0.0,0,12.5
2024-08-21 01:00:00,903,14.4,12.3,70.0,0.0,0.0,0.0,0,12.9
2024-08-21 02:00:00,498,13.9,11.7,71.0,0.0,0.0,0.0,0,13.1
2024-08-21 03:00:00,356,13.5,11.3,73.0,0.0,0.0,0.0,0,13.0
2024-08-21 04:00:00,408,13.2,11.0,75.0,0.0,0.0,0.0,0,13.1
2024-08-21 05:00:00,1306,12.9,10.7,76.0,0.0,0.0,0.0,0,12.4
2024-08-21 06:00:00,3775,12.5,10.6,78.0,0.0,0.0,0.0,0,10.7
2024-08-21 07:00:00,7174,12.8,11.1,79.0,0.0,0.0,0.0,0,10.0
2024-08-21 08:00:00,11989,14.2,12.6,74.0,0.0,0.0,0.0,0,10.3
2024-08-21 09:00:00,9187,16.3,14.2,67.0,0.0,0.0,0.0,0,14.5
2024-08-21 10:00:00,6586,18.0,16.0,60.0,0.0,0.0,0.0,0,14.1
2024-08-21 11:00:00,6773,19.6,18.1,50.0,0.0,0.0,0.0,0,13.7
2024-08-21 12:00:00,7493,20.5,19.2,45.0,0.0,0.0,0.0,1,13.8
2024-08-21 13:00:00,7620,20.9,19.4,42.0,0.0,0.0,0.0,0,14.5
2024-08-21 14:00:00,8308,21.3,19.3,40.0,0.0,0.0,0.0,1,15.7
2024-08-21 15:00:00,9285,21.7,19.2,38.0,0.0,0.0,0.0,1,16.9
2024-08-21 16:00:00,11671,21.9,19.1,39.0,0.0,0.0,0.0,1,17.8
2024-08-21 17:00:00,17346,21.8,18.5,39.0,0.0,0.0,0.0,1,16.9
2024-08-21 18:00:00,17555,21.4,17.7,39.0,0.0,0.0,0.0,1,20.3
2024-08-21 19:00:00,12947,20.2,18.0,47.0,0.0,0.0,0.0,0,12.1
2024-08-21 20:00:00,8892,18.1,16.4,56.0,0.0,0.0,0.0,0,10.2
2024-08-21 21:00:00,6635,17.1,15.0,61.0,0.0,0.0,0.0,0,14.1
2024-08-21 22:00:00,5253,16.4,14.3,63.0,0.0,0.0,0.0,0,13.8
2024-08-21 23:00:00,3445,15.6,13.4,67.0,0.0,0.0,0.0,0,14.4
2024-08-22 00:00:00,1840,15.0,12.8,69.0,0.0,0.0,0.0,0,14.0
2024-08-22 01:00:00,999,14.4,12.5,72.0,0.0,0.0,0.0,0,11.8
2024-08-22 02:00:00,587,13.9,12.1,75.0,0.0,0.0,0.0,0,11.2
2024-08-22 03:00:00,397,13.5,12.0,78.0,0.0,0.0,0.0,0,10.2
2024-08-22 04:00:00,464,13.2,11.8,80.0,0.0,0.0,0.0,0,9.1
2024-08-22 05:00:00,1292,12.8,11.8,82.0,0.0,0.0,0.0,0,6.5
2024-08-22 06:00:00,3757,12.5,11.7,84.0,0.0,0.0,0.0,0,5.8
2024-08-22 07:00:00,6834,13.4,12.3,81.0,0.0,0.0,0.0,0,7.7
2024-08-22 08:00:00,11308,15.4,14.4,72.0,0.0,0.0,0.0,0,7.9
2024-08-22 09:00:00,9072,17.8,16.6,64.0,0.0,0.0,0.0,0,10.1
2024-08-22 10:00:00,6824,19.8,18.6,58.0,0.0,0.0,0.0,0,11.0
2024-08-22 11:00:00,6821,21.6,20.7,51.0,0.0,0.0,0.0,0,13.0
2024-08-22 12:00:00,7605,22.7,21.4,44.0,0.0,0.0,0.0,1,15.6
2024-08-22 13:00:00,7837,23.0,21.3,42.0,0.0,0.0,0.0,2,17.1
2024-08-22 14:00:00,8321,23.4,21.4,41.0,0.0,0.0,0.0,3,15.3
2024-08-22 15:00:00,9287,23.3,21.2,41.0,0.0,0.0,0.0,2,13.5
2024-08-22 16:00:00,11534,23.6,21.4,42.0,0.0,0.0,0.0,2,15.0
2024-08-22 17:00:00,16415,23.3,21.0,43.0,0.0,0.0,0.0,2,15.4
2024-08-22 18:00:00,16279,22.8,20.9,45.0,0.0,0.0,0.0,1,13.7
2024-08-22 19:00:00,12759,21.6,20.7,52.0,0.0,0.0,0.0,0,8.6
2024-08-22 20:00:00,8948,19.4,18.8,61.0,0.0,0.0,0.0,0,7.5
2024-08-22 21:00:00,6978,18.2,18.1,70.0,0.0,0.0,0.0,0,6.2
2024-08-22 22:00:00,5945,17.5,17.5,74.0,0.0,0.0,0.0,0,6.6
2024-08-22 23:00:00,4037,16.7,16.7,79.0,0.0,0.0,0.0,0,6.5
2024-08-23 00:00:00,2496,16.2,16.0,81.0,0.0,0.0,0.0,0,7.2
2024-08-23 01:00:00,1336,15.5,15.4,83.0,0.0,0.0,0.0,1,5.8
2024-08-23 02:00:00,883,15.0,15.0,86.0,0.0,0.0,0.0,1,5.4
2024-08-23 03:00:00,534,14.5,14.6,89.0,0.0,0.0,0.0,0,4.8
2024-08-23 04:00:00,570,14.0,14.0,91.0,0.0,0.0,0.0,0,5.4
2024-08-23 05:00:00,1191,13.0,12.6,94.0,0.0,0.0,0.0,0,6.9
2024-08-23 06:00:00,3158,12.7,12.4,95.0,0.0,0.0,0.0,0,6.0
2024-08-23 07:00:00,5660,14.1,14.6,93.0,0.0,0.0,0.0,0,3.5
2024-08-23 08:00:00,8573,16.6,17.1,82.0,0.0,0.0,0.0,0,3.5
2024-08-23 09:00:00,7986,20.3,20.9,67.0,0.0,0.0,0.0,0,4.2
2024-08-23 10:00:00,6848,22.6,21.9,51.0,0.0,0.0,0.0,0,8.9
2024-08-23 11:00:00,7238,23.7,22.9,43.0,0.0,0.0,0.0,0,11.6
2024-08-23 12:00:00,8347,24.5,24.1,40.0,0.0,0.0,0.0,0,11.9
2024-08-23 13:00:00,9097,25.0,25.2,38.0,0.0,0.0,0.0,0,10.2
2024-08-23 14:00:00,9867,25.5,26.2,37.0,0.0,0.0,0.0,0,7.9
2024-08-23 15:00:00,11024,25.9,26.3,37.0,0.0,0.0,0.0,0,7.9
2024-08-23 16:00:00,12862,26.2,25.7,36.0,0.0,0.0,0.0,0,8.6
2024-08-23 17:00:00,15215,26.3,24.7,35.0,0.0,0.0,0.0,1,10.7
2024-08-23 18:00:00,14396,25.7,24.7,39.0,0.0,0.0,0.0,1,8.2
2024-08-23 19:00:00,12114,23.6,23.9,52.0,0.0,0.0,0.0,0,4.3
2024-08-23 20:00:00,8607,20.8,20.3,67.0,0.0,0.0,0.0,0,13.3
2024-08-23 21:00:00,6573,19.7,19.6,71.0,0.0,0.0,0.0,0,10.6
2024-08-23 22:00:00,5870,18.5,19.3,79.0,0.0,0.0,0.0,0,5.8
2024-08-23 23:00:00,4988,17.2,17.9,87.0,0.0,0.0,0.0,2,7.1
2024-08-24 00:00:00,3764,17.1,18.0,88.0,0.0,0.0,0.0,3,5.6
2024-08-24 01:00:00,2543,16.7,17.4,88.0,0.0,0.0,0.0,3,5.5
2024-08-24 02:00:00,1797,16.1,16.8,89.0,0.0,0.0,0.0,0,4.7
2024-08-24 03:00:00,1237,15.4,15.9,91.0,0.0,0.0,0.0,0,5.2
2024-08-24 04:00:00,792,15.4,15.9,91.0,0.0,0.0,0.0,0,5.4
2024-08-24 05:00:00,703,14.8,15.3,93.0,0.0,0.0,0.0,0,4.7
2024-08-24 06:00:00,1676,14.3,14.7,94.0,0.0,0.0,0.0,1,5.0
2024-08-24 07:00:00,2621,15.3,16.0,91.0,0.0,0.0,0.0,0,4.2
2024-08-24 08:00:00,4378,17.5,18.8,84.0,0.0,0.0,0.0,0,1.9
2024-08-24 09:00:00,6983,20.4,21.9,73.0,0.0,0.0,0.0,0,1.8
2024-08-24 10:00:00,8664,23.1,24.5,61.0,0.0,0.0,0.0,0,1.6
2024-08-24 11:00:00,10442,25.1,26.3,49.0,0.0,0.0,0.0,2,4.9
2024-08-24 12:00:00,11724,26.1,27.4,42.0,0.0,0.0,0.0,2,5.0
2024-08-24 13:00:00,11943,27.0,28.6,38.0,0.0,0.0,0.0,2,5.2
2024-08-24 14:00:00,12328,28.0,28.8,35.0,0.0,0.0,0.0,2,7.4
2024-08-24 15:00:00,12221,28.3,28.3,35.0,0.0,0.0,0.0,1,9.9
2024-08-24 16:00:00,12209,28.2,26.7,34.0,0.0,0.0,0.0,2,12.0
2024-08-24 17:00:00,11824,28.0,26.0,34.0,0.0,0.0,0.0,1,15.1
2024-08-24 18:00:00,11720,26.8,25.9,38.0,0.0,0.0,0.0,0,9.2
2024-08-24 19:00:00,10555,24.5,25.4,56.0,0.0,0.0,0.0,0,5.4
2024-08-24 20:00:00,7692,22.0,21.3,57.0,0.0,0.0,0.0,0,11.6
2024-08-24 21:00:00,6369,21.3,20.9,64.0,0.0,0.0,0.0,0,12.5
2024-08-24 22:00:00,5612,20.4,20.4,68.0,0.0,0.0,0.0,0,9.8
2024-08-24 23:00:00,4800,19.4,19.9,74.0,0.0,0.0,0.0,0,6.4
2024-08-25 00:00:00,3668,18.4,19.2,80.0,0.0,0.0,0.0,0,5.4
2024-08-25 01:00:00,2590,17.4,18.3,86.0,0.0,0.0,0.0,0,5.4
2024-08-25 02:00:00,1907,16.8,17.6,89.0,0.0,0.0,0.0,0,5.8
2024-08-25 03:00:00,1298,16.6,17.3,87.0,0.0,0.0,0.0,3,5.1
2024-08-25 04:00:00,734,16.2,16.8,88.0,0.0,0.0,0.0,3,4.7
2024-08-25 05:00:00,556,16.0,16.6,88.0,0.0,0.0,0.0,3,4.8
2024-08-25 06:00:00,1144,16.0,16.4,86.0,0.0,0.0,0.0,3,5.6
2024-08-25 07:00:00,2114,16.5,16.8,84.0,0.0,0.0,0.0,3,6.1
2024-08-25 08:00:00,3400,18.6,19.3,77.0,0.0,0.0,0.0,3,5.9
2024-08-25 09:00:00,5438,21.7,23.0,70.0,0.0,0.0,0.0,0,5.1
2024-08-25 10:00:00,7488,24.4,25.7,60.0,0.0,0.0,0.0,0,5.9
2024-08-25 11:00:00,9150,26.3,28.1,53.0,0.0,0.0,0.0,0,6.5
2024-08-25 12:00:00,10097,27.8,29.7,46.0,0.0,0.0,0.0,0,7.4
2024-08-25 13:00:00,10996,28.4,30.4,43.0,0.0,0.0,0.0,1,5.9
2024-08-25 14:00:00,10781,28.7,30.6,42.0,0.0,0.0,0.0,1,5.5
2024-08-25 15:00:00,11787,29.2,30.6,41.0,0.0,0.0,0.0,1,7.3
2024-08-25 16:00:00,11107,28.9,29.1,41.0,0.0,0.0,0.0,1,9.7
2024-08-25 17:00:00,11349,27.3,27.0,47.0,0.1,0.1,0.0,51,14.1
2024-08-25 18:00:00,11315,25.8,25.4,54.0,0.1,0.1,0.0,51,15.6
2024-08-25 19:00:00,9449,24.0,23.4,57.0,0.0,0.0,0.0,0,14.5
2024-08-25 20:00:00,6823,22.7,22.8,61.0,0.0,0.0,0.0,0,10.0
2024-08-25 21:00:00,5087,22.6,22.0,62.0,0.0,0.0,0.0,1,15.1
2024-08-25 22:00:00,3898,22.4,21.5,61.0,0.0,0.0,0.0,1,16.1
2024-08-25 23:00:00,2695,22.1,21.6,63.0,0.0,0.0,0.0,0,14.2
2024-08-26 00:00:00,1587,21.1,21.4,68.0,0.0,0.0,0.0,0,9.6
2024-08-26 01:00:00,921,19.2,19.8,80.0,0.0,0.0,0.0,0,8.8
2024-08-26 02:00:00,484,19.7,20.1,76.0,0.0,0.0,0.0,0,9.0
2024-08-26 03:00:00,350,19.2,19.5,78.0,0.0,0.0,0.0,0,9.9
2024-08-26 04:00:00,403,18.6,19.3,81.0,0.0,0.0,0.0,0,7.4
2024-08-26 05:00:00,1231,18.1,18.9,85.0,0.0,0.0,0.0,0,7.6
2024-08-26 06:00:00,3521,17.8,18.4,86.0,0.0,0.0,0.0,0,8.2
2024-08-26 07:00:00,6655,18.2,18.8,85.0,0.0,0.0,0.0,1,9.4
2024-08-26 08:00:00,10101,19.9,21.0,79.0,0.0,0.0,0.0,1,7.2
2024-08-26 09:00:00,7235,22.2,23.9,71.0,0.0,0.0,0.0,1,4.4
2024-08-26 10:00:00,4978,23.8,26.0,66.0,0.0,0.0,0.0,1,2.3
2024-08-26 11:00:00,5997,25.4,27.7,60.0,0.0,0.0,0.0,0,2.9
2024-08-26 12:00:00,6829,27.0,30.1,53.0,0.0,0.0,0.0,0,3.8
2024-08-26 13:00:00,7179,27.7,30.7,48.0,0.1,0.1,0.0,51,2.7
2024-08-26 14:00:00,7464,28.4,31.2,46.0,0.0,0.0,0.0,1,1.1
2024-08-26 15:00:00,8477,28.8,30.9,44.0,0.0,0.0,0.0,1,3.1
2024-08-26 16:00:00,9953,29.4,30.8,40.0,0.0,0.0,0.0,1,2.9
2024-08-26 17:00:00,13799,28.5,28.8,41.0,0.0,0.0,0.0,1,6.4
2024-08-26 18:00:00,14821,22.3,21.4,73.0,0.2,0.2,0.0,51,23.8
2024-08-26 19:00:00,11760,22.1,23.6,76.0,0.1,0.1,0.0,51,8.0
2024-08-26 20:00:00,7421,21.1,22.9,81.0,0.0,0.0,0.0,0,6.7
2024-08-26 21:00:00,3592,20.2,22.4,91.0,0.0,0.0,0.0,0,6.8
2024-08-26 22:00:00,3714,19.4,22.0,95.0,0.0,0.0,0.0,0,3.5
2024-08-26 23:00:00,2680,19.1,21.4,95.0,0.0,0.0,0.0,0,4.7
2024-08-27 00:00:00,1601,18.6,21.0,98.0,0.0,0.0,0.0,0,4.0
2024-08-27 01:00:00,826,18.3,20.5,98.0,0.0,0.0,0.0,0,4.3
2024-08-27 02:00:00,534,18.4,20.7,97.0,0.0,0.0,0.0,0,4.0
2024-08-27 03:00:00,365,17.6,19.6,99.0,0.0,0.0,0.0,0,4.0
2024-08-27 04:00:00,433,17.7,19.9,99.0,0.0,0.0,0.0,0,3.8
2024-08-27 05:00:00,1352,17.3,19.3,99.0,0.0,0.0,0.0,0,4.2
2024-08-27 06:00:00,4237,17.4,19.3,99.0,0.0,0.0,0.0,2,5.0
2024-08-27 07:00:00,7510,17.5,19.3,98.0,0.0,0.0,0.0,2,5.6
2024-08-27 08:00:00,11871,19.2,21.1,92.0,0.0,0.0,0.0,0,6.1
2024-08-27 09:00:00,9115,20.9,23.5,89.0,0.0,0.0,0.0,0,5.9
2024-08-27 10:00:00,6495,24.0,26.3,71.0,0.0,0.0,0.0,0,5.2
2024-08-27 11:00:00,6581,25.9,28.5,57.0,0.0,0.0,0.0,0,3.3
2024-08-27 12:00:00,7205,27.2,30.6,51.0,0.0,0.0,0.0,0,1.6
2024-08-27 13:00:00,7629,28.1,31.4,47.0,0.0,0.0,0.0,0,3.3
2024-08-27 14:00:00,7890,29.0,31.8,44.0,0.0,0.0,0.0,1,4.6
2024-08-27 15:00:00,8924,29.5,31.6,43.0,0.0,0.0,0.0,1,7.1
2024-08-27 16:00:00,11247,29.4,30.1,42.0,0.0,0.0,0.0,0,10.2
2024-08-27 17:00:00,17000,27.6,27.2,51.0,0.0,0.0,0.0,0,18.7
2024-08-27 18:00:00,16793,25.8,25.4,56.0,0.0,0.0,0.0,0,18.0
2024-08-27 19:00:00,12955,24.6,24.9,65.0,0.0,0.0,0.0,0,15.8
2024-08-27 20:00:00,8754,22.9,23.0,71.0,0.0,0.0,0.0,1,16.9
2024-08-27 21:00:00,6629,22.1,23.0,79.0,0.0,0.0,0.0,2,14.8
2024-08-27 22:00:00,5182,21.8,23.0,83.0,0.0,0.0,0.0,2,14.0
2024-08-27 23:00:00,3705,21.7,23.0,84.0,0.0,0.0,0.0,3,13.3
2024-08-28 00:00:00,1937,21.4,22.8,85.0,0.0,0.0,0.0,0,12.5
2024-08-28 01:00:00,933,21.2,22.5,86.0,0.0,0.0,0.0,0,13.6
2024-08-28 02:00:00,556,21.2,22.2,86.0,0.0,0.0,0.0,0,15.2
2024-08-28 03:00:00,320,21.0,22.0,86.0,0.0,0.0,0.0,1,15.0
2024-08-28 04:00:00,400,20.9,22.1,86.0,0.0,0.0,0.0,0,13.0
2024-08-28 05:00:00,1380,20.8,21.8,86.0,0.0,0.0,0.0,2,14.3
2024-08-28 06:00:00,3955,21.0,21.7,82.0,0.0,0.0,0.0,3,14.4
2024-08-28 07:00:00,7603,21.4,22.1,78.0,0.0,0.0,0.0,3,13.6
2024-08-28 08:00:00,11991,22.7,23.7,74.0,0.0,0.0,0.0,3,12.3
2024-08-28 09:00:00,9541,25.1,26.5,69.0,0.0,0.0,0.0,3,12.9
2024-08-28 10:00:00,6863,26.9,28.8,64.0,0.0,0.0,0.0,3,12.3
2024-08-28 11:00:00,6778,28.3,30.6,62.0,0.0,0.0,0.0,0,12.7
2024-08-28 12:00:00,7394,30.8,34.2,55.0,0.0,0.0,0.0,1,12.6
2024-08-28 13:00:00,7619,31.6,34.7,52.0,0.0,0.0,0.0,2,15.4
2024-08-28 14:00:00,7962,31.2,33.5,53.0,0.0,0.0,0.0,0,13.1
2024-08-28 15:00:00,8940,32.1,35.8,50.0,0.0,0.0,0.0,0,10.6
2024-08-28 16:00:00,11187,32.6,35.4,49.0,0.0,0.0,0.0,1,10.6
2024-08-28 17:00:00,16190,32.6,34.7,48.0,0.0,0.0,0.0,1,13.1
2024-08-28 18:00:00,16316,31.9,33.5,49.0,0.0,0.0,0.0,1,14.7
2024-08-28 19:00:00,12814,30.3,32.1,53.0,0.0,0.0,0.0,3,13.2
2024-08-28 20:00:00,8947,29.0,30.7,57.0,0.0,0.0,0.0,0,13.7
2024-08-28 21:00:00,4558,24.6,29.7,91.0,0.0,0.0,0.0,2,2.6
2024-08-28 22:00:00,3963,24.4,29.1,91.0,0.0,0.0,0.0,2,4.1
2024-08-28 23:00:00,3138,24.4,28.6,90.0,0.0,0.0,0.0,3,7.6
2024-08-29 00:00:00,1970,24.1,27.1,86.0,0.0,0.0,0.0,3,11.9
2024-08-29 01:00:00,1018,23.4,25.6,84.0,0.0,0.0,0.0,1,12.9
2024-08-29 02:00:00,583,21.9,23.7,89.0,4.4,4.4,0.0,63,14.7
2024-08-29 03:00:00,355,21.3,22.8,91.0,1.8,1.8,0.0,61,15.9
2024-08-29 04:00:00,457,21.3,23.0,90.0,0.1,0.1,0.0,51,13.4
2024-08-29 05:00:00,1300,20.5,21.6,88.0,0.0,0.0,0.0,2,14.1
2024-08-29 06:00:00,2778,19.7,20.1,86.0,0.1,0.1,0.0,51,15.2
2024-08-29 07:00:00,6611,19.1,19.0,84.0,0.0,0.0,0.0,1,15.3
2024-08-29 08:00:00,10772,19.3,19.2,80.0,0.0,0.0,0.0,1,14.4
2024-08-29 09:00:00,9032,21.9,21.5,69.0,0.0,0.0,0.0,3,16.3
2024-08-29 10:00:00,6898,22.9,22.3,62.0,0.0,0.0,0.0,3,16.1
2024-08-29 11:00:00,6781,23.5,22.9,59.0,0.0,0.0,0.0,3,15.3
2024-08-29 12:00:00,7724,24.0,23.7,58.0,0.0,0.0,0.0,3,13.9
2024-08-29 13:00:00,8077,24.9,25.3,56.0,0.0,0.0,0.0,3,12.0
2024-08-29 14:00:00,8518,25.1,25.2,56.0,0.0,0.0,0.0,3,12.8
2024-08-29 15:00:00,9644,25.0,25.2,56.0,0.0,0.0,0.0,3,12.4
2024-08-29 16:00:00,11575,24.6,24.6,57.0,0.0,0.0,0.0,3,13.4
2024-08-29 17:00:00,15610,24.1,24.1,59.0,0.0,0.0,0.0,3,13.5
2024-08-29 18:00:00,14837,23.4,23.4,64.0,0.0,0.0,0.0,3,14.7
2024-08-29 19:00:00,11201,21.7,21.1,69.0,0.0,0.0,0.0,2,17.7
2024-08-29 20:00:00,7930,20.7,20.5,73.0,0.0,0.0,0.0,3,14.5
2024-08-29 21:00:00,6240,20.0,20.2,75.0,0.2,0.2,0.0,51,11.8
2024-08-29 22:00:00,5388,19.9,19.9,75.0,0.0,0.0,0.0,3,12.4
2024-08-29 23:00:00,3880,19.8,19.6,76.0,0.0,0.0,0.0,3,14.0
2024-08-30 00:00:00,2614,19.6,19.6,76.0,0.2,0.2,0.0,51,12.6
2024-08-30 01:00:00,1508,19.1,19.3,81.0,4.8,4.8,0.0,63,12.4
2024-08-30 02:00:00,749,18.6,19.2,85.0,0.5,0.5,0.0,53,10.1
2024-08-30 03:00:00,375,18.3,18.9,88.0,1.4,1.4,0.0,61,10.5
2024-08-30 04:00:00,395,18.0,18.4,89.0,0.0,0.0,0.0,3,11.8
2024-08-30 05:00:00,463,17.5,17.4,87.0,0.0,0.0,0.0,3,13.4
2024-08-30 06:00:00,1578,17.5,17.3,84.0,0.0,0.0,0.0,3,11.6
2024-08-30 07:00:00,4361,17.5,17.4,84.0,0.0,0.0,0.0,3,10.9
2024-08-30 08:00:00,7197,17.9,17.5,80.0,0.0,0.0,0.0,2,13.0
2024-08-30 09:00:00,7311,18.9,18.0,72.0,0.0,0.0,0.0,0,14.1
2024-08-30 10:00:00,6721,19.9,19.2,69.0,0.0,0.0,0.0,3,13.8
2024-08-30 11:00:00,7561,21.4,20.8,62.0,0.0,0.0,0.0,3,11.9
2024-08-30 12:00:00,8485,22.9,22.8,58.0,0.0,0.0,0.0,3,11.5
2024-08-30 13:00:00,9247,23.3,23.3,58.0,0.0,0.0,0.0,2,13.5
2024-08-30 14:00:00,9972,23.5,23.5,56.0,0.0,0.0,0.0,3,14.8
2024-08-30 15:00:00,10808,23.0,22.4,57.0,0.0,0.0,0.0,3,14.9
2024-08-30 16:00:00,11716,22.5,21.9,59.0,0.0,0.0,0.0,3,13.3
2024-08-30 17:00:00,12408,22.4,21.8,61.0,0.0,0.0,0.0,3,13.4
2024-08-30 18:00:00,11555,21.3,20.9,67.0,0.0,0.0,0.0,3,14.4
2024-08-30 19:00:00,9618,20.3,19.9,72.0,0.0,0.0,0.0,2,13.7
2024-08-30 20:00:00,6901,19.5,19.6,75.0,0.0,0.0,0.0,0,11.2
2024-08-30 21:00:00,5422,19.0,19.4,78.0,0.0,0.0,0.0,2,8.5
2024-08-30 22:00:00,5013,18.5,19.0,80.0,0.0,0.0,0.0,0,8.2
2024-08-30 23:00:00,4219,17.9,18.6,84.0,0.0,0.0,0.0,0,7.0
2024-08-31 00:00:00,3294,17.4,18.4,89.0,0.0,0.0,0.0,0,5.4
2024-08-31 01:00:00,2499,16.8,18.2,93.0,0.0,0.0,0.0,0,3.9
2024-08-31 02:00:00,1794,16.6,18.1,95.0,0.0,0.0,0.0,1,3.0
2024-08-31 03:00:00,1151,16.6,18.0,96.0,0.0,0.0,0.0,3,4.4
2024-08-31 04:00:00,795,17.2,18.2,92.0,0.0,0.0,0.0,3,6.5
2024-08-31 05:00:00,586,17.2,18.7,93.0,0.0,0.0,0.0,1,4.5
2024-08-31 06:00:00,1172,17.4,18.7,92.0,0.0,0.0,0.0,3,5.2
2024-08-31 07:00:00,2289,17.7,19.1,91.0,0.0,0.0,0.0,3,5.4
2024-08-31 08:00:00,3480,18.8,20.5,88.0,0.0,0.0,0.0,1,4.4
2024-08-31 09:00:00,5543,21.7,23.1,77.0,0.0,0.0,0.0,3,8.6
2024-08-31 10:00:00,7281,23.1,24.9,74.0,0.2,0.2,0.0,51,7.6
2024-08-31 11:00:00,8397,22.9,24.5,75.0,0.1,0.1,0.0,51,9.6
2024-08-31 12:00:00,9574,23.3,24.7,74.0,0.2,0.2,0.0,51,12.1
2024-08-31 13:00:00,9972,24.2,25.5,71.0,0.2,0.2,0.0,51,13.4
2024-08-31 14:00:00,10387,24.7,25.8,68.0,0.1,0.1,0.0,51,13.9
2024-08-31 15:00:00,10645,24.7,25.5,67.0,0.0,0.0,0.0,3,14.3
2024-08-31 16:00:00,10295,24.2,24.6,67.0,0.0,0.0,0.0,2,16.4
2024-08-31 17:00:00,10440,24.3,24.7,66.0,0.0,0.0,0.0,1,16.4
2024-08-31 18:00:00,9613,23.4,24.2,71.0,0.0,0.0,0.0,3,13.8
2024-08-31 19:00:00,8263,22.6,23.6,75.0,0.0,0.0,0.0,1,13.0
2024-08-31 20:00:00,6181,21.5,22.7,82.0,0.0,0.0,0.0,3,12.4
2024-08-31 21:00:00,5394,20.8,22.7,90.0,0.0,0.0,0.0,3,10.9
2024-08-31 22:00:00,4682,20.9,22.6,89.0,0.0,0.0,0.0,3,11.2
2024-08-31 23:00:00,3924,20.6,22.4,90.0,0.0,0.0,0.0,3,10.8
2024-09-01 00:00:00,3332,20.6,22.5,90.0,0.0,0.0,0.0,3,9.4
2024-09-01 01:00:00,2261,20.8,22.9,90.0,0.0,0.0,0.0,3,8.5
2024-09-01 02:00:00,1659,20.6,22.8,92.0,0.0,0.0,0.0,3,8.7
2024-09-01 03:00:00,1206,20.3,22.6,94.0,0.0,0.0,0.0,3,8.2
2024-09-01 04:00:00,711,20.3,22.4,95.0,0.0,0.0,0.0,3,10.0
2024-09-01 05:00:00,554,20.3,22.3,95.0,0.0,0.0,0.0,3,11.2
2024-09-01 06:00:00,958,20.1,22.2,96.0,0.0,0.0,0.0,3,10.3
2024-09-01 07:00:00,1646,20.2,22.3,96.0,0.1,0.1,0.0,51,10.1
2024-09-01 08:00:00,2768,21.5,23.2,89.0,0.0,0.0,0.0,3,14.1
2024-09-01 09:00:00,4310,22.5,24.9,88.0,0.1,0.1,0.0,51,11.0
2024-09-01 10:00:00,6471,23.5,25.9,82.0,0.1,0.1,0.0,51,11.4
2024-09-01 11:00:00,7370,24.7,26.7,76.0,0.1,0.1,0.0,51,13.0
2024-09-01 12:00:00,7960,24.9,26.8,75.0,0.4,0.4,0.0,51,14.6
2024-09-01 13:00:00,8409,25.5,27.0,71.0,0.3,0.3,0.0,51,16.0
2024-09-01 14:00:00,8941,26.1,28.5,73.0,0.2,0.2,0.0,51,14.6
2024-09-01 15:00:00,9760,27.0,29.5,70.0,0.2,0.2,0.0,51,15.3
2024-09-01 16:00:00,10124,27.4,28.7,65.0,0.0,0.0,0.0,2,18.2
2024-09-01 17:00:00,10232,27.8,28.9,60.0,0.0,0.0,0.0,3,16.8
2024-09-01 18:00:00,10422,27.8,29.2,59.0,0.0,0.0,0.0,0,13.7
2024-09-01 19:00:00,9082,26.4,28.3,62.0,0.0,0.0,0.0,0,8.4
2024-09-01 20:00:00,6696,24.2,25.9,68.0,0.0,0.0,0.0,2,7.6
2024-09-01 21:00:00,5258,22.7,25.8,87.0,0.0,0.0,0.0,3,6.8
2024-09-01 22:00:00,4509,22.0,24.8,87.0,0.0,0.0,0.0,0,5.9
2024-09-01 23:00:00,3839,21.7,23.6,81.0,0.0,0.0,0.0,2,7.8
2024-09-02 00:00:00,2727,21.0,21.9,79.0,0.0,0.0,0.0,0,11.7
2024-09-02 01:00:00,1692,21.0,21.2,75.0,0.0,0.0,0.0,0,14.0
2024-09-02 02:00:00,1137,20.3,20.4,74.0,0.0,0.0,0.0,0,12.4
2024-09-02 03:00:00,727,19.6,19.4,74.0,0.0,0.0,0.0,3,12.4
2024-09-02 04:00:00,645,19.1,18.8,73.0,0.0,0.0,0.0,3,11.5
2024-09-02 05:00:00,644,18.9,17.6,68.0,0.0,0.0,0.0,3,15.2
2024-09-02 06:00:00,1175,18.3,16.4,67.0,0.0,0.0,0.0,3,16.9
2024-09-02 07:00:00,2062,18.0,16.3,68.0,0.0,0.0,0.0,3,15.9
2024-09-02 08:00:00,3282,18.6,17.2,67.0,0.0,0.0,0.0,3,14.7
2024-09-02 09:00:00,4858,18.8,17.7,69.0,0.0,0.0,0.0,3,13.4
2024-09-02 10:00:00,7001,20.0,19.0,66.0,0.0,0.0,0.0,3,14.5
2024-09-02 11:00:00,8783,22.4,21.8,58.0,0.0,0.0,0.0,0,14.2
2024-09-02 12:00:00,10322,23.9,23.7,48.0,0.0,0.0,0.0,0,14.8
2024-09-02 13:00:00,11473,24.6,24.8,45.0,0.0,0.0,0.0,0,13.7
2024-09-02 14:00:00,11917,25.0,24.6,42.0,0.0,0.0,0.0,0,14.8
2024-09-02 15:00:00,12207,25.0,23.9,40.0,0.0,0.0,0.0,1,16.0
2024-09-02 16:00:00,12115,24.6,22.3,39.0,0.0,0.0,0.0,1,16.0
2024-09-02 17:00:00,12220,24.0,21.1,37.0,0.0,0.0,0.0,0,17.2
2024-09-02 18:00:00,11806,23.0,20.4,42.0,0.0,0.0,0.0,0,16.9
2024-09-02 19:00:00,9689,21.4,18.6,47.0,0.0,0.0,0.0,0,17.7
2024-09-02 20:00:00,6816,19.8,17.1,49.0,0.0,0.0,0.0,0,16.6
2024-09-02 21:00:00,4902,19.0,15.8,50.0,0.0,0.0,0.0,0,19.2
2024-09-02 22:00:00,3727,17.9,14.3,51.0,0.0,0.0,0.0,0,20.1
2024-09-02 23:00:00,2492,16.7,13.1,54.0,0.0,0.0,0.0,0,19.6
2024-09-03 00:00:00,1496,15.6,12.2,55.0,0.0,0.0,0.0,0,17.2
2024-09-03 01:00:00,714,14.7,11.5,58.0,0.0,0.0,0.0,0,15.6
2024-09-03 02:00:00,417,14.0,11.0,61.0,0.0,0.0,0.0,0,14.4
2024-09-03 03:00:00,273,13.2,10.6,65.0,0.0,0.0,0.0,0,12.2
2024-09-03 04:00:00,353,12.5,10.2,71.0,0.0,0.0,0.0,0,10.4
2024-09-03 05:00:00,1345,11.9,9.9,74.0,0.0,0.0,0.0,0,9.4
2024-09-03 06:00:00,4042,11.6,9.5,76.0,0.0,0.0,0.0,0,10.1
2024-09-03 07:00:00,8346,11.6,9.6,78.0,0.0,0.0,0.0,0,10.2
2024-09-03 08:00:00,12206,13.3,11.7,73.0,0.0,0.0,0.0,0,8.5
2024-09-03 09:00:00,9006,15.8,14.1,63.0,0.0,0.0,0.0,0,9.8
2024-09-03 10:00:00,6377,18.0,15.4,49.0,0.0,0.0,0.0,0,12.9
2024-09-03 11:00:00,6363,19.4,16.6,36.0,0.0,0.0,0.0,0,14.2
2024-09-03 12:00:00,7276,20.1,18.4,35.0,0.0,0.0,0.0,0,11.7
2024-09-03 13:00:00,7896,20.9,19.9,34.0,0.0,0.0,0.0,0,9.9
2024-09-03 14:00:00,8424,21.4,20.6,34.0,0.0,0.0,0.0,0,8.4
2024-09-03 15:00:00,9781,21.7,20.9,33.0,0.0,0.0,0.0,0,6.6
2024-09-03 16:00:00,12032,21.9,20.4,34.0,0.0,0.0,0.0,0,6.5
2024-09-03 17:00:00,17820,21.7,19.3,34.0,0.0,0.0,0.0,0,8.6
2024-09-03 18:00:00,17246,21.2,18.6,35.0,0.0,0.0,0.0,0,9.8
2024-09-03 19:00:00,12712,19.4,17.1,44.0,0.0,0.0,0.0,0,10.2
2024-09-03 20:00:00,8031,18.0,15.8,47.0,0.0,0.0,0.0,0,9.4
2024-09-03 21:00:00,5872,16.9,15.8,62.0,0.0,0.0,0.0,0,6.9
2024-09-03 22:00:00,4482,16.4,15.2,65.0,0.0,0.0,0.0,0,7.8
2024-09-03 23:00:00,2921,15.6,14.9,74.0,0.0,0.0,0.0,0,6.6
2024-09-04 00:00:00,1666,14.7,14.2,79.0,0.0,0.0,0.0,0,5.8
2024-09-04 01:00:00,748,14.3,13.5,77.0,0.0,0.0,0.0,0,6.6
2024-09-04 02:00:00,446,13.5,12.7,80.0,0.0,0.0,0.0,0,5.4
2024-09-04 03:00:00,299,12.3,11.5,89.0,0.0,0.0,0.0,0,7.1
2024-09-04 04:00:00,425,11.9,11.1,92.0,0.0,0.0,0.0,0,6.8
2024-09-04 05:00:00,1412,12.4,11.9,93.0,0.0,0.0,0.0,0,5.4
2024-09-04 06:00:00,4362,12.0,11.4,92.0,0.0,0.0,0.0,0,5.8
2024-09-04 07:00:00,9081,12.2,11.4,90.0,0.0,0.0,0.0,0,6.9
2024-09-04 08:00:00,13435,14.5,13.8,80.0,0.0,0.0,0.0,0,6.9
2024-09-04 09:00:00,10368,17.4,17.2,72.0,0.0,0.0,0.0,0,5.9
2024-09-04 10:00:00,7179,20.1,19.5,56.0,0.0,0.0,0.0,0,6.6
2024-09-04 11:00:00,7147,21.7,21.6,48.0,0.0,0.0,0.0,0,6.1
2024-09-04 12:00:00,8004,22.8,23.1,43.0,0.0,0.0,0.0,0,6.0
2024-09-04 13:00:00,8416,23.5,24.5,41.0,0.0,0.0,0.0,0,5.1
2024-09-04 14:00:00,8842,24.1,25.1,41.0,0.0,0.0,0.0,0,5.0
2024-09-04 15:00:00,10253,24.3,24.4,42.0,0.0,0.0,0.0,0,8.2
2024-09-04 16:00:00,12622,23.6,21.9,39.0,0.0,0.0,0.0,0,12.4
2024-09-04 17:00:00,18732,22.8,20.5,38.0,0.0,0.0,0.0,0,11.4
2024-09-04 18:00:00,18483,21.8,19.9,42.0,0.0,0.0,0.0,0,10.1
2024-09-04 19:00:00,13542,20.0,18.3,47.0,0.0,0.0,0.0,0,8.9
2024-09-04 20:00:00,8929,18.0,16.5,54.0,0.0,0.0,0.0,0,7.0
2024-09-04 21:00:00,6534,17.0,16.0,63.0,0.0,0.0,0.0,0,6.5
2024-09-04 22:00:00,5307,15.3,14.3,77.0,0.0,0.0,0.0,0,9.7
2024-09-04 23:00:00,3458,16.7,16.1,71.0,0.0,0.0,0.0,0,7.2
2024-09-05 00:00:00,1996,16.9,17.1,71.0,0.0,0.0,0.0,0,2.3
2024-09-05 01:00:00,960,14.2,14.2,84.0,0.0,0.0,0.0,0,2.7
2024-09-05 02:00:00,546,13.0,12.7,89.0,0.0,0.0,0.0,0,4.7
2024-09-05 03:00:00,376,12.6,12.2,91.0,0.0,0.0,0.0,0,5.1
2024-09-05 04:00:00,391,12.4,11.9,91.0,0.0,0.0,0.0,0,5.2
2024-09-05 05:00:00,1387,12.3,11.7,92.0,0.0,0.0,0.0,0,5.7
2024-09-05 06:00:00,4374,12.1,11.5,92.0,0.0,0.0,0.0,0,6.5
2024-09-05 07:00:00,9698,12.7,11.9,90.0,0.0,0.0,0.0,0,7.9
2024-09-05 08:00:00,14508,15.4,14.9,81.0,0.0,0.0,0.0,0,8.0
2024-09-05 09:00:00,10281,17.9,17.8,74.0,0.0,0.0,0.0,0,8.2
2024-09-05 10:00:00,7256,20.1,19.4,62.0,0.0,0.0,0.0,0,10.0
2024-09-05 11:00:00,7044,21.4,21.1,55.0,0.0,0.0,0.0,0,10.8
2024-09-05 12:00:00,8147,22.5,22.4,51.0,0.0,0.0,0.0,0,12.3
2024-09-05 13:00:00,8241,23.4,23.8,49.0,0.0,0.0,0.0,0,12.2
2024-09-05 14:00:00,8480,24.2,24.6,47.0,0.0,0.0,0.0,0,12.0
2024-09-05 15:00:00,9494,24.5,24.5,46.0,0.0,0.0,0.0,0,11.9
2024-09-05 16:00:00,11345,24.4,23.7,46.0,0.0,0.0,0.0,0,12.3
2024-09-05 17:00:00,16758,23.8,22.2,45.0,0.0,0.0,0.0,0,13.2
2024-09-05 18:00:00,16151,22.5,20.4,44.0,0.0,0.0,0.0,0,13.5
2024-09-05 19:00:00,12450,20.2,18.8,52.0,0.0,0.0,0.0,0,9.8
2024-09-05 20:00:00,8266,18.1,17.2,63.0,0.0,0.0,0.0,0,8.2
2024-09-05 21:00:00,6000,16.8,16.7,80.0,0.0,0.0,0.0,0,7.6
2024-09-05 22:00:00,4995,16.4,16.6,82.0,0.0,0.0,0.0,0,5.4
2024-09-05 23:00:00,3885,15.7,15.9,86.0,0.0,0.0,0.0,0,6.2
2024-09-06 00:00:00,2631,15.0,15.1,89.0,0.0,0.0,0.0,0,5.9
2024-09-06 01:00:00,1131,14.1,13.9,91.0,0.0,0.0,0.0,0,6.9
2024-09-06 02:00:00,712,14.5,14.7,92.0,0.0,0.0,0.0,0,5.4
2024-09-06 03:00:00,471,14.4,14.5,94.0,0.0,0.0,0.0,0,7.2
2024-09-06 04:00:00,404,14.4,14.2,96.0,0.0,0.0,0.0,0,9.4
2024-09-06 05:00:00,1148,14.2,13.9,97.0,0.0,0.0,0.0,0,10.2
2024-09-06 06:00:00,3478,13.8,13.4,97.0,0.0,0.0,0.0,0,9.8
2024-09-06 07:00:00,7512,13.7,13.1,96.0,0.0,0.0,0.0,1,10.6
2024-09-06 08:00:00,10419,15.3,14.8,88.0,0.0,0.0,0.0,1,10.8
2024-09-06 09:00:00,7885,17.6,17.2,80.0,0.0,0.0,0.0,1,12.0
2024-09-06 10:00:00,6718,20.1,20.1,72.0,0.0,0.0,0.0,3,10.9
2024-09-06 11:00:00,7273,21.4,21.8,68.0,0.0,0.0,0.0,3,9.2
2024-09-06 12:00:00,8092,22.5,23.3,65.0,0.0,0.0,0.0,1,6.9
2024-09-06 13:00:00,9381,24.4,26.7,59.0,0.0,0.0,0.0,3,6.8
2024-09-06 14:00:00,11072,24.5,25.6,59.0,0.0,0.0,0.0,2,7.1
2024-09-06 15:00:00,11971,25.2,26.3,57.0,0.0,0.0,0.0,2,6.0
2024-09-06 16:00:00,13714,25.8,26.6,53.0,0.0,0.0,0.0,3,7.2
2024-09-06 17:00:00,16719,24.2,24.5,62.0,0.0,0.0,0.0,2,13.6
2024-09-06 18:00:00,15961,23.1,23.0,68.0,0.0,0.0,0.0,1,17.0
2024-09-06 19:00:00,12976,21.5,21.6,73.0,0.0,0.0,0.0,0,14.8
2024-09-06 20:00:00,8863,20.2,20.8,79.0,0.0,0.0,0.0,0,10.8
2024-09-06 21:00:00,6643,20.0,20.8,80.0,0.0,0.0,0.0,0,9.9
2024-09-06 22:00:00,6004,19.8,20.6,81.0,0.0,0.0,0.0,1,9.2
2024-09-06 23:00:00,5600,19.4,20.6,84.0,0.0,0.0,0.0,1,7.2
2024-09-07 00:00:00,4325,18.9,20.3,89.0,0.0,0.0,0.0,0,7.3
2024-09-07 01:00:00,2897,18.4,20.0,93.0,0.0,0.0,0.0,2,6.4
2024-09-07 02:00:00,1917,18.0,19.7,94.0,0.0,0.0,0.0,3,5.4
2024-09-07 03:00:00,1310,18.2,20.2,94.0,0.0,0.0,0.0,3,4.3
2024-09-07 04:00:00,880,18.0,20.0,96.0,0.1,0.1,0.0,51,4.0
2024-09-07 05:00:00,617,17.2,18.9,98.0,0.1,0.1,0.0,51,5.2
2024-09-07 06:00:00,1013,17.5,19.3,98.0,0.1,0.1,0.0,51,5.0
2024-09-07 07:00:00,2531,18.0,19.3,96.0,0.0,0.0,0.0,3,9.5
2024-09-07 08:00:00,4022,19.2,19.6,89.0,0.1,0.1,0.0,51,15.3
2024-09-07 09:00:00,5950,19.8,20.5,87.0,0.1,0.1,0.0,51,14.3
2024-09-07 10:00:00,6839,20.8,20.7,81.0,0.1,0.1,0.0,51,19.4
2024-09-07 11:00:00,9136,21.7,21.6,76.0,0.3,0.3,0.0,51,18.9
2024-09-07 12:00:00,10810,22.5,21.7,69.0,0.1,0.1,0.0,51,20.5
2024-09-07 13:00:00,11926,23.3,22.9,67.0,0.1,0.1,0.0,51,19.6
2024-09-07 14:00:00,12633,22.2,21.5,71.0,0.1,0.1,0.0,51,21.0
2024-09-07 15:00:00,11382,22.9,21.9,69.0,0.2,0.2,0.0,51,23.8
2024-09-07 16:00:00,6970,21.0,21.2,84.0,3.2,3.2,0.0,63,19.4
2024-09-07 17:00:00,9319,18.0,15.7,76.0,0.4,0.4,0.0,51,24.3
2024-09-07 18:00:00,9718,17.4,16.2,74.0,0.1,0.1,0.0,51,14.0
2024-09-07 19:00:00,9070,17.2,16.8,74.0,0.0,0.0,0.0,3,7.8
2024-09-07 20:00:00,5436,16.7,16.2,77.0,0.1,0.1,0.0,51,9.3
2024-09-07 21:00:00,5290,16.1,15.8,80.0,0.0,0.0,0.0,2,7.9
2024-09-07 22:00:00,4937,15.5,15.8,85.0,0.0,0.0,0.0,0,4.3
2024-09-07 23:00:00,4595,13.5,13.4,93.0,0.0,0.0,0.0,0,6.3
2024-09-08 00:00:00,3779,13.3,13.2,95.0,0.0,0.0,0.0,0,5.5
2024-09-08 01:00:00,2698,13.9,13.2,92.0,0.0,0.0,0.0,0,10.5
2024-09-08 02:00:00,1929,13.7,12.4,89.0,0.0,0.0,0.0,0,12.6
2024-09-08 03:00:00,1172,13.1,11.1,84.0,0.0,0.0,0.0,0,14.6
2024-09-08 04:00:00,790,12.3,10.1,81.0,0.0,0.0,0.0,0,13.3
2024-09-08 05:00:00,603,11.4,9.5,82.0,0.0,0.0,0.0,0,10.7
2024-09-08 06:00:00,1203,10.9,8.7,83.0,0.0,0.0,0.0,0,11.6
2024-09-08 07:00:00,2246,10.7,8.6,84.0,0.0,0.0,0.0,0,10.7
2024-09-08 08:00:00,3801,12.0,9.6,77.0,0.0,0.0,0.0,0,12.9
2024-09-08 09:00:00,5956,14.0,10.7,62.0,0.0,0.0,0.0,0,17.1
2024-09-08 10:00:00,8699,15.2,11.4,53.0,0.0,0.0,0.0,0,18.4
2024-09-08 11:00:00,10600,16.4,13.5,49.0,0.0,0.0,0.0,0,16.3
2024-09-08 12:00:00,12923,17.7,14.8,44.0,0.0,0.0,0.0,1,19.1
2024-09-08 13:00:00,13164,18.8,16.0,39.0,0.0,0.0,0.0,0,18.0
2024-09-08 14:00:00,12671,19.9,17.2,36.0,0.0,0.0,0.0,0,18.5
2024-09-08 15:00:00,12730,20.3,17.0,34.0,0.0,0.0,0.0,0,20.1
2024-09-08 16:00:00,13175,20.9,16.7,32.0,0.0,0.0,0.0,0,19.6
2024-09-08 17:00:00,12828,20.5,16.0,32.0,0.0,0.0,0.0,0,19.8
2024-09-08 18:00:00,12191,19.9,15.9,35.0,0.0,0.0,0.0,0,17.4
2024-09-08 19:00:00,9575,18.1,14.3,39.0,0.0,0.0,0.0,0,16.4
2024-09-08 20:00:00,6499,16.9,13.3,42.0,0.0,0.0,0.0,0,15.0
2024-09-08 21:00:00,4979,15.6,12.9,50.0,0.0,0.0,0.0,0,10.3
2024-09-08 22:00:00,3528,14.6,11.8,54.0,0.0,0.0,0.0,0,11.2
2024-09-08 23:00:00,2381,14.1,11.1,54.0,0.0,0.0,0.0,0,11.9
2024-09-09 00:00:00,1406,13.5,10.5,56.0,0.0,0.0,0.0,0,11.9
2024-09-09 01:00:00,770,12.9,10.0,59.0,0.0,0.0,0.0,0,12.0
2024-09-09 02:00:00,433,12.6,9.7,60.0,0.0,0.0,0.0,0,11.2
2024-09-09 03:00:00,330,12.0,9.5,64.0,0.0,0.0,0.0,0,8.8
2024-09-09 04:00:00,414,11.5,9.2,67.0,0.0,0.0,0.0,1,8.0
2024-09-09 05:00:00,1300,11.1,8.9,68.0,0.0,0.0,0.0,0,7.9
2024-09-09 06:00:00,3951,10.6,8.4,71.0,0.0,0.0,0.0,0,7.6
2024-09-09 07:00:00,9212,10.6,8.5,73.0,0.0,0.0,0.0,0,6.8
2024-09-09 08:00:00,13324,12.7,11.0,69.0,0.0,0.0,0.0,0,6.7
2024-09-09 09:00:00,8922,15.3,13.8,61.0,0.0,0.0,0.0,0,6.8
2024-09-09 10:00:00,6391,18.1,16.5,54.0,0.0,0.0,0.0,0,8.5
2024-09-09 11:00:00,6430,20.2,17.9,45.0,0.0,0.0,0.0,0,15.2
2024-09-09 12:00:00,7187,21.6,19.9,42.0,0.0,0.0,0.0,0,15.1
2024-09-09 13:00:00,7692,22.8,21.3,39.0,0.0,0.0,0.0,0,15.8
2024-09-09 14:00:00,8849,23.3,21.4,37.0,0.0,0.0,0.0,0,16.3
2024-09-09 15:00:00,10203,23.7,21.4,35.0,0.0,0.0,0.0,2,16.7
2024-09-09 16:00:00,12222,23.7,20.4,34.0,0.0,0.0,0.0,2,17.7
2024-09-09 17:00:00,17581,23.4,20.0,35.0,0.0,0.0,0.0,0,18.4
2024-09-09 18:00:00,17388,22.1,18.7,40.0,0.0,0.0,0.0,1,18.9
2024-09-09 19:00:00,12845,20.8,17.7,39.0,0.0,0.0,0.0,0,15.3
2024-09-09 20:00:00,8197,19.3,17.2,44.0,0.0,0.0,0.0,0,8.9
2024-09-09 21:00:00,5698,18.6,15.8,48.0,0.0,0.0,0.0,0,14.8
2024-09-09 22:00:00,4298,17.3,15.3,54.0,0.0,0.0,0.0,0,9.7
2024-09-09 23:00:00,2753,16.3,14.4,60.0,0.0,0.0,0.0,1,10.3
2024-09-10 00:00:00,1495,15.6,13.6,61.0,0.0,0.0,0.0,1,10.8
2024-09-10 01:00:00,763,15.1,12.9,63.0,0.0,0.0,0.0,0,11.2
2024-09-10 02:00:00,474,14.8,12.7,63.0,0.0,0.0,0.0,0,10.9
2024-09-10 03:00:00,337,14.5,12.3,65.0,0.0,0.0,0.0,1,10.8
2024-09-10 04:00:00,384,14.3,12.1,65.0,0.0,0.0,0.0,0,10.6
2024-09-10 05:00:00,1419,14.0,11.9,65.0,0.0,0.0,0.0,0,10.0
2024-09-10 06:00:00,4641,13.5,11.9,69.0,0.0,0.0,0.0,0,6.9
2024-09-10 07:00:00,10477,13.7,12.3,73.0,0.0,0.0,0.0,0,7.9
2024-09-10 08:00:00,15445,15.9,14.6,72.0,0.0,0.0,0.0,0,10.2
2024-09-10 09:00:00,10270,18.3,17.3,70.0,0.0,0.0,0.0,0,13.0
2024-09-10 10:00:00,7176,19.9,19.1,65.0,0.0,0.0,0.0,0,12.3
2024-09-10 11:00:00,6700,21.3,21.1,59.0,0.0,0.0,0.0,0,10.9
2024-09-10 12:00:00,7508,22.5,22.8,53.0,0.0,0.0,0.0,0,10.5
2024-09-10 13:00:00,8171,23.6,24.0,47.0,0.0,0.0,0.0,0,10.5
2024-09-10 14:00:00,9028,24.4,24.4,41.0,0.0,0.0,0.0,0,9.8
2024-09-10 15:00:00,10772,24.8,24.3,38.0,0.0,0.0,0.0,0,10.0
2024-09-10 16:00:00,13009,24.9,23.4,36.0,0.0,0.0,0.0,0,10.5
2024-09-10 17:00:00,19545,24.6,22.4,35.0,0.0,0.0,0.0,0,11.0
2024-09-10 18:00:00,18873,23.4,21.9,40.0,0.0,0.0,0.0,0,8.8
2024-09-10 19:00:00,13756,20.4,19.4,51.0,0.0,0.0,0.0,0,6.9
2024-09-10 20:00:00,10210,18.3,17.4,59.0,0.0,0.0,0.0,0,7.1
2024-09-10 21:00:00,6035,17.7,16.9,64.0,0.0,0.0,0.0,0,7.1
2024-09-10 22:00:00,4836,17.4,16.3,65.0,0.0,0.0,0.0,0,9.5
2024-09-10 23:00:00,3972,16.8,15.3,65.0,0.0,0.0,0.0,0,10.6
2024-09-11 00:00:00,1773,15.8,14.1,64.0,0.0,0.0,0.0,1,10.2
2024-09-11 01:00:00,799,14.7,13.1,68.0,0.0,0.0,0.0,0,8.7
2024-09-11 02:00:00,489,13.6,12.4,76.0,0.0,0.0,0.0,2,7.2
2024-09-11 03:00:00,338,12.7,11.8,83.0,0.0,0.0,0.0,2,5.8
2024-09-11 04:00:00,440,12.1,11.3,88.0,0.0,0.0,0.0,3,5.4
2024-09-11 05:00:00,1400,11.8,10.8,89.0,0.0,0.0,0.0,3,7.2
2024-09-11 06:00:00,4234,11.6,10.3,88.0,0.0,0.0,0.0,3,7.9
2024-09-11 07:00:00,10264,11.7,10.1,85.0,0.0,0.0,0.0,3,9.4
2024-09-11 08:00:00,15638,13.7,12.1,78.0,0.0,0.0,0.0,0,10.8
2024-09-11 09:00:00,10965,16.4,15.0,65.0,0.0,0.0,0.0,1,8.8
2024-09-11 10:00:00,7518,19.1,17.7,54.0,0.0,0.0,0.0,2,8.2
2024-09-11 11:00:00,6858,21.0,20.4,47.0,0.0,0.0,0.0,3,6.5
2024-09-11 12:00:00,7930,22.3,22.2,41.0,0.0,0.0,0.0,3,5.1
2024-09-11 13:00:00,8533,23.3,23.5,38.0,0.0,0.0,0.0,3,4.1
2024-09-11 14:00:00,9692,24.1,24.7,35.0,0.0,0.0,0.0,3,2.3
2024-09-11 15:00:00,10901,24.6,24.7,35.0,0.0,0.0,0.0,2,4.2
2024-09-11 16:00:00,13225,24.3,23.0,38.0,0.0,0.0,0.0,2,9.6
2024-09-11 17:00:00,19257,23.4,21.5,40.0,0.0,0.0,0.0,0,11.5
2024-09-11 18:00:00,19000,22.1,20.5,46.0,0.0,0.0,0.0,0,10.5
2024-09-11 19:00:00,14085,19.8,19.0,60.0,0.0,0.0,0.0,3,9.7
2024-09-11 20:00:00,9369,18.0,18.1,81.0,0.0,0.0,0.0,3,9.8
2024-09-11 21:00:00,7245,16.8,17.7,91.0,0.0,0.0,0.0,0,6.0
2024-09-11 22:00:00,5522,15.5,15.8,95.0,0.0,0.0,0.0,0,8.2
2024-09-11 23:00:00,3698,16.2,17.0,94.0,0.0,0.0,0.0,0,6.8
2024-09-12 00:00:00,1867,16.7,17.9,95.0,0.0,0.0,0.0,0,5.1
2024-09-12 01:00:00,1013,16.2,17.6,98.0,0.0,0.0,0.0,1,4.4
2024-09-12 02:00:00,582,14.1,14.8,100.0,0.0,0.0,0.0,3,4.4
2024-09-12 03:00:00,396,14.3,15.2,99.0,0.0,0.0,0.0,3,3.4
2024-09-12 04:00:00,445,13.7,14.1,100.0,0.0,0.0,0.0,3,4.8
2024-09-12 05:00:00,1415,14.8,15.8,98.0,0.0,0.0,0.0,1,3.6
2024-09-12 06:00:00,4180,15.0,16.1,99.0,0.0,0.0,0.0,0,3.4
2024-09-12 07:00:00,10027,14.7,15.9,100.0,0.0,0.0,0.0,3,2.6
2024-09-12 08:00:00,15246,15.9,17.4,98.0,0.0,0.0,0.0,3,2.7
2024-09-12 09:00:00,10429,17.3,19.0,89.0,0.0,0.0,0.0,3,1.6
2024-09-12 10:00:00,7481,18.9,20.5,80.0,0.0,0.0,0.0,1,1.6
2024-09-12 11:00:00,7125,20.8,22.5,69.0,0.0,0.0,0.0,0,1.8
2024-09-12 12:00:00,7953,22.7,24.8,56.0,0.0,0.0,0.0,0,1.8
2024-09-12 13:00:00,8635,24.1,26.1,47.0,0.0,0.0,0.0,0,2.2
2024-09-12 14:00:00,9519,25.1,26.5,43.0,0.0,0.0,0.0,0,4.3
2024-09-12 15:00:00,11167,25.4,25.8,43.0,0.0,0.0,0.0,0,7.6
2024-09-12 16:00:00,13201,25.1,24.0,41.0,0.0,0.0,0.0,0,11.4
2024-09-12 17:00:00,19285,23.7,21.6,43.0,0.0,0.0,0.0,0,14.9
2024-09-12 18:00:00,18574,21.8,20.2,54.0,0.0,0.0,0.0,0,15.0
2024-09-12 19:00:00,13874,19.7,19.3,68.0,0.0,0.0,0.0,1,11.0
2024-09-12 20:00:00,9597,18.2,18.8,83.0,0.0,0.0,0.0,0,8.6
2024-09-12 21:00:00,7021,17.1,17.8,89.0,0.0,0.0,0.0,0,6.8
2024-09-12 22:00:00,5911,15.8,16.1,93.0,0.0,0.0,0.0,0,8.6
2024-09-12 23:00:00,4302,17.2,18.1,89.0,0.0,0.0,0.0,0,6.1
2024-09-13 00:00:00,2430,16.9,18.4,91.0,0.0,0.0,0.0,0,2.1
2024-09-13 01:00:00,1400,16.2,17.9,95.0,0.0,0.0,0.0,0,0.8
2024-09-13 02:00:00,768,14.8,16.0,98.0,0.0,0.0,0.0,0,1.4
2024-09-13 03:00:00,510,13.9,14.5,99.0,0.0,0.0,0.0,0,3.8
2024-09-13 04:00:00,508,13.9,14.3,97.0,0.0,0.0,0.0,0,5.2
2024-09-13 05:00:00,1303,13.6,13.7,98.0,0.0,0.0,0.0,0,6.1
2024-09-13 06:00:00,3765,12.9,13.3,100.0,0.0,0.0,0.0,3,4.0
2024-09-13 07:00:00,8696,13.1,13.7,100.0,0.0,0.0,0.0,3,1.9
2024-09-13 08:00:00,12174,14.0,15.0,100.0,0.0,0.0,0.0,3,1.9
2024-09-13 09:00:00,9398,16.5,17.9,92.0,0.0,0.0,0.0,0,2.3
2024-09-13 10:00:00,7540,19.7,21.6,79.0,0.0,0.0,0.0,0,1.3
2024-09-13 11:00:00,8063,22.0,24.2,65.0,0.0,0.0,0.0,0,0.7
2024-09-13 12:00:00,9187,23.8,26.0,54.0,0.0,0.0,0.0,0,2.0
2024-09-13 13:00:00,10179,25.1,27.1,47.0,0.0,0.0,0.0,0,3.4
2024-09-13 14:00:00,11273,26.2,27.8,41.0,0.0,0.0,0.0,0,3.3
2024-09-13 15:00:00,12691,26.7,27.4,38.0,0.0,0.0,0.0,0,4.9
2024-09-13 16:00:00,14659,26.2,25.7,42.0,0.0,0.0,0.0,0,9.4
2024-09-13 17:00:00,17537,24.8,24.0,49.0,0.0,0.0,0.0,0,12.8
2024-09-13 18:00:00,17062,23.4,22.7,55.0,0.0,0.0,0.0,0,12.4
2024-09-13 19:00:00,12996,21.4,20.9,61.0,0.0,0.0,0.0,0,10.9
2024-09-13 20:00:00,8656,19.5,19.9,73.0,0.0,0.0,0.0,0,7.2
2024-09-13 21:00:00,6836,18.0,19.1,86.0,0.0,0.0,0.0,0,5.6
2024-09-13 22:00:00,6462,18.8,20.5,84.0,0.0,0.0,0.0,0,2.5
2024-09-13 23:00:00,5604,16.7,17.8,91.0,0.0,0.0,0.0,0,4.7
2024-09-14 00:00:00,4396,17.5,19.0,86.0,0.0,0.0,0.0,0,1.4
2024-09-14 01:00:00,3070,17.2,18.5,89.0,0.0,0.0,0.0,0,3.7
2024-09-14 02:00:00,2108,16.0,17.0,96.0,0.0,0.0,0.0,0,5.9
2024-09-14 03:00:00,1423,15.2,16.4,100.0,0.0,0.0,0.0,3,3.1
2024-09-14 04:00:00,823,15.0,16.0,99.0,0.0,0.0,0.0,3,4.3
2024-09-14 05:00:00,664,14.4,14.9,98.0,0.0,0.0,0.0,2,6.1
2024-09-14 06:00:00,1383,14.1,14.4,97.0,0.0,0.0,0.0,0,6.3
2024-09-14 07:00:00,2876,14.5,14.3,94.0,0.0,0.0,0.0,0,9.0
2024-09-14 08:00:00,4875,17.0,17.1,86.0,0.0,0.0,0.0,0,9.8
2024-09-14 09:00:00,7844,19.6,20.3,78.0,0.0,0.0,0.0,0,8.4
2024-09-14 10:00:00,9873,22.1,23.1,71.0,0.0,0.0,0.0,0,9.2
2024-09-14 11:00:00,11828,24.2,25.8,65.0,0.0,0.0,0.0,0,8.3
2024-09-14 12:00:00,13034,25.8,28.0,58.0,0.0,0.0,0.0,0,8.7
2024-09-14 13:00:00,13463,26.8,28.2,52.0,0.0,0.0,0.0,0,10.1
2024-09-14 14:00:00,13773,27.6,28.6,46.0,0.0,0.0,0.0,0,11.4
2024-09-14 15:00:00,13866,28.0,28.0,43.0,0.0,0.0,0.0,0,14.0
2024-09-14 16:00:00,14050,27.8,26.7,42.0,0.0,0.0,0.0,0,15.4
2024-09-14 17:00:00,13838,27.2,26.2,42.0,0.0,0.0,0.0,0,13.9
2024-09-14 18:00:00,13516,26.2,26.2,47.0,0.0,0.0,0.0,0,8.3
2024-09-14 19:00:00,11482,23.1,24.0,62.0,0.0,0.0,0.0,0,6.0
2024-09-14 20:00:00,8362,21.4,22.6,75.0,0.0,0.0,0.0,0,7.9
2024-09-14 21:00:00,6843,20.1,21.6,82.0,0.0,0.0,0.0,0,6.5
2024-09-14 22:00:00,6053,18.6,20.1,91.0,0.0,0.0,0.0,0,7.4
2024-09-14 23:00:00,5827,19.7,21.8,86.0,0.0,0.0,0.0,0,3.2
2024-09-15 00:00:00,4479,17.4,19.0,94.0,0.0,0.0,0.0,0,4.0
2024-09-15 01:00:00,3139,17.0,18.6,96.0,0.0,0.0,0.0,0,4.3
2024-09-15 02:00:00,2283,16.8,18.2,96.0,0.0,0.0,0.0,0,4.5
2024-09-15 03:00:00,1389,16.6,17.8,96.0,0.0,0.0,0.0,0,5.5
2024-09-15 04:00:00,855,16.5,17.5,95.0,0.0,0.0,0.0,0,6.2
2024-09-15 05:00:00,587,16.5,17.2,94.0,0.0,0.0,0.0,0,7.6
2024-09-15 06:00:00,1166,16.6,17.4,94.0,0.0,0.0,0.0,0,8.1
2024-09-15 07:00:00,2102,16.8,17.6,96.0,0.0,0.0,0.0,0,9.2
2024-09-15 08:00:00,4054,18.9,19.4,89.0,0.0,0.0,0.0,1,13.7
2024-09-15 09:00:00,6125,20.1,20.6,83.0,0.0,0.0,0.0,1,13.7
2024-09-15 10:00:00,8733,21.4,22.2,74.0,0.0,0.0,0.0,0,10.5
2024-09-15 11:00:00,11019,23.3,24.2,63.0,0.0,0.0,0.0,0,9.5
2024-09-15 12:00:00,13032,24.7,25.8,55.0,0.0,0.0,0.0,0,10.1
2024-09-15 13:00:00,12810,26.0,26.9,48.0,0.0,0.0,0.0,0,11.4
2024-09-15 14:00:00,12772,26.8,27.1,45.0,0.0,0.0,0.0,0,14.2
2024-09-15 15:00:00,12778,26.6,26.1,44.0,0.0,0.0,0.0,1,14.1
2024-09-15 16:00:00,13697,26.2,25.1,44.0,0.0,0.0,0.0,0,13.7
2024-09-15 17:00:00,13119,25.1,23.5,43.0,0.0,0.0,0.0,0,14.3
2024-09-15 18:00:00,12537,22.6,20.0,44.0,0.0,0.0,0.0,0,17.0
2024-09-15 19:00:00,9820,20.0,17.7,48.0,0.0,0.0,0.0,0,13.8
2024-09-15 20:00:00,6588,18.7,17.3,58.0,0.0,0.0,0.0,0,10.6
2024-09-15 21:00:00,5252,17.4,16.5,63.0,0.0,0.0,0.0,0,7.0
2024-09-15 22:00:00,3839,16.3,15.7,70.0,0.0,0.0,0.0,0,6.1
2024-09-15 23:00:00,2536,14.8,14.3,81.0,0.0,0.0,0.0,0,7.3
2024-09-16 00:00:00,1499,14.2,13.8,86.0,0.0,0.0,0.0,0,6.6
2024-09-16 01:00:00,762,14.4,14.2,87.0,0.0,0.0,0.0,0,5.9
2024-09-16 02:00:00,425,14.2,14.0,90.0,0.0,0.0,0.0,0,6.9
2024-09-16 03:00:00,312,13.8,13.5,92.0,0.0,0.0,0.0,3,7.3
2024-09-16 04:00:00,375,13.3,13.1,93.0,0.0,0.0,0.0,3,6.5
2024-09-16 05:00:00,1455,12.9,12.7,94.0,0.0,0.0,0.0,3,6.0
2024-09-16 06:00:00,4083,12.7,12.3,95.0,0.0,0.0,0.0,0,7.1
2024-09-16 07:00:00,9504,12.7,11.9,96.0,0.0,0.0,0.0,2,9.6
2024-09-16 08:00:00,13518,14.6,14.0,89.0,0.0,0.0,0.0,1,9.7
2024-09-16 09:00:00,9117,17.1,16.8,79.0,0.0,0.0,0.0,1,9.7
2024-09-16 10:00:00,6539,19.1,18.5,69.0,0.0,0.0,0.0,1,11.3
2024-09-16 11:00:00,6693,20.6,20.1,60.0,0.0,0.0,0.0,1,10.9
2024-09-16 12:00:00,7258,22.2,22.1,51.0,0.0,0.0,0.0,3,10.9
2024-09-16 13:00:00,7772,23.3,23.0,43.0,0.0,0.0,0.0,3,11.0
2024-09-16 14:00:00,8655,23.9,22.9,40.0,0.0,0.0,0.0,3,12.1
2024-09-16 15:00:00,10292,24.3,22.9,39.0,0.0,0.0,0.0,3,11.3
2024-09-16 16:00:00,12724,24.6,23.3,41.0,0.0,0.0,0.0,3,9.8
2024-09-16 17:00:00,17930,24.3,23.4,44.0,0.0,0.0,0.0,3,8.7
2024-09-16 18:00:00,17102,22.7,22.6,58.0,0.0,0.0,0.0,3,9.7
2024-09-16 19:00:00,12181,20.0,20.4,77.0,0.0,0.0,0.0,3,11.1
2024-09-16 20:00:00,8191,18.5,19.4,86.0,0.0,0.0,0.0,3,8.2
2024-09-16 21:00:00,5997,16.9,17.5,87.0,0.0,0.0,0.0,3,6.8
2024-09-16 22:00:00,4386,17.9,19.0,84.0,0.0,0.0,0.0,3,3.8
2024-09-16 23:00:00,2866,17.5,18.9,86.0,0.0,0.0,0.0,3,2.3
2024-09-17 00:00:00,1415,15.5,16.4,94.0,0.0,0.0,0.0,3,3.9
2024-09-17 01:00:00,660,15.0,15.5,95.0,0.0,0.0,0.0,3,5.6
2024-09-17 02:00:00,475,14.4,14.5,95.0,0.0,0.0,0.0,3,7.0
2024-09-17 03:00:00,335,13.8,13.6,94.0,0.0,0.0,0.0,3,7.2
2024-09-17 04:00:00,389,13.9,13.4,92.0,0.0,0.0,0.0,3,8.8
2024-09-17 05:00:00,1515,13.9,13.6,94.0,0.0,0.0,0.0,3,8.2
2024-09-17 06:00:00,4633,13.6,13.3,97.0,0.0,0.0,0.0,3,9.0
2024-09-17 07:00:00,10274,13.6,13.4,98.0,0.0,0.0,0.0,3,9.1
2024-09-17 08:00:00,15278,15.0,15.1,95.0,0.0,0.0,0.0,3,9.0
2024-09-17 09:00:00,10445,17.1,17.5,85.0,0.0,0.0,0.0,3,7.4
2024-09-17 10:00:00,6987,19.8,20.1,74.0,0.0,0.0,0.0,3,8.9
2024-09-17 11:00:00,6718,21.8,22.2,66.0,0.0,0.0,0.0,3,9.4
2024-09-17 12:00:00,7474,23.4,24.5,60.0,0.0,0.0,0.0,3,9.0
2024-09-17 13:00:00,8079,24.9,26.3,55.0,0.0,0.0,0.0,3,10.0
2024-09-17 14:00:00,8979,25.7,26.3,51.0,0.0,0.0,0.0,3,10.9
2024-09-17 15:00:00,10685,26.0,25.8,48.0,0.0,0.0,0.0,3,11.3
2024-09-17 16:00:00,13055,26.1,25.5,47.0,0.0,0.0,0.0,3,12.4
2024-09-17 17:00:00,19544,25.1,24.2,50.0,0.0,0.0,0.0,3,14.8
2024-09-17 18:00:00,18346,23.6,23.1,58.0,0.0,0.0,0.0,1,13.8
2024-09-17 19:00:00,13139,21.4,21.6,68.0,0.0,0.0,0.0,3,10.5
2024-09-17 20:00:00,8969,19.8,20.4,77.0,0.0,0.0,0.0,3,9.5
2024-09-17 21:00:00,6931,19.2,20.1,77.0,0.0,0.0,0.0,3,5.5
2024-09-17 22:00:00,5449,18.3,19.4,84.0,0.0,0.0,0.0,3,5.4
2024-09-17 23:00:00,3239,17.5,18.6,90.0,0.0,0.0,0.0,2,5.6
2024-09-18 00:00:00,1757,17.0,18.0,94.0,0.0,0.0,0.0,3,7.7
2024-09-18 01:00:00,884,17.2,18.5,94.0,0.0,0.0,0.0,3,6.2
2024-09-18 02:00:00,545,17.4,18.3,92.0,0.0,0.0,0.0,3,8.7
2024-09-18 03:00:00,384,17.2,17.9,93.0,0.0,0.0,0.0,3,10.0
2024-09-18 04:00:00,453,17.5,18.1,93.0,0.0,0.0,0.0,3,10.9
2024-09-18 05:00:00,1495,17.4,18.1,94.0,0.0,0.0,0.0,3,10.2
2024-09-18 06:00:00,4518,17.2,17.3,91.0,0.0,0.0,0.0,3,12.7
2024-09-18 07:00:00,10218,17.5,17.5,87.0,0.2,0.2,0.0,51,12.8
2024-09-18 08:00:00,15523,18.1,18.2,85.0,0.0,0.0,0.0,3,12.1
2024-09-18 09:00:00,10610,18.8,19.0,81.0,0.0,0.0,0.0,3,11.5
2024-09-18 10:00:00,7071,19.3,19.6,79.0,0.0,0.0,0.0,3,10.8
2024-09-18 11:00:00,6824,20.6,20.6,73.0,0.0,0.0,0.0,3,12.8
2024-09-18 12:00:00,7618,21.7,21.5,67.0,0.0,0.0,0.0,3,13.3
2024-09-18 13:00:00,7927,22.4,21.8,61.0,0.0,0.0,0.0,3,14.1
2024-09-18 14:00:00,9373,22.7,21.7,57.0,0.0,0.0,0.0,3,15.1
2024-09-18 15:00:00,10643,22.8,21.8,56.0,0.0,0.0,0.0,3,14.3
2024-09-18 16:00:00,12981,22.5,21.4,57.0,0.0,0.0,0.0,3,15.2
2024-09-18 17:00:00,19434,22.4,21.4,57.0,0.0,0.0,0.0,3,15.0
2024-09-18 18:00:00,18405,21.7,21.0,61.0,0.0,0.0,0.0,3,13.5
2024-09-18 19:00:00,13145,21.2,20.6,63.0,0.0,0.0,0.0,3,12.7
2024-09-18 20:00:00,9184,20.7,20.3,67.0,0.0,0.0,0.0,3,12.6
2024-09-18 21:00:00,7204,19.8,19.9,77.0,0.0,0.0,0.0,3,12.6
2024-09-18 22:00:00,6057,19.8,20.1,78.0,0.0,0.0,0.0,3,11.8
2024-09-18 23:00:00,3626,19.0,19.7,83.0,0.0,0.0,0.0,3,9.0
2024-09-19 00:00:00,1834,18.2,18.9,86.0,0.0,0.0,0.0,3,9.0
2024-09-19 01:00:00,955,18.0,18.3,85.0,0.0,0.0,0.0,3,10.5
2024-09-19 02:00:00,588,17.5,17.5,82.0,0.0,0.0,0.0,3,9.7
2024-09-19 03:00:00,396,17.1,16.9,80.0,0.0,0.0,0.0,3,9.7
2024-09-19 04:00:00,425,16.9,16.3,79.0,0.0,0.0,0.0,3,10.8
2024-09-19 05:00:00,1375,16.0,15.4,82.0,0.0,0.0,0.0,3,10.8
2024-09-19 06:00:00,4285,15.7,15.0,83.0,0.0,0.0,0.0,3,10.8
2024-09-19 07:00:00,10040,15.4,14.6,84.0,0.0,0.0,0.0,3,11.2
2024-09-19 08:00:00,15239,17.4,16.3,74.0,0.0,0.0,0.0,3,13.4
2024-09-19 09:00:00,10694,19.6,19.1,71.0,0.0,0.0,0.0,3,12.6
2024-09-19 10:00:00,7509,22.0,21.3,61.0,0.0,0.0,0.0,3,13.5
2024-09-19 11:00:00,7284,24.2,23.0,49.0,0.0,0.0,0.0,3,14.8
2024-09-19 12:00:00,8001,25.9,25.1,42.0,0.0,0.0,0.0,2,14.9
2024-09-19 13:00:00,8646,27.2,26.8,38.0,0.0,0.0,0.0,2,13.7
2024-09-19 14:00:00,9870,27.9,27.6,37.0,0.0,0.0,0.0,3,13.2
2024-09-19 15:00:00,11356,28.4,27.7,38.0,0.0,0.0,0.0,3,14.2
2024-09-19 16:00:00,13673,28.5,27.2,38.0,0.0,0.0,0.0,3,15.5
2024-09-19 17:00:00,19364,28.2,27.1,40.0,0.0,0.0,0.0,3,15.1
2024-09-19 18:00:00,18887,27.0,26.8,44.0,0.0,0.0,0.0,3,9.8
2024-09-19 19:00:00,13856,23.2,23.6,57.0,0.0,0.0,0.0,3,7.1
2024-09-19 20:00:00,9619,22.4,22.7,61.0,0.0,0.0,0.0,3,8.6
2024-09-19 21:00:00,7616,21.5,21.6,67.0,0.0,0.0,0.0,3,10.8
2024-09-19 22:00:00,6394,20.5,21.0,72.0,0.0,0.0,0.0,3,9.0
2024-09-19 23:00:00,4709,19.7,20.3,75.0,0.0,0.0,0.0,3,7.1
2024-09-20 00:00:00,2718,19.2,20.1,79.0,0.0,0.0,0.0,3,6.6
2024-09-20 01:00:00,1431,18.5,19.2,83.0,0.0,0.0,0.0,0,7.5
2024-09-20 02:00:00,927,17.7,18.3,86.0,0.0,0.0,0.0,0,8.8
2024-09-20 03:00:00,537,17.3,17.5,89.0,0.0,0.0,0.0,1,10.8
2024-09-20 04:00:00,513,17.1,17.1,90.0,0.0,0.0,0.0,1,12.3
2024-09-20 05:00:00,1294,16.8,16.7,90.0,0.0,0.0,0.0,1,12.2
2024-09-20 06:00:00,3771,16.5,16.2,90.0,0.0,0.0,0.0,1,13.3
2024-09-20 07:00:00,8626,16.6,16.0,89.0,0.0,0.0,0.0,1,14.9
2024-09-20 08:00:00,12381,18.8,17.5,78.0,0.0,0.0,0.0,0,19.7
2024-09-20 09:00:00,9818,19.9,20.5,82.0,0.0,0.0,0.0,1,12.3
2024-09-20 10:00:00,7956,21.8,21.6,71.0,0.0,0.0,0.0,3,16.3
2024-09-20 11:00:00,8004,22.8,22.9,66.0,0.0,0.0,0.0,3,14.0
2024-09-20 12:00:00,9373,23.5,23.8,63.0,0.0,0.0,0.0,1,12.4
2024-09-20 13:00:00,10535,25.4,26.2,55.0,0.0,0.0,0.0,1,14.0
2024-09-20 14:00:00,11670,26.1,26.4,51.0,0.0,0.0,0.0,0,14.0
2024-09-20 15:00:00,13268,26.5,26.2,47.0,0.0,0.0,0.0,0,14.4
2024-09-20 16:00:00,14610,26.4,25.6,47.0,0.0,0.0,0.0,0,14.4
2024-09-20 17:00:00,17835,26.0,25.1,47.0,0.0,0.0,0.0,1,14.3
2024-09-20 18:00:00,17037,24.3,23.6,52.0,0.0,0.0,0.0,1,13.6
2024-09-20 19:00:00,12906,22.1,21.5,61.0,0.0,0.0,0.0,1,13.4
2024-09-20 20:00:00,9095,20.9,20.6,66.0,0.0,0.0,0.0,0,12.2
2024-09-20 21:00:00,7321,19.6,20.2,76.0,0.0,0.0,0.0,0,8.0
2024-09-20 22:00:00,6702,19.1,19.2,77.0,0.0,0.0,0.0,0,10.5
2024-09-20 23:00:00,5987,18.3,18.0,78.0,0.0,0.0,0.0,0,11.8
2024-09-21 00:00:00,4303,17.4,17.1,80.0,0.0,0.0,0.0,0,10.8
2024-09-21 01:00:00,3046,16.6,16.2,82.0,0.0,0.0,0.0,0,10.6
2024-09-21 02:00:00,2114,16.0,15.6,84.0,0.0,0.0,0.0,0,10.4
2024-09-21 03:00:00,1313,15.5,15.0,86.0,0.0,0.0,0.0,0,10.4
2024-09-21 04:00:00,860,14.9,14.2,90.0,0.0,0.0,0.0,0,11.6
2024-09-21 05:00:00,680,14.7,13.9,90.0,0.0,0.0,0.0,0,12.1
2024-09-21 06:00:00,1390,14.6,13.6,90.0,0.0,0.0,0.0,2,13.0
2024-09-21 07:00:00,3020,14.5,13.5,90.0,0.0,0.0,0.0,1,13.7
2024-09-21 08:00:00,4998,16.1,15.2,83.0,0.0,0.0,0.0,3,13.4
2024-09-21 09:00:00,7787,18.9,18.0,70.0,0.0,0.0,0.0,2,14.1
2024-09-21 10:00:00,10238,20.8,19.6,60.0,0.0,0.0,0.0,2,13.8
2024-09-21 11:00:00,12266,22.5,21.4,52.0,0.0,0.0,0.0,2,12.2
2024-09-21 12:00:00,13823,23.8,23.2,47.0,0.0,0.0,0.0,2,11.7
2024-09-21 13:00:00,14038,24.7,24.3,44.0,0.0,0.0,0.0,2,11.9
2024-09-21 14:00:00,14712,25.7,24.8,40.0,0.0,0.0,0.0,3,13.0
2024-09-21 15:00:00,14916,25.6,23.9,40.0,0.0,0.0,0.0,3,15.3
2024-09-21 16:00:00,14440,24.5,22.3,40.0,0.0,0.0,0.0,3,15.2
2024-09-21 17:00:00,14388,23.4,21.1,42.0,0.0,0.0,0.0,0,15.5
2024-09-21 18:00:00,13873,21.7,19.7,52.0,0.0,0.0,0.0,0,16.0
2024-09-21 19:00:00,11326,19.7,18.2,61.0,0.0,0.0,0.0,0,13.7
2024-09-21 20:00:00,8034,18.2,16.7,68.0,0.0,0.0,0.0,0,15.5
2024-09-21 21:00:00,6615,18.2,17.0,67.0,0.0,0.0,0.0,0,12.4
2024-09-21 22:00:00,6094,17.6,15.9,67.0,0.0,0.0,0.0,0,15.0
2024-09-21 23:00:00,5642,16.7,15.0,69.0,0.0,0.0,0.0,3,14.0
2024-09-22 00:00:00,4434,15.9,14.8,76.0,0.0,0.0,0.0,1,11.5
2024-09-22 01:00:00,2956,15.1,14.1,81.0,0.0,0.0,0.0,1,10.8
2024-09-22 02:00:00,2041,14.5,13.5,85.0,0.0,0.0,0.0,2,10.6
2024-09-22 03:00:00,1329,14.1,13.0,87.0,0.0,0.0,0.0,3,11.8
2024-09-22 04:00:00,774,13.6,12.6,89.0,0.0,0.0,0.0,2,11.0
2024-09-22 05:00:00,642,13.3,12.6,91.0,0.0,0.0,0.0,2,8.7
2024-09-22 06:00:00,1296,12.9,12.3,93.0,0.0,0.0,0.0,1,8.3
2024-09-22 07:00:00,2280,12.8,11.7,94.0,0.0,0.0,0.0,0,10.9
2024-09-22 08:00:00,3693,14.2,13.0,85.0,0.0,0.0,0.0,0,11.8
2024-09-22 09:00:00,6247,16.0,14.8,75.0,0.0,0.0,0.0,0,11.2
2024-09-22 10:00:00,9017,18.1,16.9,65.0,0.0,0.0,0.0,0,11.2
2024-09-22 11:00:00,11301,19.9,19.1,57.0,0.0,0.0,0.0,0,9.3
2024-09-22 12:00:00,12628,21.3,21.3,51.0,0.0,0.0,0.0,0,8.0
2024-09-22 13:00:00,13036,23.8,23.4,43.0,0.0,0.0,0.0,3,10.2
2024-09-22 14:00:00,13407,23.7,22.1,43.0,0.0,0.0,0.0,3,13.3
2024-09-22 15:00:00,13802,22.6,20.4,47.0,0.0,0.0,0.0,2,16.2
2024-09-22 16:00:00,14042,21.9,19.9,49.0,0.0,0.0,0.0,1,15.6
2024-09-22 17:00:00,13609,21.6,19.5,50.0,0.0,0.0,0.0,0,16.0
2024-09-22 18:00:00,11962,20.7,18.5,52.0,0.0,0.0,0.0,0,16.2
2024-09-22 19:00:00,8943,19.6,18.1,56.0,0.0,0.0,0.0,0,11.5
2024-09-22 20:00:00,6445,18.9,17.7,58.0,0.0,0.0,0.0,0,9.0
2024-09-22 21:00:00,4938,17.5,16.6,64.0,0.0,0.0,0.0,3,7.7
2024-09-22 22:00:00,3937,17.2,15.1,63.0,0.0,0.0,0.0,1,14.5
2024-09-22 23:00:00,2483,16.2,14.5,66.0,0.0,0.0,0.0,0,11.2
2024-09-23 00:00:00,1369,15.5,14.2,70.0,0.0,0.0,0.0,0,9.0
2024-09-23 01:00:00,673,14.7,13.6,72.0,0.0,0.0,0.0,0,6.4
2024-09-23 02:00:00,422,14.0,12.5,75.0,0.0,0.0,0.0,0,9.0
2024-09-23 03:00:00,297,13.3,11.9,78.0,0.0,0.0,0.0,1,9.2
2024-09-23 04:00:00,413,12.8,11.3,82.0,0.0,0.0,0.0,3,9.8
2024-09-23 05:00:00,1337,12.8,11.1,82.0,0.0,0.0,0.0,3,11.0
2024-09-23 06:00:00,4106,12.7,11.1,83.0,0.0,0.0,0.0,3,10.3
2024-09-23 07:00:00,9477,12.6,11.2,85.0,0.0,0.0,0.0,2,9.5
2024-09-23 08:00:00,13267,13.9,12.5,81.0,0.0,0.0,0.0,3,11.2
2024-09-23 09:00:00,9043,15.0,13.9,75.0,0.0,0.0,0.0,3,9.0
2024-09-23 10:00:00,6372,16.3,15.2,69.0,0.0,0.0,0.0,2,8.9
2024-09-23 11:00:00,6433,18.1,16.3,57.0,0.0,0.0,0.0,3,11.2
2024-09-23 12:00:00,6892,18.7,16.2,51.0,0.0,0.0,0.0,3,14.2
2024-09-23 13:00:00,7271,18.9,16.1,50.0,0.0,0.0,0.0,3,15.6
2024-09-23 14:00:00,8291,19.0,16.1,50.0,0.0,0.0,0.0,3,17.0
2024-09-23 15:00:00,8457,18.5,15.7,53.0,0.0,0.0,0.0,3,16.9
2024-09-23 16:00:00,10116,19.7,17.5,51.0,0.2,0.2,0.0,51,13.8
2024-09-23 17:00:00,15621,19.7,17.9,51.0,0.0,0.0,0.0,3,10.8
2024-09-23 18:00:00,14373,18.9,17.0,52.0,0.0,0.0,0.0,3,11.2
2024-09-23 19:00:00,10518,18.4,16.4,53.0,0.0,0.0,0.0,3,11.3
2024-09-23 20:00:00,6657,17.9,16.5,55.0,0.0,0.0,0.0,3,8.0
2024-09-23 21:00:00,4337,16.0,15.5,71.0,0.1,0.1,0.0,51,4.5
2024-09-23 22:00:00,3765,16.3,15.6,67.0,0.0,0.0,0.0,3,5.2
2024-09-23 23:00:00,2562,16.0,15.5,68.0,0.0,0.0,0.0,3,3.3
2024-09-24 00:00:00,1395,15.8,15.0,67.0,0.0,0.0,0.0,3,4.9
2024-09-24 01:00:00,804,15.9,14.7,67.0,0.0,0.0,0.0,3,7.6
2024-09-24 02:00:00,456,15.6,14.3,71.0,0.0,0.0,0.0,3,9.8
2024-09-24 03:00:00,328,15.5,14.1,75.0,0.0,0.0,0.0,3,11.6
2024-09-24 04:00:00,434,15.1,13.6,76.0,0.0,0.0,0.0,3,12.3
2024-09-24 05:00:00,1508,14.2,12.7,81.0,0.0,0.0,0.0,3,12.0
2024-09-24 06:00:00,4648,13.3,11.9,84.0,0.0,0.0,0.0,3,11.5
2024-09-24 07:00:00,10410,12.7,10.9,86.0,0.0,0.0,0.0,3,13.0
2024-09-24 08:00:00,15638,14.0,12.2,79.0,0.0,0.0,0.0,3,13.0
2024-09-24 09:00:00,10176,14.9,13.4,75.0,0.0,0.0,0.0,3,11.7
2024-09-24 10:00:00,6819,15.8,13.8,70.0,0.0,0.0,0.0,3,14.5
2024-09-24 11:00:00,6573,16.7,14.4,64.0,0.0,0.0,0.0,3,15.9
2024-09-24 12:00:00,7221,17.1,14.8,62.0,0.0,0.0,0.0,3,14.8
2024-09-24 13:00:00,7667,17.5,15.6,62.0,0.0,0.0,0.0,3,13.3
2024-09-24 14:00:00,8627,18.3,16.6,60.0,0.1,0.1,0.0,51,12.4
2024-09-24 15:00:00,10451,18.7,17.2,58.0,0.1,0.1,0.0,51,10.5
2024-09-24 16:00:00,12610,18.9,17.3,57.0,0.0,0.0,0.0,3,10.8
2024-09-24 17:00:00,19088,18.8,17.1,57.0,0.0,0.0,0.0,3,12.1
2024-09-24 18:00:00,18248,18.4,16.7,58.0,0.0,0.0,0.0,3,11.8
2024-09-24 19:00:00,12317,17.9,16.2,60.0,0.0,0.0,0.0,3,11.8
2024-09-24 20:00:00,8318,17.4,15.5,65.0,0.0,0.0,0.0,3,14.9
2024-09-24 21:00:00,6528,16.3,14.2,64.0,0.0,0.0,0.0,3,13.6
2024-09-24 22:00:00,4861,15.5,13.5,70.0,0.0,0.0,0.0,3,14.1
2024-09-24 23:00:00,3067,15.2,13.6,75.0,0.0,0.0,0.0,3,13.0
2024-09-25 00:00:00,1540,15.5,13.9,75.0,0.0,0.0,0.0,3,13.2
2024-09-25 01:00:00,842,15.7,13.8,74.0,0.0,0.0,0.0,3,15.0
2024-09-25 02:00:00,472,15.6,13.8,75.0,0.0,0.0,0.0,3,14.6
2024-09-25 03:00:00,402,15.4,13.6,75.0,0.0,0.0,0.0,3,14.5
2024-09-25 04:00:00,462,15.0,13.4,77.0,0.0,0.0,0.0,3,12.8
2024-09-25 05:00:00,1419,15.1,13.6,76.0,0.0,0.0,0.0,3,12.1
2024-09-25 06:00:00,4349,15.2,13.9,75.0,0.0,0.0,0.0,3,11.1
2024-09-25 07:00:00,10105,15.2,13.7,75.0,0.0,0.0,0.0,3,12.0
2024-09-25 08:00:00,14966,15.6,14.0,73.0,0.0,0.0,0.0,3,12.1
2024-09-25 09:00:00,10269,15.8,14.7,76.0,0.7,0.7,0.0,53,11.0
2024-09-25 10:00:00,7207,16.5,15.2,73.0,0.0,0.0,0.0,3,11.7
2024-09-25 11:00:00,6795,17.9,16.5,67.0,0.0,0.0,0.0,3,13.3
2024-09-25 12:00:00,7587,19.7,18.1,61.0,0.0,0.0,0.0,3,15.1
2024-09-25 13:00:00,8214,19.0,17.4,63.0,0.0,0.0,0.0,3,15.4
2024-09-25 14:00:00,9104,19.1,17.4,63.0,0.0,0.0,0.0,3,15.4
2024-09-25 15:00:00,10354,19.6,17.7,61.0,0.0,0.0,0.0,3,17.1
2024-09-25 16:00:00,12297,19.3,17.2,63.0,0.0,0.0,0.0,3,18.7
2024-09-25 17:00:00,17138,18.5,16.6,67.0,0.2,0.2,0.0,51,17.5
2024-09-25 18:00:00,14457,18.0,16.4,70.0,0.0,0.0,0.0,3,16.5
2024-09-25 19:00:00,11193,17.6,16.5,74.0,0.0,0.0,0.0,3,13.6
2024-09-25 20:00:00,8383,17.3,16.4,77.0,0.0,0.0,0.0,3,12.5
2024-09-25 21:00:00,6423,16.0,15.2,82.0,0.0,0.0,0.0,3,12.1
2024-09-25 22:00:00,5351,16.0,15.0,82.0,0.0,0.0,0.0,3,12.8
2024-09-25 23:00:00,3538,16.1,15.3,82.0,0.0,0.0,0.0,3,11.7
2024-09-26 00:00:00,1930,16.1,15.7,83.0,0.0,0.0,0.0,3,9.4
2024-09-26 01:00:00,983,16.0,15.9,84.0,0.0,0.0,0.0,3,8.0
2024-09-26 02:00:00,571,16.2,15.9,84.0,0.0,0.0,0.0,3,9.2
2024-09-26 03:00:00,412,16.4,16.3,85.0,0.0,0.0,0.0,3,9.2
2024-09-26 04:00:00,452,16.7,16.8,86.0,0.0,0.0,0.0,3,9.4
2024-09-26 05:00:00,1295,17.1,17.4,87.0,0.0,0.0,0.0,3,9.1
2024-09-26 06:00:00,4009,17.5,18.1,89.0,0.1,0.1,0.0,51,8.7
2024-09-26 07:00:00,8855,17.8,18.7,90.0,0.2,0.2,0.0,51,8.3
2024-09-26 08:00:00,13773,18.3,19.0,91.0,0.3,0.3,0.0,51,11.5
2024-09-26 09:00:00,9726,19.2,20.1,89.0,0.0,0.0,0.0,3,11.7
2024-09-26 10:00:00,3767,20.5,21.1,85.0,0.0,0.0,0.0,3,15.5
2024-09-26 11:00:00,3660,20.4,21.1,87.0,0.2,0.2,0.0,51,15.9
2024-09-26 12:00:00,4873,20.3,21.5,93.0,1.0,1.0,0.0,55,15.5
2024-09-26 13:00:00,6184,20.6,22.2,94.0,0.8,0.8,0.0,53,14.2
2024-09-26 14:00:00,7345,22.2,23.6,86.0,1.3,1.3,0.0,61,15.4
2024-09-26 15:00:00,9417,22.0,24.2,90.0,0.4,0.4,0.0,51,11.9
2024-09-26 16:00:00,11706,22.5,24.5,87.0,0.1,0.1,0.0,51,13.4
2024-09-26 17:00:00,17097,22.3,24.2,89.0,0.0,0.0,0.0,3,14.7
2024-09-26 18:00:00,16358,21.7,23.9,91.0,0.0,0.0,0.0,3,12.1
2024-09-26 19:00:00,11986,20.7,23.2,95.0,0.0,0.0,0.0,3,8.5
2024-09-26 20:00:00,8883,20.8,23.3,95.0,0.0,0.0,0.0,3,8.9
2024-09-26 21:00:00,6855,20.4,23.2,96.0,0.0,0.0,0.0,3,6.3
2024-09-26 22:00:00,5938,20.2,23.0,96.0,0.0,0.0,0.0,3,6.0
2024-09-26 23:00:00,4379,20.7,24.1,96.0,0.0,0.0,0.0,3,3.7
2024-09-27 00:00:00,2898,20.1,23.8,99.0,0.0,0.0,0.0,3,0.8
2024-09-27 01:00:00,1436,18.7,21.4,100.0,0.0,0.0,0.0,3,4.0
2024-09-27 02:00:00,888,19.2,21.5,98.0,0.0,0.0,0.0,3,7.1
2024-09-27 03:00:00,437,19.3,21.3,97.0,0.3,0.3,0.0,51,8.0
2024-09-27 04:00:00,454,19.3,21.2,96.0,0.1,0.1,0.0,51,8.6
2024-09-27 05:00:00,1133,19.0,20.5,95.0,0.1,0.1,0.0,51,10.5
2024-09-27 06:00:00,3409,18.7,19.9,95.0,0.0,0.0,0.0,3,10.9
2024-09-27 07:00:00,8016,18.3,19.6,94.0,0.0,0.0,0.0,3,9.7
2024-09-27 08:00:00,11463,18.7,19.2,91.0,0.0,0.0,0.0,3,14.0
2024-09-27 09:00:00,9132,17.9,18.2,87.0,0.0,0.0,0.0,3,11.7
2024-09-27 10:00:00,7510,18.9,19.5,81.0,0.0,0.0,0.0,3,9.3
2024-09-27 11:00:00,7891,19.9,20.2,73.0,0.0,0.0,0.0,3,8.9
2024-09-27 12:00:00,8974,20.8,21.0,66.0,0.0,0.0,0.0,3,8.3
2024-09-27 13:00:00,9907,21.2,21.7,64.0,0.0,0.0,0.0,3,5.6
2024-09-27 14:00:00,10958,21.4,21.9,63.0,0.0,0.0,0.0,3,5.4
2024-09-27 15:00:00,12458,21.3,21.9,64.0,0.0,0.0,0.0,3,5.5
2024-09-27 16:00:00,14130,21.3,22.1,65.0,0.0,0.0,0.0,3,4.6
2024-09-27 17:00:00,16683,21.3,22.2,65.0,0.0,0.0,0.0,3,4.1
2024-09-27 18:00:00,15310,20.6,21.1,69.0,0.0,0.0,0.0,3,7.6
2024-09-27 19:00:00,11730,19.8,20.2,72.0,0.0,0.0,0.0,3,7.2
2024-09-27 20:00:00,8282,19.1,19.7,76.0,0.0,0.0,0.0,3,7.2
2024-09-27 21:00:00,6644,18.6,19.4,82.0,0.3,0.3,0.0,51,7.2
2024-09-27 22:00:00,6221,18.3,19.0,82.0,0.0,0.0,0.0,3,7.0
2024-09-27 23:00:00,5082,18.3,18.9,80.0,0.0,0.0,0.0,3,6.5
2024-09-28 00:00:00,3964,17.9,18.1,81.0,0.0,0.0,0.0,3,8.9
2024-09-28 01:00:00,2923,17.3,17.0,82.0,0.1,0.1,0.0,51,11.2
2024-09-28 02:00:00,2064,17.2,16.9,83.0,0.1,0.1,0.0,51,11.8
2024-09-28 03:00:00,1243,16.9,16.8,85.0,0.0,0.0,0.0,2,10.2
2024-09-28 04:00:00,874,16.8,16.5,86.0,0.0,0.0,0.0,2,12.3
2024-09-28 05:00:00,518,17.1,16.4,85.0,0.0,0.0,0.0,0,15.5
2024-09-28 06:00:00,907,17.2,16.4,85.0,0.0,0.0,0.0,3,16.0
2024-09-28 07:00:00,1635,17.4,16.3,83.0,0.0,0.0,0.0,3,17.6
2024-09-28 08:00:00,2491,18.1,17.0,79.0,0.0,0.0,0.0,3,16.9
2024-09-28 09:00:00,4724,17.1,16.1,86.0,0.2,0.2,0.0,51,18.2
2024-09-28 10:00:00,7008,16.9,15.8,90.0,0.8,0.8,0.0,53,19.2
2024-09-28 11:00:00,7902,17.1,16.0,89.0,1.0,1.0,0.0,55,19.6
2024-09-28 12:00:00,7321,18.6,17.3,83.0,0.0,0.0,0.0,3,21.5
2024-09-28 13:00:00,4154,19.1,17.7,77.0,0.1,0.1,0.0,51,21.2
2024-09-28 14:00:00,3846,19.2,18.8,78.0,0.7,0.7,0.0,53,14.7
2024-09-28 15:00:00,3762,18.9,18.8,82.0,1.1,1.1,0.0,55,13.9
2024-09-28 16:00:00,4703,18.4,17.8,83.0,1.3,1.3,0.0,61,16.6
2024-09-28 17:00:00,4383,17.8,16.7,85.0,1.0,1.0,0.0,55,19.6
2024-09-28 18:00:00,4418,17.7,16.1,79.0,0.1,0.1,0.0,51,19.7
2024-09-28 19:00:00,5429,17.4,15.7,77.0,0.1,0.1,0.0,51,19.0
2024-09-28 20:00:00,4388,17.2,15.5,77.0,0.5,0.5,0.0,53,19.1
2024-09-28 21:00:00,3867,15.5,14.4,89.0,0.4,0.4,0.0,51,15.3
2024-09-28 22:00:00,3931,15.6,14.1,86.0,0.1,0.1,0.0,51,17.5
2024-09-28 23:00:00,3614,15.7,14.2,85.0,0.0,0.0,0.0,3,17.3
2024-09-29 00:00:00,2983,15.8,14.2,83.0,0.0,0.0,0.0,3,17.2
2024-09-29 01:00:00,1475,15.9,14.5,83.0,0.0,0.0,0.0,3,16.3
2024-09-29 02:00:00,1130,16.1,15.0,83.0,0.0,0.0,0.0,3,14.4
2024-09-29 03:00:00,800,16.1,15.2,84.0,0.0,0.0,0.0,3,13.4
2024-09-29 04:00:00,562,16.1,15.4,85.0,0.3,0.3,0.0,51,13.3
2024-09-29 05:00:00,431,16.1,15.2,88.0,0.5,0.5,0.0,53,15.2
2024-09-29 06:00:00,965,15.8,15.1,92.0,0.3,0.3,0.0,51,14.7
2024-09-29 07:00:00,1527,16.0,15.3,91.0,0.2,0.2,0.0,51,14.8
2024-09-29 08:00:00,2197,16.2,15.6,91.0,0.1,0.1,0.0,51,15.0
2024-09-29 09:00:00,2201,16.1,15.4,89.0,0.2,0.2,0.0,51,14.7
2024-09-29 10:00:00,2200,16.5,15.4,88.0,0.2,0.2,0.0,51,17.6
2024-09-29 11:00:00,2290,16.6,15.4,87.0,0.2,0.2,0.0,51,18.1
2024-09-29 12:00:00,2597,16.9,15.7,84.0,0.2,0.2,0.0,51,17.5
2024-09-29 13:00:00,2667,17.2,16.1,82.0,0.2,0.2,0.0,51,16.6
2024-09-29 14:00:00,3514,17.3,16.4,81.0,0.1,0.1,0.0,51,15.7
2024-09-29 15:00:00,4828,17.4,16.3,80.0,0.0,0.0,0.0,3,15.8
2024-09-29 16:00:00,6247,17.0,15.8,80.0,0.0,0.0,0.0,3,16.2
2024-09-29 17:00:00,6107,16.8,15.5,80.0,0.0,0.0,0.0,3,15.7
2024-09-29 18:00:00,6697,16.7,15.7,80.0,0.0,0.0,0.0,3,13.1
2024-09-29 19:00:00,5925,16.5,15.8,81.0,0.0,0.0,0.0,3,11.5
2024-09-29 20:00:00,4755,16.5,15.9,80.0,0.0,0.0,0.0,2,10.7
2024-09-29 21:00:00,3748,16.0,15.5,85.0,0.0,0.0,0.0,3,10.4
2024-09-29 22:00:00,3236,16.1,16.0,84.0,0.0,0.0,0.0,3,7.8
2024-09-29 23:00:00,2252,16.0,15.8,83.0,0.0,0.0,0.0,3,8.1
2024-09-30 00:00:00,1443,15.8,15.7,83.0,0.0,0.0,0.0,3,7.1
2024-09-30 01:00:00,694,15.7,15.4,84.0,0.0,0.0,0.0,3,8.1
2024-09-30 02:00:00,473,15.6,15.5,83.0,0.0,0.0,0.0,3,7.2
2024-09-30 03:00:00,319,15.5,15.2,84.0,0.0,0.0,0.0,3,7.6
2024-09-30 04:00:00,386,14.8,14.5,88.0,0.0,0.0,0.0,3,8.5
2024-09-30 05:00:00,1338,14.1,13.5,92.0,0.0,0.0,0.0,3,9.5
2024-09-30 06:00:00,3781,13.6,13.0,94.0,0.0,0.0,0.0,3,9.9
2024-09-30 07:00:00,9069,13.7,12.9,92.0,0.0,0.0,0.0,3,10.3
2024-09-30 08:00:00,13530,14.6,13.9,88.0,0.0,0.0,0.0,3,10.4
2024-09-30 09:00:00,8928,16.5,15.8,80.0,0.0,0.0,0.0,3,11.6
2024-09-30 10:00:00,6488,17.8,16.9,74.0,0.0,0.0,0.0,3,12.5
2024-09-30 11:00:00,6438,19.3,17.6,65.0,0.0,0.0,0.0,3,16.9
2024-09-30 12:00:00,7304,20.6,19.0,60.0,0.0,0.0,0.0,3,16.9
2024-09-30 13:00:00,7812,21.0,19.9,57.0,0.0,0.0,0.0,2,15.6
2024-09-30 14:00:00,9108,21.3,20.0,53.0,0.0,0.0,0.0,1,15.7
2024-09-30 15:00:00,10410,21.4,19.0,50.0,0.0,0.0,0.0,2,17.6
2024-09-30 16:00:00,12799,21.1,18.6,50.0,0.0,0.0,0.0,3,17.7
2024-09-30 17:00:00,17906,21.0,19.4,53.0,0.0,0.0,0.0,3,12.5
2024-09-30 18:00:00,17088,20.1,19.4,63.0,0.0,0.0,0.0,3,10.4
2024-09-30 19:00:00,11452,17.6,17.1,77.0,0.0,0.0,0.0,3,10.4
2024-09-30 20:00:00,8209,16.3,15.6,77.0,0.0,0.0,0.0,3,9.8
2024-09-30 21:00:00,5810,15.6,16.1,89.0,0.0,0.0,0.0,3,5.6
2024-09-30 22:00:00,4381,15.4,15.9,87.0,0.0,0.0,0.0,3,4.2
2024-09-30 23:00:00,2819,15.5,15.1,81.0,0.0,0.0,0.0,3,7.9
2024-10-01 00:00:00,1389,15.3,14.5,77.0,0.0,0.0,0.0,3,8.6
2024-10-01 01:00:00,729,15.2,14.0,76.0,0.0,0.0,0.0,3,10.0
2024-10-01 02:00:00,437,14.6,13.7,81.0,0.0,0.0,0.0,3,9.2
2024-10-01 03:00:00,310,14.2,13.2,85.0,0.0,0.0,0.0,3,10.2
2024-10-01 04:00:00,389,14.3,13.4,87.0,0.0,0.0,0.0,3,10.5
2024-10-01 05:00:00,1567,14.2,13.2,89.0,0.0,0.0,0.0,3,11.8
2024-10-01 06:00:00,4442,14.0,13.3,91.0,0.0,0.0,0.0,3,10.6
2024-10-01 07:00:00,9968,14.1,13.6,91.0,0.0,0.0,0.0,3,9.5
2024-10-01 08:00:00,15224,15.2,14.3,86.0,0.0,0.0,0.0,3,12.5
2024-10-01 09:00:00,10260,16.6,15.6,81.0,0.0,0.0,0.0,3,14.5
2024-10-01 10:00:00,6808,17.6,16.3,73.0,0.0,0.0,0.0,3,14.9
2024-10-01 11:00:00,6768,18.4,16.8,67.0,0.0,0.0,0.0,3,15.1
2024-10-01 12:00:00,7456,19.6,17.9,61.0,0.0,0.0,0.0,3,15.7
2024-10-01 13:00:00,7713,20.2,18.3,58.0,0.0,0.0,0.0,3,16.8
2024-10-01 14:00:00,8806,20.4,18.8,58.0,0.0,0.0,0.0,3,15.3
2024-10-01 15:00:00,10473,20.5,18.9,59.0,0.0,0.0,0.0,3,15.2
2024-10-01 16:00:00,12823,20.4,18.9,60.0,0.1,0.1,0.0,51,14.7
2024-10-01 17:00:00,18793,20.2,18.9,60.0,0.0,0.0,0.0,1,13.1
2024-10-01 18:00:00,17869,19.3,18.4,61.0,0.0,0.0,0.0,3,9.6
2024-10-01 19:00:00,12037,17.2,16.4,71.0,0.0,0.0,0.0,0,9.3
2024-10-01 20:00:00,8562,15.8,15.3,81.0,0.0,0.0,0.0,0,8.7
2024-10-01 21:00:00,6164,14.3,14.1,87.0,0.0,0.0,0.0,0,6.2
2024-10-01 22:00:00,5167,14.6,14.1,85.0,0.0,0.0,0.0,2,8.3
2024-10-01 23:00:00,3293,14.1,13.2,86.0,0.0,0.0,0.0,0,10.0
2024-10-02 00:00:00,1688,13.8,12.5,87.0,0.0,0.0,0.0,0,12.8
2024-10-02 01:00:00,784,13.6,12.3,89.0,0.0,0.0,0.0,0,12.3
2024-10-02 02:00:00,466,13.3,12.4,92.0,0.0,0.0,0.0,0,10.7
2024-10-02 03:00:00,359,13.1,12.9,94.0,0.0,0.0,0.0,1,5.9
2024-10-02 04:00:00,426,13.3,13.1,95.0,0.1,0.1,0.0,51,6.6
2024-10-02 05:00:00,1390,13.3,12.8,95.0,0.1,0.1,0.0,51,8.9
2024-10-02 06:00:00,4301,12.9,12.0,93.0,0.0,0.0,0.0,1,9.8
2024-10-02 07:00:00,9766,12.5,11.3,92.0,0.0,0.0,0.0,1,10.7
2024-10-02 08:00:00,15029,13.1,11.4,87.0,0.0,0.0,0.0,1,13.6
2024-10-02 09:00:00,10288,14.4,13.3,81.0,0.0,0.0,0.0,3,10.0
2024-10-02 10:00:00,7006,15.1,14.0,77.0,0.0,0.0,0.0,3,10.4
2024-10-02 11:00:00,6974,16.4,15.2,69.0,0.0,0.0,0.0,3,10.1
2024-10-02 12:00:00,7696,17.6,16.3,62.0,0.0,0.0,0.0,2,10.1
2024-10-02 13:00:00,8173,18.6,17.3,58.0,0.0,0.0,0.0,2,9.2
2024-10-02 14:00:00,9342,19.4,18.1,54.0,0.0,0.0,0.0,2,8.6
2024-10-02 15:00:00,10755,19.8,18.5,51.0,0.0,0.0,0.0,2,8.0
2024-10-02 16:00:00,12790,19.8,18.5,51.0,0.0,0.0,0.0,3,7.7
2024-10-02 17:00:00,17691,18.7,17.2,53.0,0.0,0.0,0.0,3,8.5
2024-10-02 18:00:00,16538,17.8,16.2,60.0,0.0,0.0,0.0,2,10.2
2024-10-02 19:00:00,11668,16.4,15.5,69.0,0.0,0.0,0.0,3,8.1
2024-10-02 20:00:00,8204,16.1,15.3,72.0,0.0,0.0,0.0,3,7.4
2024-10-02 21:00:00,6621,15.8,15.8,76.0,0.0,0.0,0.0,3,3.6
2024-10-02 22:00:00,5381,16.0,16.3,78.0,0.0,0.0,0.0,3,1.9
2024-10-02 23:00:00,3563,15.9,16.1,78.0,0.0,0.0,0.0,3,3.4
2024-10-03 00:00:00,1880,15.7,15.9,80.0,0.0,0.0,0.0,3,3.7
2024-10-03 01:00:00,973,15.3,15.6,85.0,0.0,0.0,0.0,3,3.7
2024-10-03 02:00:00,599,15.4,15.5,83.0,0.0,0.0,0.0,3,4.9
2024-10-03 03:00:00,387,14.6,14.7,89.0,0.0,0.0,0.0,3,4.9
2024-10-03 04:00:00,438,14.4,14.9,90.0,0.0,0.0,0.0,3,2.7
2024-10-03 05:00:00,1345,14.4,14.5,89.0,0.0,0.0,0.0,3,4.9
2024-10-03 06:00:00,3751,14.4,14.5,89.0,0.0,0.0,0.0,3,4.7
2024-10-03 07:00:00,7479,14.4,14.6,88.0,0.0,0.0,0.0,3,3.8
2024-10-03 08:00:00,11782,14.8,15.0,85.0,0.0,0.0,0.0,3,3.0
2024-10-03 09:00:00,9559,16.3,16.8,81.0,0.0,0.0,0.0,2,2.6
2024-10-03 10:00:00,6962,18.0,18.4,74.0,0.0,0.0,0.0,2,4.5
2024-10-03 11:00:00,6950,19.6,19.7,65.0,0.0,0.0,0.0,3,5.2
2024-10-03 12:00:00,7800,20.5,20.5,61.0,0.1,0.1,0.0,51,5.3
2024-10-03 13:00:00,8574,20.8,20.5,57.0,0.0,0.0,0.0,3,6.0
2024-10-03 14:00:00,8861,21.1,20.5,54.0,0.0,0.0,0.0,3,7.6
2024-10-03 15:00:00,9960,21.5,20.8,53.0,0.0,0.0,0.0,3,7.8
2024-10-03 16:00:00,12036,21.6,20.9,52.0,0.0,0.0,0.0,1,8.1
2024-10-03 17:00:00,17018,20.8,19.6,58.0,0.0,0.0,0.0,0,12.5
2024-10-03 18:00:00,16391,18.4,17.1,69.0,0.0,0.0,0.0,0,14.3
2024-10-03 19:00:00,11660,16.9,16.0,77.0,0.0,0.0,0.0,1,12.0
2024-10-03 20:00:00,8377,16.1,15.5,83.0,0.0,0.0,0.0,1,11.4
2024-10-03 21:00:00,6415,15.6,15.4,89.0,0.0,0.0,0.0,2,9.7
2024-10-03 22:00:00,5722,15.2,15.2,91.0,0.0,0.0,0.0,3,8.3
2024-10-03 23:00:00,3988,14.6,14.7,93.0,0.0,0.0,0.0,3,6.4
2024-10-04 00:00:00,2394,14.0,14.1,95.0,0.0,0.0,0.0,3,6.1
2024-10-04 01:00:00,1378,13.5,13.5,96.0,0.0,0.0,0.0,3,5.9
2024-10-04 02:00:00,827,12.9,12.9,96.0,0.0,0.0,0.0,1,4.8
2024-10-04 03:00:00,533,12.4,12.2,97.0,0.0,0.0,0.0,0,5.9
2024-10-04 04:00:00,508,11.8,11.2,98.0,0.0,0.0,0.0,3,7.6
2024-10-04 05:00:00,1256,11.8,11.3,98.0,0.0,0.0,0.0,3,6.7
2024-10-04 06:00:00,3273,11.6,11.1,100.0,0.0,0.0,0.0,3,6.8
2024-10-04 07:00:00,6586,11.3,10.7,100.0,0.0,0.0,0.0,3,6.2
2024-10-04 08:00:00,9627,12.9,13.0,99.0,0.0,0.0,0.0,3,5.4
2024-10-04 09:00:00,8668,14.7,15.4,94.0,0.0,0.0,0.0,3,3.2
2024-10-04 10:00:00,7363,17.5,18.5,84.0,0.0,0.0,0.0,2,3.5
2024-10-04 11:00:00,7991,20.0,20.9,74.0,0.0,0.0,0.0,3,5.4
2024-10-04 12:00:00,9061,21.6,22.1,65.0,0.0,0.0,0.0,3,7.5
2024-10-04 13:00:00,9828,22.5,22.3,58.0,0.0,0.0,0.0,3,9.2
2024-10-04 14:00:00,10214,22.8,22.4,55.0,0.0,0.0,0.0,3,9.6
2024-10-04 15:00:00,11418,21.8,21.2,63.0,0.0,0.0,0.0,3,13.7
2024-10-04 16:00:00,13577,21.1,20.2,66.0,0.0,0.0,0.0,3,16.5
2024-10-04 17:00:00,16049,20.4,19.5,67.0,0.0,0.0,0.0,3,15.9
2024-10-04 18:00:00,14941,18.8,17.7,71.0,0.0,0.0,0.0,3,14.4
2024-10-04 19:00:00,11267,17.9,17.2,75.0,0.0,0.0,0.0,3,12.4
2024-10-04 20:00:00,8236,17.4,16.8,80.0,0.0,0.0,0.0,2,12.4
2024-10-04 21:00:00,6539,17.4,17.3,83.0,0.0,0.0,0.0,3,11.2
2024-10-04 22:00:00,5800,17.3,17.7,85.0,0.2,0.2,0.0,51,7.8
2024-10-04 23:00:00,5376,17.5,17.8,83.0,0.0,0.0,0.0,3,7.6
2024-10-05 00:00:00,4198,16.8,17.2,85.0,0.0,0.0,0.0,3,7.4
2024-10-05 01:00:00,2931,17.0,17.4,85.0,0.0,0.0,0.0,3,6.9
2024-10-05 02:00:00,1919,16.2,16.5,90.0,0.3,0.3,0.0,51,7.7
2024-10-05 03:00:00,1237,15.7,16.5,95.0,0.0,0.0,0.0,2,5.1
2024-10-05 04:00:00,783,15.8,16.8,95.0,0.0,0.0,0.0,0,4.8
2024-10-05 05:00:00,683,15.1,15.9,97.0,0.0,0.0,0.0,0,5.4
2024-10-05 06:00:00,1388,15.0,15.0,96.0,0.0,0.0,0.0,0,10.2
2024-10-05 07:00:00,2744,14.7,14.1,94.0,0.0,0.0,0.0,0,12.1
2024-10-05 08:00:00,4612,15.2,14.4,90.0,0.0,0.0,0.0,0,12.7
2024-10-05 09:00:00,7394,16.9,15.8,79.0,0.0,0.0,0.0,0,14.8
2024-10-05 10:00:00,9596,18.5,17.1,70.0,0.0,0.0,0.0,0,15.8
2024-10-05 11:00:00,11432,20.0,18.3,61.0,0.0,0.0,0.0,0,16.7
2024-10-05 12:00:00,13459,21.3,19.7,52.0,0.0,0.0,0.0,0,16.6
2024-10-05 13:00:00,14213,22.2,20.6,45.0,0.0,0.0,0.0,0,15.6
2024-10-05 14:00:00,14427,22.8,20.8,40.0,0.0,0.0,0.0,0,15.4
2024-10-05 15:00:00,14879,22.9,20.1,37.0,0.0,0.0,0.0,0,16.8
2024-10-05 16:00:00,14492,22.5,19.4,36.0,0.0,0.0,0.0,0,16.1
2024-10-05 17:00:00,13960,22.0,19.1,37.0,0.0,0.0,0.0,0,14.0
2024-10-05 18:00:00,12913,20.4,18.2,43.0,0.0,0.0,0.0,0,10.8
2024-10-05 19:00:00,10217,18.1,16.3,50.0,0.0,0.0,0.0,0,8.5
2024-10-05 20:00:00,7667,17.1,14.9,54.0,0.0,0.0,0.0,0,10.8
2024-10-05 21:00:00,6368,15.3,14.0,64.0,0.0,0.0,0.0,0,6.7
2024-10-05 22:00:00,6100,14.4,12.9,67.0,0.0,0.0,0.0,0,7.0
2024-10-05 23:00:00,5353,13.5,12.1,71.0,0.0,0.0,0.0,0,6.1
2024-10-06 00:00:00,4049,12.7,11.5,76.0,0.0,0.0,0.0,0,5.4
2024-10-06 01:00:00,2947,12.3,11.0,79.0,0.0,0.0,0.0,0,6.1
2024-10-06 02:00:00,1910,11.7,10.3,82.0,0.0,0.0,0.0,0,7.0
2024-10-06 03:00:00,1174,11.0,9.7,86.0,0.0,0.0,0.0,0,6.9
2024-10-06 04:00:00,781,10.5,9.0,87.0,0.0,0.0,0.0,0,7.8
2024-10-06 05:00:00,591,10.2,8.6,87.0,0.0,0.0,0.0,0,7.9
2024-10-06 06:00:00,989,9.9,8.1,87.0,0.0,0.0,0.0,0,8.2
2024-10-06 07:00:00,2017,9.6,7.8,86.0,0.0,0.0,0.0,0,8.0
2024-10-06 08:00:00,3579,10.9,9.0,79.0,0.0,0.0,0.0,0,8.8
2024-10-06 09:00:00,5770,13.6,11.8,65.0,0.0,0.0,0.0,0,7.0
2024-10-06 10:00:00,8191,15.9,14.4,58.0,0.0,0.0,0.0,0,5.6
2024-10-06 11:00:00,10710,17.8,16.9,55.0,0.0,0.0,0.0,0,3.8
2024-10-06 12:00:00,12249,19.5,19.2,51.0,0.0,0.0,0.0,0,5.2
2024-10-06 13:00:00,13054,20.7,20.1,48.0,0.0,0.0,0.0,0,8.1
2024-10-06 14:00:00,13274,21.3,20.2,46.0,0.0,0.0,0.0,0,10.5
2024-10-06 15:00:00,13445,20.9,19.1,50.0,0.0,0.0,0.0,0,12.4
2024-10-06 16:00:00,13617,20.4,18.6,56.0,0.0,0.0,0.0,0,14.6
2024-10-06 17:00:00,12771,19.2,17.6,63.0,0.0,0.0,0.0,0,15.6
2024-10-06 18:00:00,11422,17.7,16.4,75.0,0.0,0.0,0.0,0,15.8
2024-10-06 19:00:00,8360,16.2,15.3,86.0,0.0,0.0,0.0,0,14.9
2024-10-06 20:00:00,6131,16.1,15.2,87.0,0.0,0.0,0.0,2,15.6
2024-10-06 21:00:00,4677,16.3,15.0,82.0,0.0,0.0,0.0,3,15.6
2024-10-06 22:00:00,3617,16.4,14.9,79.0,0.0,0.0,0.0,3,16.5
2024-10-06 23:00:00,2466,16.3,14.9,79.0,0.0,0.0,0.0,3,15.2
2024-10-07 00:00:00,1368,15.5,14.6,81.0,0.0,0.0,0.0,2,11.2
2024-10-07 01:00:00,799,15.1,13.9,82.0,0.0,0.0,0.0,3,12.8
2024-10-07 02:00:00,483,15.2,13.9,83.0,0.0,0.0,0.0,3,13.6
2024-10-07 03:00:00,296,15.6,14.1,83.0,0.0,0.0,0.0,3,16.0
2024-10-07 04:00:00,416,15.7,14.5,85.0,0.8,0.8,0.0,53,14.4
2024-10-07 05:00:00,1308,15.7,15.1,87.0,0.1,0.1,0.0,51,12.5
2024-10-07 06:00:00,3804,15.6,15.1,88.0,2.8,2.8,0.0,63,11.6
2024-10-07 07:00:00,8764,15.7,15.1,89.0,2.0,2.0,0.0,61,12.4
2024-10-07 08:00:00,13233,15.9,15.8,91.0,0.0,0.0,0.0,2,10.7
2024-10-07 09:00:00,8935,17.3,17.2,87.0,0.3,0.3,0.0,51,12.5
2024-10-07 10:00:00,7043,18.1,18.1,84.0,0.1,0.1,0.0,51,12.8
2024-10-07 11:00:00,5882,19.8,19.2,72.0,0.0,0.0,0.0,0,14.6
2024-10-07 12:00:00,7300,20.8,19.2,57.0,0.1,0.1,0.0,51,16.6
2024-10-07 13:00:00,7133,21.9,20.1,48.0,0.0,0.0,0.0,0,16.0
2024-10-07 14:00:00,8865,22.4,20.2,41.0,0.0,0.0,0.0,0,16.6
2024-10-07 15:00:00,10596,22.3,19.2,38.0,0.0,0.0,0.0,0,17.7
2024-10-07 16:00:00,12557,21.7,18.1,38.0,0.0,0.0,0.0,0,18.7
2024-10-07 17:00:00,17702,21.0,17.3,39.0,0.0,0.0,0.0,0,18.7
2024-10-07 18:00:00,16311,19.4,16.1,42.0,0.0,0.0,0.0,0,15.8
2024-10-07 19:00:00,10725,17.7,14.6,46.0,0.0,0.0,0.0,0,14.3
2024-10-07 20:00:00,7571,16.1,13.4,52.0,0.0,0.0,0.0,0,12.2
2024-10-07 21:00:00,5545,15.3,12.5,58.0,0.0,0.0,0.0,0,14.6
2024-10-07 22:00:00,3946,14.8,12.1,61.0,0.0,0.0,0.0,1,13.7
2024-10-07 23:00:00,2891,14.3,11.7,64.0,0.0,0.0,0.0,3,13.0
2024-10-08 00:00:00,1376,13.7,11.2,66.0,0.0,0.0,0.0,0,12.7
2024-10-08 01:00:00,661,13.1,10.8,68.0,0.0,0.0,0.0,0,11.1
2024-10-08 02:00:00,388,11.9,9.6,73.0,0.0,0.0,0.0,0,10.8
2024-10-08 03:00:00,278,11.3,9.1,76.0,0.0,0.0,0.0,0,10.1
2024-10-08 04:00:00,415,10.9,8.7,78.0,0.0,0.0,0.0,0,10.3
2024-10-08 05:00:00,1509,10.5,8.3,79.0,0.0,0.0,0.0,0,10.1
2024-10-08 06:00:00,4319,10.2,7.9,80.0,0.0,0.0,0.0,0,10.3
2024-10-08 07:00:00,10228,10.0,7.7,81.0,0.0,0.0,0.0,0,10.4
2024-10-08 08:00:00,15316,11.1,8.7,80.0,0.0,0.0,0.0,0,11.9
2024-10-08 09:00:00,10263,12.9,10.5,68.0,0.0,0.0,0.0,0,11.3
2024-10-08 10:00:00,6696,14.9,12.0,51.0,0.0,0.0,0.0,0,11.7
2024-10-08 11:00:00,6299,16.2,13.5,46.0,0.0,0.0,0.0,0,9.3
2024-10-08 12:00:00,7524,17.4,15.5,43.0,0.0,0.0,0.0,0,7.7
2024-10-08 13:00:00,7721,18.5,16.6,39.0,0.0,0.0,0.0,1,8.6
2024-10-08 14:00:00,9047,19.6,16.4,34.0,0.0,0.0,0.0,2,15.2
2024-10-08 15:00:00,10663,19.6,15.6,32.0,0.0,0.0,0.0,3,15.6
2024-10-08 16:00:00,13027,19.7,15.7,30.0,0.0,0.0,0.0,3,14.8
2024-10-08 17:00:00,18903,19.2,15.4,31.0,0.0,0.0,0.0,2,13.0
2024-10-08 18:00:00,16958,18.0,14.2,34.0,0.0,0.0,0.0,3,13.0
2024-10-08 19:00:00,11497,16.4,12.7,38.0,0.0,0.0,0.0,3,12.5
2024-10-08 20:00:00,8493,15.5,12.5,42.0,0.0,0.0,0.0,3,9.1
2024-10-08 21:00:00,6457,14.0,11.3,51.0,0.0,0.0,0.0,0,8.7
2024-10-08 22:00:00,4974,13.1,10.4,54.0,0.0,0.0,0.0,0,8.8
2024-10-08 23:00:00,3168,12.7,9.7,55.0,0.0,0.0,0.0,1,10.8
2024-10-09 00:00:00,1551,12.3,9.3,57.0,0.0,0.0,0.0,1,11.1
2024-10-09 01:00:00,757,12.8,9.9,58.0,0.0,0.0,0.0,2,11.2
2024-10-09 02:00:00,459,13.1,10.0,61.0,0.0,0.0,0.0,1,14.3
2024-10-09 03:00:00,312,12.5,10.0,65.0,0.0,0.0,0.0,1,10.7
2024-10-09 04:00:00,441,10.9,9.1,74.0,0.0,0.0,0.0,0,5.5
2024-10-09 05:00:00,1364,9.5,7.6,82.0,0.0,0.0,0.0,0,7.0
2024-10-09 06:00:00,4210,8.6,6.7,87.0,0.0,0.0,0.0,0,6.8
2024-10-09 07:00:00,9889,8.9,7.1,86.0,0.0,0.0,0.0,3,6.1
2024-10-09 08:00:00,15393,10.7,9.2,77.0,0.0,0.0,0.0,3,4.3
2024-10-09 09:00:00,10630,12.7,11.2,68.0,0.0,0.0,0.0,1,4.8
2024-10-09 10:00:00,7064,14.9,13.0,55.0,0.0,0.0,0.0,0,5.6
2024-10-09 11:00:00,6798,16.3,14.4,49.0,0.0,0.0,0.0,1,5.7
2024-10-09 12:00:00,7910,17.6,14.8,42.0,0.0,0.0,0.0,1,11.1
2024-10-09 13:00:00,8218,18.3,14.6,40.0,0.0,0.0,0.0,1,15.7
2024-10-09 14:00:00,9524,18.6,14.6,37.0,0.0,0.0,0.0,1,17.7
2024-10-09 15:00:00,10747,18.1,13.9,37.0,0.0,0.0,0.0,1,17.9
2024-10-09 16:00:00,13069,18.6,14.4,35.0,0.0,0.0,0.0,1,17.8
2024-10-09 17:00:00,18429,18.2,13.6,34.0,0.0,0.0,0.0,3,19.2
2024-10-09 18:00:00,17540,16.8,13.3,37.0,0.0,0.0,0.0,0,11.6
2024-10-09 19:00:00,11444,14.5,11.3,44.0,0.0,0.0,0.0,0,9.9
2024-10-09 20:00:00,8491,13.4,10.3,49.0,0.0,0.0,0.0,1,10.1
2024-10-09 21:00:00,6622,14.1,11.4,52.0,0.0,0.0,0.0,1,8.7
2024-10-09 22:00:00,5216,13.5,10.5,52.0,0.0,0.0,0.0,0,10.4
2024-10-09 23:00:00,2964,12.4,7.6,54.0,0.0,0.0,0.0,0,21.9
2024-10-10 00:00:00,1577,10.9,6.5,59.0,0.0,0.0,0.0,0,19.7
2024-10-10 01:00:00,806,10.5,5.9,60.0,0.0,0.0,0.0,0,20.1
2024-10-10 02:00:00,463,9.8,5.3,63.0,0.0,0.0,0.0,0,19.6
2024-10-10 03:00:00,340,9.0,4.5,67.0,0.0,0.0,0.0,0,20.1
2024-10-10 04:00:00,379,8.3,3.8,70.0,0.0,0.0,0.0,0,20.1
2024-10-10 05:00:00,1259,7.8,3.5,72.0,0.0,0.0,0.0,0,18.0
2024-10-10 06:00:00,3796,7.4,3.6,73.0,0.0,0.0,0.0,0,14.5
2024-10-10 07:00:00,9174,7.1,3.6,74.0,0.0,0.0,0.0,0,11.9
2024-10-10 08:00:00,13868,8.0,4.3,69.0,0.0,0.0,0.0,0,13.5
2024-10-10 09:00:00,9768,9.4,5.5,62.0,0.0,0.0,0.0,0,15.3
2024-10-10 10:00:00,6888,10.9,7.0,56.0,0.0,0.0,0.0,0,14.7
2024-10-10 11:00:00,6434,12.3,8.1,50.0,0.0,0.0,0.0,0,16.2
2024-10-10 12:00:00,7501,14.3,10.3,41.0,0.0,0.0,0.0,1,17.2
2024-10-10 13:00:00,7982,15.6,11.3,37.0,0.0,0.0,0.0,1,18.4
2024-10-10 14:00:00,9162,16.3,11.3,34.0,0.0,0.0,0.0,0,20.3
2024-10-10 15:00:00,10526,17.0,12.0,31.0,0.0,0.0,0.0,1,19.8
2024-10-10 16:00:00,12440,16.1,11.2,37.0,0.0,0.0,0.0,0,20.2
2024-10-10 17:00:00,17442,15.5,10.6,38.0,0.0,0.0,0.0,0,20.1
2024-10-10 18:00:00,16070,14.2,10.1,42.0,0.0,0.0,0.0,0,15.6
2024-10-10 19:00:00,10878,12.7,8.6,47.0,0.0,0.0,0.0,0,15.2
2024-10-10 20:00:00,7675,11.6,7.5,51.0,0.0,0.0,0.0,0,15.4
2024-10-10 21:00:00,5646,10.3,6.2,57.0,0.0,0.0,0.0,0,16.4
2024-10-10 22:00:00,4805,9.6,5.5,60.0,0.0,0.0,0.0,0,15.8
2024-10-10 23:00:00,3715,8.9,5.0,62.0,0.0,0.0,0.0,0,14.3
2024-10-11 00:00:00,1939,8.1,4.5,65.0,0.0,0.0,0.0,0,12.3
2024-10-11 01:00:00,1068,7.7,4.0,67.0,0.0,0.0,0.0,0,13.1
2024-10-11 02:00:00,649,7.3,3.8,70.0,0.0,0.0,0.0,0,11.7
2024-10-11 03:00:00,428,6.9,3.9,74.0,0.0,0.0,0.0,0,9.1
2024-10-11 04:00:00,457,6.7,4.1,78.0,0.0,0.0,0.0,0,7.1
2024-10-11 05:00:00,1155,6.6,4.0,81.0,0.0,0.0,0.0,0,7.6
2024-10-11 06:00:00,3144,6.5,3.8,83.0,0.0,0.0,0.0,0,8.5
2024-10-11 07:00:00,7377,6.3,3.8,86.0,0.0,0.0,0.0,0,7.8
2024-10-11 08:00:00,10725,7.8,5.0,80.0,0.0,0.0,0.0,0,10.2
2024-10-11 09:00:00,8538,10.2,7.2,68.0,0.0,0.0,0.0,0,11.8
2024-10-11 10:00:00,7006,12.3,9.3,61.0,0.0,0.0,0.0,0,11.9
2024-10-11 11:00:00,7603,14.2,11.1,55.0,0.0,0.0,0.0,0,13.5
2024-10-11 12:00:00,9016,16.4,13.4,46.0,0.0,0.0,0.0,0,14.7
2024-10-11 13:00:00,9606,18.0,15.0,40.0,0.0,0.0,0.0,0,15.4
2024-10-11 14:00:00,10707,19.2,15.9,36.0,0.0,0.0,0.0,0,15.9
2024-10-11 15:00:00,12423,19.8,15.9,33.0,0.0,0.0,0.0,0,17.2
2024-10-11 16:00:00,13838,20.0,15.9,33.0,0.0,0.0,0.0,0,16.9
2024-10-11 17:00:00,15941,19.6,15.8,34.0,0.0,0.0,0.0,0,15.5
2024-10-11 18:00:00,14108,17.8,14.6,40.0,0.0,0.0,0.0,0,12.5
2024-10-11 19:00:00,10241,16.1,12.4,46.0,0.0,0.0,0.0,0,15.9
2024-10-11 20:00:00,7702,15.4,11.6,47.0,0.0,0.0,0.0,0,16.3
2024-10-11 21:00:00,6056,14.7,11.0,49.0,0.0,0.0,0.0,0,15.7
2024-10-11 22:00:00,5254,14.1,10.4,52.0,0.0,0.0,0.0,0,16.2
2024-10-11 23:00:00,4467,13.8,9.7,54.0,0.0,0.0,0.0,0,18.8
2024-10-12 00:00:00,3664,13.6,9.7,56.0,0.0,0.0,0.0,0,18.3
2024-10-12 01:00:00,2630,13.5,9.7,58.0,0.0,0.0,0.0,0,17.6
2024-10-12 02:00:00,1622,13.5,9.9,58.0,0.0,0.0,0.0,0,16.3
2024-10-12 03:00:00,1207,13.6,10.2,57.0,0.0,0.0,0.0,2,15.0
2024-10-12 04:00:00,760,14.2,10.6,53.0,0.0,0.0,0.0,0,15.7
2024-10-12 05:00:00,593,14.5,10.9,51.0,0.0,0.0,0.0,0,15.8
2024-10-12 06:00:00,1140,14.6,11.1,52.0,0.0,0.0,0.0,1,15.8
2024-10-12 07:00:00,2458,14.7,11.2,53.0,0.0,0.0,0.0,0,16.1
2024-10-12 08:00:00,4203,15.4,12.0,54.0,0.0,0.0,0.0,0,16.7
2024-10-12 09:00:00,6709,18.0,15.3,52.0,0.0,0.0,0.0,0,14.8
2024-10-12 10:00:00,8648,19.6,15.8,47.0,0.0,0.0,0.0,0,22.2
2024-10-12 11:00:00,10861,20.4,16.3,41.0,0.0,0.0,0.0,0,22.4
2024-10-12 12:00:00,12291,21.1,17.5,39.0,0.0,0.0,0.0,0,21.1
2024-10-12 13:00:00,13167,21.5,18.3,38.0,0.0,0.0,0.0,1,20.1
2024-10-12 14:00:00,13738,21.8,18.3,34.0,0.0,0.0,0.0,1,19.7
2024-10-12 15:00:00,13807,21.8,17.9,32.0,0.0,0.0,0.0,1,18.4
2024-10-12 16:00:00,13710,21.5,17.4,29.0,0.0,0.0,0.0,2,17.1
2024-10-12 17:00:00,13011,20.7,16.8,30.0,0.0,0.0,0.0,1,15.3
2024-10-12 18:00:00,11670,18.6,15.5,35.0,0.0,0.0,0.0,0,10.1
2024-10-12 19:00:00,9464,15.7,12.9,43.0,0.0,0.0,0.0,0,8.3
2024-10-12 20:00:00,7198,14.3,11.4,48.0,0.0,0.0,0.0,0,9.2
2024-10-12 21:00:00,5987,13.3,10.4,47.0,0.0,0.0,0.0,0,7.9
2024-10-12 22:00:00,5517,12.4,9.3,50.0,0.0,0.0,0.0,0,8.8
2024-10-12 23:00:00,4616,11.7,8.5,51.0,0.0,0.0,0.0,0,9.9
2024-10-13 00:00:00,3675,10.8,7.8,56.0,0.0,0.0,0.0,0,8.2
2024-10-13 01:00:00,2672,9.8,7.1,61.0,0.0,0.0,0.0,0,7.0
2024-10-13 02:00:00,1933,9.1,6.5,65.0,0.0,0.0,0.0,3,6.6
2024-10-13 03:00:00,1339,10.7,8.1,59.0,0.0,0.0,0.0,3,7.0
2024-10-13 04:00:00,850,11.0,8.4,60.0,0.0,0.0,0.0,3,7.1
2024-10-13 05:00:00,672,11.2,8.9,63.0,0.0,0.0,0.0,3,6.4
2024-10-13 06:00:00,1206,11.3,8.8,66.0,0.0,0.0,0.0,3,8.5
2024-10-13 07:00:00,1858,11.1,8.4,65.0,0.0,0.0,0.0,3,10.2
2024-10-13 08:00:00,3147,11.1,7.9,61.0,0.0,0.0,0.0,2,11.7
2024-10-13 09:00:00,5371,11.8,8.0,53.0,0.0,0.0,0.0,0,13.9
2024-10-13 10:00:00,7668,13.9,10.6,53.0,0.0,0.0,0.0,2,13.5
2024-10-13 11:00:00,9885,16.4,13.9,54.0,0.0,0.0,0.0,1,11.7
2024-10-13 12:00:00,11810,18.8,17.5,52.0,0.0,0.0,0.0,1,8.3
2024-10-13 13:00:00,12369,20.8,19.9,51.0,0.0,0.0,0.0,2,9.4
2024-10-13 14:00:00,12927,21.6,20.1,53.0,0.0,0.0,0.0,0,14.0
2024-10-13 15:00:00,13017,22.2,20.9,54.0,0.0,0.0,0.0,0,14.3
2024-10-13 16:00:00,13069,22.3,21.1,57.0,0.0,0.0,0.0,0,15.2
2024-10-13 17:00:00,12992,21.7,21.3,64.0,0.0,0.0,0.0,3,13.0
2024-10-13 18:00:00,11268,20.5,20.4,69.0,0.0,0.0,0.0,2,10.7
2024-10-13 19:00:00,8387,20.2,18.5,59.0,0.0,0.0,0.0,1,15.8
2024-10-13 20:00:00,6463,19.7,18.2,60.0,0.0,0.0,0.0,2,13.9
2024-10-13 21:00:00,5218,16.3,16.3,86.0,0.0,0.0,0.0,3,8.4
2024-10-13 22:00:00,4249,15.8,16.3,87.0,0.0,0.0,0.0,3,4.9
2024-10-13 23:00:00,3427,15.0,15.9,93.0,0.0,0.0,0.0,3,2.2
2024-10-14 00:00:00,1986,13.8,14.3,94.0,0.0,0.0,0.0,0,2.2
2024-10-14 01:00:00,1004,13.2,12.9,96.0,0.0,0.0,0.0,1,7.6
2024-10-14 02:00:00,621,11.1,9.7,100.0,0.0,0.0,0.0,3,12.1
2024-10-14 03:00:00,443,10.5,8.8,98.0,0.0,0.0,0.0,2,11.6
2024-10-14 04:00:00,453,10.5,8.8,93.0,0.0,0.0,0.0,1,10.3
2024-10-14 05:00:00,928,10.4,9.1,92.0,0.0,0.0,0.0,2,7.8
2024-10-14 06:00:00,2365,10.3,9.6,92.0,0.0,0.0,0.0,2,2.9
2024-10-14 07:00:00,4912,9.9,9.1,95.0,0.0,0.0,0.0,2,3.9
2024-10-14 08:00:00,8205,10.3,9.5,96.0,0.0,0.0,0.0,2,4.8
2024-10-14 09:00:00,7399,10.6,9.7,89.0,0.0,0.0,0.0,3,4.5
2024-10-14 10:00:00,6495,13.0,12.9,83.0,0.0,0.0,0.0,2,0.4
2024-10-14 11:00:00,7198,15.9,15.2,73.0,0.1,0.1,0.0,51,7.0
2024-10-14 12:00:00,8234,18.2,13.2,39.0,0.0,0.0,0.0,0,24.3
2024-10-14 13:00:00,8891,18.2,12.2,32.0,0.0,0.0,0.0,0,31.2
2024-10-14 14:00:00,9473,17.8,11.9,34.0,0.0,0.0,0.0,0,30.6
2024-10-14 15:00:00,9624,17.9,11.1,33.0,0.0,0.0,0.0,3,33.9
2024-10-14 16:00:00,10325,15.8,9.1,42.0,0.0,0.0,0.0,2,34.4
2024-10-14 17:00:00,12056,12.6,6.1,46.0,0.0,0.0,0.0,0,31.8
2024-10-14 18:00:00,11031,10.9,4.6,49.0,0.0,0.0,0.0,1,28.6
2024-10-14 19:00:00,7388,9.6,3.5,52.0,0.0,0.0,0.0,1,27.5
2024-10-14 20:00:00,5077,8.8,2.9,55.0,0.0,0.0,0.0,1,25.9
2024-10-14 21:00:00,3714,8.8,3.1,58.0,0.0,0.0,0.0,0,25.2
2024-10-14 22:00:00,2878,8.2,2.9,60.0,0.0,0.0,0.0,0,22.9
2024-10-14 23:00:00,2205,7.7,2.9,64.0,0.0,0.0,0.0,0,19.7
2024-10-15 00:00:00,1179,7.2,2.8,67.0,0.0,0.0,0.0,0,17.2
2024-10-15 01:00:00,605,6.8,2.9,68.0,0.0,0.0,0.0,3,13.8
2024-10-15 02:00:00,326,6.7,2.9,70.0,0.0,0.0,0.0,3,12.9
2024-10-15 03:00:00,219,6.3,2.5,72.0,0.0,0.0,0.0,0,13.4
2024-10-15 04:00:00,314,5.8,1.9,75.0,0.0,0.0,0.0,0,13.9
2024-10-15 05:00:00,1210,5.4,1.6,77.0,0.0,0.0,0.0,0,13.3
2024-10-15 06:00:00,3644,5.0,1.2,78.0,0.0,0.0,0.0,0,13.3
2024-10-15 07:00:00,8567,4.8,1.0,78.0,0.0,0.0,0.0,2,12.7
2024-10-15 08:00:00,13085,5.6,1.8,75.0,0.0,0.0,0.0,0,13.1
2024-10-15 09:00:00,8737,7.7,3.5,62.0,0.0,0.0,0.0,2,15.0
2024-10-15 10:00:00,5970,9.4,5.2,56.0,0.0,0.0,0.0,1,15.0
2024-10-15 11:00:00,5684,10.9,6.7,51.0,0.0,0.0,0.0,0,15.3
2024-10-15 12:00:00,6496,12.3,8.3,44.0,0.0,0.0,0.0,0,15.5
2024-10-15 13:00:00,6927,13.3,9.0,38.0,0.0,0.0,0.0,1,16.8
2024-10-15 14:00:00,7796,13.5,8.2,35.0,0.0,0.0,0.0,1,19.7
2024-10-15 15:00:00,9328,13.4,8.4,35.0,0.1,0.1,0.0,51,18.4
2024-10-15 16:00:00,11122,13.6,8.5,33.0,0.0,0.0,0.0,1,18.4
2024-10-15 17:00:00,16182,12.9,7.8,34.0,0.0,0.0,0.0,1,18.3
2024-10-15 18:00:00,14790,11.7,6.9,39.0,0.0,0.0,0.0,1,16.6
2024-10-15 19:00:00,9728,10.1,6.2,49.0,0.0,0.0,0.0,0,12.1
2024-10-15 20:00:00,6807,8.7,5.3,57.0,0.0,0.0,0.0,0,9.8
2024-10-15 21:00:00,5050,8.2,4.9,58.0,0.0,0.0,0.0,0,8.1
2024-10-15 22:00:00,3973,7.5,4.2,63.0,0.0,0.0,0.0,0,9.3
2024-10-15 23:00:00,2577,7.5,3.5,63.0,0.0,0.0,0.0,0,13.5
2024-10-16 00:00:00,1387,7.1,3.1,63.0,0.0,0.0,0.0,0,13.8
2024-10-16 01:00:00,625,6.5,2.3,66.0,0.0,0.0,0.0,0,14.8
2024-10-16 02:00:00,326,6.3,1.9,65.0,0.0,0.0,0.0,0,15.5
2024-10-16 03:00:00,232,5.9,1.6,66.0,0.0,0.0,0.0,0,14.4
2024-10-16 04:00:00,336,5.6,1.4,67.0,0.0,0.0,0.0,0,14.5
2024-10-16 05:00:00,1181,5.3,1.2,69.0,0.0,0.0,0.0,0,14.1
2024-10-16 06:00:00,3637,5.1,1.1,72.0,0.0,0.0,0.0,0,13.3
2024-10-16 07:00:00,8638,5.0,1.0,75.0,0.0,0.0,0.0,0,13.6
2024-10-16 08:00:00,13260,5.9,1.7,73.0,0.0,0.0,0.0,0,15.3
2024-10-16 09:00:00,9301,8.0,3.4,62.0,0.0,0.0,0.0,0,18.1
2024-10-16 10:00:00,6063,9.8,4.7,53.0,0.0,0.0,0.0,3,21.0
2024-10-16 11:00:00,5896,10.6,5.8,49.0,0.0,0.0,0.0,2,19.0
2024-10-16 12:00:00,6810,12.3,7.3,41.0,0.0,0.0,0.0,2,19.0
2024-10-16 13:00:00,7126,13.5,8.5,37.0,0.0,0.0,0.0,2,19.3
2024-10-16 14:00:00,8373,13.9,8.9,36.0,0.0,0.0,0.0,1,18.9
2024-10-16 15:00:00,9459,14.3,9.3,34.0,0.0,0.0,0.0,2,18.5
2024-10-16 16:00:00,11233,14.4,9.6,33.0,0.0,0.0,0.0,1,16.6
2024-10-16 17:00:00,16018,13.6,8.6,34.0,0.0,0.0,0.0,0,17.8
2024-10-16 18:00:00,14810,12.0,7.9,39.0,0.0,0.0,0.0,0,12.1
2024-10-16 19:00:00,9993,10.2,5.8,46.0,0.0,0.0,0.0,0,14.5
2024-10-16 20:00:00,6879,9.4,4.5,50.0,0.0,0.0,0.0,0,17.9
2024-10-16 21:00:00,5286,8.4,4.3,58.0,0.0,0.0,0.0,0,14.5
2024-10-16 22:00:00,4166,8.0,3.5,60.0,0.0,0.0,0.0,0,17.0
2024-10-16 23:00:00,2943,7.3,3.1,62.0,0.0,0.0,0.0,0,14.7
2024-10-17 00:00:00,1589,6.3,2.7,68.0,0.0,0.0,0.0,0,10.4
2024-10-17 01:00:00,677,5.4,2.2,74.0,0.0,0.0,0.0,0,8.3
2024-10-17 02:00:00,410,5.0,0.9,76.0,0.0,0.0,0.0,0,14.8
2024-10-17 03:00:00,295,4.7,0.7,75.0,0.0,0.0,0.0,0,13.2
2024-10-17 04:00:00,369,4.3,0.5,76.0,0.0,0.0,0.0,0,11.4
2024-10-17 05:00:00,1165,4.0,-0.1,77.0,0.0,0.0,0.0,0,13.4
2024-10-17 06:00:00,3445,3.8,0.0,77.0,0.0,0.0,0.0,0,11.7
2024-10-17 07:00:00,8278,3.4,0.3,80.0,0.0,0.0,0.0,0,6.9
2024-10-17 08:00:00,12537,4.2,-0.1,79.0,0.0,0.0,0.0,1,15.6
2024-10-17 09:00:00,9137,6.4,2.2,67.0,0.0,0.0,0.0,0,15.0
2024-10-17 10:00:00,6215,8.8,4.5,57.0,0.0,0.0,0.0,0,15.4
2024-10-17 11:00:00,6141,10.7,6.6,47.0,0.0,0.0,0.0,0,13.3
2024-10-17 12:00:00,6771,12.1,8.4,43.0,0.0,0.0,0.0,0,12.6
2024-10-17 13:00:00,7232,13.2,9.8,39.0,0.0,0.0,0.0,0,12.2
2024-10-17 14:00:00,8243,14.0,10.0,35.0,0.0,0.0,0.0,3,15.1
2024-10-17 15:00:00,9557,14.0,9.2,35.0,0.0,0.0,0.0,3,16.9
2024-10-17 16:00:00,11498,14.1,9.1,35.0,0.0,0.0,0.0,3,18.4
2024-10-17 17:00:00,15804,13.4,7.9,36.0,0.0,0.0,0.0,3,21.5
2024-10-17 18:00:00,14260,12.2,7.5,41.0,0.0,0.0,0.0,3,17.2
2024-10-17 19:00:00,10044,10.9,7.3,49.0,0.0,0.0,0.0,0,10.6
2024-10-17 20:00:00,7081,9.5,5.7,53.0,0.0,0.0,0.0,0,11.8
2024-10-17 21:00:00,5451,9.4,5.3,52.0,0.0,0.0,0.0,0,13.1
2024-10-17 22:00:00,4615,8.7,4.6,53.0,0.0,0.0,0.0,0,13.0
2024-10-17 23:00:00,3261,7.8,3.9,59.0,0.0,0.0,0.0,0,12.2
2024-10-18 00:00:00,1949,7.2,3.2,64.0,0.0,0.0,0.0,0,13.8
2024-10-18 01:00:00,1065,7.0,3.0,68.0,0.0,0.0,0.0,0,14.7
2024-10-18 02:00:00,671,6.8,3.0,70.0,0.0,0.0,0.0,0,12.9
2024-10-18 03:00:00,394,6.6,3.1,70.0,0.0,0.0,0.0,0,10.7
2024-10-18 04:00:00,424,6.3,2.7,71.0,0.0,0.0,0.0,0,11.6
2024-10-18 05:00:00,1067,6.5,2.4,69.0,0.0,0.0,0.0,0,15.1
2024-10-18 06:00:00,3020,6.6,2.1,67.0,0.0,0.0,0.0,0,16.8
2024-10-18 07:00:00,7141,6.4,1.9,66.0,0.0,0.0,0.0,0,17.3
2024-10-18 08:00:00,10396,7.1,2.5,63.0,0.0,0.0,0.0,0,17.6
2024-10-18 09:00:00,8374,9.3,5.1,60.0,0.0,0.0,0.0,0,16.6
2024-10-18 10:00:00,6783,11.9,7.7,50.0,0.0,0.0,0.0,0,16.6
2024-10-18 11:00:00,7245,14.2,9.6,40.0,0.0,0.0,0.0,0,17.7
2024-10-18 12:00:00,8251,15.7,11.0,33.0,0.0,0.0,0.0,0,18.6
2024-10-18 13:00:00,9023,16.8,12.4,30.0,0.0,0.0,0.0,0,18.0
2024-10-18 14:00:00,10471,17.8,13.4,27.0,0.0,0.0,0.0,0,16.9
2024-10-18 15:00:00,11550,18.3,13.5,26.0,0.0,0.0,0.0,0,16.5
2024-10-18 16:00:00,13186,18.2,13.4,26.0,0.0,0.0,0.0,0,16.1
2024-10-18 17:00:00,15520,17.5,13.1,28.0,0.0,0.0,0.0,0,13.7
2024-10-18 18:00:00,14002,15.0,11.4,34.0,0.0,0.0,0.0,0,9.2
2024-10-18 19:00:00,10424,13.2,9.4,40.0,0.0,0.0,0.0,0,11.1
2024-10-18 20:00:00,7562,12.3,8.4,43.0,0.0,0.0,0.0,0,12.2
2024-10-18 21:00:00,6119,11.2,7.8,48.0,0.0,0.0,0.0,0,9.1
2024-10-18 22:00:00,5531,10.0,6.9,52.0,0.0,0.0,0.0,0,7.8
2024-10-18 23:00:00,4893,9.2,6.1,56.0,0.0,0.0,0.0,0,7.4
2024-10-19 00:00:00,3802,8.4,5.4,59.0,0.0,0.0,0.0,0,7.2
2024-10-19 01:00:00,2556,8.1,5.0,60.0,0.0,0.0,0.0,0,7.8
2024-10-19 02:00:00,1767,8.0,4.7,59.0,0.0,0.0,0.0,0,8.5
2024-10-19 03:00:00,1056,7.8,4.4,59.0,0.0,0.0,0.0,0,9.2
2024-10-19 04:00:00,655,7.7,4.3,60.0,0.0,0.0,0.0,0,9.7
2024-10-19 05:00:00,535,7.5,4.2,64.0,0.0,0.0,0.0,0,9.4
2024-10-19 06:00:00,1263,7.2,4.1,69.0,0.0,0.0,0.0,0,9.2
2024-10-19 07:00:00,2571,6.9,3.9,74.0,0.0,0.0,0.0,0,9.4
2024-10-19 08:00:00,4408,7.7,4.5,74.0,0.0,0.0,0.0,0,11.2
2024-10-19 09:00:00,6944,10.0,7.6,71.0,0.0,0.0,0.0,0,8.1
2024-10-19 10:00:00,8989,13.1,11.1,60.0,0.0,0.0,0.0,0,6.7
2024-10-19 11:00:00,10930,16.0,14.0,49.0,0.0,0.0,0.0,0,5.4
2024-10-19 12:00:00,12641,18.0,16.6,42.0,0.0,0.0,0.0,0,3.1
2024-10-19 13:00:00,13398,19.2,18.4,38.0,0.0,0.0,0.0,0,0.6
2024-10-19 14:00:00,13777,20.0,18.9,34.0,0.0,0.0,0.0,0,0.6
2024-10-19 15:00:00,13759,20.5,18.7,33.0,0.0,0.0,0.0,0,1.9
2024-10-19 16:00:00,13537,20.6,18.5,32.0,0.0,0.0,0.0,0,3.3
2024-10-19 17:00:00,13120,19.7,18.0,38.0,0.0,0.0,0.0,0,3.1
2024-10-19 18:00:00,11471,16.0,13.8,47.0,0.0,0.0,0.0,0,6.5
2024-10-19 19:00:00,9111,13.8,11.1,54.0,0.0,0.0,0.0,0,9.3
2024-10-19 20:00:00,6997,12.2,9.9,63.0,0.0,0.0,0.0,0,7.7
2024-10-19 21:00:00,5812,11.5,9.9,77.0,0.0,0.0,0.0,0,6.9
2024-10-19 22:00:00,5148,10.4,8.8,83.0,0.0,0.0,0.0,0,6.9
2024-10-19 23:00:00,4922,9.5,7.8,86.0,0.0,0.0,0.0,0,6.2
2024-10-20 00:00:00,4203,9.1,7.1,83.0,0.0,0.0,0.0,0,7.0
2024-10-20 01:00:00,2754,9.0,6.8,82.0,0.0,0.0,0.0,0,8.3
2024-10-20 02:00:00,1751,8.6,6.4,83.0,0.0,0.0,0.0,0,8.1
2024-10-20 03:00:00,1165,8.2,5.9,79.0,0.0,0.0,0.0,0,7.1
2024-10-20 04:00:00,769,7.5,5.1,77.0,0.0,0.0,0.0,0,6.0
2024-10-20 05:00:00,528,7.0,4.6,77.0,0.0,0.0,0.0,0,5.6
2024-10-20 06:00:00,1010,6.5,3.9,79.0,0.0,0.0,0.0,0,6.2
2024-10-20 07:00:00,1915,5.6,2.9,84.0,0.0,0.0,0.0,0,7.6
2024-10-20 08:00:00,3537,7.2,4.9,78.0,0.0,0.0,0.0,0,5.1
2024-10-20 09:00:00,5603,9.3,7.6,77.0,0.0,0.0,0.0,0,3.7
2024-10-20 10:00:00,8041,13.3,12.1,63.0,0.0,0.0,0.0,0,2.1
2024-10-20 11:00:00,10226,17.0,15.6,46.0,0.0,0.0,0.0,0,1.9
2024-10-20 12:00:00,11817,19.5,18.3,38.0,0.0,0.0,0.0,0,1.9
2024-10-20 13:00:00,12319,21.2,19.6,32.0,0.0,0.0,0.0,0,4.9
2024-10-20 14:00:00,13082,22.3,20.3,29.0,0.0,0.0,0.0,0,6.8
2024-10-20 15:00:00,13139,23.0,20.2,27.0,0.0,0.0,0.0,1,7.9
2024-10-20 16:00:00,13654,23.1,20.0,25.0,0.0,0.0,0.0,0,8.7
2024-10-20 17:00:00,13053,21.8,19.4,30.0,0.0,0.0,0.0,2,6.4
2024-10-20 18:00:00,11216,17.9,15.0,37.0,0.0,0.0,0.0,0,8.8
2024-10-20 19:00:00,8115,14.1,11.0,47.0,0.0,0.0,0.0,0,10.0
2024-10-20 20:00:00,5619,14.0,10.9,45.0,0.0,0.0,0.0,0,8.8
2024-10-20 21:00:00,4448,14.4,11.1,43.0,0.0,0.0,0.0,0,10.0
2024-10-20 22:00:00,3814,13.1,10.2,49.0,0.0,0.0,0.0,0,8.5
2024-10-20 23:00:00,3102,11.8,9.1,55.0,0.0,0.0,0.0,0,7.8
2024-10-21 00:00:00,1506,11.0,8.4,59.0,0.0,0.0,0.0,0,7.4
2024-10-21 01:00:00,752,10.3,7.8,65.0,0.0,0.0,0.0,0,7.3
2024-10-21 02:00:00,466,9.7,7.4,70.0,0.0,0.0,0.0,0,7.1
2024-10-21 03:00:00,381,9.0,6.9,76.0,0.0,0.0,0.0,0,6.4
2024-10-21 04:00:00,468,8.0,5.7,83.0,0.0,0.0,0.0,0,8.0
2024-10-21 05:00:00,1285,8.1,6.2,84.0,0.0,0.0,0.0,0,5.7
2024-10-21 06:00:00,3563,7.9,6.0,86.0,0.0,0.0,0.0,0,5.8
2024-10-21 07:00:00,8290,7.7,5.7,87.0,0.0,0.0,0.0,0,6.2
2024-10-21 08:00:00,12445,9.2,7.1,80.0,0.0,0.0,0.0,0,7.5
2024-10-21 09:00:00,8975,14.1,12.1,60.0,0.0,0.0,0.0,0,7.2
2024-10-21 10:00:00,6304,17.3,15.5,48.0,0.0,0.0,0.0,0,5.7
2024-10-21 11:00:00,6481,19.9,18.5,42.0,0.0,0.0,0.0,0,3.6
2024-10-21 12:00:00,7350,22.4,21.1,37.0,0.0,0.0,0.0,0,4.2
2024-10-21 13:00:00,7902,24.2,23.0,33.0,0.0,0.0,0.0,0,5.2
2024-10-21 14:00:00,9137,25.5,24.0,31.0,0.0,0.0,0.0,0,6.9
2024-10-21 15:00:00,10721,26.2,24.0,29.0,0.0,0.0,0.0,0,9.9
2024-10-21 16:00:00,12852,26.4,23.7,28.0,0.0,0.0,0.0,0,11.8
2024-10-21 17:00:00,17828,25.5,23.1,30.0,0.0,0.0,0.0,0,11.0
2024-10-21 18:00:00,16159,22.3,19.9,35.0,0.0,0.0,0.0,0,9.4
2024-10-21 19:00:00,10920,20.9,18.3,39.0,0.0,0.0,0.0,0,11.7
2024-10-21 20:00:00,7642,19.9,17.5,44.0,0.0,0.0,0.0,0,12.2
2024-10-21 21:00:00,5756,18.7,16.5,48.0,0.0,0.0,0.0,0,10.0
2024-10-21 22:00:00,4184,17.5,15.7,53.0,0.0,0.0,0.0,0,8.5
2024-10-21 23:00:00,2755,16.5,15.0,58.0,0.0,0.0,0.0,0,7.4
2024-10-22 00:00:00,1472,15.1,13.7,67.0,0.0,0.0,0.0,0,7.7
2024-10-22 01:00:00,797,14.0,12.5,74.0,0.0,0.0,0.0,0,9.6
2024-10-22 02:00:00,459,13.6,12.2,77.0,0.0,0.0,0.0,0,8.9
2024-10-22 03:00:00,360,12.9,11.5,80.0,0.0,0.0,0.0,0,8.7
2024-10-22 04:00:00,457,12.7,11.4,81.0,0.0,0.0,0.0,0,7.9
2024-10-22 05:00:00,1425,12.8,11.6,80.0,0.0,0.0,0.0,0,7.7
2024-10-22 06:00:00,4283,12.1,10.6,84.0,0.0,0.0,0.0,0,9.1
2024-10-22 07:00:00,9639,12.5,11.5,83.0,0.0,0.0,0.0,0,5.9
2024-10-22 08:00:00,14900,13.2,12.0,81.0,0.0,0.0,0.0,0,8.4
2024-10-22 09:00:00,10552,16.3,15.4,69.0,0.0,0.0,0.0,0,7.7
2024-10-22 10:00:00,7059,19.1,19.1,62.0,0.0,0.0,0.0,0,3.6
2024-10-22 11:00:00,6753,22.1,22.2,53.0,0.0,0.0,0.0,0,3.5
2024-10-22 12:00:00,7586,24.5,24.4,45.0,0.0,0.0,0.0,0,4.5
2024-10-22 13:00:00,8153,25.9,25.7,41.0,0.0,0.0,0.0,0,6.5
2024-10-22 14:00:00,9300,26.5,25.9,40.0,0.0,0.0,0.0,0,9.0
2024-10-22 15:00:00,10947,26.5,25.4,39.0,0.0,0.0,0.0,0,10.7
2024-10-22 16:00:00,13593,25.7,24.1,39.0,0.0,0.0,0.0,0,12.2
2024-10-22 17:00:00,19579,23.6,22.3,45.0,0.0,0.0,0.0,0,11.0
2024-10-22 18:00:00,17637,20.2,18.7,55.0,0.0,0.0,0.0,0,11.8
2024-10-22 19:00:00,11939,17.6,16.5,67.0,0.0,0.0,0.0,0,10.3
2024-10-22 20:00:00,8464,16.5,16.0,76.0,0.0,0.0,0.0,0,8.4
2024-10-22 21:00:00,6702,16.7,15.8,72.0,0.0,0.0,0.0,0,9.4
2024-10-22 22:00:00,5061,16.1,15.3,72.0,0.0,0.0,0.0,0,7.5
2024-10-22 23:00:00,3138,15.0,14.4,76.0,0.0,0.0,0.0,0,5.6
2024-10-23 00:00:00,1684,14.0,13.1,78.0,0.0,0.0,0.0,0,6.5
2024-10-23 01:00:00,822,13.9,12.8,74.0,0.0,0.0,0.0,0,6.1
2024-10-23 02:00:00,520,13.8,12.4,72.0,0.0,0.0,0.0,0,7.7
2024-10-23 03:00:00,384,13.2,11.8,74.0,0.0,0.0,0.0,0,7.6
2024-10-23 04:00:00,442,12.4,11.0,77.0,0.0,0.0,0.0,0,6.7
2024-10-23 05:00:00,1399,12.0,10.3,78.0,0.0,0.0,0.0,0,8.7
2024-10-23 06:00:00,4172,11.3,9.5,80.0,0.0,0.0,0.0,0,9.2
2024-10-23 07:00:00,9395,10.7,8.7,83.0,0.0,0.0,0.0,0,9.8
2024-10-23 08:00:00,15027,11.4,9.2,79.0,0.0,0.0,0.0,0,11.0
2024-10-23 09:00:00,10542,14.0,12.3,69.0,0.0,0.0,0.0,3,8.5
2024-10-23 10:00:00,7073,16.7,14.9,58.0,0.0,0.0,0.0,0,9.6
2024-10-23 11:00:00,7214,19.5,17.5,50.0,0.0,0.0,0.0,0,11.6
2024-10-23 12:00:00,7951,21.6,19.3,46.0,0.0,0.0,0.0,0,15.0
2024-10-23 13:00:00,8653,22.6,20.9,51.0,0.0,0.0,0.0,0,17.1
2024-10-23 14:00:00,9819,23.7,22.4,53.0,0.0,0.0,0.0,0,17.3
2024-10-23 15:00:00,11122,24.1,22.5,49.0,0.0,0.0,0.0,0,17.3
2024-10-23 16:00:00,13434,23.7,22.0,51.0,0.0,0.0,0.0,0,17.8
2024-10-23 17:00:00,19412,21.7,21.4,68.0,0.0,0.0,0.0,0,15.1
2024-10-23 18:00:00,17501,19.5,19.4,71.0,0.0,0.0,0.0,0,10.3
2024-10-23 19:00:00,11897,18.4,16.6,53.0,0.0,0.0,0.0,0,10.0
2024-10-23 20:00:00,8596,17.6,15.1,51.0,0.0,0.0,0.0,0,11.8
2024-10-23 21:00:00,6725,17.5,15.3,58.0,0.0,0.0,0.0,0,13.2
2024-10-23 22:00:00,5557,16.8,15.3,68.0,0.0,0.0,0.0,0,12.4
2024-10-23 23:00:00,3558,15.9,14.7,73.0,0.0,0.0,0.0,1,10.1
2024-10-24 00:00:00,1782,15.1,13.7,70.0,0.0,0.0,0.0,1,8.8
2024-10-24 01:00:00,880,14.6,12.6,63.0,0.0,0.0,0.0,1,8.8
2024-10-24 02:00:00,506,14.4,12.4,60.0,0.0,0.0,0.0,1,8.2
2024-10-24 03:00:00,374,14.1,12.0,64.0,0.0,0.0,0.0,1,9.7
2024-10-24 04:00:00,395,14.9,12.2,67.0,0.0,0.0,0.0,1,16.1
2024-10-24 05:00:00,1278,15.0,13.0,72.0,0.1,0.1,0.0,51,13.6
2024-10-24 06:00:00,3869,14.8,12.4,70.0,0.0,0.0,0.0,2,15.9
2024-10-24 07:00:00,9186,14.2,11.3,67.0,0.0,0.0,0.0,0,16.5
2024-10-24 08:00:00,14227,13.8,10.3,62.0,0.0,0.0,0.0,1,18.1
2024-10-24 09:00:00,10200,15.1,11.4,57.0,0.0,0.0,0.0,0,19.7
2024-10-24 10:00:00,7023,16.0,11.8,53.0,0.0,0.0,0.0,0,22.5
2024-10-24 11:00:00,6880,16.9,12.4,48.0,0.0,0.0,0.0,0,23.9
2024-10-24 12:00:00,7686,18.0,13.7,45.0,0.0,0.0,0.0,0,22.8
2024-10-24 13:00:00,8198,18.9,14.8,42.0,0.0,0.0,0.0,0,21.8
2024-10-24 14:00:00,9419,19.4,15.3,39.0,0.0,0.0,0.0,0,20.9
2024-10-24 15:00:00,10932,19.5,15.2,36.0,0.0,0.0,0.0,0,19.9
2024-10-24 16:00:00,12964,19.0,14.9,37.0,0.0,0.0,0.0,0,18.6
2024-10-24 17:00:00,18461,18.0,14.1,40.0,0.0,0.0,0.0,0,17.3
2024-10-24 18:00:00,16509,15.8,12.6,48.0,0.0,0.0,0.0,0,13.6
2024-10-24 19:00:00,11421,13.8,10.6,55.0,0.0,0.0,0.0,0,13.7
2024-10-24 20:00:00,8046,12.6,9.5,59.0,0.0,0.0,0.0,0,12.3
2024-10-24 21:00:00,6636,12.5,8.8,54.0,0.0,0.0,0.0,0,15.0
2024-10-24 22:00:00,5352,11.8,7.8,54.0,0.0,0.0,0.0,0,16.0
2024-10-24 23:00:00,3742,10.7,6.9,57.0,0.0,0.0,0.0,0,14.5
2024-10-25 00:00:00,2041,9.8,5.8,60.0,0.0,0.0,0.0,0,15.1
2024-10-25 01:00:00,1036,8.9,5.0,63.0,0.0,0.0,0.0,0,15.1
2024-10-25 02:00:00,594,8.2,4.2,67.0,0.0,0.0,0.0,0,15.7
2024-10-25 03:00:00,429,7.7,3.9,69.0,0.0,0.0,0.0,0,14.5
2024-10-25 04:00:00,429,7.1,3.5,72.0,0.0,0.0,0.0,0,13.2
2024-10-25 05:00:00,1052,6.6,3.1,75.0,0.0,0.0,0.0,0,12.3
2024-10-25 06:00:00,3185,6.2,2.8,77.0,0.0,0.0,0.0,0,12.0
2024-10-25 07:00:00,7339,5.9,2.6,79.0,0.0,0.0,0.0,0,10.5
2024-10-25 08:00:00,11047,6.2,3.0,79.0,0.0,0.0,0.0,0,10.5
2024-10-25 09:00:00,8794,8.0,4.6,68.0,0.0,0.0,0.0,0,11.0
2024-10-25 10:00:00,6946,9.9,6.9,60.0,0.0,0.0,0.0,0,9.2
2024-10-25 11:00:00,7506,11.9,9.3,52.0,0.0,0.0,0.0,0,5.8
2024-10-25 12:00:00,8687,13.5,11.2,46.0,0.0,0.0,0.0,0,5.0
2024-10-25 13:00:00,9349,14.7,12.2,42.0,0.0,0.0,0.0,0,7.7
2024-10-25 14:00:00,10519,15.9,13.1,38.0,0.0,0.0,0.0,0,8.0
2024-10-25 15:00:00,11957,16.9,13.6,35.0,0.0,0.0,0.0,0,8.8
2024-10-25 16:00:00,13867,17.2,13.4,30.0,0.0,0.0,0.0,0,10.6
2024-10-25 17:00:00,16297,16.9,12.7,27.0,0.0,0.0,0.0,1,11.7
2024-10-25 18:00:00,13899,14.4,10.6,32.0,0.0,0.0,0.0,0,9.3
2024-10-25 19:00:00,10875,12.4,9.1,45.0,0.0,0.0,0.0,3,8.9
2024-10-25 20:00:00,7912,12.3,8.5,39.0,0.0,0.0,0.0,3,9.7
2024-10-25 21:00:00,6140,12.5,8.8,38.0,0.0,0.0,0.0,3,9.3
2024-10-25 22:00:00,5409,11.8,8.1,41.0,0.0,0.0,0.0,1,9.5
2024-10-25 23:00:00,5099,11.9,8.2,42.0,0.0,0.0,0.0,1,10.1
2024-10-26 00:00:00,4322,11.4,8.2,48.0,0.0,0.0,0.0,0,8.1
2024-10-26 01:00:00,2726,10.9,7.9,53.0,0.0,0.0,0.0,0,7.7
2024-10-26 02:00:00,2036,10.4,7.5,57.0,0.0,0.0,0.0,0,8.0
2024-10-26 03:00:00,1479,10.0,7.3,60.0,0.0,0.0,0.0,0,6.9
2024-10-26 04:00:00,900,9.4,6.6,63.0,0.0,0.0,0.0,0,8.1
2024-10-26 05:00:00,740,9.3,6.3,65.0,0.0,0.0,0.0,0,8.9
2024-10-26 06:00:00,1319,9.5,6.6,65.0,0.0,0.0,0.0,0,9.4
2024-10-26 07:00:00,2745,9.9,7.1,65.0,0.0,0.0,0.0,0,8.6
2024-10-26 08:00:00,4689,11.2,7.8,64.0,0.0,0.0,0.0,0,14.3
2024-10-26 09:00:00,7067,14.0,10.0,55.0,0.0,0.0,0.0,0,19.3
2024-10-26 10:00:00,9132,15.1,10.3,45.0,0.0,0.0,0.0,0,21.7
2024-10-26 11:00:00,10726,15.8,10.8,38.0,0.0,0.0,0.0,2,21.9
2024-10-26 12:00:00,12433,16.7,11.4,32.0,0.0,0.0,0.0,2,22.1
2024-10-26 13:00:00,12975,16.8,11.8,33.0,0.0,0.0,0.0,3,21.9
2024-10-26 14:00:00,13235,17.0,11.6,31.0,0.0,0.0,0.0,0,22.4
2024-10-26 15:00:00,13255,16.8,11.3,30.0,0.0,0.0,0.0,0,22.3
2024-10-26 16:00:00,12777,16.2,10.2,30.0,0.0,0.0,0.0,0,24.6
2024-10-26 17:00:00,12202,14.7,9.0,33.0,0.0,0.0,0.0,0,23.1
2024-10-26 18:00:00,10790,13.4,8.9,36.0,0.0,0.0,0.0,0,15.0
2024-10-26 19:00:00,9063,12.3,7.9,39.0,0.0,0.0,0.0,0,14.3
2024-10-26 20:00:00,6640,11.5,7.0,42.0,0.0,0.0,0.0,0,14.7
2024-10-26 21:00:00,5520,11.4,7.4,44.0,0.0,0.0,0.0,1,12.3
2024-10-26 22:00:00,4670,11.2,7.1,46.0,0.0,0.0,0.0,0,13.7
2024-10-26 23:00:00,4517,10.2,5.7,50.0,0.0,0.0,0.0,1,16.8
2024-10-27 00:00:00,3493,9.5,4.6,53.0,0.0,0.0,0.0,2,19.4
2024-10-27 01:00:00,2604,8.6,4.0,56.0,0.0,0.0,0.0,3,17.1
2024-10-27 02:00:00,1869,7.9,3.6,60.0,0.0,0.0,0.0,3,15.6
2024-10-27 03:00:00,1485,7.2,3.2,63.0,0.0,0.0,0.0,2,13.4
2024-10-27 04:00:00,944,6.3,2.8,68.0,0.0,0.0,0.0,3,10.4
2024-10-27 05:00:00,634,5.6,2.2,73.0,0.0,0.0,0.0,0,9.5
2024-10-27 06:00:00,1019,5.1,1.8,76.0,0.0,0.0,0.0,1,8.8
2024-10-27 07:00:00,1737,4.6,1.5,78.0,0.0,0.0,0.0,0,8.4
2024-10-27 08:00:00,3194,5.0,1.4,76.0,0.0,0.0,0.0,0,10.8
2024-10-27 09:00:00,4941,7.4,3.6,61.0,0.0,0.0,0.0,1,11.7
2024-10-27 10:00:00,7286,9.1,5.1,47.0,0.0,0.0,0.0,2,11.5
2024-10-27 11:00:00,8868,10.5,6.4,37.0,0.0,0.0,0.0,0,9.8
2024-10-27 12:00:00,10669,11.8,7.5,27.0,0.0,0.0,0.0,0,9.7
2024-10-27 13:00:00,10814,12.8,8.7,20.0,0.0,0.0,0.0,0,8.7
2024-10-27 14:00:00,11412,13.4,9.1,17.0,0.0,0.0,0.0,0,8.0
2024-10-27 15:00:00,11404,13.7,9.1,17.0,0.0,0.0,0.0,0,8.4
2024-10-27 16:00:00,11388,13.7,9.0,17.0,0.0,0.0,0.0,0,8.9
2024-10-27 17:00:00,10538,13.2,8.7,17.0,0.0,0.0,0.0,3,8.3
2024-10-27 18:00:00,8508,9.9,5.7,30.0,0.0,0.0,0.0,2,8.5
2024-10-27 19:00:00,6280,8.1,3.9,38.0,0.0,0.0,0.0,2,8.9
2024-10-27 20:00:00,4586,7.7,3.9,39.0,0.0,0.0,0.0,0,6.7
2024-10-27 21:00:00,3732,7.2,3.9,53.0,0.0,0.0,0.0,1,6.4
2024-10-27 22:00:00,2779,5.6,2.3,65.0,0.0,0.0,0.0,2,7.7
2024-10-27 23:00:00,2134,4.9,1.6,65.0,0.0,0.0,0.0,0,7.2
2024-10-28 00:00:00,1187,4.4,1.0,68.0,0.0,0.0,0.0,0,7.5
2024-10-28 01:00:00,595,3.6,0.3,72.0,0.0,0.0,0.0,0,7.2
2024-10-28 02:00:00,397,3.9,0.9,74.0,0.0,0.0,0.0,0,5.6
2024-10-28 03:00:00,301,3.1,0.1,82.0,0.0,0.0,0.0,0,6.2
2024-10-28 04:00:00,376,2.7,-0.2,88.0,0.0,0.0,0.0,0,6.5
2024-10-28 05:00:00,1123,2.5,-0.4,91.0,0.0,0.0,0.0,0,6.9
2024-10-28 06:00:00,3392,2.4,-0.5,93.0,0.0,0.0,0.0,0,6.4
2024-10-28 07:00:00,7764,2.3,-0.5,93.0,0.0,0.0,0.0,0,5.8
2024-10-28 08:00:00,11970,3.5,0.8,87.0,0.0,0.0,0.0,1,5.6
2024-10-28 09:00:00,8498,6.2,3.3,66.0,0.0,0.0,0.0,2,5.2
2024-10-28 10:00:00,5755,9.4,6.7,50.0,0.0,0.0,0.0,1,3.2
2024-10-28 11:00:00,5892,11.9,9.0,39.0,0.0,0.0,0.0,1,4.0
2024-10-28 12:00:00,6697,13.5,10.4,33.0,0.0,0.0,0.0,0,4.7
2024-10-28 13:00:00,7115,14.5,11.7,31.0,0.0,0.0,0.0,0,3.8
2024-10-28 14:00:00,8439,15.1,12.1,29.0,0.0,0.0,0.0,1,3.6
2024-10-28 15:00:00,9834,15.4,12.0,28.0,0.0,0.0,0.0,0,5.6
2024-10-28 16:00:00,11652,14.9,10.9,31.0,0.0,0.0,0.0,1,10.3
2024-10-28 17:00:00,15736,13.5,9.1,36.0,0.0,0.0,0.0,3,14.2
2024-10-28 18:00:00,13694,11.8,8.3,48.0,0.0,0.0,0.0,1,10.9
2024-10-28 19:00:00,9382,10.6,7.6,58.0,0.0,0.0,0.0,1,9.3
2024-10-28 20:00:00,6637,10.0,7.0,62.0,0.0,0.0,0.0,2,9.6
2024-10-28 21:00:00,4594,9.1,6.3,71.0,0.0,0.0,0.0,2,9.2
2024-10-28 22:00:00,3630,8.7,6.3,79.0,0.0,0.0,0.0,1,8.6
2024-10-28 23:00:00,2584,8.3,6.2,86.0,0.0,0.0,0.0,1,7.8
2024-10-29 00:00:00,1509,8.1,6.1,88.0,0.0,0.0,0.0,0,7.2
2024-10-29 01:00:00,672,7.6,5.5,89.0,0.0,0.0,0.0,0,7.2
2024-10-29 02:00:00,354,7.7,5.4,86.0,0.0,0.0,0.0,1,8.5
2024-10-29 03:00:00,279,8.9,7.7,81.0,0.0,0.0,0.0,0,1.1
2024-10-29 04:00:00,379,7.2,5.4,91.0,0.0,0.0,0.0,0,4.7
2024-10-29 05:00:00,1319,7.2,5.3,92.0,0.0,0.0,0.0,0,5.8
2024-10-29 06:00:00,3953,6.4,4.4,93.0,0.0,0.0,0.0,0,5.9
2024-10-29 07:00:00,8930,6.1,3.9,93.0,0.0,0.0,0.0,3,6.4
2024-10-29 08:00:00,14301,6.1,4.0,95.0,0.0,0.0,0.0,1,6.3
2024-10-29 09:00:00,9717,10.6,9.4,79.0,0.0,0.0,0.0,1,3.1
2024-10-29 10:00:00,6316,13.9,12.8,66.0,0.0,0.0,0.0,2,2.7
2024-10-29 11:00:00,5991,16.1,13.5,57.0,0.0,0.0,0.0,3,13.9
2024-10-29 12:00:00,6579,16.6,13.0,56.0,0.1,0.1,0.0,51,20.8
2024-10-29 13:00:00,6744,16.4,13.0,61.0,0.1,0.1,0.0,51,21.4
2024-10-29 14:00:00,8098,16.3,13.1,66.0,0.3,0.3,0.0,51,21.2
2024-10-29 15:00:00,9756,15.9,12.7,69.0,0.0,0.0,0.0,3,22.2
2024-10-29 16:00:00,11809,15.7,12.9,74.0,0.1,0.1,0.0,51,21.0
2024-10-29 17:00:00,17284,15.6,13.2,76.0,0.0,0.0,0.0,3,19.1
2024-10-29 18:00:00,15528,14.7,13.1,85.0,0.2,0.2,0.0,51,15.9
2024-10-29 19:00:00,10515,14.5,13.3,90.0,0.1,0.1,0.0,51,14.7
2024-10-29 20:00:00,7567,14.6,13.7,93.0,0.0,0.0,0.0,3,13.1
2024-10-29 21:00:00,5699,14.6,13.2,84.0,0.0,0.0,0.0,3,13.6
2024-10-29 22:00:00,4463,13.7,13.0,89.0,0.0,0.0,0.0,3,9.1
2024-10-29 23:00:00,3240,13.0,12.6,92.0,0.0,0.0,0.0,3,6.5
2024-10-30 00:00:00,1751,12.3,11.5,95.0,0.0,0.0,0.0,3,8.6
2024-10-30 01:00:00,773,11.7,11.3,97.0,0.0,0.0,0.0,1,5.5
2024-10-30 02:00:00,486,11.4,10.6,98.0,0.0,0.0,0.0,3,7.7
2024-10-30 03:00:00,280,10.6,9.9,98.0,0.0,0.0,0.0,1,5.6
2024-10-30 04:00:00,398,10.7,10.1,99.0,0.0,0.0,0.0,3,4.7
2024-10-30 05:00:00,1272,11.0,10.5,100.0,0.0,0.0,0.0,3,5.5
2024-10-30 06:00:00,3851,11.2,10.5,100.0,0.0,0.0,0.0,3,6.6
2024-10-30 07:00:00,9307,10.8,10.0,100.0,0.0,0.0,0.0,3,7.2
2024-10-30 08:00:00,15011,10.7,9.8,99.0,0.0,0.0,0.0,3,6.9
2024-10-30 09:00:00,10558,12.5,11.2,85.0,0.0,0.0,0.0,2,8.9
2024-10-30 10:00:00,7070,14.8,13.4,71.0,0.0,0.0,0.0,1,8.9
2024-10-30 11:00:00,6853,17.3,15.7,60.0,0.0,0.0,0.0,0,10.0
2024-10-30 12:00:00,8012,19.7,18.3,54.0,0.0,0.0,0.0,1,10.0
2024-10-30 13:00:00,8532,21.9,20.6,49.0,0.0,0.0,0.0,2,9.9
2024-10-30 14:00:00,9886,23.6,22.3,45.0,0.0,0.0,0.0,1,11.2
2024-10-30 15:00:00,11241,24.8,23.2,42.0,0.0,0.0,0.0,3,12.9
2024-10-30 16:00:00,13428,25.0,23.2,41.0,0.0,0.0,0.0,3,13.8
2024-10-30 17:00:00,19028,23.5,22.1,45.0,0.0,0.0,0.0,3,11.0
2024-10-30 18:00:00,17501,21.0,19.7,52.0,0.0,0.0,0.0,3,10.6
2024-10-30 19:00:00,12289,19.8,18.3,57.0,0.0,0.0,0.0,3,12.7
2024-10-30 20:00:00,8769,18.6,17.1,63.0,0.0,0.0,0.0,3,13.3
2024-10-30 21:00:00,6626,18.1,16.7,68.0,0.0,0.0,0.0,3,13.9
2024-10-30 22:00:00,5333,17.3,16.0,72.0,0.0,0.0,0.0,3,13.0
2024-10-30 23:00:00,3688,16.4,15.2,76.0,0.0,0.0,0.0,3,12.6
2024-10-31 00:00:00,2692,15.7,14.4,78.0,0.0,0.0,0.0,3,12.3
2024-10-31 01:00:00,1181,15.0,13.9,80.0,0.0,0.0,0.0,2,11.0
2024-10-31 02:00:00,578,14.0,13.0,84.0,0.0,0.0,0.0,2,9.6
2024-10-31 03:00:00,404,13.6,12.4,85.0,0.0,0.0,0.0,2,10.1
2024-10-31 04:00:00,415,13.0,12.1,87.0,0.0,0.0,0.0,2,7.6
2024-10-31 05:00:00,1280,12.3,11.5,90.0,0.0,0.0,0.0,1,6.7
2024-10-31 06:00:00,3782,11.9,11.0,92.0,0.0,0.0,0.0,2,7.8
2024-10-31 07:00:00,8578,11.7,10.6,94.0,0.0,0.0,0.0,3,8.7
2024-10-31 08:00:00,14180,11.9,10.6,95.0,0.0,0.0,0.0,2,11.0
2024-10-31 09:00:00,10701,14.5,13.4,83.0,0.0,0.0,0.0,1,11.3
2024-10-31 10:00:00,7768,17.7,16.9,71.0,0.0,0.0,0.0,1,10.4
2024-10-31 11:00:00,7642,21.2,20.4,59.0,0.0,0.0,0.0,1,11.5
2024-10-31 12:00:00,8837,23.8,22.5,49.0,0.0,0.0,0.0,1,13.5
2024-10-31 13:00:00,9675,25.3,23.7,44.0,0.0,0.0,0.0,2,15.8
2024-10-31 14:00:00,11070,26.4,24.3,41.0,0.0,0.0,0.0,2,18.4
2024-10-31 15:00:00,12979,26.9,24.7,39.0,0.0,0.0,0.0,3,18.3
2024-10-31 16:00:00,15147,26.6,24.6,39.0,0.0,0.0,0.0,3,17.6
2024-10-31 17:00:00,18556,25.5,24.0,43.0,0.0,0.0,0.0,3,15.1
2024-10-31 18:00:00,15629,23.6,22.1,49.0,0.0,0.0,0.0,3,14.5
2024-10-31 19:00:00,11584,22.7,21.0,51.0,0.0,0.0,0.0,3,16.7
2024-10-31 20:00:00,9264,22.2,20.1,53.0,0.0,0.0,0.0,3,18.9
2024-10-31 21:00:00,7606,21.6,19.4,56.0,0.0,0.0,0.0,3,20.3
2024-10-31 22:00:00,6022,21.1,19.0,59.0,0.0,0.0,0.0,3,20.3
2024-10-31 23:00:00,5049,20.9,18.8,61.0,0.0,0.0,0.0,3,21.3
2024-11-01 00:00:00,4027,20.6,18.2,63.0,0.0,0.0,0.0,3,23.8
2024-11-01 01:00:00,2672,20.3,17.9,64.0,0.0,0.0,0.0,3,23.2
2024-11-01 02:00:00,1697,19.5,17.4,67.0,0.0,0.0,0.0,2,21.5
2024-11-01 03:00:00,1074,19.2,17.0,67.0,0.0,0.0,0.0,3,21.2
2024-11-01 04:00:00,857,19.1,16.8,67.0,0.0,0.0,0.0,3,21.1
2024-11-01 05:00:00,1211,18.7,16.4,67.0,0.0,0.0,0.0,3,20.6
2024-11-01 06:00:00,3258,18.9,16.6,66.0,0.1,0.1,0.0,51,20.8
2024-11-01 07:00:00,6243,18.4,16.2,67.0,0.0,0.0,0.0,3,19.4
2024-11-01 08:00:00,9148,18.6,16.4,66.0,0.0,0.0,0.0,3,19.1
2024-11-01 09:00:00,8531,18.8,17.5,74.0,0.4,0.4,0.0,51,18.1
2024-11-01 10:00:00,7139,20.0,18.5,70.0,0.0,0.0,0.0,3,20.2
2024-11-01 11:00:00,7890,21.9,19.8,60.0,0.0,0.0,0.0,3,22.5
2024-11-01 12:00:00,9472,23.6,20.1,46.0,0.0,0.0,0.0,0,27.1
2024-11-01 13:00:00,10216,24.8,20.8,37.0,0.0,0.0,0.0,0,26.7
2024-11-01 14:00:00,11167,25.2,20.1,30.0,0.0,0.0,0.0,0,27.9
2024-11-01 15:00:00,12357,25.0,19.3,23.0,0.0,0.0,0.0,0,27.6
2024-11-01 16:00:00,14973,23.8,19.2,32.0,0.0,0.0,0.0,0,24.9
2024-11-01 17:00:00,17344,22.7,18.2,30.0,0.0,0.0,0.0,0,21.7
2024-11-01 18:00:00,15094,20.8,15.9,27.0,0.0,0.0,0.0,0,20.1
2024-11-01 19:00:00,11326,19.1,14.1,28.0,0.0,0.0,0.0,0,19.6
2024-11-01 20:00:00,8266,16.8,12.6,39.0,0.0,0.0,0.0,0,17.5
2024-11-01 21:00:00,6647,16.6,12.8,40.0,0.0,0.0,0.0,0,15.3
2024-11-01 22:00:00,5415,15.3,11.4,45.0,0.0,0.0,0.0,0,16.8
2024-11-01 23:00:00,4475,14.1,10.3,49.0,0.0,0.0,0.0,0,15.2
2024-11-02 00:00:00,3618,13.0,9.5,54.0,0.0,0.0,0.0,0,14.4
2024-11-02 01:00:00,2608,12.3,8.8,57.0,0.0,0.0,0.0,0,14.4
2024-11-02 02:00:00,1903,11.6,8.1,59.0,0.0,0.0,0.0,0,14.1
2024-11-02 03:00:00,1251,10.8,7.0,59.0,0.0,0.0,0.0,0,15.1
2024-11-02 04:00:00,717,10.2,6.6,60.0,0.0,0.0,0.0,0,13.1
2024-11-02 05:00:00,595,9.7,6.0,61.0,0.0,0.0,0.0,0,13.2
2024-11-02 06:00:00,1138,9.3,5.5,60.0,0.0,0.0,0.0,0,13.6
2024-11-02 07:00:00,2577,8.8,5.2,62.0,0.0,0.0,0.0,0,12.1
2024-11-02 08:00:00,4770,8.8,4.9,62.0,0.0,0.0,0.0,0,14.4
2024-11-02 09:00:00,6959,10.7,6.0,51.0,0.0,0.0,0.0,0,18.6
2024-11-02 10:00:00,8652,11.6,6.8,47.0,0.0,0.0,0.0,0,18.8
2024-11-02 11:00:00,10761,12.6,8.0,43.0,0.0,0.0,0.0,0,17.5
2024-11-02 12:00:00,11840,13.4,8.9,41.0,0.0,0.0,0.0,0,16.1
2024-11-02 13:00:00,12400,14.2,10.0,38.0,0.0,0.0,0.0,0,14.4
2024-11-02 14:00:00,12634,14.7,10.6,36.0,0.0,0.0,0.0,0,13.3
2024-11-02 15:00:00,13122,15.0,11.0,36.0,0.0,0.0,0.0,0,12.4
2024-11-02 16:00:00,12359,14.7,10.6,37.0,0.0,0.0,0.0,0,13.1
2024-11-02 17:00:00,11544,13.6,9.3,39.0,0.0,0.0,0.0,1,14.7
2024-11-02 18:00:00,9514,11.8,7.9,45.0,0.0,0.0,0.0,0,12.4
2024-11-02 19:00:00,7741,10.6,6.7,50.0,0.0,0.0,0.0,0,12.7
2024-11-02 20:00:00,5854,9.7,5.6,52.0,0.0,0.0,0.0,0,13.8
2024-11-02 21:00:00,4726,8.9,4.4,49.0,0.0,0.0,0.0,1,14.7
2024-11-02 22:00:00,4234,8.2,3.9,51.0,0.0,0.0,0.0,0,13.4
2024-11-02 23:00:00,3711,7.4,3.3,54.0,0.0,0.0,0.0,0,11.8
2024-11-03 00:00:00,3010,6.5,2.5,58.0,0.0,0.0,0.0,0,11.4
2024-11-03 01:00:00,3534,5.449999999999999,1.5499999999999998,63.0,0.0,0.0,0.0,0,11.3
2024-11-03 02:00:00,948,4.5,0.4,68.0,0.0,0.0,0.0,0,12.6
2024-11-03 03:00:00,580,4.0,-0.4,66.0,0.0,0.0,0.0,0,14.1
2024-11-03 04:00:00,539,3.7,-1.0,64.0,0.0,0.0,0.0,0,14.7
2024-11-03 05:00:00,855,3.3,-1.3,64.0,0.0,0.0,0.0,0,14.4
2024-11-03 06:00:00,1305,3.0,-1.4,65.0,0.0,0.0,0.0,0,13.0
2024-11-03 07:00:00,2213,3.0,-1.2,66.0,0.0,0.0,0.0,1,11.9
2024-11-03 08:00:00,3908,4.2,-0.2,61.0,0.0,0.0,0.0,3,12.5
2024-11-03 09:00:00,6610,6.1,1.5,51.0,0.0,0.0,0.0,0,13.8
2024-11-03 10:00:00,8631,7.8,3.4,44.0,0.0,0.0,0.0,0,12.2
2024-11-03 11:00:00,10178,9.3,5.3,39.0,0.0,0.0,0.0,0,9.5
2024-11-03 12:00:00,10806,10.6,6.8,34.0,0.0,0.0,0.0,0,8.1
2024-11-03 13:00:00,10985,11.7,7.6,29.0,0.0,0.0,0.0,1,8.3
2024-11-03 14:00:00,10893,12.2,7.9,25.0,0.0,0.0,0.0,2,8.9
2024-11-03 15:00:00,11000,12.2,7.5,22.0,0.0,0.0,0.0,0,10.8
2024-11-03 16:00:00,10658,11.5,6.6,22.0,0.0,0.0,0.0,1,11.1
2024-11-03 17:00:00,8534,9.0,4.8,29.0,0.0,0.0,0.0,0,7.2
2024-11-03 18:00:00,6994,7.8,3.6,33.0,0.0,0.0,0.0,0,7.4
2024-11-03 19:00:00,5484,6.9,2.8,36.0,0.0,0.0,0.0,0,7.5
2024-11-03 20:00:00,4212,5.4,1.6,46.0,0.0,0.0,0.0,1,7.0
2024-11-03 21:00:00,3230,5.0,1.1,51.0,0.0,0.0,0.0,0,7.7
2024-11-03 22:00:00,2422,4.4,0.6,55.0,0.0,0.0,0.0,0,7.8
2024-11-03 23:00:00,1706,3.9,0.3,61.0,0.0,0.0,0.0,0,6.8
2024-11-04 00:00:00,941,3.5,0.3,68.0,0.0,0.0,0.0,0,5.5
2024-11-04 01:00:00,466,3.0,-0.2,78.0,0.0,0.0,0.0,1,6.4
2024-11-04 02:00:00,316,3.5,0.6,81.0,0.0,0.0,0.0,0,5.6
2024-11-04 03:00:00,221,3.6,0.7,86.0,0.0,0.0,0.0,3,6.6
2024-11-04 04:00:00,308,3.3,0.6,88.0,0.0,0.0,0.0,3,5.9
2024-11-04 05:00:00,1142,3.6,0.6,85.0,0.0,0.0,0.0,3,7.5
2024-11-04 06:00:00,3629,3.9,0.7,83.0,0.0,0.0,0.0,3,8.9
2024-11-04 07:00:00,8268,4.6,1.2,78.0,0.0,0.0,0.0,3,10.0
2024-11-04 08:00:00,11864,6.1,2.5,74.0,0.0,0.0,0.0,3,11.6
2024-11-04 09:00:00,8187,9.1,5.7,64.0,0.0,0.0,0.0,3,11.7
2024-11-04 10:00:00,5895,11.4,7.5,54.0,0.0,0.0,0.0,3,15.2
2024-11-04 11:00:00,5925,12.8,8.8,50.0,0.0,0.0,0.0,3,16.4
2024-11-04 12:00:00,6606,13.2,8.9,50.0,0.0,0.0,0.0,3,18.4
2024-11-04 13:00:00,6961,13.4,9.2,49.0,0.0,0.0,0.0,3,17.8
2024-11-04 14:00:00,7852,13.5,9.2,49.0,0.0,0.0,0.0,3,18.0
2024-11-04 15:00:00,9190,13.2,9.3,57.0,0.0,0.0,0.0,3,17.6
2024-11-04 16:00:00,10990,13.3,9.4,54.0,0.0,0.0,0.0,3,17.2
2024-11-04 17:00:00,13980,12.5,9.5,60.0,0.0,0.0,0.0,3,12.2
2024-11-04 18:00:00,12231,10.9,8.6,69.0,0.0,0.0,0.0,0,8.1
2024-11-04 19:00:00,8777,10.7,8.4,75.0,0.0,0.0,0.0,3,9.6
2024-11-04 20:00:00,6336,9.2,7.6,87.0,0.0,0.0,0.0,0,6.1
2024-11-04 21:00:00,4719,10.3,8.6,83.0,0.0,0.0,0.0,1,7.5
2024-11-04 22:00:00,3453,8.8,6.9,90.0,0.0,0.0,0.0,0,8.3
2024-11-04 23:00:00,2326,9.8,7.9,90.0,0.0,0.0,0.0,0,9.7
2024-11-05 00:00:00,1210,9.6,7.8,92.0,0.0,0.0,0.0,0,9.5
2024-11-05 01:00:00,590,9.5,7.7,93.0,0.0,0.0,0.0,0,9.7
2024-11-05 02:00:00,387,9.3,7.6,95.0,0.0,0.0,0.0,0,9.2
2024-11-05 03:00:00,247,9.2,7.5,96.0,0.0,0.0,0.0,0,8.7
2024-11-05 04:00:00,522,9.0,7.5,96.0,0.0,0.0,0.0,0,7.2
2024-11-05 05:00:00,1348,8.7,7.3,96.0,0.0,0.0,0.0,2,6.1
2024-11-05 06:00:00,4286,8.8,7.3,96.0,0.0,0.0,0.0,0,6.6
2024-11-05 07:00:00,8679,9.1,7.5,96.0,0.0,0.0,0.0,0,8.6
2024-11-05 08:00:00,12342,11.4,9.7,88.0,0.0,0.0,0.0,0,10.5
2024-11-05 09:00:00,9391,13.8,12.0,78.0,0.0,0.0,0.0,3,12.3
2024-11-05 10:00:00,6944,16.0,14.4,72.0,0.0,0.0,0.0,3,13.3
2024-11-05 11:00:00,7187,18.3,16.3,65.0,0.0,0.0,0.0,3,16.8
2024-11-05 12:00:00,8313,20.5,18.5,59.0,0.0,0.0,0.0,3,18.6
2024-11-05 13:00:00,8619,21.5,19.4,56.0,0.0,0.0,0.0,1,19.5
2024-11-05 14:00:00,9181,21.6,19.5,55.0,0.0,0.0,0.0,1,19.5
2024-11-05 15:00:00,10782,21.3,19.2,56.0,0.0,0.0,0.0,0,18.6
2024-11-05 16:00:00,12662,20.9,19.2,58.0,0.0,0.0,0.0,0,16.0
2024-11-05 17:00:00,15953,19.5,18.2,63.0,0.0,0.0,0.0,0,13.1
2024-11-05 18:00:00,14131,18.7,17.3,66.0,0.0,0.0,0.0,0,14.5
2024-11-05 19:00:00,10617,18.4,16.8,70.0,0.0,0.0,0.0,0,16.5
2024-11-05 20:00:00,7418,17.7,15.8,72.0,0.0,0.0,0.0,0,18.7
2024-11-05 21:00:00,5359,17.3,15.4,77.0,0.0,0.0,0.0,0,19.5
2024-11-05 22:00:00,4632,16.9,15.3,80.0,0.0,0.0,0.0,0,18.9
2024-11-05 23:00:00,3413,16.6,15.1,84.0,0.0,0.0,0.0,0,18.4
2024-11-06 00:00:00,2070,16.4,14.9,87.0,0.0,0.0,0.0,0,19.5
2024-11-06 01:00:00,972,16.4,14.5,84.0,0.0,0.0,0.0,0,21.3
2024-11-06 02:00:00,554,16.7,14.4,79.0,0.0,0.0,0.0,0,22.2
2024-11-06 03:00:00,383,16.8,14.5,76.0,0.0,0.0,0.0,0,21.1
2024-11-06 04:00:00,421,16.4,14.3,76.0,0.0,0.0,0.0,0,19.2
2024-11-06 05:00:00,1437,16.2,14.1,77.0,0.0,0.0,0.0,0,18.7
2024-11-06 06:00:00,4156,15.8,13.8,80.0,0.0,0.0,0.0,0,19.0
2024-11-06 07:00:00,9433,15.6,13.6,81.0,0.0,0.0,0.0,0,19.2
2024-11-06 08:00:00,14222,17.8,16.3,73.0,0.0,0.0,0.0,0,16.0
2024-11-06 09:00:00,9849,19.4,17.2,65.0,0.0,0.0,0.0,0,20.8
2024-11-06 10:00:00,6952,20.9,18.8,60.0,0.0,0.0,0.0,0,20.6
2024-11-06 11:00:00,6730,22.4,20.4,56.0,0.0,0.0,0.0,0,20.8
2024-11-06 12:00:00,7704,23.9,22.1,52.0,0.0,0.0,0.0,1,20.2
2024-11-06 13:00:00,8406,25.0,23.2,49.0,0.0,0.0,0.0,1,19.6
2024-11-06 14:00:00,9672,25.7,23.9,47.0,0.0,0.0,0.0,1,20.4
2024-11-06 15:00:00,11042,25.9,24.0,46.0,0.0,0.0,0.0,2,20.2
2024-11-06 16:00:00,13338,25.3,23.9,48.0,0.0,0.0,0.0,2,16.8
2024-11-06 17:00:00,17320,23.7,23.1,52.0,0.0,0.0,0.0,1,10.9
2024-11-06 18:00:00,15346,22.3,21.9,56.0,0.0,0.0,0.0,1,9.5
2024-11-06 19:00:00,11082,20.8,20.3,62.0,0.0,0.0,0.0,2,10.6
2024-11-06 20:00:00,8060,21.6,21.2,59.0,0.0,0.0,0.0,1,10.4
2024-11-06 21:00:00,6407,20.1,19.7,66.0,0.0,0.0,0.0,1,10.3
2024-11-06 22:00:00,5113,19.3,18.8,69.0,0.0,0.0,0.0,0,10.8
2024-11-06 23:00:00,3287,18.3,18.1,74.0,0.0,0.0,0.0,1,9.0
2024-11-07 00:00:00,1762,17.3,17.5,80.0,0.0,0.0,0.0,3,7.3
2024-11-07 01:00:00,815,16.9,17.3,85.0,0.0,0.0,0.0,3,6.7
2024-11-07 02:00:00,554,16.2,16.7,90.0,0.0,0.0,0.0,2,7.4
2024-11-07 03:00:00,335,16.0,16.4,93.0,0.0,0.0,0.0,3,7.9
2024-11-07 04:00:00,427,15.6,15.8,94.0,0.0,0.0,0.0,2,9.0
2024-11-07 05:00:00,1326,15.7,15.9,92.0,0.0,0.0,0.0,3,9.1
2024-11-07 06:00:00,4349,15.4,15.5,92.0,0.0,0.0,0.0,3,8.2
2024-11-07 07:00:00,9857,15.1,15.1,93.0,0.0,0.0,0.0,3,9.4
2024-11-07 08:00:00,14705,17.1,16.9,82.0,0.0,0.0,0.0,3,9.7
2024-11-07 09:00:00,10294,19.4,18.2,63.0,0.0,0.0,0.0,0,12.9
2024-11-07 10:00:00,7595,20.4,18.2,53.0,0.0,0.0,0.0,0,15.5
2024-11-07 11:00:00,7219,21.1,18.5,47.0,0.0,0.0,0.0,0,17.3
2024-11-07 12:00:00,8018,21.7,18.6,44.0,0.0,0.0,0.0,0,19.7
2024-11-07 13:00:00,8412,21.6,18.5,44.0,0.0,0.0,0.0,0,18.9
2024-11-07 14:00:00,9324,21.4,17.9,41.0,0.0,0.0,0.0,0,19.8
2024-11-07 15:00:00,10764,20.3,16.5,40.0,0.0,0.0,0.0,0,19.7
2024-11-07 16:00:00,12768,18.9,15.3,43.0,0.0,0.0,0.0,0,17.6
2024-11-07 17:00:00,16214,16.5,12.8,48.0,0.0,0.0,0.0,0,17.7
2024-11-07 18:00:00,14801,14.8,10.8,52.0,0.0,0.0,0.0,0,18.8
2024-11-07 19:00:00,10755,13.6,10.3,55.0,0.0,0.0,0.0,0,13.6
2024-11-07 20:00:00,7715,13.3,9.9,56.0,0.0,0.0,0.0,0,14.3
2024-11-07 21:00:00,5847,12.4,9.1,58.0,0.0,0.0,0.0,0,13.7
2024-11-07 22:00:00,4672,11.5,8.1,59.0,0.0,0.0,0.0,0,12.8
2024-11-07 23:00:00,3434,10.5,7.3,61.0,0.0,0.0,0.0,0,11.1
2024-11-08 00:00:00,1931,9.6,6.5,64.0,0.0,0.0,0.0,0,10.3
2024-11-08 01:00:00,1029,9.0,6.1,67.0,0.0,0.0,0.0,0,8.7
2024-11-08 02:00:00,648,8.2,5.8,71.0,0.0,0.0,0.0,0,5.9
2024-11-08 03:00:00,424,7.3,4.9,79.0,0.0,0.0,0.0,0,6.3
2024-11-08 04:00:00,469,7.1,4.9,83.0,0.0,0.0,0.0,0,5.9
2024-11-08 05:00:00,1149,6.9,4.5,84.0,0.0,0.0,0.0,0,7.1
2024-11-08 06:00:00,3602,6.6,4.3,85.0,0.0,0.0,0.0,0,6.7
2024-11-08 07:00:00,8026,6.5,4.2,86.0,0.0,0.0,0.0,0,6.8
2024-11-08 08:00:00,11257,8.8,5.9,72.0,0.0,0.0,0.0,0,10.2
2024-11-08 09:00:00,8873,11.3,8.4,61.0,0.0,0.0,0.0,0,10.4
2024-11-08 10:00:00,7263,14.3,10.6,44.0,0.0,0.0,0.0,0,12.8
2024-11-08 11:00:00,7715,16.6,12.2,35.0,0.0,0.0,0.0,0,16.2
2024-11-08 12:00:00,8757,18.5,13.5,29.0,0.0,0.0,0.0,0,19.8
2024-11-08 13:00:00,9591,19.4,13.8,27.0,0.0,0.0,0.0,0,23.9
2024-11-08 14:00:00,10538,19.6,13.9,27.0,0.0,0.0,0.0,0,25.0
2024-11-08 15:00:00,11910,19.6,13.4,25.0,0.0,0.0,0.0,0,26.7
2024-11-08 16:00:00,13432,18.3,13.0,31.0,0.0,0.0,0.0,0,22.8
2024-11-08 17:00:00,14298,16.7,12.1,37.0,0.0,0.0,0.0,0,19.2
2024-11-08 18:00:00,12942,15.2,11.3,43.0,0.0,0.0,0.0,0,14.9
2024-11-08 19:00:00,9989,14.4,10.4,45.0,0.0,0.0,0.0,2,16.2
2024-11-08 20:00:00,6739,15.3,9.9,40.0,0.0,0.0,0.0,0,24.2
2024-11-08 21:00:00,5298,13.4,7.9,43.0,0.0,0.0,0.0,1,24.9
2024-11-08 22:00:00,4642,12.3,7.4,45.0,0.0,0.0,0.0,0,19.6
2024-11-08 23:00:00,3996,11.2,5.8,49.0,0.0,0.0,0.0,1,22.9
2024-11-09 00:00:00,3028,10.1,4.4,52.0,0.0,0.0,0.0,0,24.9
2024-11-09 01:00:00,1944,8.4,3.0,52.0,0.0,0.0,0.0,0,21.5
2024-11-09 02:00:00,1309,7.2,1.8,52.0,0.0,0.0,0.0,0,20.1
2024-11-09 03:00:00,879,6.1,0.7,51.0,0.0,0.0,0.0,0,19.8
2024-11-09 04:00:00,510,5.3,0.0,51.0,0.0,0.0,0.0,0,17.9
2024-11-09 05:00:00,502,4.7,-0.4,51.0,0.0,0.0,0.0,0,15.7
2024-11-09 06:00:00,1057,4.1,-0.7,51.0,0.0,0.0,0.0,0,13.5
2024-11-09 07:00:00,2304,3.8,-0.8,52.0,0.0,0.0,0.0,0,11.9
2024-11-09 08:00:00,4072,5.6,0.7,45.0,0.0,0.0,0.0,0,13.9
2024-11-09 09:00:00,6391,6.7,1.6,39.0,0.0,0.0,0.0,0,14.9
2024-11-09 10:00:00,8048,8.0,2.9,34.0,0.0,0.0,0.0,0,14.8
2024-11-09 11:00:00,9535,9.4,4.1,29.0,0.0,0.0,0.0,0,15.0
2024-11-09 12:00:00,10533,10.6,5.2,25.0,0.0,0.0,0.0,0,15.2
2024-11-09 13:00:00,10907,11.4,6.0,22.0,0.0,0.0,0.0,0,14.9
2024-11-09 14:00:00,11006,11.9,6.9,21.0,0.0,0.0,0.0,0,12.4
2024-11-09 15:00:00,11142,12.1,7.1,21.0,0.0,0.0,0.0,0,12.1
2024-11-09 16:00:00,10234,11.4,6.5,23.0,0.0,0.0,0.0,0,11.6
2024-11-09 17:00:00,8688,9.3,5.1,31.0,0.0,0.0,0.0,0,7.8
2024-11-09 18:00:00,7829,8.2,4.2,35.0,0.0,0.0,0.0,0,7.8
2024-11-09 19:00:00,7021,7.6,3.2,38.0,0.0,0.0,0.0,0,10.1
2024-11-09 20:00:00,5390,7.0,2.7,39.0,0.0,0.0,0.0,0,9.3
2024-11-09 21:00:00,4435,6.0,2.2,44.0,0.0,0.0,0.0,1,6.6
2024-11-09 22:00:00,4176,5.2,1.5,50.0,0.0,0.0,0.0,3,6.3
2024-11-09 23:00:00,3792,4.6,1.1,55.0,0.0,0.0,0.0,1,5.6
2024-11-10 00:00:00,2873,3.3,-0.2,67.0,0.0,0.0,0.0,0,7.3
2024-11-10 01:00:00,1852,3.4,0.2,70.0,0.0,0.0,0.0,0,5.9
2024-11-10 02:00:00,1288,2.5,-0.9,79.0,0.0,0.0,0.0,3,7.3
2024-11-10 03:00:00,896,2.5,-0.6,80.0,0.0,0.0,0.0,3,5.9
2024-11-10 04:00:00,608,2.2,-0.7,83.0,0.0,0.0,0.0,3,5.1
2024-11-10 05:00:00,497,1.9,-1.0,87.0,0.0,0.0,0.0,3,5.2
2024-11-10 06:00:00,893,2.6,-0.1,84.0,0.0,0.0,0.0,3,4.4
2024-11-10 07:00:00,1653,4.0,1.9,78.0,0.0,0.0,0.0,3,0.5
2024-11-10 08:00:00,3219,4.2,1.8,79.0,0.0,0.0,0.0,3,2.2
2024-11-10 09:00:00,5165,6.8,4.1,59.0,0.0,0.0,0.0,3,3.6
2024-11-10 10:00:00,7111,8.5,5.8,53.0,0.0,0.0,0.0,3,3.1
2024-11-10 11:00:00,8639,10.6,7.5,46.0,0.0,0.0,0.0,3,6.5
2024-11-10 12:00:00,9403,12.5,8.3,39.0,0.0,0.0,0.0,3,13.2
2024-11-10 13:00:00,9974,13.7,8.5,35.0,0.0,0.0,0.0,3,19.6
2024-11-10 14:00:00,9833,13.3,8.1,36.0,0.0,0.0,0.0,3,19.1
2024-11-10 15:00:00,9717,12.9,8.1,39.0,0.0,0.0,0.0,3,17.9
2024-11-10 16:00:00,8695,12.3,8.1,47.0,0.0,0.0,0.0,3,15.5
2024-11-10 17:00:00,7462,11.8,8.0,51.0,0.0,0.0,0.0,3,13.8
2024-11-10 18:00:00,6868,11.6,7.9,57.0,0.1,0.1,0.0,51,14.7
2024-11-10 19:00:00,5850,11.4,8.1,64.0,0.2,0.2,0.0,51,14.0
2024-11-10 20:00:00,4317,11.9,8.6,67.0,0.0,0.0,0.0,3,15.3
2024-11-10 21:00:00,3262,11.8,8.8,79.0,0.5,0.5,0.0,53,17.4
2024-11-10 22:00:00,1549,12.4,9.7,85.0,0.2,0.2,0.0,51,18.5
2024-11-10 23:00:00,1010,12.5,9.8,89.0,0.3,0.3,0.0,51,19.6
2024-11-11 00:00:00,930,12.6,9.7,93.0,0.3,0.3,0.0,51,22.5
2024-11-11 01:00:00,387,12.8,10.0,93.0,0.4,0.4,0.0,51,22.4
2024-11-11 02:00:00,299,13.0,10.0,93.0,0.3,0.3,0.0,51,25.1
2024-11-11 03:00:00,176,13.1,10.5,94.0,0.9,0.9,0.0,53,22.5
2024-11-11 04:00:00,295,13.1,10.7,93.0,1.0,1.0,0.0,55,20.6
2024-11-11 05:00:00,951,13.2,10.8,93.0,0.0,0.0,0.0,3,20.3
2024-11-11 06:00:00,2573,13.2,11.0,93.0,0.0,0.0,0.0,3,19.1
2024-11-11 07:00:00,5347,13.2,11.2,93.0,0.0,0.0,0.0,3,18.1
2024-11-11 08:00:00,8817,14.0,12.1,92.0,0.0,0.0,0.0,3,18.3
2024-11-11 09:00:00,7787,15.0,12.9,86.0,0.0,0.0,0.0,1,20.1
2024-11-11 10:00:00,6541,16.4,14.4,74.0,0.0,0.0,0.0,0,17.6
2024-11-11 11:00:00,6822,17.9,15.1,61.0,0.0,0.0,0.0,0,19.2
2024-11-11 12:00:00,7813,19.2,15.4,49.0,0.0,0.0,0.0,0,22.3
2024-11-11 13:00:00,8282,19.8,15.7,44.0,0.0,0.0,0.0,0,22.8
2024-11-11 14:00:00,9160,19.9,15.9,43.0,0.0,0.0,0.0,0,21.8
2024-11-11 15:00:00,10028,19.5,15.8,43.0,0.0,0.0,0.0,0,19.7
2024-11-11 16:00:00,11412,18.5,15.2,45.0,0.0,0.0,0.0,0,16.4
2024-11-11 17:00:00,12793,16.5,13.3,49.0,0.0,0.0,0.0,0,14.3
2024-11-11 18:00:00,11636,15.3,11.8,53.0,0.0,0.0,0.0,0,16.1
2024-11-11 19:00:00,8468,14.1,10.7,58.0,0.0,0.0,0.0,0,15.7
2024-11-11 20:00:00,6302,12.6,9.6,59.0,0.0,0.0,0.0,0,11.8
2024-11-11 21:00:00,4710,11.6,9.2,64.0,0.0,0.0,0.0,0,7.7
2024-11-11 22:00:00,3361,10.8,8.5,67.0,0.0,0.0,0.0,0,7.6
2024-11-11 23:00:00,2248,10.7,7.7,68.0,0.0,0.0,0.0,0,11.5
2024-11-12 00:00:00,1236,10.6,7.1,67.0,0.0,0.0,0.0,0,14.9
2024-11-12 01:00:00,612,10.8,6.9,63.0,0.0,0.0,0.0,0,16.6
2024-11-12 02:00:00,365,11.7,7.1,56.0,0.0,0.0,0.0,0,20.3
2024-11-12 03:00:00,256,11.2,5.7,56.0,0.0,0.0,0.0,0,26.3
2024-11-12 04:00:00,406,9.5,3.7,57.0,0.0,0.0,0.0,0,26.4
2024-11-12 05:00:00,1291,8.6,3.0,61.0,0.0,0.0,0.0,0,25.6
2024-11-12 06:00:00,3977,8.8,3.4,61.0,0.0,0.0,0.0,0,24.5
2024-11-12 07:00:00,8970,8.6,3.4,63.0,0.0,0.0,0.0,0,22.7
2024-11-12 08:00:00,13118,10.0,5.1,57.0,0.0,0.0,0.0,1,21.6
2024-11-12 09:00:00,8532,9.7,3.8,51.0,0.0,0.0,0.0,1,25.9
2024-11-12 10:00:00,5641,9.6,3.6,46.0,0.0,0.0,0.0,0,25.2
2024-11-12 11:00:00,5230,9.7,3.9,43.0,0.0,0.0,0.0,0,23.4
2024-11-12 12:00:00,5824,9.7,4.0,42.0,0.0,0.0,0.0,0,22.1
2024-11-12 13:00:00,6055,10.0,4.3,39.0,0.0,0.0,0.0,0,21.4
2024-11-12 14:00:00,6921,10.0,4.3,37.0,0.0,0.0,0.0,0,21.2
2024-11-12 15:00:00,8015,9.8,4.2,36.0,0.0,0.0,0.0,0,19.7
2024-11-12 16:00:00,9758,9.0,3.5,37.0,0.0,0.0,0.0,0,19.0
2024-11-12 17:00:00,12819,8.1,2.6,37.0,0.0,0.0,0.0,0,18.0
2024-11-12 18:00:00,11775,7.2,1.6,39.0,0.0,0.0,0.0,0,18.3
2024-11-12 19:00:00,7937,6.3,0.9,40.0,0.0,0.0,0.0,0,17.2
2024-11-12 20:00:00,5546,6.3,0.9,39.0,0.0,0.0,0.0,0,16.5
2024-11-12 21:00:00,4253,5.5,0.1,40.0,0.0,0.0,0.0,0,16.4
2024-11-12 22:00:00,2999,4.8,-0.3,42.0,0.0,0.0,0.0,0,14.5
2024-11-12 23:00:00,1817,4.2,-0.9,44.0,0.0,0.0,0.0,0,14.7
2024-11-13 00:00:00,981,3.7,-1.3,46.0,0.0,0.0,0.0,0,13.3
2024-11-13 01:00:00,448,3.2,-1.7,48.0,0.0,0.0,0.0,0,12.6
2024-11-13 02:00:00,270,2.7,-2.1,49.0,0.0,0.0,0.0,0,12.5
2024-11-13 03:00:00,220,2.1,-2.7,51.0,0.0,0.0,0.0,0,12.8
2024-11-13 04:00:00,306,1.7,-3.2,53.0,0.0,0.0,0.0,0,13.2
2024-11-13 05:00:00,1103,1.3,-3.6,55.0,0.0,0.0,0.0,0,13.0
2024-11-13 06:00:00,3422,0.9,-3.8,57.0,0.0,0.0,0.0,0,12.3
2024-11-13 07:00:00,8175,0.7,-3.9,58.0,0.0,0.0,0.0,0,11.2
2024-11-13 08:00:00,11940,1.9,-2.9,52.0,0.0,0.0,0.0,0,12.6
2024-11-13 09:00:00,7941,3.0,-1.9,47.0,0.0,0.0,0.0,0,13.0
2024-11-13 10:00:00,5176,4.5,-0.2,40.0,0.0,0.0,0.0,0,11.5
2024-11-13 11:00:00,4975,5.9,1.3,34.0,0.0,0.0,0.0,0,9.8
2024-11-13 12:00:00,5777,7.0,2.6,30.0,0.0,0.0,0.0,0,8.7
2024-11-13 13:00:00,6130,7.9,3.6,28.0,0.0,0.0,0.0,0,7.6
2024-11-13 14:00:00,7052,8.4,4.2,26.0,0.0,0.0,0.0,0,6.4
2024-11-13 15:00:00,8139,8.5,4.2,26.0,0.0,0.0,0.0,0,7.1
2024-11-13 16:00:00,9858,8.0,3.7,28.0,0.0,0.0,0.0,0,7.7
2024-11-13 17:00:00,13030,7.1,3.1,32.0,0.0,0.0,0.0,0,6.1
2024-11-13 18:00:00,11879,6.5,2.4,35.0,0.0,0.0,0.0,0,7.2
2024-11-13 19:00:00,8463,5.7,1.5,39.0,0.0,0.0,0.0,0,8.0
2024-11-13 20:00:00,5908,5.0,0.9,40.0,0.0,0.0,0.0,0,7.5
2024-11-13 21:00:00,4613,4.3,0.1,45.0,0.0,0.0,0.0,1,8.6
2024-11-13 22:00:00,3693,3.7,-0.6,48.0,0.0,0.0,0.0,0,9.2
2024-11-13 23:00:00,2198,3.4,-0.9,47.0,0.0,0.0,0.0,0,9.1
2024-11-14 00:00:00,1220,3.1,-1.1,45.0,0.0,0.0,0.0,0,7.6
2024-11-14 01:00:00,523,2.9,-1.6,43.0,0.0,0.0,0.0,0,9.3
2024-11-14 02:00:00,344,2.7,-1.9,41.0,0.0,0.0,0.0,0,9.6
2024-11-14 03:00:00,237,2.3,-2.0,42.0,0.0,0.0,0.0,2,7.1
2024-11-14 04:00:00,293,1.7,-3.0,41.0,0.0,0.0,0.0,3,9.8
2024-11-14 05:00:00,1043,1.1,-3.6,41.0,0.0,0.0,0.0,3,9.7
2024-11-14 06:00:00,3298,0.9,-3.9,44.0,0.0,0.0,0.0,3,10.5
2024-11-14 07:00:00,7896,0.7,-3.9,47.0,0.0,0.0,0.0,3,9.9
2024-11-14 08:00:00,11705,1.2,-3.1,52.0,0.0,0.0,0.0,3,8.4
2024-11-14 09:00:00,8057,2.8,-1.5,46.0,0.0,0.0,0.0,3,8.6
2024-11-14 10:00:00,5348,4.4,0.3,44.0,0.0,0.0,0.0,3,7.5
2024-11-14 11:00:00,5152,5.7,1.9,44.0,0.0,0.0,0.0,3,7.0
2024-11-14 12:00:00,5714,6.7,3.1,43.0,0.0,0.0,0.0,3,5.6
2024-11-14 13:00:00,5974,7.0,3.6,42.0,0.0,0.0,0.0,3,4.4
2024-11-14 14:00:00,6806,7.0,3.5,40.0,0.0,0.0,0.0,3,4.8
2024-11-14 15:00:00,7915,6.9,3.3,38.0,0.0,0.0,0.0,3,4.2
2024-11-14 16:00:00,3557,6.5,2.7,38.0,0.0,0.0,0.0,3,5.6
2024-11-14 17:00:00,11858,6.0,2.2,42.0,0.0,0.0,0.0,3,5.9
2024-11-14 18:00:00,11120,5.7,2.3,48.0,0.0,0.0,0.0,3,5.0
2024-11-14 19:00:00,8240,5.5,2.5,54.0,0.0,0.0,0.0,3,2.8
2024-11-14 20:00:00,6020,5.0,2.5,65.0,0.0,0.0,0.0,3,1.7
2024-11-14 21:00:00,4722,4.9,2.3,66.0,0.0,0.0,0.0,3,2.2
2024-11-14 22:00:00,3740,4.7,2.2,68.0,0.0,0.0,0.0,3,1.8
2024-11-14 23:00:00,2882,4.7,1.5,62.0,0.0,0.0,0.0,3,5.3
2024-11-15 00:00:00,1696,4.2,0.8,58.0,0.0,0.0,0.0,3,5.6
2024-11-15 01:00:00,838,3.7,0.5,59.0,0.0,0.0,0.0,3,3.6
2024-11-15 02:00:00,462,3.7,0.3,54.0,0.0,0.0,0.0,3,4.7
2024-11-15 03:00:00,350,3.8,0.4,55.0,0.0,0.0,0.0,3,4.3
2024-11-15 04:00:00,362,3.9,-0.1,51.0,0.0,0.0,0.0,3,7.7
2024-11-15 05:00:00,1021,3.8,0.1,48.0,0.0,0.0,0.0,3,5.3
2024-11-15 06:00:00,2979,2.9,-0.9,50.0,0.0,0.0,0.0,3,6.2
2024-11-15 07:00:00,7019,2.7,-1.2,49.0,0.0,0.0,0.0,3,6.5
2024-11-15 08:00:00,9891,3.8,-0.1,45.0,0.0,0.0,0.0,3,5.8
2024-11-15 09:00:00,7726,5.0,1.1,38.0,0.0,0.0,0.0,3,5.3
2024-11-15 10:00:00,5726,6.8,2.7,31.0,0.0,0.0,0.0,3,6.2
2024-11-15 11:00:00,6001,9.1,4.9,30.0,0.0,0.0,0.0,3,8.1
2024-11-15 12:00:00,7001,11.0,6.8,32.0,0.0,0.0,0.0,3,9.3
2024-11-15 13:00:00,8023,12.6,8.5,33.0,0.0,0.0,0.0,1,10.2
2024-11-15 14:00:00,8816,13.6,9.7,32.0,0.0,0.0,0.0,0,9.5
2024-11-15 15:00:00,10366,14.1,10.4,35.0,0.0,0.0,0.0,0,10.0
2024-11-15 16:00:00,11380,13.5,10.0,39.0,0.0,0.0,0.0,0,9.4
2024-11-15 17:00:00,12404,12.2,8.6,44.0,0.0,0.0,0.0,0,10.0
2024-11-15 18:00:00,11071,11.3,7.7,49.0,0.0,0.0,0.0,0,10.8
2024-11-15 19:00:00,8911,10.4,6.8,52.0,0.0,0.0,0.0,0,11.6
2024-11-15 20:00:00,6337,10.4,6.2,50.0,0.0,0.0,0.0,0,14.5
2024-11-15 21:00:00,4765,9.5,5.0,47.0,0.0,0.0,0.0,0,14.8
2024-11-15 22:00:00,4070,8.6,3.8,43.0,0.0,0.0,0.0,0,14.8
2024-11-15 23:00:00,3439,7.9,2.8,37.0,0.0,0.0,0.0,0,14.8
2024-11-16 00:00:00,3320,7.2,1.9,33.0,0.0,0.0,0.0,0,15.3
2024-11-16 01:00:00,2338,6.7,1.5,33.0,0.0,0.0,0.0,0,13.8
2024-11-16 02:00:00,1334,6.3,1.4,35.0,0.0,0.0,0.0,0,12.6
2024-11-16 03:00:00,818,6.0,1.4,40.0,0.0,0.0,0.0,0,11.1
2024-11-16 04:00:00,573,5.8,1.4,43.0,0.0,0.0,0.0,0,10.5
2024-11-16 05:00:00,475,5.8,1.4,45.0,0.0,0.0,0.0,0,11.0
2024-11-16 06:00:00,1117,5.8,1.3,50.0,0.0,0.0,0.0,0,12.5
2024-11-16 07:00:00,2064,6.0,1.4,54.0,0.0,0.0,0.0,0,14.3
2024-11-16 08:00:00,3787,8.2,3.4,45.0,0.0,0.0,0.0,0,15.6
2024-11-16 09:00:00,5861,9.5,5.1,41.0,0.0,0.0,0.0,0,12.9
2024-11-16 10:00:00,7833,11.0,6.2,36.0,0.0,0.0,0.0,0,15.5
2024-11-16 11:00:00,9603,12.6,7.8,34.0,0.0,0.0,0.0,0,15.7
2024-11-16 12:00:00,10980,14.3,9.5,30.0,0.0,0.0,0.0,0,15.4
2024-11-16 13:00:00,11490,15.4,10.4,26.0,0.0,0.0,0.0,0,16.3
2024-11-16 14:00:00,11520,15.7,10.6,26.0,0.0,0.0,0.0,0,17.1
2024-11-16 15:00:00,11761,15.4,10.4,26.0,0.0,0.0,0.0,0,16.3
2024-11-16 16:00:00,10896,14.2,9.7,30.0,0.0,0.0,0.0,0,13.8
2024-11-16 17:00:00,9520,12.9,8.4,33.0,0.0,0.0,0.0,0,12.9
2024-11-16 18:00:00,8389,11.9,7.4,35.0,0.0,0.0,0.0,0,13.2
2024-11-16 19:00:00,7222,11.0,6.3,36.0,0.0,0.0,0.0,0,14.4
2024-11-16 20:00:00,5527,10.9,6.1,37.0,0.0,0.0,0.0,0,15.5
2024-11-16 21:00:00,4934,10.1,5.3,37.0,0.0,0.0,0.0,0,14.7
2024-11-16 22:00:00,4656,9.4,4.6,37.0,0.0,0.0,0.0,0,14.0
2024-11-16 23:00:00,4257,8.8,4.0,36.0,0.0,0.0,0.0,0,13.0
2024-11-17 00:00:00,2851,8.2,3.5,37.0,0.0,0.0,0.0,0,13.1
2024-11-17 01:00:00,2315,7.7,2.8,39.0,0.0,0.0,0.0,0,14.1
2024-11-17 02:00:00,1555,7.2,2.4,42.0,0.0,0.0,0.0,0,13.9
2024-11-17 03:00:00,932,6.8,2.4,45.0,0.0,0.0,0.0,0,12.0
2024-11-17 04:00:00,670,6.5,2.2,47.0,0.0,0.0,0.0,0,11.2
2024-11-17 05:00:00,513,6.2,2.1,49.0,0.0,0.0,0.0,0,10.1
2024-11-17 06:00:00,921,6.0,2.1,50.0,0.0,0.0,0.0,0,8.8
2024-11-17 07:00:00,1660,6.0,2.1,49.0,0.0,0.0,0.0,0,8.1
2024-11-17 08:00:00,2936,7.1,3.4,49.0,0.0,0.0,0.0,0,8.1
2024-11-17 09:00:00,5044,9.2,5.7,40.0,0.0,0.0,0.0,2,6.0
2024-11-17 10:00:00,7231,11.7,8.4,33.0,0.0,0.0,0.0,3,4.6
2024-11-17 11:00:00,9235,13.8,10.4,28.0,0.0,0.0,0.0,2,4.8
2024-11-17 12:00:00,10540,15.5,11.9,24.0,0.0,0.0,0.0,3,5.3
2024-11-17 13:00:00,10922,16.7,13.0,21.0,0.0,0.0,0.0,3,5.4
2024-11-17 14:00:00,11210,17.3,13.5,19.0,0.0,0.0,0.0,3,6.3
2024-11-17 15:00:00,11059,17.4,13.4,19.0,0.0,0.0,0.0,3,7.1
2024-11-17 16:00:00,10902,15.6,12.6,30.0,0.0,0.0,0.0,3,4.0
2024-11-17 17:00:00,8762,13.7,10.6,33.0,0.0,0.0,0.0,3,4.7
2024-11-17 18:00:00,7698,13.7,9.9,29.0,0.0,0.0,0.0,3,7.6
2024-11-17 19:00:00,5968,12.6,8.7,32.0,0.0,0.0,0.0,3,8.3
2024-11-17 20:00:00,4518,11.3,7.6,38.0,0.0,0.0,0.0,3,8.4
2024-11-17 21:00:00,3746,10.5,6.8,42.0,0.0,0.0,0.0,3,9.3
2024-11-17 22:00:00,2816,9.6,6.0,46.0,0.0,0.0,0.0,3,9.0
2024-11-17 23:00:00,1874,8.9,5.5,50.0,0.0,0.0,0.0,3,7.9
2024-11-18 00:00:00,1140,8.1,4.9,54.0,0.0,0.0,0.0,3,6.8
2024-11-18 01:00:00,579,7.7,4.3,56.0,0.0,0.0,0.0,3,8.5
2024-11-18 02:00:00,354,7.4,3.9,57.0,0.0,0.0,0.0,3,9.1
2024-11-18 03:00:00,260,7.3,3.7,58.0,0.0,0.0,0.0,3,9.6
2024-11-18 04:00:00,325,7.8,4.4,57.0,0.0,0.0,0.0,3,8.1
2024-11-18 05:00:00,1162,7.9,4.7,58.0,0.0,0.0,0.0,3,7.5
2024-11-18 06:00:00,3539,8.9,5.5,56.0,0.0,0.0,0.0,3,9.0
2024-11-18 07:00:00,7918,8.9,5.7,58.0,0.0,0.0,0.0,0,8.1
2024-11-18 08:00:00,12000,10.2,6.6,55.0,0.0,0.0,0.0,0,12.2
2024-11-18 09:00:00,8004,11.7,8.4,53.0,0.0,0.0,0.0,0,10.6
2024-11-18 10:00:00,5570,13.6,10.5,52.0,0.0,0.0,0.0,0,10.7
2024-11-18 11:00:00,5723,14.8,11.8,50.0,0.0,0.0,0.0,0,12.1
2024-11-18 12:00:00,6509,15.9,12.6,48.0,0.0,0.0,0.0,0,13.6
2024-11-18 13:00:00,7208,16.9,13.6,43.0,0.0,0.0,0.0,0,13.6
2024-11-18 14:00:00,8194,17.1,13.5,40.0,0.0,0.0,0.0,0,14.2
2024-11-18 15:00:00,9412,16.8,13.3,41.0,0.0,0.0,0.0,1,13.1
2024-11-18 16:00:00,11028,16.1,12.8,41.0,0.0,0.0,0.0,1,11.1
2024-11-18 17:00:00,14003,14.9,11.4,40.0,0.0,0.0,0.0,3,11.3
2024-11-18 18:00:00,12859,14.2,10.1,40.0,0.0,0.0,0.0,1,14.0
2024-11-18 19:00:00,8943,13.2,9.1,42.0,0.0,0.0,0.0,2,13.9
2024-11-18 20:00:00,6214,13.2,9.2,38.0,0.0,0.0,0.0,0,12.1
2024-11-18 21:00:00,4717,12.4,8.4,41.0,0.0,0.0,0.0,0,12.3
2024-11-18 22:00:00,3539,11.6,7.5,45.0,0.0,0.0,0.0,0,14.0
2024-11-18 23:00:00,2152,10.6,6.5,48.0,0.0,0.0,0.0,0,13.6
2024-11-19 00:00:00,1110,9.6,5.8,51.0,0.0,0.0,0.0,0,11.4
2024-11-19 01:00:00,574,8.9,5.3,55.0,0.0,0.0,0.0,0,10.6
2024-11-19 02:00:00,333,8.5,4.9,59.0,0.0,0.0,0.0,0,11.5
2024-11-19 03:00:00,222,8.0,4.4,64.0,0.0,0.0,0.0,0,11.5
2024-11-19 04:00:00,327,7.3,4.0,68.0,0.0,0.0,0.0,1,10.1
2024-11-19 05:00:00,1288,6.6,3.5,72.0,0.0,0.0,0.0,1,9.0
2024-11-19 06:00:00,3857,6.1,3.1,73.0,0.0,0.0,0.0,1,7.6
2024-11-19 07:00:00,8930,5.7,3.1,74.0,0.0,0.0,0.0,3,4.7
2024-11-19 08:00:00,13309,7.3,4.4,60.0,0.0,0.0,0.0,2,4.9
2024-11-19 09:00:00,8904,8.6,5.4,54.0,0.0,0.0,0.0,3,6.5
2024-11-19 10:00:00,6132,10.1,6.7,47.0,0.0,0.0,0.0,3,7.8
2024-11-19 11:00:00,5679,11.4,8.1,42.0,0.0,0.0,0.0,3,6.8
2024-11-19 12:00:00,6352,12.5,9.3,39.0,0.0,0.0,0.0,2,5.7
2024-11-19 13:00:00,6659,13.5,10.4,35.0,0.0,0.0,0.0,1,5.1
2024-11-19 14:00:00,7619,13.9,10.9,34.0,0.0,0.0,0.0,3,4.6
2024-11-19 15:00:00,9096,13.7,10.8,34.0,0.0,0.0,0.0,2,3.6
2024-11-19 16:00:00,10719,13.5,10.7,35.0,0.0,0.0,0.0,3,2.8
2024-11-19 17:00:00,14377,11.9,9.3,41.0,0.0,0.0,0.0,3,1.7
2024-11-19 18:00:00,13293,11.4,8.9,42.0,0.0,0.0,0.0,3,1.5
2024-11-19 19:00:00,9616,11.0,8.9,49.0,0.0,0.0,0.0,3,0.7
2024-11-19 20:00:00,6767,10.8,8.1,46.0,0.0,0.0,0.0,3,3.4
2024-11-19 21:00:00,5231,10.9,8.2,46.0,0.0,0.0,0.0,2,3.7
2024-11-19 22:00:00,3951,10.6,8.1,50.0,0.0,0.0,0.0,2,3.2
2024-11-19 23:00:00,2463,10.3,7.9,53.0,0.0,0.0,0.0,2,3.5
2024-11-20 00:00:00,1309,9.7,7.6,57.0,0.0,0.0,0.0,0,1.3
2024-11-20 01:00:00,631,8.7,6.4,59.0,0.0,0.0,0.0,0,2.4
2024-11-20 02:00:00,382,7.9,5.5,64.0,0.0,0.0,0.0,3,3.4
2024-11-20 03:00:00,244,8.7,6.2,60.0,0.0,0.0,0.0,2,4.2
2024-11-20 04:00:00,345,8.5,5.8,61.0,0.0,0.0,0.0,2,5.0
2024-11-20 05:00:00,1289,7.9,5.3,64.0,0.0,0.0,0.0,1,4.7
2024-11-20 06:00:00,3861,7.4,4.9,65.0,0.0,0.0,0.0,0,3.8
2024-11-20 07:00:00,9048,6.9,4.5,66.0,0.0,0.0,0.0,2,3.4
2024-11-20 08:00:00,13565,9.6,7.0,57.0,0.0,0.0,0.0,2,4.5
2024-11-20 09:00:00,9467,10.5,8.0,52.0,0.0,0.0,0.0,2,3.9
2024-11-20 10:00:00,6493,11.7,9.1,48.0,0.0,0.0,0.0,2,4.1
2024-11-20 11:00:00,5920,13.1,10.6,44.0,0.0,0.0,0.0,1,3.9
2024-11-20 12:00:00,6756,14.2,11.8,43.0,0.0,0.0,0.0,2,3.8
2024-11-20 13:00:00,7080,14.9,12.5,42.0,0.0,0.0,0.0,2,4.8
2024-11-20 14:00:00,7916,15.0,12.6,43.0,0.0,0.0,0.0,1,4.8
2024-11-20 15:00:00,9264,14.7,11.9,45.0,0.0,0.0,0.0,1,7.3
2024-11-20 16:00:00,10864,13.6,10.9,50.0,0.0,0.0,0.0,2,8.1
2024-11-20 17:00:00,14430,12.5,10.2,59.0,0.0,0.0,0.0,1,7.0
2024-11-20 18:00:00,13531,11.8,9.8,67.0,0.0,0.0,0.0,1,6.7
2024-11-20 19:00:00,9993,11.5,9.2,70.0,0.0,0.0,0.0,2,9.1
2024-11-20 20:00:00,7236,11.7,9.6,69.0,0.0,0.0,0.0,3,7.8
2024-11-20 21:00:00,5634,11.8,9.5,71.0,0.0,0.0,0.0,3,9.9
2024-11-20 22:00:00,4514,11.3,8.9,75.0,0.0,0.0,0.0,3,11.6
2024-11-20 23:00:00,2771,11.2,8.4,75.0,0.0,0.0,0.0,3,13.2
2024-11-21 00:00:00,1471,11.0,8.1,75.0,0.0,0.0,0.0,3,14.2
2024-11-21 01:00:00,306,10.9,8.0,74.0,0.0,0.0,0.0,3,13.3
2024-11-21 02:00:00,142,9.9,7.4,86.0,2.6,2.6,0.0,63,12.4
2024-11-21 03:00:00,129,9.6,8.0,92.0,3.1,3.1,0.0,63,7.8
2024-11-21 04:00:00,124,9.2,7.2,94.0,6.1,6.1,0.0,63,11.1
2024-11-21 05:00:00,467,9.0,6.5,95.0,4.2,4.2,0.0,63,14.1
2024-11-21 06:00:00,1941,8.1,5.5,96.0,3.5,3.5,0.0,63,13.7
2024-11-21 07:00:00,4693,7.0,3.6,96.0,1.8,1.8,0.0,61,16.6
2024-11-21 08:00:00,8029,7.1,4.7,91.0,0.0,0.0,0.0,3,9.2
2024-11-21 09:00:00,4916,7.0,4.6,91.0,0.5,0.5,0.0,53,9.0
2024-11-21 10:00:00,1982,7.4,4.4,89.0,0.5,0.5,0.0,53,13.7
2024-11-21 11:00:00,2225,7.5,4.4,89.0,0.5,0.5,0.0,53,14.3
2024-11-21 12:00:00,3269,7.6,4.6,90.0,0.5,0.5,0.0,53,14.0
2024-11-21 13:00:00,2765,7.7,4.7,91.0,0.5,0.5,0.0,53,14.6
2024-11-21 14:00:00,3176,7.7,4.9,92.0,0.6,0.6,0.0,53,13.1
2024-11-21 15:00:00,4183,7.7,5.3,95.0,0.6,0.6,0.0,53,11.0
2024-11-21 16:00:00,3850,7.7,5.5,95.0,0.4,0.4,0.0,51,9.3
2024-11-21 17:00:00,3654,7.5,5.5,96.0,0.9,0.9,0.0,53,8.3
2024-11-21 18:00:00,3070,7.4,5.1,97.0,2.9,2.9,0.0,63,10.1
2024-11-21 19:00:00,2439,6.7,3.5,96.0,3.6,3.6,0.0,63,15.3
2024-11-21 20:00:00,1709,5.5,2.2,94.0,1.9,1.9,0.0,61,13.3
2024-11-21 21:00:00,1220,4.5,0.6,96.0,2.3,2.3,0.0,61,16.2
2024-11-21 22:00:00,861,3.9,-0.1,96.0,2.8,2.8,0.0,63,16.4
2024-11-21 23:00:00,706,2.0,-1.9,100.0,4.2,4.0,0.14,71,14.3
2024-11-22 00:00:00,500,1.7,-2.1,99.0,2.7,2.1,0.42,73,13.6
2024-11-22 01:00:00,351,2.1,-2.6,96.0,1.2,1.2,0.0,55,19.7
2024-11-22 02:00:00,219,2.7,-2.2,95.0,0.8,0.8,0.0,53,21.7
2024-11-22 03:00:00,198,2.5,-2.7,96.0,0.7,0.7,0.0,53,23.1
2024-11-22 04:00:00,261,2.8,-2.7,92.0,0.6,0.6,0.0,53,24.7
2024-11-22 05:00:00,632,2.9,-2.6,90.0,0.5,0.5,0.0,53,24.4
2024-11-22 06:00:00,1521,2.7,-2.9,90.0,0.6,0.6,0.0,53,25.0
2024-11-22 07:00:00,3912,2.1,-3.4,93.0,0.8,0.8,0.0,53,24.8
2024-11-22 08:00:00,5230,2.7,-2.6,86.0,0.5,0.5,0.0,53,22.4
2024-11-22 09:00:00,4797,2.7,-2.8,86.0,0.4,0.4,0.0,51,23.4
2024-11-22 10:00:00,4161,3.1,-2.6,83.0,0.3,0.3,0.0,51,25.1
2024-11-22 11:00:00,4396,3.8,-1.8,77.0,0.1,0.1,0.0,51,24.0
2024-11-22 12:00:00,4995,4.0,-1.3,76.0,0.2,0.2,0.0,51,21.3
2024-11-22 13:00:00,4264,3.4,-1.3,79.0,0.4,0.4,0.0,51,18.0
2024-11-22 14:00:00,4859,3.3,-1.4,80.0,0.2,0.2,0.0,51,18.2
2024-11-22 15:00:00,5736,3.3,-1.2,82.0,0.2,0.2,0.0,51,16.4
2024-11-22 16:00:00,4628,3.2,-0.8,85.0,0.3,0.3,0.0,51,13.7
2024-11-22 17:00:00,3578,3.0,-0.8,87.0,0.4,0.4,0.0,51,12.6
2024-11-22 18:00:00,2690,2.5,-1.0,94.0,0.9,0.9,0.0,53,11.6
2024-11-22 19:00:00,2141,2.3,-0.8,95.0,1.0,1.0,0.0,55,8.6
2024-11-22 20:00:00,1616,1.8,-0.7,97.0,0.6,0.6,0.0,53,4.1
2024-11-22 21:00:00,1277,1.5,-1.1,99.0,0.7,0.7,0.0,53,4.6
2024-11-22 22:00:00,1365,1.7,-1.0,97.0,0.6,0.6,0.0,53,5.1
2024-11-22 23:00:00,1397,2.1,-0.8,96.0,0.4,0.4,0.0,51,6.9
2024-11-23 00:00:00,1364,2.2,-0.9,96.0,0.3,0.3,0.0,51,8.3
2024-11-23 01:00:00,914,2.2,-1.0,95.0,0.1,0.1,0.0,51,9.0
2024-11-23 02:00:00,709,2.3,-1.1,95.0,0.1,0.1,0.0,51,10.7
2024-11-23 03:00:00,495,2.6,-1.0,94.0,0.1,0.1,0.0,51,12.3
2024-11-23 04:00:00,429,2.7,-1.2,92.0,0.1,0.1,0.0,51,14.2
2024-11-23 05:00:00,407,2.4,-1.8,90.0,0.0,0.0,0.0,2,14.9
2024-11-23 06:00:00,890,1.8,-2.3,88.0,0.0,0.0,0.0,1,13.5
2024-11-23 07:00:00,1607,2.1,-1.8,86.0,0.0,0.0,0.0,0,12.6
2024-11-23 08:00:00,3186,4.2,0.3,80.0,0.0,0.0,0.0,0,13.1
2024-11-23 09:00:00,4940,5.7,1.5,73.0,0.0,0.0,0.0,3,15.2
2024-11-23 10:00:00,6464,6.4,1.7,67.0,0.0,0.0,0.0,3,17.9
2024-11-23 11:00:00,7387,6.8,1.4,66.0,0.0,0.0,0.0,3,23.1
2024-11-23 12:00:00,7772,6.4,0.6,68.0,0.0,0.0,0.0,3,26.0
2024-11-23 13:00:00,8062,7.7,2.1,63.0,0.0,0.0,0.0,3,24.5
2024-11-23 14:00:00,8009,8.0,2.7,63.0,0.0,0.0,0.0,0,23.4
2024-11-23 15:00:00,8179,8.0,2.6,60.0,0.0,0.0,0.0,0,22.7
2024-11-23 16:00:00,7467,7.2,2.3,64.0,0.0,0.0,0.0,0,20.0
2024-11-23 17:00:00,6355,6.3,1.3,68.0,0.0,0.0,0.0,0,20.9
2024-11-23 18:00:00,5821,5.9,1.1,70.0,0.0,0.0,0.0,0,19.1
2024-11-23 19:00:00,5199,5.6,1.3,71.0,0.0,0.0,0.0,3,15.5
2024-11-23 20:00:00,4011,6.9,2.9,68.0,0.0,0.0,0.0,3,14.2
2024-11-23 21:00:00,3600,7.2,3.1,69.0,0.0,0.0,0.0,3,15.8
2024-11-23 22:00:00,3273,7.2,3.3,71.0,0.0,0.0,0.0,2,15.0
2024-11-23 23:00:00,3130,6.8,2.5,71.0,0.0,0.0,0.0,1,17.0
2024-11-24 00:00:00,2453,6.4,1.8,71.0,0.0,0.0,0.0,1,18.4
2024-11-24 01:00:00,1833,6.1,1.8,71.0,0.0,0.0,0.0,0,16.1
2024-11-24 02:00:00,1125,5.6,1.3,70.0,0.0,0.0,0.0,1,15.8
2024-11-24 03:00:00,775,5.4,1.3,70.0,0.0,0.0,0.0,3,13.8
2024-11-24 04:00:00,499,5.2,0.9,67.0,0.0,0.0,0.0,3,14.7
2024-11-24 05:00:00,472,4.9,0.6,67.0,0.0,0.0,0.0,0,14.0
2024-11-24 06:00:00,843,4.5,0.4,71.0,0.0,0.0,0.0,1,13.1
2024-11-24 07:00:00,1601,5.1,0.8,73.0,0.0,0.0,0.0,2,15.1
2024-11-24 08:00:00,2489,7.1,2.5,63.0,0.0,0.0,0.0,3,16.9
2024-11-24 09:00:00,4126,7.6,3.3,62.0,0.0,0.0,0.0,2,16.2
2024-11-24 10:00:00,5748,8.4,3.0,57.0,0.0,0.0,0.0,3,23.0
2024-11-24 11:00:00,7139,8.6,3.3,56.0,0.0,0.0,0.0,1,21.7
2024-11-24 12:00:00,7691,9.1,3.7,52.0,0.0,0.0,0.0,3,22.1
2024-11-24 13:00:00,8085,9.6,4.0,46.0,0.0,0.0,0.0,3,22.3
2024-11-24 14:00:00,8178,9.8,4.4,45.0,0.0,0.0,0.0,3,20.9
2024-11-24 15:00:00,8262,9.8,5.1,50.0,0.0,0.0,0.0,1,17.3
2024-11-24 16:00:00,7903,9.0,5.1,57.0,0.0,0.0,0.0,1,13.4
2024-11-24 17:00:00,6635,8.3,4.6,62.0,0.0,0.0,0.0,2,12.0
2024-11-24 18:00:00,5267,8.0,4.4,65.0,0.0,0.0,0.0,3,12.1
2024-11-24 19:00:00,4417,7.7,4.3,66.0,0.0,0.0,0.0,3,11.0
2024-11-24 20:00:00,3410,7.8,4.3,62.0,0.0,0.0,0.0,2,10.2
2024-11-24 21:00:00,3114,6.6,3.1,64.0,0.0,0.0,0.0,0,9.8
2024-11-24 22:00:00,2325,6.0,2.3,65.0,0.0,0.0,0.0,0,10.4
2024-11-24 23:00:00,1724,5.5,1.7,67.0,0.0,0.0,0.0,0,11.1
2024-11-25 00:00:00,1057,4.9,1.3,71.0,0.0,0.0,0.0,0,9.9
2024-11-25 01:00:00,586,4.4,0.6,73.0,0.0,0.0,0.0,0,11.0
2024-11-25 02:00:00,367,3.9,0.0,73.0,0.0,0.0,0.0,0,11.5
2024-11-25 03:00:00,289,3.4,-0.3,76.0,0.0,0.0,0.0,0,10.1
2024-11-25 04:00:00,331,3.0,-0.5,79.0,0.0,0.0,0.0,2,9.2
2024-11-25 05:00:00,1105,2.7,-0.8,80.0,0.0,0.0,0.0,3,8.9
2024-11-25 06:00:00,2963,2.8,-0.6,80.0,0.0,0.0,0.0,1,8.5
2024-11-25 07:00:00,6649,2.2,-0.9,83.0,0.0,0.0,0.0,3,6.6
2024-11-25 08:00:00,9819,3.6,0.4,76.0,0.0,0.0,0.0,0,6.8
2024-11-25 09:00:00,6708,4.9,2.0,70.0,0.0,0.0,0.0,0,5.1
2024-11-25 10:00:00,4935,6.0,3.2,65.0,0.0,0.0,0.0,0,4.6
2024-11-25 11:00:00,5169,7.1,4.2,62.0,0.0,0.0,0.0,0,5.5
2024-11-25 12:00:00,5817,8.1,5.2,58.0,0.0,0.0,0.0,0,5.4
2024-11-25 13:00:00,6337,9.0,6.0,55.0,0.0,0.0,0.0,0,6.3
2024-11-25 14:00:00,7426,9.6,6.6,53.0,0.0,0.0,0.0,2,6.4
2024-11-25 15:00:00,8777,10.0,7.1,53.0,0.0,0.0,0.0,3,5.9
2024-11-25 16:00:00,9730,8.9,6.8,67.0,0.0,0.0,0.0,3,3.0
2024-11-25 17:00:00,11801,7.4,4.9,70.0,0.0,0.0,0.0,2,4.8
2024-11-25 18:00:00,10680,7.0,4.3,71.0,0.0,0.0,0.0,3,6.2
2024-11-25 19:00:00,7625,6.7,4.1,72.0,0.0,0.0,0.0,3,5.8
2024-11-25 20:00:00,5556,7.5,4.6,66.0,0.0,0.0,0.0,3,6.5
2024-11-25 21:00:00,4395,7.1,4.6,71.0,0.0,0.0,0.0,3,5.0
2024-11-25 22:00:00,3120,7.8,5.5,71.0,0.0,0.0,0.0,3,4.9
2024-11-25 23:00:00,2150,7.9,5.6,72.0,0.0,0.0,0.0,3,5.3
2024-11-26 00:00:00,1288,7.9,5.5,74.0,0.0,0.0,0.0,3,5.9
2024-11-26 01:00:00,676,8.0,5.7,74.0,0.0,0.0,0.0,3,5.0
2024-11-26 02:00:00,406,8.0,5.7,74.0,0.0,0.0,0.0,3,5.7
2024-11-26 03:00:00,302,8.2,5.8,74.0,0.0,0.0,0.0,3,6.2
2024-11-26 04:00:00,375,8.4,6.0,75.0,0.0,0.0,0.0,2,6.7
2024-11-26 05:00:00,1187,8.0,5.9,83.0,0.0,0.0,0.0,3,6.8
2024-11-26 06:00:00,3156,8.9,7.3,89.0,0.0,0.0,0.0,3,5.8
2024-11-26 07:00:00,4969,10.2,8.7,91.0,0.0,0.0,0.0,3,7.8
2024-11-26 08:00:00,3422,11.3,10.0,91.0,1.0,1.0,0.0,55,8.3
2024-11-26 09:00:00,2566,11.2,10.0,96.0,1.3,1.3,0.0,61,9.2
2024-11-26 10:00:00,2571,10.5,9.3,96.0,0.8,0.8,0.0,53,8.5
2024-11-26 11:00:00,3789,11.4,9.9,90.0,0.4,0.4,0.0,51,10.0
2024-11-26 12:00:00,5106,11.9,10.0,84.0,0.0,0.0,0.0,2,12.1
2024-11-26 13:00:00,6219,13.4,10.9,71.0,0.0,0.0,0.0,1,14.2
2024-11-26 14:00:00,7524,13.9,11.3,64.0,0.0,0.0,0.0,0,13.2
2024-11-26 15:00:00,9035,13.8,11.6,63.0,0.0,0.0,0.0,0,9.4
2024-11-26 16:00:00,9857,12.9,10.6,62.0,0.0,0.0,0.0,0,9.1
2024-11-26 17:00:00,11601,11.5,8.6,63.0,0.0,0.0,0.0,0,10.8
2024-11-26 18:00:00,10105,9.9,5.8,54.0,0.0,0.0,0.0,0,15.1
2024-11-26 19:00:00,7376,8.9,4.8,55.0,0.0,0.0,0.0,0,13.5
2024-11-26 20:00:00,5279,8.5,4.8,56.0,0.0,0.0,0.0,0,10.8
2024-11-26 21:00:00,3867,7.2,3.9,63.0,0.0,0.0,0.0,0,8.5
2024-11-26 22:00:00,3239,6.1,2.9,70.0,0.0,0.0,0.0,0,7.8
2024-11-26 23:00:00,2209,5.4,2.2,71.0,0.0,0.0,0.0,0,8.3
2024-11-27 00:00:00,1423,4.8,1.6,71.0,0.0,0.0,0.0,0,7.7
2024-11-27 01:00:00,797,4.3,1.0,72.0,0.0,0.0,0.0,1,7.4
2024-11-27 02:00:00,477,3.7,0.5,74.0,0.0,0.0,0.0,3,7.0
2024-11-27 03:00:00,311,3.3,0.1,76.0,0.0,0.0,0.0,3,6.8
2024-11-27 04:00:00,355,3.2,0.1,76.0,0.0,0.0,0.0,2,6.3
2024-11-27 05:00:00,936,2.7,-0.4,79.0,0.0,0.0,0.0,1,5.6
2024-11-27 06:00:00,2518,2.4,-0.7,80.0,0.0,0.0,0.0,1,6.0
2024-11-27 07:00:00,5008,2.0,-1.1,81.0,0.0,0.0,0.0,1,6.2
2024-11-27 08:00:00,7230,2.8,-0.7,76.0,0.0,0.0,0.0,3,8.0
2024-11-27 09:00:00,6138,4.2,0.9,71.0,0.0,0.0,0.0,2,7.5
2024-11-27 10:00:00,5192,5.8,2.5,65.0,0.0,0.0,0.0,3,7.7
2024-11-27 11:00:00,5873,7.6,4.1,56.0,0.0,0.0,0.0,3,8.7
2024-11-27 12:00:00,6938,8.7,4.9,50.0,0.0,0.0,0.0,0,10.2
2024-11-27 13:00:00,7416,9.3,5.5,48.0,0.0,0.0,0.0,1,10.0
2024-11-27 14:00:00,9238,9.5,5.8,47.0,0.0,0.0,0.0,0,9.5
2024-11-27 15:00:00,9723,9.3,5.7,49.0,0.0,0.0,0.0,1,9.3
2024-11-27 16:00:00,9774,8.3,5.2,56.0,0.0,0.0,0.0,3,7.0
2024-11-27 17:00:00,8631,6.9,3.9,63.0,0.0,0.0,0.0,3,6.3
2024-11-27 18:00:00,7356,6.3,3.5,67.0,0.0,0.0,0.0,3,5.3
2024-11-27 19:00:00,5622,5.9,3.3,71.0,0.0,0.0,0.0,3,4.7
2024-11-27 20:00:00,4058,4.7,1.8,71.0,0.0,0.0,0.0,3,4.8
2024-11-27 21:00:00,3434,4.2,1.4,74.0,0.0,0.0,0.0,3,4.6
2024-11-27 22:00:00,2866,4.7,2.1,74.0,0.0,0.0,0.0,3,4.2
2024-11-27 23:00:00,2239,4.7,2.2,77.0,0.0,0.0,0.0,3,3.5
2024-11-28 00:00:00,1670,4.8,2.7,76.0,0.0,0.0,0.0,3,0.8
2024-11-28 01:00:00,1115,4.4,2.3,80.0,0.0,0.0,0.0,3,1.6
2024-11-28 02:00:00,819,4.6,2.2,79.0,0.0,0.0,0.0,3,3.0
2024-11-28 03:00:00,564,4.6,1.9,78.0,0.0,0.0,0.0,3,5.1
2024-11-28 04:00:00,417,4.9,2.1,79.0,0.1,0.1,0.0,51,6.2
2024-11-28 05:00:00,223,5.1,1.8,80.0,0.3,0.3,0.0,51,10.6
2024-11-28 06:00:00,314,5.2,2.1,87.0,0.6,0.6,0.0,53,10.3
2024-11-28 07:00:00,496,5.4,2.0,93.0,1.1,1.1,0.0,55,13.6
2024-11-28 08:00:00,621,5.3,1.8,95.0,1.8,1.8,0.0,61,14.8
2024-11-28 09:00:00,587,6.7,3.9,95.0,1.8,1.8,0.0,61,11.9
2024-11-28 10:00:00,589,7.9,6.6,95.0,1.8,1.8,0.0,61,3.8
2024-11-28 11:00:00,736,8.8,6.5,97.0,1.6,1.6,0.0,61,12.6
2024-11-28 12:00:00,940,8.9,7.0,97.0,0.7,0.7,0.0,53,9.9
2024-11-28 13:00:00,1569,10.3,8.6,96.0,0.5,0.5,0.0,53,11.2
2024-11-28 14:00:00,2072,10.0,6.7,92.0,0.4,0.4,0.0,51,19.9
2024-11-28 15:00:00,2268,8.3,5.1,90.0,0.3,0.3,0.0,51,16.1
2024-11-28 16:00:00,2114,6.5,2.5,86.0,0.0,0.0,0.0,2,18.0
2024-11-28 17:00:00,1726,5.6,1.3,80.0,0.0,0.0,0.0,2,17.8
2024-11-28 18:00:00,1499,5.3,0.3,76.0,0.0,0.0,0.0,2,20.8
2024-11-28 19:00:00,1357,4.7,-0.2,74.0,0.0,0.0,0.0,2,19.6
2024-11-28 20:00:00,1298,4.8,0.1,75.0,0.0,0.0,0.0,2,18.3
2024-11-28 21:00:00,1363,4.7,0.1,73.0,0.0,0.0,0.0,1,17.1
2024-11-28 22:00:00,1467,4.4,-0.3,74.0,0.0,0.0,0.0,1,17.7
2024-11-28 23:00:00,1288,4.3,-0.4,72.0,0.0,0.0,0.0,0,17.2
2024-11-29 00:00:00,884,3.5,-1.0,70.0,0.0,0.0,0.0,0,14.7
2024-11-29 01:00:00,593,2.9,-1.4,71.0,0.0,0.0,0.0,0,12.6
2024-11-29 02:00:00,338,2.5,-1.6,72.0,0.0,0.0,0.0,0,11.7
2024-11-29 03:00:00,245,2.0,-1.6,75.0,0.0,0.0,0.0,0,8.4
2024-11-29 04:00:00,224,1.5,-2.0,80.0,0.0,0.0,0.0,0,7.7
2024-11-29 05:00:00,360,1.1,-2.3,83.0,0.0,0.0,0.0,0,7.3
2024-11-29 06:00:00,878,0.9,-2.5,86.0,0.0,0.0,0.0,0,7.6
2024-11-29 07:00:00,1493,0.7,-2.8,88.0,0.0,0.0,0.0,0,8.2
2024-11-29 08:00:00,2058,2.6,-0.6,84.0,0.0,0.0,0.0,3,8.0
2024-11-29 09:00:00,2675,3.2,0.1,82.0,0.0,0.0,0.0,3,7.1
2024-11-29 10:00:00,3230,4.2,1.0,78.0,0.0,0.0,0.0,1,7.6
2024-11-29 11:00:00,3959,5.7,2.5,69.0,0.0,0.0,0.0,1,7.8
2024-11-29 12:00:00,4624,6.8,1.9,51.0,0.1,0.1,0.0,51,16.3
2024-11-29 13:00:00,5038,7.0,1.7,49.0,0.0,0.0,0.0,3,18.4
2024-11-29 14:00:00,5258,6.0,1.0,56.0,0.0,0.0,0.0,3,17.0
2024-11-29 15:00:00,5151,4.7,1.0,70.0,0.3,0.3,0.0,51,9.9
2024-11-29 16:00:00,4344,4.4,0.4,71.0,0.0,0.0,0.0,2,12.8
2024-11-29 17:00:00,3849,3.7,-0.3,73.0,0.0,0.0,0.0,0,12.1
2024-11-29 18:00:00,3656,3.1,-0.7,75.0,0.0,0.0,0.0,0,10.6
2024-11-29 19:00:00,3074,2.9,-1.5,68.0,0.0,0.0,0.0,1,12.7
2024-11-29 20:00:00,2397,1.9,-2.9,58.0,0.0,0.0,0.0,0,13.2
2024-11-29 21:00:00,2092,1.3,-3.3,61.0,0.0,0.0,0.0,0,12.1
2024-11-29 22:00:00,1895,0.8,-3.9,61.0,0.0,0.0,0.0,0,12.7
2024-11-29 23:00:00,1491,0.3,-4.4,61.0,0.0,0.0,0.0,0,12.2
2024-11-30 00:00:00,1127,-0.3,-4.9,64.0,0.0,0.0,0.0,0,11.5
2024-11-30 01:00:00,755,-0.8,-5.4,65.0,0.0,0.0,0.0,0,11.4
2024-11-30 02:00:00,491,-1.3,-5.9,66.0,0.0,0.0,0.0,0,11.2
2024-11-30 03:00:00,375,-1.6,-6.2,67.0,0.0,0.0,0.0,0,11.1
2024-11-30 04:00:00,255,-1.9,-6.5,67.0,0.0,0.0,0.0,0,10.5
2024-11-30 05:00:00,248,-2.2,-6.7,68.0,0.0,0.0,0.0,0,10.3
2024-11-30 06:00:00,557,-2.4,-6.9,68.0,0.0,0.0,0.0,0,10.3
2024-11-30 07:00:00,1067,-2.6,-7.2,69.0,0.0,0.0,0.0,0,10.1
2024-11-30 08:00:00,1742,-1.6,-5.8,67.0,0.0,0.0,0.0,0,8.0
2024-11-30 09:00:00,2779,-0.6,-5.0,60.0,0.0,0.0,0.0,0,9.7
2024-11-30 10:00:00,3639,0.5,-4.2,55.0,0.0,0.0,0.0,0,11.9
2024-11-30 11:00:00,4328,1.5,-3.4,51.0,0.0,0.0,0.0,0,12.4
2024-11-30 12:00:00,4645,2.2,-3.0,47.0,0.0,0.0,0.0,0,14.1
2024-11-30 13:00:00,4930,2.7,-2.8,43.0,0.0,0.0,0.0,1,16.2
2024-11-30 14:00:00,5005,2.8,-2.9,41.0,0.0,0.0,0.0,1,17.2
2024-11-30 15:00:00,5163,2.5,-3.2,41.0,0.0,0.0,0.0,3,16.9
2024-11-30 16:00:00,4699,1.9,-3.0,45.0,0.0,0.0,0.0,3,11.9
2024-11-30 17:00:00,3957,1.2,-3.7,49.0,0.0,0.0,0.0,2,11.7
2024-11-30 18:00:00,3553,0.4,-4.3,53.0,0.0,0.0,0.0,0,11.1
2024-11-30 19:00:00,3407,-0.4,-5.0,56.0,0.0,0.0,0.0,0,10.3
2024-11-30 20:00:00,2449,-0.8,-5.7,54.0,0.0,0.0,0.0,0,11.7
2024-11-30 21:00:00,1909,-1.4,-6.3,57.0,0.0,0.0,0.0,0,11.7
2024-11-30 22:00:00,1814,-1.9,-6.9,59.0,0.0,0.0,0.0,0,12.1
2024-11-30 23:00:00,1591,-2.3,-7.2,60.0,0.0,0.0,0.0,0,11.6
2024-12-01 00:00:00,1210,-2.7,-7.4,61.0,0.0,0.0,0.0,0,10.3
2024-12-01 01:00:00,856,-3.0,-7.4,63.0,0.0,0.0,0.0,0,8.4
2024-12-01 02:00:00,491,-3.4,-7.8,65.0,0.0,0.0,0.0,0,8.6
2024-12-01 03:00:00,371,-3.8,-8.3,66.0,0.0,0.0,0.0,1,8.8
2024-12-01 04:00:00,255,-4.0,-8.3,66.0,0.0,0.0,0.0,3,7.5
2024-12-01 05:00:00,261,-4.2,-8.3,69.0,0.0,0.0,0.0,1,6.7
2024-12-01 06:00:00,505,-4.2,-8.4,71.0,0.0,0.0,0.0,0,7.6
2024-12-01 07:00:00,900,-4.2,-8.5,72.0,0.0,0.0,0.0,3,7.8
2024-12-01 08:00:00,1568,-3.7,-8.3,60.0,0.0,0.0,0.0,3,8.9
2024-12-01 09:00:00,2577,-2.5,-7.2,54.0,0.0,0.0,0.0,3,9.5
2024-12-01 10:00:00,3418,-1.1,-5.9,49.0,0.0,0.0,0.0,3,9.8
2024-12-01 11:00:00,3972,0.5,-4.7,44.0,0.0,0.0,0.0,3,12.7
2024-12-01 12:00:00,4237,1.5,-4.4,38.0,0.0,0.0,0.0,3,17.6
2024-12-01 13:00:00,4753,1.8,-4.1,38.0,0.0,0.0,0.0,0,17.5
2024-12-01 14:00:00,5033,2.0,-3.9,37.0,0.0,0.0,0.0,0,18.0
2024-12-01 15:00:00,5201,1.5,-4.1,39.0,0.0,0.0,0.0,0,15.8
2024-12-01 16:00:00,4888,0.6,-4.5,43.0,0.0,0.0,0.0,0,12.4
2024-12-01 17:00:00,4204,-0.4,-5.4,48.0,0.0,0.0,0.0,0,11.7
2024-12-01 18:00:00,3815,-0.7,-5.8,51.0,0.0,0.0,0.0,0,12.8
2024-12-01 19:00:00,2976,-1.0,-5.9,53.0,0.0,0.0,0.0,0,11.2
2024-12-01 20:00:00,2328,-1.2,-5.7,56.0,0.0,0.0,0.0,0,9.2
2024-12-01 21:00:00,1802,-1.8,-6.0,60.0,0.0,0.0,0.0,0,7.6
2024-12-01 22:00:00,1414,-1.9,-6.2,60.0,0.0,0.0,0.0,0,7.7
2024-12-01 23:00:00,1033,-2.0,-6.3,60.0,0.0,0.0,0.0,0,7.4
2024-12-02 00:00:00,582,-2.2,-6.3,60.0,0.0,0.0,0.0,0,6.8
2024-12-02 01:00:00,368,-2.4,-6.4,62.0,0.0,0.0,0.0,0,6.2
2024-12-02 02:00:00,232,-2.6,-6.6,63.0,0.0,0.0,0.0,0,5.5
2024-12-02 03:00:00,185,-2.8,-6.7,65.0,0.0,0.0,0.0,0,5.1
2024-12-02 04:00:00,248,-2.9,-6.8,65.0,0.0,0.0,0.0,0,5.4
2024-12-02 05:00:00,899,-2.9,-6.9,66.0,0.0,0.0,0.0,0,5.7
2024-12-02 06:00:00,2592,-3.0,-7.0,67.0,0.0,0.0,0.0,0,5.7
2024-12-02 07:00:00,5723,-3.1,-7.0,68.0,0.0,0.0,0.0,0,5.5
2024-12-02 08:00:00,8258,-2.7,-7.1,59.0,0.0,0.0,0.0,0,7.9
2024-12-02 09:00:00,5453,-1.3,-5.7,52.0,0.0,0.0,0.0,0,8.1
2024-12-02 10:00:00,3704,0.2,-4.3,48.0,0.0,0.0,0.0,0,8.2
2024-12-02 11:00:00,3601,1.5,-2.9,44.0,0.0,0.0,0.0,0,8.0
2024-12-02 12:00:00,3956,2.2,-2.1,46.0,0.0,0.0,0.0,0,7.9
2024-12-02 13:00:00,4366,3.0,-1.6,43.0,0.0,0.0,0.0,2,10.5
2024-12-02 14:00:00,5269,3.2,-1.4,43.0,0.0,0.0,0.0,2,10.5
2024-12-02 15:00:00,6177,2.8,-1.4,47.0,0.0,0.0,0.0,1,7.7
2024-12-02 16:00:00,7088,1.4,-2.2,57.0,0.0,0.0,0.0,1,4.8
2024-12-02 17:00:00,9095,0.0,-3.9,61.0,0.0,0.0,0.0,1,6.7
2024-12-02 18:00:00,8100,-0.9,-4.6,67.0,0.0,0.0,0.0,0,5.3
2024-12-02 19:00:00,5581,-1.3,-5.0,70.0,0.0,0.0,0.0,0,5.4
2024-12-02 20:00:00,4052,-1.0,-4.9,67.0,0.0,0.0,0.0,0,6.9
2024-12-02 21:00:00,2850,-1.3,-5.3,68.0,0.0,0.0,0.0,0,7.2
2024-12-02 22:00:00,1886,-1.4,-5.4,70.0,0.0,0.0,0.0,0,7.4
2024-12-02 23:00:00,1293,-1.7,-5.5,72.0,0.0,0.0,0.0,0,6.1
2024-12-03 00:00:00,702,-1.8,-5.7,74.0,0.0,0.0,0.0,0,6.6
2024-12-03 01:00:00,356,-2.0,-5.8,75.0,0.0,0.0,0.0,0,6.4
2024-12-03 02:00:00,255,-2.2,-5.9,76.0,0.0,0.0,0.0,0,5.7
2024-12-03 03:00:00,169,-2.3,-6.1,76.0,0.0,0.0,0.0,0,6.2
2024-12-03 04:00:00,297,-2.4,-6.2,77.0,0.0,0.0,0.0,0,6.7
2024-12-03 05:00:00,1081,-2.5,-6.4,77.0,0.0,0.0,0.0,0,6.9
2024-12-03 06:00:00,2926,-2.5,-6.4,77.0,0.0,0.0,0.0,0,7.2
2024-12-03 07:00:00,6560,-2.4,-6.3,77.0,0.0,0.0,0.0,0,7.0
2024-12-03 08:00:00,10023,-1.0,-4.8,76.0,0.0,0.0,0.0,0,7.3
2024-12-03 09:00:00,6645,0.4,-3.2,72.0,0.0,0.0,0.0,0,6.7
2024-12-03 10:00:00,4338,1.8,-1.8,66.0,0.0,0.0,0.0,0,6.7
2024-12-03 11:00:00,4051,3.1,-1.2,54.0,0.0,0.0,0.0,2,10.2
2024-12-03 12:00:00,4481,3.6,-0.8,52.0,0.0,0.0,0.0,1,10.6
2024-12-03 13:00:00,4774,4.1,-0.4,46.0,0.0,0.0,0.0,1,10.3
2024-12-03 14:00:00,5402,4.4,-0.2,43.0,0.0,0.0,0.0,1,10.7
2024-12-03 15:00:00,6535,4.2,-0.3,42.0,0.0,0.0,0.0,1,9.7
2024-12-03 16:00:00,7834,3.3,-0.9,48.0,0.0,0.0,0.0,1,8.6
2024-12-03 17:00:00,10146,2.4,-2.1,54.0,0.0,0.0,0.0,1,11.1
2024-12-03 18:00:00,8996,1.4,-3.1,60.0,0.0,0.0,0.0,0,11.6
2024-12-03 19:00:00,6554,0.6,-3.8,63.0,0.0,0.0,0.0,0,10.6
2024-12-03 20:00:00,4268,0.2,-4.5,59.0,0.0,0.0,0.0,0,11.4
2024-12-03 21:00:00,3224,-0.3,-4.9,59.0,0.0,0.0,0.0,0,10.3
2024-12-03 22:00:00,2454,-1.2,-5.5,61.0,0.0,0.0,0.0,0,8.4
2024-12-03 23:00:00,1458,-1.8,-5.9,64.0,0.0,0.0,0.0,0,7.0
2024-12-04 00:00:00,806,-2.5,-6.2,70.0,0.0,0.0,0.0,0,4.8
2024-12-04 01:00:00,387,-2.7,-6.4,71.0,0.0,0.0,0.0,0,4.7
2024-12-04 02:00:00,213,-2.8,-6.5,72.0,0.0,0.0,0.0,0,4.7
2024-12-04 03:00:00,183,-3.2,-6.7,75.0,0.0,0.0,0.0,0,3.8
2024-12-04 04:00:00,253,-3.4,-6.8,80.0,0.0,0.0,0.0,0,3.5
2024-12-04 05:00:00,992,-3.4,-6.9,84.0,0.0,0.0,0.0,0,4.1
2024-12-04 06:00:00,2901,-3.5,-7.0,87.0,0.0,0.0,0.0,0,4.7
2024-12-04 07:00:00,6444,-3.6,-7.1,89.0,0.0,0.0,0.0,0,5.2
2024-12-04 08:00:00,9952,-3.3,-7.2,74.0,0.0,0.0,0.0,3,5.6
2024-12-04 09:00:00,6986,-1.9,-5.6,65.0,0.0,0.0,0.0,2,4.5
2024-12-04 10:00:00,4451,-0.2,-4.1,57.0,0.0,0.0,0.0,3,5.8
2024-12-04 11:00:00,4264,1.2,-3.2,49.0,0.0,0.0,0.0,3,8.3
2024-12-04 12:00:00,4503,1.6,-3.0,48.0,0.0,0.0,0.0,3,10.1
2024-12-04 13:00:00,4822,1.6,-3.1,49.0,0.0,0.0,0.0,3,10.9
2024-12-04 14:00:00,5682,1.5,-3.0,49.0,0.0,0.0,0.0,3,9.8
2024-12-04 15:00:00,6613,1.8,-2.6,49.0,0.0,0.0,0.0,3,9.0
2024-12-04 16:00:00,7618,1.4,-3.1,51.0,0.0,0.0,0.0,3,9.7
2024-12-04 17:00:00,10015,1.4,-3.4,51.0,0.0,0.0,0.0,3,12.1
2024-12-04 18:00:00,9555,1.6,-3.5,52.0,0.0,0.0,0.0,3,14.3
2024-12-04 19:00:00,6659,1.6,-3.5,54.0,0.0,0.0,0.0,3,14.6
2024-12-04 20:00:00,4463,2.8,-2.4,54.0,0.0,0.0,0.0,3,15.7
2024-12-04 21:00:00,3389,2.9,-2.2,56.0,0.0,0.0,0.0,3,15.6
2024-12-04 22:00:00,2858,3.0,-2.0,56.0,0.0,0.0,0.0,3,14.9
2024-12-04 23:00:00,1419,3.1,-1.8,57.0,0.0,0.0,0.0,3,15.0
2024-12-05 00:00:00,496,1.9,-2.9,75.0,0.4,0.2,0.14,71,16.1
2024-12-05 01:00:00,272,1.1,-3.6,87.0,0.9,0.3,0.42,73,16.7
2024-12-05 02:00:00,204,1.2,-3.4,88.0,0.3,0.2,0.07,71,16.2
2024-12-05 03:00:00,162,1.5,-2.9,85.0,0.1,0.1,0.0,51,14.7
2024-12-05 04:00:00,241,1.9,-2.2,81.0,0.1,0.1,0.0,51,13.0
2024-12-05 05:00:00,905,2.4,-2.0,75.0,0.1,0.1,0.0,51,13.8
2024-12-05 06:00:00,1845,2.8,-2.3,69.0,0.3,0.2,0.07,71,18.0
2024-12-05 07:00:00,5284,2.0,-3.0,78.0,0.5,0.5,0.0,53,18.2
2024-12-05 08:00:00,8947,1.3,-3.2,87.0,0.4,0.2,0.14,71,15.2
2024-12-05 09:00:00,6753,1.8,-2.7,87.0,0.0,0.0,0.0,3,15.6
2024-12-05 10:00:00,4163,2.6,-1.4,87.0,0.0,0.0,0.0,2,13.9
2024-12-05 11:00:00,3891,3.8,-1.8,73.0,0.1,0.1,0.0,51,23.6
2024-12-05 12:00:00,4258,3.3,-3.1,51.0,0.0,0.0,0.0,0,23.9
2024-12-05 13:00:00,4491,2.4,-4.8,44.0,0.0,0.0,0.0,0,27.4
2024-12-05 14:00:00,5189,2.0,-5.2,47.0,0.0,0.0,0.0,2,27.8
2024-12-05 15:00:00,5943,1.5,-4.7,54.0,0.0,0.0,0.0,2,22.5
2024-12-05 16:00:00,6982,0.9,-4.8,60.0,0.0,0.0,0.0,0,19.6
2024-12-05 17:00:00,9174,0.6,-5.1,61.0,0.0,0.0,0.0,0,19.0
2024-12-05 18:00:00,8622,0.7,-5.4,57.0,0.0,0.0,0.0,0,21.3
2024-12-05 19:00:00,6204,-0.1,-6.3,56.0,0.0,0.0,0.0,2,21.7
2024-12-05 20:00:00,4175,0.0,-6.3,52.0,0.0,0.0,0.0,1,22.0
2024-12-05 21:00:00,3043,-0.6,-6.7,55.0,0.0,0.0,0.0,3,20.7
2024-12-05 22:00:00,2573,-0.4,-6.3,57.0,0.0,0.0,0.0,1,19.3
2024-12-05 23:00:00,1949,-0.8,-6.5,61.0,0.0,0.0,0.0,1,18.2
2024-12-06 00:00:00,1159,-0.8,-6.5,60.0,0.0,0.0,0.0,1,18.6
2024-12-06 01:00:00,585,-0.7,-6.4,60.0,0.0,0.0,0.0,2,17.9
2024-12-06 02:00:00,325,-1.0,-6.6,63.0,0.0,0.0,0.0,2,17.6
2024-12-06 03:00:00,237,-1.7,-7.5,63.0,0.0,0.0,0.0,3,18.8
2024-12-06 04:00:00,287,-2.0,-7.8,63.0,0.0,0.0,0.0,3,18.4
2024-12-06 05:00:00,825,-2.3,-7.8,63.0,0.0,0.0,0.0,1,16.6
2024-12-06 06:00:00,2174,-2.4,-7.9,62.0,0.0,0.0,0.0,3,16.0
2024-12-06 07:00:00,5091,-2.3,-7.6,61.0,0.0,0.0,0.0,3,14.6
2024-12-06 08:00:00,7368,-1.6,-7.0,55.0,0.0,0.0,0.0,3,15.0
2024-12-06 09:00:00,5529,-1.5,-7.4,53.0,0.0,0.0,0.0,3,18.6
2024-12-06 10:00:00,4099,-1.5,-7.3,54.0,0.0,0.0,0.0,3,17.2
2024-12-06 11:00:00,4180,-1.6,-7.4,52.0,0.0,0.0,0.0,3,17.2
2024-12-06 12:00:00,4849,-1.2,-7.2,49.0,0.0,0.0,0.0,3,18.5
2024-12-06 13:00:00,5167,-1.1,-7.0,49.0,0.0,0.0,0.0,2,18.0
2024-12-06 14:00:00,5866,-0.7,-6.6,43.0,0.0,0.0,0.0,0,17.0
2024-12-06 15:00:00,6438,-0.8,-6.5,40.0,0.0,0.0,0.0,1,15.4
2024-12-06 16:00:00,7250,-1.6,-6.8,47.0,0.0,0.0,0.0,0,12.9
2024-12-06 17:00:00,7972,-2.4,-7.4,53.0,0.0,0.0,0.0,1,11.3
2024-12-06 18:00:00,7193,-2.8,-7.5,57.0,0.0,0.0,0.0,2,9.8
2024-12-06 19:00:00,5436,-2.7,-7.2,58.0,0.0,0.0,0.0,2,8.5
2024-12-06 20:00:00,3731,-2.4,-6.5,58.0,0.0,0.0,0.0,0,5.9
2024-12-06 21:00:00,2858,-2.7,-7.1,58.0,0.0,0.0,0.0,1,7.9
2024-12-06 22:00:00,2422,-2.8,-7.5,57.0,0.0,0.0,0.0,3,9.7
2024-12-06 23:00:00,2234,-2.5,-7.4,58.0,0.0,0.0,0.0,1,11.9
2024-12-07 00:00:00,1880,-2.5,-7.5,62.0,0.0,0.0,0.0,1,12.5
2024-12-07 01:00:00,1257,-2.4,-7.4,63.0,0.0,0.0,0.0,3,12.8
2024-12-07 02:00:00,792,-2.4,-7.4,63.0,0.0,0.0,0.0,2,12.9
2024-12-07 03:00:00,477,-2.5,-7.5,62.0,0.0,0.0,0.0,0,13.2
2024-12-07 04:00:00,331,-2.7,-7.7,63.0,0.0,0.0,0.0,0,12.6
2024-12-07 05:00:00,380,-2.9,-7.8,64.0,0.0,0.0,0.0,0,11.9
2024-12-07 06:00:00,727,-3.1,-8.1,65.0,0.0,0.0,0.0,0,12.1
2024-12-07 07:00:00,1484,-3.3,-8.1,65.0,0.0,0.0,0.0,0,11.5
2024-12-07 08:00:00,2517,-1.6,-6.0,65.0,0.0,0.0,0.0,0,9.4
2024-12-07 09:00:00,3920,-0.5,-5.0,62.0,0.0,0.0,0.0,0,10.7
2024-12-07 10:00:00,5089,0.9,-3.9,56.0,0.0,0.0,0.0,0,12.1
2024-12-07 11:00:00,5937,2.2,-2.8,51.0,0.0,0.0,0.0,0,13.5
2024-12-07 12:00:00,6628,3.1,-1.8,48.0,0.0,0.0,0.0,0,13.5
2024-12-07 13:00:00,6937,3.7,-1.4,46.0,0.0,0.0,0.0,3,14.0
2024-12-07 14:00:00,6928,4.0,-1.1,45.0,0.0,0.0,0.0,3,14.2
2024-12-07 15:00:00,7025,3.6,-1.3,45.0,0.0,0.0,0.0,1,13.1
2024-12-07 16:00:00,6489,2.8,-1.5,51.0,0.0,0.0,0.0,3,9.3
2024-12-07 17:00:00,5635,2.1,-2.2,56.0,0.0,0.0,0.0,3,10.0
2024-12-07 18:00:00,5378,1.3,-3.0,59.0,0.0,0.0,0.0,3,10.0
2024-12-07 19:00:00,4631,1.1,-3.3,60.0,0.0,0.0,0.0,3,10.0
2024-12-07 20:00:00,3644,0.9,-3.4,59.0,0.0,0.0,0.0,3,9.2
2024-12-07 21:00:00,2847,0.8,-3.6,59.0,0.0,0.0,0.0,3,10.4
2024-12-07 22:00:00,2769,0.8,-3.8,60.0,0.0,0.0,0.0,3,11.9
2024-12-07 23:00:00,2711,0.9,-3.9,61.0,0.1,0.0,0.07,71,13.0
2024-12-08 00:00:00,2280,0.7,-4.2,58.0,0.0,0.0,0.0,3,13.5
2024-12-08 01:00:00,1550,0.9,-4.1,54.0,0.0,0.0,0.0,3,14.0
2024-12-08 02:00:00,986,1.1,-4.0,53.0,0.0,0.0,0.0,3,14.0
2024-12-08 03:00:00,637,1.3,-3.7,54.0,0.0,0.0,0.0,3,13.7
2024-12-08 04:00:00,378,1.3,-3.8,55.0,0.0,0.0,0.0,3,14.7
2024-12-08 05:00:00,368,1.7,-3.5,55.0,0.0,0.0,0.0,3,15.6
2024-12-08 06:00:00,619,2.1,-3.3,56.0,0.0,0.0,0.0,3,17.3
2024-12-08 07:00:00,1158,2.3,-3.2,56.0,0.0,0.0,0.0,3,18.0
2024-12-08 08:00:00,1993,3.5,-1.5,50.0,0.0,0.0,0.0,2,14.7
2024-12-08 09:00:00,3399,4.3,-0.7,50.0,0.0,0.0,0.0,1,14.9
2024-12-08 10:00:00,5135,5.9,1.8,50.0,0.0,0.0,0.0,3,9.6
2024-12-08 11:00:00,6562,7.4,3.4,49.0,0.0,0.0,0.0,3,10.2
2024-12-08 12:00:00,7824,9.1,5.2,48.0,0.0,0.0,0.0,3,10.5
2024-12-08 13:00:00,8317,10.4,5.0,42.0,0.0,0.0,0.0,3,20.3
2024-12-08 14:00:00,8577,10.2,5.3,44.0,0.0,0.0,0.0,3,17.8
2024-12-08 15:00:00,8557,9.5,5.1,48.0,0.0,0.0,0.0,0,14.5
2024-12-08 16:00:00,8245,8.6,4.4,52.0,0.0,0.0,0.0,0,13.1
2024-12-08 17:00:00,6900,7.6,3.6,57.0,0.0,0.0,0.0,0,11.9
2024-12-08 18:00:00,6049,6.9,3.0,60.0,0.0,0.0,0.0,0,11.9
2024-12-08 19:00:00,4872,6.4,2.4,62.0,0.0,0.0,0.0,0,12.6
2024-12-08 20:00:00,3682,5.9,2.7,62.0,0.0,0.0,0.0,0,6.4
2024-12-08 21:00:00,2935,5.1,2.0,65.0,0.0,0.0,0.0,0,6.2
2024-12-08 22:00:00,2414,4.0,1.0,71.0,0.0,0.0,0.0,0,5.1
2024-12-08 23:00:00,1628,3.5,0.8,72.0,0.0,0.0,0.0,0,2.7
2024-12-09 00:00:00,997,2.5,0.0,77.0,0.0,0.0,0.0,0,1.8
2024-12-09 01:00:00,493,2.0,-0.3,79.0,0.0,0.0,0.0,0,0.0
2024-12-09 02:00:00,309,1.3,-1.2,82.0,0.0,0.0,0.0,2,1.2
2024-12-09 03:00:00,202,0.7,-1.8,85.0,0.0,0.0,0.0,3,1.1
2024-12-09 04:00:00,312,0.7,-1.9,86.0,0.0,0.0,0.0,3,2.2
2024-12-09 05:00:00,1083,0.7,-1.9,86.0,0.0,0.0,0.0,3,1.7
2024-12-09 06:00:00,3071,0.5,-2.2,86.0,0.0,0.0,0.0,3,2.6
2024-12-09 07:00:00,6861,0.5,-2.5,87.0,0.0,0.0,0.0,3,4.0
2024-12-09 08:00:00,10371,1.3,-1.9,78.0,0.0,0.0,0.0,3,5.7
2024-12-09 09:00:00,7057,4.0,0.7,70.0,0.0,0.0,0.0,3,7.0
2024-12-09 10:00:00,4897,6.6,3.5,67.0,0.0,0.0,0.0,3,7.5
2024-12-09 11:00:00,4572,8.2,5.2,69.0,0.0,0.0,0.0,3,9.2
2024-12-09 12:00:00,3507,9.1,6.0,73.0,0.0,0.0,0.0,3,12.4
2024-12-09 13:00:00,1959,9.5,6.7,77.0,0.3,0.3,0.0,51,11.7
2024-12-09 14:00:00,2002,8.3,6.3,90.0,2.0,2.0,0.0,61,8.5
2024-12-09 15:00:00,3611,8.0,6.4,94.0,2.0,2.0,0.0,61,6.2
2024-12-09 16:00:00,4053,8.0,6.6,95.0,1.5,1.5,0.0,61,4.5
2024-12-09 17:00:00,5916,7.8,6.5,96.0,0.8,0.8,0.0,53,4.4
2024-12-09 18:00:00,7941,7.4,5.4,97.0,0.3,0.3,0.0,51,8.5
2024-12-09 19:00:00,6190,5.8,3.6,99.0,0.0,0.0,0.0,0,7.5
2024-12-09 20:00:00,4525,6.0,4.7,100.0,0.0,0.0,0.0,3,2.4
2024-12-09 21:00:00,3650,5.1,3.5,99.0,0.0,0.0,0.0,3,3.1
2024-12-09 22:00:00,2666,5.4,3.9,98.0,0.0,0.0,0.0,3,2.0
2024-12-09 23:00:00,1794,5.8,4.4,98.0,0.0,0.0,0.0,3,2.1
2024-12-10 00:00:00,1005,5.9,4.5,98.0,0.0,0.0,0.0,3,2.0
2024-12-10 01:00:00,482,5.6,4.3,99.0,0.0,0.0,0.0,3,1.2
2024-12-10 02:00:00,276,5.6,4.1,99.0,0.0,0.0,0.0,3,2.4
2024-12-10 03:00:00,209,5.7,4.1,99.0,0.0,0.0,0.0,3,3.2
2024-12-10 04:00:00,326,5.8,3.9,99.0,0.0,0.0,0.0,3,5.6
2024-12-10 05:00:00,1162,6.0,3.8,99.0,0.0,0.0,0.0,3,8.1
2024-12-10 06:00:00,3305,5.9,3.4,98.0,0.0,0.0,0.0,3,9.6
2024-12-10 07:00:00,7369,5.8,3.5,97.0,0.0,0.0,0.0,3,7.6
2024-12-10 08:00:00,10913,5.9,3.5,95.0,0.0,0.0,0.0,3,8.3
2024-12-10 09:00:00,7307,6.0,3.4,94.0,0.0,0.0,0.0,3,9.7
2024-12-10 10:00:00,4682,6.4,3.8,93.0,0.0,0.0,0.0,3,9.5
2024-12-10 11:00:00,4418,6.6,4.2,92.0,0.1,0.1,0.0,51,8.7
2024-12-10 12:00:00,4844,7.3,4.9,91.0,0.0,0.0,0.0,3,9.9
2024-12-10 13:00:00,4083,8.5,6.1,88.0,0.0,0.0,0.0,3,10.7
2024-12-10 14:00:00,4591,9.1,6.8,89.0,0.0,0.0,0.0,3,11.0
2024-12-10 15:00:00,5434,9.3,7.6,92.0,0.0,0.0,0.0,3,8.4
2024-12-10 16:00:00,6494,9.1,7.2,94.0,0.0,0.0,0.0,3,9.6
2024-12-10 17:00:00,9763,9.3,7.6,95.0,0.0,0.0,0.0,3,8.5
2024-12-10 18:00:00,9193,9.5,7.7,96.0,0.0,0.0,0.0,3,10.2
2024-12-10 19:00:00,5806,9.9,8.1,96.0,0.0,0.0,0.0,3,10.8
2024-12-10 20:00:00,2287,8.4,6.2,98.0,0.2,0.2,0.0,51,11.0
2024-12-10 21:00:00,1594,9.0,7.0,98.0,1.5,1.5,0.0,61,11.3
2024-12-10 22:00:00,1518,9.8,7.8,98.0,1.2,1.2,0.0,55,12.5
2024-12-10 23:00:00,1383,10.0,8.7,99.0,1.8,1.8,0.0,61,8.7
2024-12-11 00:00:00,882,10.1,8.8,100.0,0.4,0.4,0.0,51,9.5
2024-12-11 01:00:00,226,10.0,8.5,100.0,4.1,4.1,0.0,63,10.6
2024-12-11 02:00:00,180,10.4,9.0,99.0,0.6,0.6,0.0,53,10.2
2024-12-11 03:00:00,133,11.4,10.0,98.0,1.4,1.4,0.0,61,12.0
2024-12-11 04:00:00,232,12.3,10.5,91.0,0.5,0.5,0.0,53,14.2
2024-12-11 05:00:00,678,11.6,10.0,94.0,0.5,0.5,0.0,53,11.9
2024-12-11 06:00:00,2030,11.6,9.1,97.0,0.7,0.7,0.0,53,19.0
2024-12-11 07:00:00,4914,12.0,9.9,98.0,0.7,0.7,0.0,53,17.6
2024-12-11 08:00:00,8011,12.6,11.0,96.0,3.0,3.0,0.0,63,14.9
2024-12-11 09:00:00,6320,13.1,11.8,97.0,0.1,0.1,0.0,51,14.7
2024-12-11 10:00:00,4196,14.5,12.5,92.0,0.0,0.0,0.0,3,20.4
2024-12-11 11:00:00,4028,14.7,12.9,91.0,0.1,0.1,0.0,51,19.4
2024-12-11 12:00:00,1509,15.0,13.5,90.0,0.4,0.4,0.0,51,17.4
2024-12-11 13:00:00,1719,14.0,12.4,96.0,4.3,4.3,0.0,63,17.6
2024-12-11 14:00:00,3046,14.9,12.7,95.0,3.2,3.2,0.0,63,23.9
2024-12-11 15:00:00,4155,15.1,13.4,95.0,1.1,1.1,0.0,55,21.7
2024-12-11 16:00:00,3959,14.7,13.7,93.0,0.7,0.7,0.0,53,15.1
2024-12-11 17:00:00,5120,13.9,12.6,96.0,1.5,1.5,0.0,61,15.8
2024-12-11 18:00:00,4124,14.2,12.5,94.0,2.5,2.5,0.0,63,18.4
2024-12-11 19:00:00,2940,13.6,11.6,93.0,3.4,3.4,0.0,63,19.5
2024-12-11 20:00:00,2024,8.6,5.3,89.0,3.6,3.6,0.0,63,17.1
2024-12-11 21:00:00,2288,6.3,2.0,90.0,2.4,2.4,0.0,61,20.8
2024-12-11 22:00:00,2441,5.2,0.2,84.0,0.2,0.2,0.0,51,22.4
2024-12-11 23:00:00,1720,4.4,-0.8,78.0,0.1,0.1,0.0,51,22.0
2024-12-12 00:00:00,1106,4.1,-1.0,68.0,0.0,0.0,0.0,0,19.0
2024-12-12 01:00:00,518,3.5,-1.1,71.0,0.0,0.0,0.0,1,15.8
2024-12-12 02:00:00,341,2.6,-2.4,67.0,0.0,0.0,0.0,0,17.1
2024-12-12 03:00:00,213,1.2,-4.0,66.0,0.0,0.0,0.0,0,16.9
2024-12-12 04:00:00,279,0.4,-5.0,64.0,0.0,0.0,0.0,0,17.4
2024-12-12 05:00:00,999,0.2,-5.1,62.0,0.0,0.0,0.0,0,16.1
2024-12-12 06:00:00,2791,-0.1,-5.4,63.0,0.0,0.0,0.0,0,16.0
2024-12-12 07:00:00,6496,-0.2,-5.6,62.0,0.0,0.0,0.0,0,17.0
2024-12-12 08:00:00,9679,0.9,-4.4,64.0,0.0,0.0,0.0,0,17.4
2024-12-12 09:00:00,6698,1.8,-3.2,62.0,0.0,0.0,0.0,0,15.3
2024-12-12 10:00:00,4312,2.8,-3.6,57.0,0.0,0.0,0.0,3,25.2
2024-12-12 11:00:00,4181,2.8,-3.9,47.0,0.0,0.0,0.0,1,25.1
2024-12-12 12:00:00,4109,1.9,-5.2,36.0,0.0,0.0,0.0,0,25.1
2024-12-12 13:00:00,3493,1.9,-5.4,32.0,0.0,0.0,0.0,0,26.2
2024-12-12 14:00:00,3535,0.8,-6.2,37.0,0.0,0.0,0.0,0,24.8
2024-12-12 15:00:00,3867,0.6,-6.0,40.0,0.0,0.0,0.0,0,21.7
2024-12-12 16:00:00,4865,0.2,-5.6,44.0,0.0,0.0,0.0,0,17.1
2024-12-12 17:00:00,8764,-0.9,-6.5,47.0,0.0,0.0,0.0,1,15.5
2024-12-12 18:00:00,8612,-1.5,-7.0,47.0,0.0,0.0,0.0,3,14.5
2024-12-12 19:00:00,6083,-2.0,-7.5,46.0,0.0,0.0,0.0,3,14.1
2024-12-12 20:00:00,4308,-1.0,-6.3,43.0,0.0,0.0,0.0,1,12.8
2024-12-12 21:00:00,3429,-1.9,-6.7,49.0,0.0,0.0,0.0,0,9.8
2024-12-12 22:00:00,2827,-2.6,-7.2,54.0,0.0,0.0,0.0,0,8.7
2024-12-12 23:00:00,2205,-3.2,-7.7,56.0,0.0,0.0,0.0,0,8.4
2024-12-13 00:00:00,1466,-3.6,-8.1,56.0,0.0,0.0,0.0,0,8.0
2024-12-13 01:00:00,762,-3.8,-8.2,56.0,0.0,0.0,0.0,0,7.4
2024-12-13 02:00:00,433,-4.0,-8.4,57.0,0.0,0.0,0.0,0,7.1
2024-12-13 03:00:00,276,-4.1,-8.5,56.0,0.0,0.0,0.0,0,7.0
2024-12-13 04:00:00,295,-4.3,-8.7,56.0,0.0,0.0,0.0,1,7.2
2024-12-13 05:00:00,830,-4.4,-8.9,55.0,0.0,0.0,0.0,0,7.8
2024-12-13 06:00:00,2054,-4.4,-8.9,55.0,0.0,0.0,0.0,0,7.5
2024-12-13 07:00:00,5000,-4.4,-8.9,54.0,0.0,0.0,0.0,0,7.6
2024-12-13 08:00:00,7133,-3.7,-8.3,53.0,0.0,0.0,0.0,0,8.0
2024-12-13 09:00:00,5406,-2.9,-8.2,45.0,0.0,0.0,0.0,0,12.2
2024-12-13 10:00:00,4180,-2.2,-7.4,45.0,0.0,0.0,0.0,0,11.8
2024-12-13 11:00:00,4263,-1.5,-6.6,44.0,0.0,0.0,0.0,0,11.4
2024-12-13 12:00:00,4786,-1.1,-6.2,42.0,0.0,0.0,0.0,0,11.3
2024-12-13 13:00:00,5356,-0.7,-5.7,40.0,0.0,0.0,0.0,0,10.6
2024-12-13 14:00:00,5858,-0.6,-5.5,40.0,0.0,0.0,0.0,0,9.9
2024-12-13 15:00:00,6795,-0.7,-5.6,40.0,0.0,0.0,0.0,0,9.4
2024-12-13 16:00:00,7238,-1.4,-5.8,45.0,0.0,0.0,0.0,0,7.0
2024-12-13 17:00:00,8065,-2.5,-6.6,53.0,0.0,0.0,0.0,0,5.7
2024-12-13 18:00:00,7076,-2.9,-7.1,56.0,0.0,0.0,0.0,0,5.7
2024-12-13 19:00:00,5489,-3.4,-7.3,61.0,0.0,0.0,0.0,0,4.5
2024-12-13 20:00:00,3787,-3.5,-7.4,61.0,0.0,0.0,0.0,0,4.5
2024-12-13 21:00:00,2769,-3.7,-7.7,61.0,0.0,0.0,0.0,0,4.8
2024-12-13 22:00:00,2367,-3.7,-7.9,60.0,0.0,0.0,0.0,0,5.9
2024-12-13 23:00:00,2356,-4.0,-8.1,62.0,0.0,0.0,0.0,0,5.7
2024-12-14 00:00:00,1838,-4.2,-8.2,64.0,0.0,0.0,0.0,0,4.6
2024-12-14 01:00:00,1220,-4.6,-8.3,69.0,0.0,0.0,0.0,0,3.2
2024-12-14 02:00:00,770,-4.7,-8.3,70.0,0.0,0.0,0.0,0,2.6
2024-12-14 03:00:00,512,-4.6,-8.3,69.0,0.0,0.0,0.0,0,3.0
2024-12-14 04:00:00,364,-4.6,-8.3,67.0,0.0,0.0,0.0,0,3.3
2024-12-14 05:00:00,355,-4.7,-8.4,66.0,0.0,0.0,0.0,0,3.3
2024-12-14 06:00:00,713,-4.6,-8.5,63.0,0.0,0.0,0.0,0,3.8
2024-12-14 07:00:00,1424,-4.6,-8.7,65.0,0.0,0.0,0.0,0,5.3
2024-12-14 08:00:00,2266,-6.1,-10.3,68.0,0.0,0.0,0.0,0,5.8
2024-12-14 09:00:00,3657,-4.7,-8.9,60.0,0.0,0.0,0.0,0,5.9
2024-12-14 10:00:00,4817,-3.1,-7.6,50.0,0.0,0.0,0.0,0,7.6
2024-12-14 11:00:00,5589,-1.7,-6.3,41.0,0.0,0.0,0.0,0,8.1
2024-12-14 12:00:00,6128,-0.7,-5.2,35.0,0.0,0.0,0.0,0,6.3
2024-12-14 13:00:00,6576,-0.1,-4.4,33.0,0.0,0.0,0.0,0,4.6
2024-12-14 14:00:00,6365,0.0,-4.1,35.0,0.0,0.0,0.0,0,3.7
2024-12-14 15:00:00,6524,-0.2,-4.1,37.0,0.0,0.0,0.0,0,2.8
2024-12-14 16:00:00,6172,-1.2,-4.6,48.0,0.0,0.0,0.0,0,0.4
2024-12-14 17:00:00,5245,-2.0,-5.5,46.0,0.0,0.0,0.0,0,0.4
2024-12-14 18:00:00,5060,-2.4,-6.0,50.0,0.0,0.0,0.0,0,1.0
2024-12-14 19:00:00,4343,-3.0,-6.8,51.0,0.0,0.0,0.0,0,2.8
2024-12-14 20:00:00,3345,-3.0,-7.2,48.0,0.0,0.0,0.0,0,5.3
2024-12-14 21:00:00,2589,-3.5,-7.6,48.0,0.0,0.0,0.0,2,4.8
2024-12-14 22:00:00,2336,-3.9,-8.0,50.0,0.0,0.0,0.0,3,4.2
2024-12-14 23:00:00,2396,-4.4,-8.4,53.0,0.0,0.0,0.0,2,3.9
2024-12-15 00:00:00,2114,-4.6,-8.7,55.0,0.0,0.0,0.0,3,4.5
2024-12-15 01:00:00,1347,-5.1,-9.0,59.0,0.0,0.0,0.0,3,3.7
2024-12-15 02:00:00,918,-5.1,-9.1,60.0,0.0,0.0,0.0,3,4.2
2024-12-15 03:00:00,517,-5.1,-9.2,61.0,0.0,0.0,0.0,3,4.7
2024-12-15 04:00:00,377,-5.2,-9.5,61.0,0.0,0.0,0.0,3,6.5
2024-12-15 05:00:00,273,-5.2,-9.7,60.0,0.0,0.0,0.0,3,7.2
2024-12-15 06:00:00,564,-5.1,-9.6,60.0,0.0,0.0,0.0,3,7.9
2024-12-15 07:00:00,998,-4.8,-9.3,63.0,0.0,0.0,0.0,3,8.1
2024-12-15 08:00:00,1833,-5.0,-9.4,67.0,0.0,0.0,0.0,3,7.2
2024-12-15 09:00:00,3128,-3.4,-7.9,62.0,0.0,0.0,0.0,3,8.6
2024-12-15 10:00:00,4333,-1.1,-5.1,59.0,0.0,0.0,0.0,3,6.3
2024-12-15 11:00:00,5405,0.6,-3.5,58.0,0.0,0.0,0.0,3,7.8
2024-12-15 12:00:00,5939,1.7,-2.4,58.0,0.0,0.0,0.0,3,8.4
2024-12-15 13:00:00,6196,2.2,-1.7,61.0,0.0,0.0,0.0,3,8.1
2024-12-15 14:00:00,6121,2.3,-1.4,64.0,0.0,0.0,0.0,3,7.1
2024-12-15 15:00:00,6107,1.6,-1.9,71.0,0.0,0.0,0.0,3,6.2
2024-12-15 16:00:00,6128,0.9,-2.7,77.0,0.0,0.0,0.0,3,7.9
2024-12-15 17:00:00,5219,0.6,-2.9,80.0,0.0,0.0,0.0,3,7.0
2024-12-15 18:00:00,4707,0.4,-2.8,81.0,0.0,0.0,0.0,3,5.4
2024-12-15 19:00:00,3915,0.3,-2.9,82.0,0.0,0.0,0.0,3,5.0
2024-12-15 20:00:00,3087,0.8,-2.6,79.0,0.0,0.0,0.0,3,6.3
2024-12-15 21:00:00,2464,0.6,-2.7,80.0,0.0,0.0,0.0,3,5.5
2024-12-15 22:00:00,1758,0.6,-3.0,81.0,0.1,0.1,0.0,51,8.2
2024-12-15 23:00:00,738,0.9,-2.6,82.0,0.1,0.1,0.0,51,7.7
2024-12-16 00:00:00,415,1.1,-2.4,84.0,0.7,0.4,0.21,73,8.0
2024-12-16 01:00:00,221,0.4,-2.7,93.0,1.2,0.5,0.49,73,6.5
2024-12-16 02:00:00,145,0.8,-2.1,94.0,1.4,1.4,0.0,61,5.1
2024-12-16 03:00:00,97,1.2,-1.9,95.0,2.0,2.0,0.0,61,6.8
2024-12-16 04:00:00,206,1.4,-1.9,95.0,0.6,0.6,0.0,53,8.5
2024-12-16 05:00:00,416,1.0,-2.0,98.0,0.8,0.8,0.0,53,7.0
2024-12-16 06:00:00,1171,1.1,-2.0,98.0,1.3,1.3,0.0,61,6.9
2024-12-16 07:00:00,2559,1.2,-1.8,98.0,1.6,1.6,0.0,61,6.8
2024-12-16 08:00:00,3249,2.2,-1.0,95.0,1.1,1.1,0.0,55,8.8
2024-12-16 09:00:00,2962,2.5,-0.6,96.0,0.7,0.7,0.0,53,8.8
2024-12-16 10:00:00,2249,3.3,0.2,96.0,0.3,0.3,0.0,51,9.6
2024-12-16 11:00:00,2299,4.0,1.1,95.0,0.1,0.1,0.0,51,8.6
2024-12-16 12:00:00,2089,5.6,2.4,93.0,0.1,0.1,0.0,51,12.4
2024-12-16 13:00:00,1589,5.5,2.7,96.0,0.1,0.1,0.0,51,10.2
2024-12-16 14:00:00,1744,5.9,3.3,96.0,0.3,0.3,0.0,51,9.6
2024-12-16 15:00:00,2505,6.8,4.4,95.0,0.6,0.6,0.0,53,10.1
2024-12-16 16:00:00,4443,7.4,5.2,96.0,0.1,0.1,0.0,51,9.6
2024-12-16 17:00:00,6919,8.2,6.0,97.0,0.0,0.0,0.0,3,11.4
2024-12-16 18:00:00,7316,8.2,6.3,98.0,0.0,0.0,0.0,3,8.9
2024-12-16 19:00:00,5557,7.6,5.9,99.0,0.0,0.0,0.0,3,7.2
2024-12-16 20:00:00,4072,7.9,6.1,99.0,0.0,0.0,0.0,3,8.3
2024-12-16 21:00:00,2907,7.9,5.8,99.0,0.0,0.0,0.0,3,9.9
2024-12-16 22:00:00,1831,8.3,6.0,97.0,0.0,0.0,0.0,3,11.9
2024-12-16 23:00:00,877,8.6,5.8,96.0,0.3,0.3,0.0,51,15.5
2024-12-17 00:00:00,699,8.9,6.2,97.0,0.9,0.9,0.0,53,15.7
2024-12-17 01:00:00,372,8.9,6.1,97.0,0.3,0.3,0.0,51,16.2
2024-12-17 02:00:00,329,9.0,6.3,96.0,0.6,0.6,0.0,53,15.8
2024-12-17 03:00:00,210,9.1,6.4,96.0,0.5,0.5,0.0,53,15.6
2024-12-17 04:00:00,283,9.0,6.3,96.0,0.0,0.0,0.0,3,15.5
2024-12-17 05:00:00,1067,9.0,6.4,96.0,0.0,0.0,0.0,3,15.0
2024-12-17 06:00:00,2970,9.0,6.6,96.0,0.0,0.0,0.0,3,13.8
2024-12-17 07:00:00,6553,8.9,6.6,96.0,0.0,0.0,0.0,3,13.1
2024-12-17 08:00:00,10072,9.3,7.1,97.0,0.0,0.0,0.0,3,12.9
2024-12-17 09:00:00,7138,9.8,7.5,95.0,0.0,0.0,0.0,3,13.8
2024-12-17 10:00:00,4987,10.2,7.8,92.0,0.0,0.0,0.0,3,14.8
2024-12-17 11:00:00,4814,10.8,8.3,89.0,0.0,0.0,0.0,3,15.4
2024-12-17 12:00:00,5514,12.0,9.8,81.0,0.0,0.0,0.0,2,12.9
2024-12-17 13:00:00,6333,13.3,11.6,75.0,0.0,0.0,0.0,0,10.1
2024-12-17 14:00:00,7427,13.8,12.0,72.0,0.0,0.0,0.0,0,10.4
2024-12-17 15:00:00,8716,13.7,11.7,70.0,0.0,0.0,0.0,0,10.4
2024-12-17 16:00:00,9792,12.5,10.0,63.0,0.0,0.0,0.0,0,9.6
2024-12-17 17:00:00,12387,10.7,8.1,67.0,0.0,0.0,0.0,0,9.2
2024-12-17 18:00:00,11005,10.0,6.9,66.0,0.0,0.0,0.0,0,10.8
2024-12-17 19:00:00,8141,8.8,5.5,63.0,0.0,0.0,0.0,2,10.5
2024-12-17 20:00:00,5739,7.8,4.8,67.0,0.0,0.0,0.0,3,8.5
2024-12-17 21:00:00,4396,7.0,4.0,70.0,0.0,0.0,0.0,2,7.7
2024-12-17 22:00:00,3448,6.6,3.4,70.0,0.0,0.0,0.0,0,8.6
2024-12-17 23:00:00,2294,6.3,2.9,70.0,0.0,0.0,0.0,1,9.7
2024-12-18 00:00:00,1372,5.6,2.2,71.0,0.0,0.0,0.0,0,9.1
2024-12-18 01:00:00,683,4.7,1.4,75.0,0.0,0.0,0.0,0,9.1
2024-12-18 02:00:00,381,3.3,0.5,82.0,0.0,0.0,0.0,0,5.0
2024-12-18 03:00:00,266,2.9,0.6,80.0,0.0,0.0,0.0,1,1.3
2024-12-18 04:00:00,331,2.6,0.3,81.0,0.0,0.0,0.0,0,0.3
2024-12-18 05:00:00,1075,1.8,-0.5,84.0,0.0,0.0,0.0,0,0.9
2024-12-18 06:00:00,2961,1.0,-1.6,89.0,0.0,0.0,0.0,0,2.4
2024-12-18 07:00:00,6637,0.6,-1.9,90.0,0.0,0.0,0.0,0,2.1
2024-12-18 08:00:00,10478,1.1,-1.5,91.0,0.0,0.0,0.0,0,2.9
2024-12-18 09:00:00,7493,3.0,0.3,85.0,0.0,0.0,0.0,0,4.0
2024-12-18 10:00:00,5166,5.2,3.0,78.0,0.0,0.0,0.0,0,2.6
2024-12-18 11:00:00,5409,6.9,4.6,70.0,0.0,0.0,0.0,0,3.3
2024-12-18 12:00:00,5978,8.2,5.8,67.0,0.0,0.0,0.0,0,4.1
2024-12-18 13:00:00,6521,9.0,6.6,64.0,0.0,0.0,0.0,0,4.5
2024-12-18 14:00:00,7359,9.2,6.4,63.0,0.0,0.0,0.0,2,7.9
2024-12-18 15:00:00,8246,8.9,6.4,65.0,0.0,0.0,0.0,2,5.4
2024-12-18 16:00:00,9193,7.9,5.5,74.0,0.0,0.0,0.0,3,6.0
2024-12-18 17:00:00,11147,7.6,5.3,79.0,0.0,0.0,0.0,3,6.2
2024-12-18 18:00:00,4948,7.5,4.9,84.0,0.0,0.0,0.0,3,9.2
2024-12-18 19:00:00,2613,7.6,5.7,87.0,0.6,0.6,0.0,53,5.5
2024-12-18 20:00:00,2626,6.5,4.6,94.0,1.4,1.4,0.0,61,5.9
2024-12-18 21:00:00,2056,6.4,4.4,96.0,0.4,0.4,0.0,51,6.1
2024-12-18 22:00:00,1530,6.1,3.9,96.0,0.6,0.6,0.0,53,7.4
2024-12-18 23:00:00,1010,5.9,3.6,95.0,0.9,0.9,0.0,53,8.0
2024-12-19 00:00:00,555,5.5,2.4,94.0,0.7,0.7,0.0,53,12.3
2024-12-19 01:00:00,414,5.0,1.9,94.0,0.4,0.4,0.0,51,11.3
2024-12-19 02:00:00,352,4.6,0.7,89.0,0.2,0.2,0.0,51,15.1
2024-12-19 03:00:00,226,3.9,-0.2,85.0,0.0,0.0,0.0,3,15.4
2024-12-19 04:00:00,315,3.3,-0.8,82.0,0.0,0.0,0.0,3,14.4
2024-12-19 05:00:00,961,2.9,-1.4,79.0,0.0,0.0,0.0,0,14.6
2024-12-19 06:00:00,2668,2.5,-1.7,77.0,0.0,0.0,0.0,0,13.4
2024-12-19 07:00:00,6122,2.2,-2.0,76.0,0.0,0.0,0.0,0,12.3
2024-12-19 08:00:00,8880,3.4,-0.9,68.0,0.0,0.0,0.0,0,13.4
2024-12-19 09:00:00,6594,3.8,-0.7,63.0,0.0,0.0,0.0,0,13.3
2024-12-19 10:00:00,4622,4.2,-0.2,59.0,0.0,0.0,0.0,1,12.8
2024-12-19 11:00:00,4804,4.8,0.9,58.0,0.0,0.0,0.0,0,9.8
2024-12-19 12:00:00,5212,5.3,1.6,57.0,0.0,0.0,0.0,0,8.3
2024-12-19 13:00:00,5644,5.6,1.6,55.0,0.0,0.0,0.0,3,10.0
2024-12-19 14:00:00,6379,5.6,1.3,52.0,0.0,0.0,0.0,3,11.5
2024-12-19 15:00:00,7247,5.0,0.8,53.0,0.0,0.0,0.0,3,10.2
2024-12-19 16:00:00,8110,4.2,0.6,57.0,0.0,0.0,0.0,3,6.9
2024-12-19 17:00:00,9584,3.2,-0.6,60.0,0.0,0.0,0.0,3,8.4
2024-12-19 18:00:00,8551,2.4,-1.6,63.0,0.0,0.0,0.0,3,9.0
2024-12-19 19:00:00,6298,1.7,-2.3,66.0,0.0,0.0,0.0,3,8.9
2024-12-19 20:00:00,4470,1.5,-2.3,66.0,0.0,0.0,0.0,3,7.2
2024-12-19 21:00:00,3324,1.1,-2.5,69.0,0.0,0.0,0.0,3,6.4
2024-12-19 22:00:00,2817,0.2,-3.3,74.0,0.0,0.0,0.0,3,5.2
2024-12-19 23:00:00,2209,0.4,-3.4,73.0,0.0,0.0,0.0,3,8.1
2024-12-20 00:00:00,1338,0.0,-3.9,72.0,0.0,0.0,0.0,3,7.9
2024-12-20 01:00:00,804,-0.3,-4.2,72.0,0.0,0.0,0.0,3,7.4
2024-12-20 02:00:00,482,-0.4,-4.3,71.0,0.0,0.0,0.0,3,7.0
2024-12-20 03:00:00,312,-1.0,-4.7,73.0,0.0,0.0,0.0,3,5.7
2024-12-20 04:00:00,322,-1.1,-4.9,74.0,0.0,0.0,0.0,3,7.0
2024-12-20 05:00:00,858,-1.2,-5.0,77.0,0.0,0.0,0.0,3,6.9
2024-12-20 06:00:00,2133,-1.5,-5.4,79.0,0.0,0.0,0.0,3,7.7
2024-12-20 07:00:00,4565,-1.8,-5.8,82.0,0.0,0.0,0.0,3,9.0
2024-12-20 08:00:00,6528,-0.3,-4.7,80.0,0.0,0.0,0.0,3,12.6
2024-12-20 09:00:00,5106,0.4,-3.5,76.0,0.0,0.0,0.0,3,9.3
2024-12-20 10:00:00,4264,0.6,-3.6,76.0,0.0,0.0,0.0,3,10.7
2024-12-20 11:00:00,4308,0.9,-3.5,77.0,0.1,0.0,0.07,71,12.6
2024-12-20 12:00:00,4811,1.1,-3.2,80.0,0.2,0.0,0.14,71,13.1
2024-12-20 13:00:00,4044,1.8,-2.2,80.0,0.1,0.1,0.0,51,11.6
2024-12-20 14:00:00,3506,1.5,-2.3,85.0,0.2,0.2,0.0,51,10.5
2024-12-20 15:00:00,4271,1.4,-2.7,86.0,0.2,0.2,0.0,51,13.2
2024-12-20 16:00:00,5111,1.2,-3.1,87.0,0.1,0.1,0.0,51,13.6
2024-12-20 17:00:00,5902,0.6,-3.7,89.0,0.2,0.2,0.0,51,14.2
2024-12-20 18:00:00,5373,0.5,-3.7,89.0,0.2,0.1,0.07,71,13.0
2024-12-20 19:00:00,4384,0.4,-3.8,87.0,0.1,0.0,0.07,71,13.0
2024-12-20 20:00:00,3117,0.0,-4.3,86.0,0.1,0.0,0.07,71,12.9
2024-12-20 21:00:00,2490,-0.1,-4.3,86.0,0.1,0.0,0.07,71,12.0
2024-12-20 22:00:00,1930,-0.2,-4.2,85.0,0.2,0.0,0.14,71,10.6
2024-12-20 23:00:00,1700,-0.4,-4.2,86.0,0.1,0.0,0.07,71,9.5
2024-12-21 00:00:00,1234,-0.5,-4.2,87.0,0.1,0.0,0.07,71,8.1
2024-12-21 01:00:00,828,-0.8,-4.3,89.0,0.2,0.0,0.14,71,7.3
2024-12-21 02:00:00,463,-1.1,-4.9,90.0,0.4,0.0,0.28,73,8.5
2024-12-21 03:00:00,298,-1.6,-5.4,91.0,0.7,0.0,0.49,73,8.7
2024-12-21 04:00:00,201,-1.8,-5.5,92.0,0.6,0.0,0.42,73,7.6
2024-12-21 05:00:00,189,-2.0,-5.9,90.0,0.5,0.0,0.35,73,8.6
2024-12-21 06:00:00,272,-2.2,-6.2,89.0,0.6,0.0,0.42,73,9.4
2024-12-21 07:00:00,521,-2.2,-6.0,90.0,0.5,0.0,0.35,73,7.9
2024-12-21 08:00:00,1046,-1.8,-6.9,81.0,0.2,0.0,0.14,71,15.7
2024-12-21 09:00:00,1658,-3.1,-9.0,72.0,0.0,0.0,0.0,2,19.8
2024-12-21 10:00:00,2250,-3.9,-9.8,68.0,0.0,0.0,0.0,1,18.8
2024-12-21 11:00:00,2624,-3.9,-9.9,64.0,0.0,0.0,0.0,0,19.4
2024-12-21 12:00:00,2877,-3.8,-9.9,60.0,0.0,0.0,0.0,0,19.5
2024-12-21 13:00:00,3129,-3.3,-9.9,55.0,0.0,0.0,0.0,2,22.4
2024-12-21 14:00:00,3265,-3.5,-9.5,61.0,0.0,0.0,0.0,2,18.5
2024-12-21 15:00:00,3352,-3.9,-9.7,63.0,0.0,0.0,0.0,3,17.6
2024-12-21 16:00:00,3174,-4.5,-10.2,64.0,0.0,0.0,0.0,3,16.9
2024-12-21 17:00:00,2554,-5.0,-10.7,65.0,0.0,0.0,0.0,3,16.5
2024-12-21 18:00:00,2227,-5.5,-11.2,66.0,0.0,0.0,0.0,3,15.7
2024-12-21 19:00:00,1945,-6.0,-11.5,66.0,0.0,0.0,0.0,3,14.2
2024-12-21 20:00:00,1463,-6.5,-12.3,61.0,0.0,0.0,0.0,0,15.9
2024-12-21 21:00:00,1171,-6.9,-12.5,62.0,0.0,0.0,0.0,0,14.4
2024-12-21 22:00:00,1070,-7.3,-12.9,64.0,0.0,0.0,0.0,0,14.5
2024-12-21 23:00:00,943,-7.6,-13.2,65.0,0.0,0.0,0.0,0,14.4
2024-12-22 00:00:00,725,-8.0,-13.4,66.0,0.0,0.0,0.0,0,13.2
2024-12-22 01:00:00,413,-8.2,-13.4,67.0,0.0,0.0,0.0,0,11.8
2024-12-22 02:00:00,321,-8.5,-13.5,68.0,0.0,0.0,0.0,1,10.8
2024-12-22 03:00:00,227,-8.8,-13.8,69.0,0.0,0.0,0.0,1,10.3
2024-12-22 04:00:00,177,-9.3,-14.3,70.0,0.0,0.0,0.0,0,10.0
2024-12-22 05:00:00,160,-9.8,-14.5,73.0,0.0,0.0,0.0,0,8.0
2024-12-22 06:00:00,348,-9.9,-14.5,73.0,0.0,0.0,0.0,0,7.7
2024-12-22 07:00:00,561,-10.2,-15.9,62.0,0.0,0.0,0.0,0,14.1
2024-12-22 08:00:00,1015,-10.0,-15.6,57.0,0.0,0.0,0.0,0,13.2
2024-12-22 09:00:00,1534,-10.1,-15.9,56.0,0.0,0.0,0.0,0,14.4
2024-12-22 10:00:00,1991,-10.0,-15.9,55.0,0.0,0.0,0.0,0,14.7
2024-12-22 11:00:00,2390,-9.7,-15.5,53.0,0.0,0.0,0.0,0,14.1
2024-12-22 12:00:00,2563,-9.2,-14.8,51.0,0.0,0.0,0.0,0,13.0
2024-12-22 13:00:00,2527,-8.7,-14.3,50.0,0.0,0.0,0.0,0,13.0
2024-12-22 14:00:00,2573,-8.3,-13.7,49.0,0.0,0.0,0.0,0,12.1
2024-12-22 15:00:00,2675,-8.1,-13.4,48.0,0.0,0.0,0.0,1,10.5
2024-12-22 16:00:00,2545,-8.5,-13.2,51.0,0.0,0.0,0.0,0,6.9
2024-12-22 17:00:00,2188,-10.3,-14.8,56.0,0.0,0.0,0.0,1,5.1
2024-12-22 18:00:00,1831,-10.0,-14.8,57.0,0.0,0.0,0.0,0,7.4
2024-12-22 19:00:00,1436,-11.0,-16.0,62.0,0.0,0.0,0.0,0,9.3
2024-12-22 20:00:00,1141,-10.8,-15.7,61.0,0.0,0.0,0.0,0,8.1
2024-12-22 21:00:00,877,-11.7,-16.4,64.0,0.0,0.0,0.0,0,7.0
2024-12-22 22:00:00,760,-12.3,-17.0,66.0,0.0,0.0,0.0,0,6.8
2024-12-22 23:00:00,609,-12.6,-17.4,66.0,0.0,0.0,0.0,0,7.0
2024-12-23 00:00:00,379,-12.9,-17.7,65.0,0.0,0.0,0.0,0,7.3
2024-12-23 01:00:00,204,-13.1,-17.9,64.0,0.0,0.0,0.0,0,7.2
2024-12-23 02:00:00,148,-13.3,-18.1,65.0,0.0,0.0,0.0,0,6.9
2024-12-23 03:00:00,100,-13.6,-18.3,67.0,0.0,0.0,0.0,0,6.3
2024-12-23 04:00:00,144,-13.9,-18.5,68.0,0.0,0.0,0.0,0,5.6
2024-12-23 05:00:00,448,-14.0,-18.6,68.0,0.0,0.0,0.0,0,5.6
2024-12-23 06:00:00,923,-15.1,-19.5,70.0,0.0,0.0,0.0,0,4.1
2024-12-23 07:00:00,1506,-15.0,-19.4,69.0,0.0,0.0,0.0,0,3.8
2024-12-23 08:00:00,2321,-14.7,-18.9,69.0,0.0,0.0,0.0,0,3.2
2024-12-23 09:00:00,2254,-12.5,-16.7,64.0,0.0,0.0,0.0,0,2.9
2024-12-23 10:00:00,2048,-11.0,-15.2,58.0,0.0,0.0,0.0,1,2.8
2024-12-23 11:00:00,2511,-9.6,-13.7,53.0,0.0,0.0,0.0,0,2.6
2024-12-23 12:00:00,2723,-8.4,-12.2,49.0,0.0,0.0,0.0,0,0.5
2024-12-23 13:00:00,3000,-7.4,-11.4,47.0,0.0,0.0,0.0,2,2.2
2024-12-23 14:00:00,3380,-6.8,-11.0,46.0,0.0,0.0,0.0,0,3.6
2024-12-23 15:00:00,3593,-6.7,-10.9,47.0,0.0,0.0,0.0,1,4.0
2024-12-23 16:00:00,3904,-7.3,-11.6,50.0,0.0,0.0,0.0,2,4.2
2024-12-23 17:00:00,3868,-8.7,-12.7,54.0,0.0,0.0,0.0,2,2.7
2024-12-23 18:00:00,3229,-8.8,-12.6,55.0,0.0,0.0,0.0,3,1.1
2024-12-23 19:00:00,2514,-8.7,-12.6,59.0,0.0,0.0,0.0,3,1.6
2024-12-23 20:00:00,1855,-7.2,-10.9,59.0,0.0,0.0,0.0,3,1.2
2024-12-23 21:00:00,1371,-6.5,-10.7,62.0,0.0,0.0,0.0,3,4.7
2024-12-23 22:00:00,1167,-5.1,-9.7,67.0,0.0,0.0,0.0,3,9.1
2024-12-23 23:00:00,877,-4.4,-9.1,69.0,0.0,0.0,0.0,3,10.4
2024-12-24 00:00:00,546,-4.3,-9.0,69.0,0.0,0.0,0.0,3,10.0
2024-12-24 01:00:00,312,-4.1,-8.5,75.0,0.0,0.0,0.0,3,9.0
2024-12-24 02:00:00,204,-3.8,-8.0,78.0,0.0,0.0,0.0,3,8.1
2024-12-24 03:00:00,152,-3.8,-7.8,81.0,0.0,0.0,0.0,3,7.2
2024-12-24 04:00:00,196,-4.1,-8.1,81.0,0.0,0.0,0.0,3,6.7
2024-12-24 05:00:00,377,-4.3,-8.1,80.0,0.0,0.0,0.0,3,5.7
2024-12-24 06:00:00,901,-4.3,-8.2,77.0,0.0,0.0,0.0,3,5.6
2024-12-24 07:00:00,1147,-3.8,-8.0,73.0,0.0,0.0,0.0,3,7.4
2024-12-24 08:00:00,776,-4.0,-8.3,81.0,1.1,0.0,0.77,73,8.7
2024-12-24 09:00:00,1019,-3.9,-7.7,87.0,0.8,0.0,0.56,73,6.7
2024-12-24 10:00:00,1304,-3.1,-7.0,85.0,0.0,0.0,0.0,3,7.6
2024-12-24 11:00:00,1751,-2.4,-6.2,85.0,0.0,0.0,0.0,3,6.9
2024-12-24 12:00:00,2287,-0.8,-4.3,80.0,0.0,0.0,0.0,2,5.7
2024-12-24 13:00:00,2838,0.2,-2.9,78.0,0.0,0.0,0.0,2,3.9
2024-12-24 14:00:00,3048,0.9,-2.1,77.0,0.0,0.0,0.0,0,3.5
2024-12-24 15:00:00,3332,0.6,-2.4,82.0,0.0,0.0,0.0,1,4.4
2024-12-24 16:00:00,3093,-0.4,-3.6,82.0,0.0,0.0,0.0,0,4.7
2024-12-24 17:00:00,2481,-2.1,-5.6,84.0,0.0,0.0,0.0,2,5.4
2024-12-24 18:00:00,1935,0.3,-3.5,79.0,0.0,0.0,0.0,0,8.2
2024-12-24 19:00:00,1475,1.2,-2.7,79.0,0.0,0.0,0.0,1,9.7
2024-12-24 20:00:00,1096,-0.2,-3.8,79.0,0.0,0.0,0.0,2,7.0
2024-12-24 21:00:00,944,-1.6,-5.1,82.0,0.0,0.0,0.0,3,5.9
2024-12-24 22:00:00,883,-1.2,-4.9,84.0,0.0,0.0,0.0,3,7.1
2024-12-24 23:00:00,738,-1.6,-5.1,87.0,0.0,0.0,0.0,3,6.1
2024-12-25 00:00:00,515,-2.5,-6.1,87.0,0.0,0.0,0.0,0,5.5
2024-12-25 01:00:00,384,-5.0,-8.7,88.0,0.0,0.0,0.0,0,5.0
2024-12-25 02:00:00,239,-5.8,-9.5,91.0,0.0,0.0,0.0,0,4.9
2024-12-25 03:00:00,147,-6.2,-10.0,92.0,0.0,0.0,0.0,0,5.2
2024-12-25 04:00:00,96,-5.9,-9.8,91.0,0.0,0.0,0.0,1,5.9
2024-12-25 05:00:00,154,-4.6,-8.7,89.0,0.0,0.0,0.0,1,8.1
2024-12-25 06:00:00,318,-4.4,-8.5,88.0,0.0,0.0,0.0,0,8.1
2024-12-25 07:00:00,498,-4.7,-8.7,87.0,0.0,0.0,0.0,1,7.3
2024-12-25 08:00:00,666,-3.3,-7.2,85.0,0.0,0.0,0.0,2,7.3
2024-12-25 09:00:00,848,-2.1,-5.7,82.0,0.0,0.0,0.0,2,5.5
2024-12-25 10:00:00,1111,-1.2,-5.1,77.0,0.0,0.0,0.0,3,7.6
2024-12-25 11:00:00,1365,-0.8,-4.7,74.0,0.0,0.0,0.0,3,8.1
2024-12-25 12:00:00,1512,-0.8,-5.1,74.0,0.0,0.0,0.0,3,10.3
2024-12-25 13:00:00,1529,-0.8,-5.2,72.0,0.0,0.0,0.0,3,10.4
2024-12-25 14:00:00,1660,-0.7,-5.0,69.0,0.0,0.0,0.0,3,9.9
2024-12-25 15:00:00,1865,-0.9,-4.6,69.0,0.0,0.0,0.0,0,6.0
2024-12-25 16:00:00,1683,-2.8,-6.5,74.0,0.0,0.0,0.0,0,4.5
2024-12-25 17:00:00,1265,-4.4,-8.4,75.0,0.0,0.0,0.0,2,6.2
2024-12-25 18:00:00,1268,-3.8,-7.9,74.0,0.0,0.0,0.0,3,7.2
2024-12-25 19:00:00,1115,-4.1,-8.5,76.0,0.0,0.0,0.0,3,8.7
2024-12-25 20:00:00,944,-4.1,-8.5,75.0,0.0,0.0,0.0,3,9.2
2024-12-25 21:00:00,900,-4.8,-9.3,75.0,0.0,0.0,0.0,3,9.6
2024-12-25 22:00:00,809,-5.2,-9.7,74.0,0.0,0.0,0.0,3,9.2
2024-12-25 23:00:00,680,-5.6,-10.1,75.0,0.0,0.0,0.0,3,8.7
2024-12-26 00:00:00,456,-6.1,-10.6,77.0,0.0,0.0,0.0,3,8.7
2024-12-26 01:00:00,276,-6.5,-10.9,78.0,0.0,0.0,0.0,3,7.9
2024-12-26 02:00:00,145,-6.8,-11.2,78.0,0.0,0.0,0.0,0,7.7
2024-12-26 03:00:00,119,-7.6,-11.9,79.0,0.0,0.0,0.0,1,6.5
2024-12-26 04:00:00,136,-7.8,-12.3,78.0,0.0,0.0,0.0,0,7.9
2024-12-26 05:00:00,349,-8.1,-12.6,77.0,0.0,0.0,0.0,0,8.3
2024-12-26 06:00:00,836,-8.3,-13.0,77.0,0.0,0.0,0.0,0,8.5
2024-12-26 07:00:00,1290,-8.6,-13.3,77.0,0.0,0.0,0.0,0,8.5
2024-12-26 08:00:00,1748,-8.3,-12.8,76.0,0.0,0.0,0.0,0,7.4
2024-12-26 09:00:00,1898,-7.2,-11.6,73.0,0.0,0.0,0.0,0,7.0
2024-12-26 10:00:00,1947,-5.8,-10.0,70.0,0.0,0.0,0.0,0,6.3
2024-12-26 11:00:00,2279,-4.1,-8.1,66.0,0.0,0.0,0.0,0,5.5
2024-12-26 12:00:00,2730,-2.6,-6.5,62.0,0.0,0.0,0.0,0,5.0
2024-12-26 13:00:00,3041,-1.5,-5.3,58.0,0.0,0.0,0.0,0,4.5
2024-12-26 14:00:00,3273,-1.0,-4.6,57.0,0.0,0.0,0.0,0,3.4
2024-12-26 15:00:00,3554,-1.5,-4.9,63.0,0.0,0.0,0.0,0,2.6
2024-12-26 16:00:00,3786,-2.9,-6.3,60.0,0.0,0.0,0.0,0,1.3
2024-12-26 17:00:00,3578,-4.4,-8.1,63.0,0.0,0.0,0.0,0,2.3
2024-12-26 18:00:00,3027,-5.0,-8.8,64.0,0.0,0.0,0.0,0,3.2
2024-12-26 19:00:00,2425,-5.7,-9.8,68.0,0.0,0.0,0.0,0,5.4
2024-12-26 20:00:00,1908,-5.2,-9.2,72.0,0.0,0.0,0.0,0,5.4
2024-12-26 21:00:00,1524,-6.1,-10.0,74.0,0.0,0.0,0.0,0,4.7
2024-12-26 22:00:00,1328,-6.6,-10.6,77.0,0.0,0.0,0.0,0,4.9
2024-12-26 23:00:00,1045,-7.3,-11.3,80.0,0.0,0.0,0.0,0,4.8
2024-12-27 00:00:00,691,-7.7,-11.7,81.0,0.0,0.0,0.0,0,4.9
2024-12-27 01:00:00,399,-8.1,-12.2,81.0,0.0,0.0,0.0,0,5.1
2024-12-27 02:00:00,284,-8.5,-12.6,81.0,0.0,0.0,0.0,0,4.9
2024-12-27 03:00:00,152,-8.8,-12.9,81.0,0.0,0.0,0.0,0,4.8
2024-12-27 04:00:00,183,-9.2,-13.2,82.0,0.0,0.0,0.0,0,4.7
2024-12-27 05:00:00,451,-9.6,-13.6,83.0,0.0,0.0,0.0,0,4.4
2024-12-27 06:00:00,1012,-9.6,-13.6,84.0,0.0,0.0,0.0,0,4.2
2024-12-27 07:00:00,1519,-9.8,-13.8,85.0,0.0,0.0,0.0,1,3.8
2024-12-27 08:00:00,2065,-9.0,-12.9,87.0,0.0,0.0,0.0,3,3.8
2024-12-27 09:00:00,2389,-6.9,-10.8,79.0,0.0,0.0,0.0,3,4.2
2024-12-27 10:00:00,2544,-4.3,-7.8,71.0,0.0,0.0,0.0,3,2.2
2024-12-27 11:00:00,2977,-2.1,-5.5,64.0,0.0,0.0,0.0,3,1.9
2024-12-27 12:00:00,3437,-0.2,-3.3,58.0,0.0,0.0,0.0,3,0.5
2024-12-27 13:00:00,4051,0.7,-2.3,65.0,0.0,0.0,0.0,3,1.3
2024-12-27 14:00:00,4230,1.2,-2.0,65.0,0.0,0.0,0.0,3,2.7
2024-12-27 15:00:00,4496,1.8,-1.7,62.0,0.0,0.0,0.0,3,5.1
2024-12-27 16:00:00,4683,0.5,-2.7,74.0,0.0,0.0,0.0,3,3.8
2024-12-27 17:00:00,4249,-1.2,-4.5,79.0,0.0,0.0,0.0,3,4.1
2024-12-27 18:00:00,3667,-1.5,-4.7,81.0,0.0,0.0,0.0,2,3.7
2024-12-27 19:00:00,3039,-1.5,-4.5,82.0,0.0,0.0,0.0,3,2.2
2024-12-27 20:00:00,2312,-1.1,-4.2,86.0,0.0,0.0,0.0,3,4.0
2024-12-27 21:00:00,1991,-1.0,-4.0,89.0,0.0,0.0,0.0,3,3.1
2024-12-27 22:00:00,1874,-0.1,-3.1,90.0,0.0,0.0,0.0,3,4.7
2024-12-27 23:00:00,1409,0.9,-2.1,90.0,0.0,0.0,0.0,3,5.5
2024-12-28 00:00:00,1120,1.4,-1.7,89.0,0.0,0.0,0.0,3,6.7
2024-12-28 01:00:00,592,1.7,-1.2,88.0,0.3,0.3,0.0,51,5.2
2024-12-28 02:00:00,341,2.0,-0.9,89.0,0.4,0.4,0.0,51,5.7
2024-12-28 03:00:00,216,1.7,-0.8,92.0,0.3,0.3,0.0,51,2.8
2024-12-28 04:00:00,138,1.5,-1.1,93.0,0.5,0.5,0.0,53,3.4
2024-12-28 05:00:00,146,1.6,-0.6,93.0,0.4,0.4,0.0,51,1.0
2024-12-28 06:00:00,274,1.7,-0.5,94.0,0.4,0.4,0.0,51,1.1
2024-12-28 07:00:00,538,1.7,-0.4,95.0,0.2,0.2,0.0,51,0.9
2024-12-28 08:00:00,752,1.7,-0.5,96.0,0.6,0.6,0.0,53,1.7
2024-12-28 09:00:00,992,2.8,0.7,95.0,0.3,0.3,0.0,51,2.3
2024-12-28 10:00:00,1005,2.8,0.2,97.0,0.5,0.5,0.0,53,6.1
2024-12-28 11:00:00,1215,2.7,0.3,99.0,0.8,0.8,0.0,53,4.4
2024-12-28 12:00:00,1838,3.4,1.1,99.0,0.3,0.3,0.0,51,5.1
2024-12-28 13:00:00,2438,4.2,1.8,98.0,0.0,0.0,0.0,3,6.5
2024-12-28 14:00:00,2687,6.8,4.7,93.0,0.0,0.0,0.0,3,6.6
2024-12-28 15:00:00,1978,6.4,4.3,95.0,0.0,0.0,0.0,3,7.3
2024-12-28 16:00:00,1721,5.6,3.5,98.0,0.0,0.0,0.0,3,6.2
2024-12-28 17:00:00,1403,4.8,2.7,100.0,0.0,0.0,0.0,3,5.7
2024-12-28 18:00:00,1446,4.0,1.7,100.0,0.1,0.1,0.0,51,5.7
2024-12-28 19:00:00,1332,3.7,1.5,100.0,0.0,0.0,0.0,3,5.1
2024-12-28 20:00:00,1198,4.2,2.0,100.0,0.1,0.1,0.0,51,5.7
2024-12-28 21:00:00,1092,4.3,2.1,100.0,0.1,0.1,0.0,51,5.7
2024-12-28 22:00:00,1166,4.4,2.1,100.0,0.0,0.0,0.0,3,6.0
2024-12-28 23:00:00,1091,4.5,2.3,100.0,0.0,0.0,0.0,3,6.0
2024-12-29 00:00:00,1000,4.6,2.4,100.0,0.0,0.0,0.0,3,5.8
2024-12-29 01:00:00,751,4.6,2.6,100.0,0.0,0.0,0.0,3,5.1
2024-12-29 02:00:00,482,4.8,3.2,100.0,0.1,0.1,0.0,51,2.4
2024-12-29 03:00:00,372,4.8,3.4,100.0,0.2,0.2,0.0,51,1.0
2024-12-29 04:00:00,324,4.7,3.4,100.0,0.2,0.2,0.0,51,0.6
2024-12-29 05:00:00,153,4.4,3.0,100.0,0.2,0.2,0.0,51,0.6
2024-12-29 06:00:00,271,4.1,2.6,100.0,0.4,0.4,0.0,51,0.8
2024-12-29 07:00:00,448,3.8,1.8,100.0,0.4,0.4,0.0,51,4.0
2024-12-29 08:00:00,837,4.9,2.5,99.0,0.6,0.6,0.0,53,7.4
2024-12-29 09:00:00,1751,5.8,3.7,99.0,0.4,0.4,0.0,51,7.1
2024-12-29 10:00:00,2671,7.2,5.3,100.0,0.0,0.0,0.0,3,7.9
2024-12-29 11:00:00,3466,8.9,7.4,99.0,0.0,0.0,0.0,3,7.9
2024-12-29 12:00:00,4442,13.2,12.5,92.0,0.0,0.0,0.0,3,8.8
2024-12-29 13:00:00,5224,14.7,14.3,89.0,0.0,0.0,0.0,3,8.9
2024-12-29 14:00:00,5751,14.6,13.5,85.0,0.0,0.0,0.0,3,11.9
2024-12-29 15:00:00,6039,13.8,11.6,84.0,0.0,0.0,0.0,3,16.9
2024-12-29 16:00:00,5931,13.3,10.7,81.0,0.0,0.0,0.0,3,17.8
2024-12-29 17:00:00,4875,11.4,8.7,84.0,0.0,0.0,0.0,3,16.6
2024-12-29 18:00:00,4313,10.9,8.2,86.0,0.0,0.0,0.0,3,15.8
2024-12-29 19:00:00,3562,11.3,8.5,84.0,0.0,0.0,0.0,3,17.4
2024-12-29 20:00:00,2805,12.2,9.0,82.0,0.0,0.0,0.0,3,20.6
2024-12-29 21:00:00,2263,12.0,8.9,87.0,0.0,0.0,0.0,3,21.3
2024-12-29 22:00:00,2036,12.1,9.1,91.0,0.0,0.0,0.0,3,22.3
2024-12-29 23:00:00,1687,12.3,9.3,92.0,0.0,0.0,0.0,3,22.7
2024-12-30 00:00:00,1187,12.2,9.2,91.0,0.5,0.5,0.0,53,22.5
2024-12-30 01:00:00,426,12.2,8.8,91.0,0.1,0.1,0.0,51,24.6
2024-12-30 02:00:00,184,11.9,8.8,95.0,1.9,1.9,0.0,61,22.9
2024-12-30 03:00:00,80,11.7,9.7,96.0,1.4,1.4,0.0,61,16.4
2024-12-30 04:00:00,199,11.3,9.5,97.0,0.1,0.1,0.0,51,13.9
2024-12-30 05:00:00,525,11.3,9.5,97.0,0.2,0.2,0.0,51,14.4
2024-12-30 06:00:00,1357,11.6,9.7,97.0,0.2,0.2,0.0,51,14.8
2024-12-30 07:00:00,2302,11.2,9.2,97.0,0.0,0.0,0.0,3,15.4
2024-12-30 08:00:00,3572,11.3,9.6,96.0,0.0,0.0,0.0,1,13.2
2024-12-30 09:00:00,3601,11.6,9.5,94.0,0.0,0.0,0.0,2,15.3
2024-12-30 10:00:00,3780,11.4,8.9,88.0,0.0,0.0,0.0,0,16.3
2024-12-30 11:00:00,4538,12.0,8.6,70.0,0.0,0.0,0.0,0,17.6
2024-12-30 12:00:00,5399,11.8,7.5,55.0,0.0,0.0,0.0,0,18.6
2024-12-30 13:00:00,6323,11.5,7.0,54.0,0.0,0.0,0.0,0,19.3
2024-12-30 14:00:00,6807,11.3,6.8,52.0,0.0,0.0,0.0,0,18.4
2024-12-30 15:00:00,7099,11.0,7.0,53.0,0.0,0.0,0.0,0,14.8
2024-12-30 16:00:00,7246,10.0,6.0,56.0,0.0,0.0,0.0,0,14.7
2024-12-30 17:00:00,7096,8.9,5.1,61.0,0.0,0.0,0.0,0,13.8
2024-12-30 18:00:00,6017,8.1,4.5,64.0,0.0,0.0,0.0,0,12.3
2024-12-30 19:00:00,4789,7.5,3.7,66.0,0.0,0.0,0.0,0,13.3
2024-12-30 20:00:00,3414,8.2,4.3,60.0,0.0,0.0,0.0,1,13.0
2024-12-30 21:00:00,2778,7.6,3.7,62.0,0.0,0.0,0.0,1,12.9
2024-12-30 22:00:00,2440,7.1,3.3,64.0,0.0,0.0,0.0,0,11.9
2024-12-30 23:00:00,1789,6.5,2.7,66.0,0.0,0.0,0.0,0,12.3
2024-12-31 00:00:00,1390,5.8,2.1,69.0,0.0,0.0,0.0,0,11.6
2024-12-31 01:00:00,753,4.9,1.5,73.0,0.0,0.0,0.0,0,9.5
2024-12-31 02:00:00,395,4.2,0.9,76.0,0.0,0.0,0.0,0,8.5
2024-12-31 03:00:00,260,3.5,0.3,79.0,0.0,0.0,0.0,0,7.7
2024-12-31 04:00:00,242,2.9,-0.3,81.0,0.0,0.0,0.0,0,7.2
2024-12-31 05:00:00,542,2.3,-0.8,83.0,0.0,0.0,0.0,1,6.1
2024-12-31 06:00:00,1261,1.2,-1.7,86.0,0.0,0.0,0.0,1,4.4
2024-12-31 07:00:00,2167,0.9,-1.8,86.0,0.0,0.0,0.0,0,2.4
2024-12-31 08:00:00,3268,1.5,-1.2,84.0,0.0,0.0,0.0,0,2.7
2024-12-31 09:00:00,3804,3.1,0.7,80.0,0.0,0.0,0.0,0,1.9
2024-12-31 10:00:00,4196,4.8,2.6,76.0,0.0,0.0,0.0,0,1.5
2024-12-31 11:00:00,5294,6.5,4.4,74.0,0.4,0.4,0.0,51,2.2
2024-12-31 12:00:00,6235,8.1,5.8,68.0,0.0,0.0,0.0,3,4.0
2024-12-31 13:00:00,6768,8.9,6.1,64.0,0.0,0.0,0.0,0,7.5
2024-12-31 14:00:00,7203,9.0,5.8,62.0,0.0,0.0,0.0,2,9.3
2024-12-31 15:00:00,7457,8.4,5.3,66.0,0.0,0.0,0.0,3,9.8
2024-12-31 16:00:00,6846,7.6,4.6,74.0,0.0,0.0,0.0,3,10.0
2024-12-31 17:00:00,5667,7.1,4.2,78.0,0.0,0.0,0.0,3,9.4
2024-12-31 18:00:00,4502,6.8,3.8,81.0,0.0,0.0,0.0,3,10.7
2024-12-31 19:00:00,3929,6.9,3.8,82.0,0.0,0.0,0.0,3,11.5
2024-12-31 20:00:00,2154,6.8,3.7,83.0,0.0,0.0,0.0,3,12.0
2024-12-31 21:00:00,919,6.5,3.2,85.0,1.5,1.5,0.0,61,12.9
2024-12-31 22:00:00,452,6.3,3.2,93.0,2.5,2.5,0.0,63,13.1
2024-12-31 23:00:00,1039,6.8,3.3,94.0,3.7,3.7,0.0,63,17.3
