timestamp,ride_count
2024-01-01 00:00:00,1901
2024-01-01 01:00:00,2333
2024-01-01 02:00:00,1939
2024-01-01 03:00:00,1099
2024-01-01 04:00:00,656
2024-01-01 05:00:00,382
2024-01-01 06:00:00,404
2024-01-01 07:00:00,459
2024-01-01 08:00:00,643
2024-01-01 09:00:00,1077
2024-01-01 10:00:00,1595
2024-01-01 11:00:00,2376
2024-01-01 12:00:00,3160
2024-01-01 13:00:00,3609
2024-01-01 14:00:00,4150
2024-01-01 15:00:00,4343
2024-01-01 16:00:00,4082
2024-01-01 17:00:00,3221
2024-01-01 18:00:00,2701
2024-01-01 19:00:00,2177
2024-01-01 20:00:00,1723
2024-01-01 21:00:00,1462
2024-01-01 22:00:00,1005
2024-01-01 23:00:00,781
2024-01-02 00:00:00,452
2024-01-02 01:00:00,274
2024-01-02 02:00:00,185
2024-01-02 03:00:00,119
2024-01-02 04:00:00,169
2024-01-02 05:00:00,636
2024-01-02 06:00:00,1809
2024-01-02 07:00:00,3696
2024-01-02 08:00:00,5279
2024-01-02 09:00:00,3653
2024-01-02 10:00:00,2572
2024-01-02 11:00:00,2844
2024-01-02 12:00:00,3196
2024-01-02 13:00:00,3598
2024-01-02 14:00:00,4281
2024-01-02 15:00:00,5015
2024-01-02 16:00:00,5804
2024-01-02 17:00:00,6962
2024-01-02 18:00:00,5997
2024-01-02 19:00:00,4128
2024-01-02 20:00:00,2864
2024-01-02 21:00:00,2093
2024-01-02 22:00:00,1518
2024-01-02 23:00:00,1005
2024-01-03 00:00:00,591
2024-01-03 01:00:00,329
2024-01-03 02:00:00,203
2024-01-03 03:00:00,136
2024-01-03 04:00:00,179
2024-01-03 05:00:00,749
2024-01-03 06:00:00,2087
2024-01-03 07:00:00,4404
2024-01-03 08:00:00,6548
2024-01-03 09:00:00,4559
2024-01-03 10:00:00,3181
2024-01-03 11:00:00,3245
2024-01-03 12:00:00,3700
2024-01-03 13:00:00,3950
2024-01-03 14:00:00,4627
2024-01-03 15:00:00,5055
2024-01-03 16:00:00,5910
2024-01-03 17:00:00,7485
2024-01-03 18:00:00,6620
2024-01-03 19:00:00,4550
2024-01-03 20:00:00,3082
2024-01-03 21:00:00,2300
2024-01-03 22:00:00,1831
2024-01-03 23:00:00,1238
2024-01-04 00:00:00,707
2024-01-04 01:00:00,320
2024-01-04 02:00:00,235
2024-01-04 03:00:00,161
2024-01-04 04:00:00,234
2024-01-04 05:00:00,732
2024-01-04 06:00:00,2196
2024-01-04 07:00:00,4511
2024-01-04 08:00:00,6839
2024-01-04 09:00:00,4793
2024-01-04 10:00:00,3248
2024-01-04 11:00:00,3148
2024-01-04 12:00:00,3692
2024-01-04 13:00:00,3820
2024-01-04 14:00:00,4552
2024-01-04 15:00:00,5272
2024-01-04 16:00:00,6203
2024-01-04 17:00:00,7940
2024-01-04 18:00:00,6644
2024-01-04 19:00:00,4482
2024-01-04 20:00:00,2950
2024-01-04 21:00:00,2229
2024-01-04 22:00:00,1593
2024-01-04 23:00:00,980
2024-01-05 00:00:00,570
2024-01-05 01:00:00,309
2024-01-05 02:00:00,206
2024-01-05 03:00:00,136
2024-01-05 04:00:00,198
2024-01-05 05:00:00,675
2024-01-05 06:00:00,1819
2024-01-05 07:00:00,3788
2024-01-05 08:00:00,5282
2024-01-05 09:00:00,4059
2024-01-05 10:00:00,3032
2024-01-05 11:00:00,3167
2024-01-05 12:00:00,3701
2024-01-05 13:00:00,4123
2024-01-05 14:00:00,4696
2024-01-05 15:00:00,5542
2024-01-05 16:00:00,5940
2024-01-05 17:00:00,6691
2024-01-05 18:00:00,5806
2024-01-05 19:00:00,4251
2024-01-05 20:00:00,2855
2024-01-05 21:00:00,2158
2024-01-05 22:00:00,1890
2024-01-05 23:00:00,1568
2024-01-06 00:00:00,1142
2024-01-06 01:00:00,773
2024-01-06 02:00:00,490
2024-01-06 03:00:00,301
2024-01-06 04:00:00,221
2024-01-06 05:00:00,242
2024-01-06 06:00:00,649
2024-01-06 07:00:00,1183
2024-01-06 08:00:00,2016
2024-01-06 09:00:00,3106
2024-01-06 10:00:00,3744
2024-01-06 11:00:00,4503
2024-01-06 12:00:00,4767
2024-01-06 13:00:00,4973
2024-01-06 14:00:00,4739
2024-01-06 15:00:00,3140
2024-01-06 16:00:00,1956
2024-01-06 17:00:00,1288
2024-01-06 18:00:00,1013
2024-01-06 19:00:00,776
2024-01-06 20:00:00,679
2024-01-06 21:00:00,432
2024-01-06 22:00:00,501
2024-01-06 23:00:00,669
2024-01-07 00:00:00,488
2024-01-07 01:00:00,304
2024-01-07 02:00:00,262
2024-01-07 03:00:00,187
2024-01-07 04:00:00,123
2024-01-07 05:00:00,78
2024-01-07 06:00:00,262
2024-01-07 07:00:00,260
2024-01-07 08:00:00,737
2024-01-07 09:00:00,1230
2024-01-07 10:00:00,1636
2024-01-07 11:00:00,1404
2024-01-07 12:00:00,1880
2024-01-07 13:00:00,2835
2024-01-07 14:00:00,3543
2024-01-07 15:00:00,3840
2024-01-07 16:00:00,3621
2024-01-07 17:00:00,2948
2024-01-07 18:00:00,2664
2024-01-07 19:00:00,2296
2024-01-07 20:00:00,1714
2024-01-07 21:00:00,1417
2024-01-07 22:00:00,1140
2024-01-07 23:00:00,809
2024-01-08 00:00:00,473
2024-01-08 01:00:00,253
2024-01-08 02:00:00,169
2024-01-08 03:00:00,137
2024-01-08 04:00:00,205
2024-01-08 05:00:00,747
2024-01-08 06:00:00,2131
2024-01-08 07:00:00,4627
2024-01-08 08:00:00,6784
2024-01-08 09:00:00,4411
2024-01-08 10:00:00,2967
2024-01-08 11:00:00,3056
2024-01-08 12:00:00,3356
2024-01-08 13:00:00,3752
2024-01-08 14:00:00,4572
2024-01-08 15:00:00,5323
2024-01-08 16:00:00,6182
2024-01-08 17:00:00,7704
2024-01-08 18:00:00,7446
2024-01-08 19:00:00,5169
2024-01-08 20:00:00,3393
2024-01-08 21:00:00,2390
2024-01-08 22:00:00,1788
2024-01-08 23:00:00,1451
2024-01-09 00:00:00,639
2024-01-09 01:00:00,337
2024-01-09 02:00:00,210
2024-01-09 03:00:00,135
2024-01-09 04:00:00,223
2024-01-09 05:00:00,838
2024-01-09 06:00:00,2397
2024-01-09 07:00:00,5308
2024-01-09 08:00:00,8384
2024-01-09 09:00:00,5514
2024-01-09 10:00:00,3459
2024-01-09 11:00:00,1983
2024-01-09 12:00:00,2039
2024-01-09 13:00:00,1735
2024-01-09 14:00:00,1464
2024-01-09 15:00:00,1670
2024-01-09 16:00:00,1801
2024-01-09 17:00:00,1630
2024-01-09 18:00:00,1273
2024-01-09 19:00:00,842
2024-01-09 20:00:00,458
2024-01-09 21:00:00,295
2024-01-09 22:00:00,257
2024-01-09 23:00:00,152
2024-01-10 00:00:00,101
2024-01-10 01:00:00,108
2024-01-10 02:00:00,90
2024-01-10 03:00:00,116
2024-01-10 04:00:00,212
2024-01-10 05:00:00,725
2024-01-10 06:00:00,2284
2024-01-10 07:00:00,5097
2024-01-10 08:00:00,7839
2024-01-10 09:00:00,5231
2024-01-10 10:00:00,3320
2024-01-10 11:00:00,3075
2024-01-10 12:00:00,3463
2024-01-10 13:00:00,3730
2024-01-10 14:00:00,4347
2024-01-10 15:00:00,5077
2024-01-10 16:00:00,6092
2024-01-10 17:00:00,8166
2024-01-10 18:00:00,7553
2024-01-10 19:00:00,4944
2024-01-10 20:00:00,3748
2024-01-10 21:00:00,2901
2024-01-10 22:00:00,2123
2024-01-10 23:00:00,1335
2024-01-11 00:00:00,750
2024-01-11 01:00:00,359
2024-01-11 02:00:00,267
2024-01-11 03:00:00,194
2024-01-11 04:00:00,222
2024-01-11 05:00:00,846
2024-01-11 06:00:00,2402
2024-01-11 07:00:00,5409
2024-01-11 08:00:00,8222
2024-01-11 09:00:00,5624
2024-01-11 10:00:00,3582
2024-01-11 11:00:00,3411
2024-01-11 12:00:00,3715
2024-01-11 13:00:00,4033
2024-01-11 14:00:00,4869
2024-01-11 15:00:00,5683
2024-01-11 16:00:00,6685
2024-01-11 17:00:00,8645
2024-01-11 18:00:00,7920
2024-01-11 19:00:00,5781
2024-01-11 20:00:00,3883
2024-01-11 21:00:00,2951
2024-01-11 22:00:00,2195
2024-01-11 23:00:00,1543
2024-01-12 00:00:00,914
2024-01-12 01:00:00,537
2024-01-12 02:00:00,328
2024-01-12 03:00:00,209
2024-01-12 04:00:00,219
2024-01-12 05:00:00,720
2024-01-12 06:00:00,2066
2024-01-12 07:00:00,4522
2024-01-12 08:00:00,6554
2024-01-12 09:00:00,5014
2024-01-12 10:00:00,3864
2024-01-12 11:00:00,4098
2024-01-12 12:00:00,4729
2024-01-12 13:00:00,5130
2024-01-12 14:00:00,6039
2024-01-12 15:00:00,6719
2024-01-12 16:00:00,7020
2024-01-12 17:00:00,7258
2024-01-12 18:00:00,6651
2024-01-12 19:00:00,5152
2024-01-12 20:00:00,3473
2024-01-12 21:00:00,2759
2024-01-12 22:00:00,1476
2024-01-12 23:00:00,662
2024-01-13 00:00:00,410
2024-01-13 01:00:00,189
2024-01-13 02:00:00,98
2024-01-13 03:00:00,91
2024-01-13 04:00:00,146
2024-01-13 05:00:00,251
2024-01-13 06:00:00,600
2024-01-13 07:00:00,1039
2024-01-13 08:00:00,2185
2024-01-13 09:00:00,3179
2024-01-13 10:00:00,4787
2024-01-13 11:00:00,5981
2024-01-13 12:00:00,5247
2024-01-13 13:00:00,5265
2024-01-13 14:00:00,5650
2024-01-13 15:00:00,5746
2024-01-13 16:00:00,5383
2024-01-13 17:00:00,4126
2024-01-13 18:00:00,3544
2024-01-13 19:00:00,2971
2024-01-13 20:00:00,2252
2024-01-13 21:00:00,1699
2024-01-13 22:00:00,1520
2024-01-13 23:00:00,1518
2024-01-14 00:00:00,1060
2024-01-14 01:00:00,809
2024-01-14 02:00:00,485
2024-01-14 03:00:00,396
2024-01-14 04:00:00,235
2024-01-14 05:00:00,192
2024-01-14 06:00:00,435
2024-01-14 07:00:00,804
2024-01-14 08:00:00,1430
2024-01-14 09:00:00,2510
2024-01-14 10:00:00,3392
2024-01-14 11:00:00,4291
2024-01-14 12:00:00,4499
2024-01-14 13:00:00,3647
2024-01-14 14:00:00,3716
2024-01-14 15:00:00,3869
2024-01-14 16:00:00,3893
2024-01-14 17:00:00,3102
2024-01-14 18:00:00,2632
2024-01-14 19:00:00,2213
2024-01-14 20:00:00,1745
2024-01-14 21:00:00,1312
2024-01-14 22:00:00,1162
2024-01-14 23:00:00,1072
2024-01-15 00:00:00,649
2024-01-15 01:00:00,318
2024-01-15 02:00:00,198
2024-01-15 03:00:00,136
2024-01-15 04:00:00,158
2024-01-15 05:00:00,348
2024-01-15 06:00:00,767
2024-01-15 07:00:00,1264
2024-01-15 08:00:00,2028
2024-01-15 09:00:00,2365
2024-01-15 10:00:00,2771
2024-01-15 11:00:00,3044
2024-01-15 12:00:00,3267
2024-01-15 13:00:00,3431
2024-01-15 14:00:00,3572
2024-01-15 15:00:00,3891
2024-01-15 16:00:00,3727
2024-01-15 17:00:00,3611
2024-01-15 18:00:00,3316
2024-01-15 19:00:00,2652
2024-01-15 20:00:00,1835
2024-01-15 21:00:00,1088
2024-01-15 22:00:00,670
2024-01-15 23:00:00,462
2024-01-16 00:00:00,223
2024-01-16 01:00:00,96
2024-01-16 02:00:00,87
2024-01-16 03:00:00,52
2024-01-16 04:00:00,97
2024-01-16 05:00:00,385
2024-01-16 06:00:00,993
2024-01-16 07:00:00,1759
2024-01-16 08:00:00,2581
2024-01-16 09:00:00,1570
2024-01-16 10:00:00,873
2024-01-16 11:00:00,777
2024-01-16 12:00:00,973
2024-01-16 13:00:00,1091
2024-01-16 14:00:00,1342
2024-01-16 15:00:00,1479
2024-01-16 16:00:00,1803
2024-01-16 17:00:00,2902
2024-01-16 18:00:00,2776
2024-01-16 19:00:00,2019
2024-01-16 20:00:00,1337
2024-01-16 21:00:00,998
2024-01-16 22:00:00,723
2024-01-16 23:00:00,431
2024-01-17 00:00:00,251
2024-01-17 01:00:00,141
2024-01-17 02:00:00,91
2024-01-17 03:00:00,66
2024-01-17 04:00:00,110
2024-01-17 05:00:00,491
2024-01-17 06:00:00,1269
2024-01-17 07:00:00,2706
2024-01-17 08:00:00,4160
2024-01-17 09:00:00,2816
2024-01-17 10:00:00,1745
2024-01-17 11:00:00,1606
2024-01-17 12:00:00,1832
2024-01-17 13:00:00,1966
2024-01-17 14:00:00,2274
2024-01-17 15:00:00,2671
2024-01-17 16:00:00,3178
2024-01-17 17:00:00,4262
2024-01-17 18:00:00,3732
2024-01-17 19:00:00,2660
2024-01-17 20:00:00,1749
2024-01-17 21:00:00,1317
2024-01-17 22:00:00,1019
2024-01-17 23:00:00,680
2024-01-18 00:00:00,358
2024-01-18 01:00:00,159
2024-01-18 02:00:00,100
2024-01-18 03:00:00,61
2024-01-18 04:00:00,140
2024-01-18 05:00:00,539
2024-01-18 06:00:00,1489
2024-01-18 07:00:00,3203
2024-01-18 08:00:00,5101
2024-01-18 09:00:00,3337
2024-01-18 10:00:00,2312
2024-01-18 11:00:00,2064
2024-01-18 12:00:00,2251
2024-01-18 13:00:00,2345
2024-01-18 14:00:00,3025
2024-01-18 15:00:00,3511
2024-01-18 16:00:00,4217
2024-01-18 17:00:00,5553
2024-01-18 18:00:00,5002
2024-01-18 19:00:00,3787
2024-01-18 20:00:00,2549
2024-01-18 21:00:00,1933
2024-01-18 22:00:00,1484
2024-01-18 23:00:00,1022
2024-01-19 00:00:00,596
2024-01-19 01:00:00,313
2024-01-19 02:00:00,212
2024-01-19 03:00:00,147
2024-01-19 04:00:00,194
2024-01-19 05:00:00,560
2024-01-19 06:00:00,1480
2024-01-19 07:00:00,3134
2024-01-19 08:00:00,4616
2024-01-19 09:00:00,2907
2024-01-19 10:00:00,2087
2024-01-19 11:00:00,1652
2024-01-19 12:00:00,1672
2024-01-19 13:00:00,1710
2024-01-19 14:00:00,2007
2024-01-19 15:00:00,2426
2024-01-19 16:00:00,3006
2024-01-19 17:00:00,3729
2024-01-19 18:00:00,3508
2024-01-19 19:00:00,2730
2024-01-19 20:00:00,1814
2024-01-19 21:00:00,1380
2024-01-19 22:00:00,1166
2024-01-19 23:00:00,1009
2024-01-20 00:00:00,735
2024-01-20 01:00:00,482
2024-01-20 02:00:00,320
2024-01-20 03:00:00,202
2024-01-20 04:00:00,144
2024-01-20 05:00:00,158
2024-01-20 06:00:00,365
2024-01-20 07:00:00,726
2024-01-20 08:00:00,1421
2024-01-20 09:00:00,1861
2024-01-20 10:00:00,2402
2024-01-20 11:00:00,2807
2024-01-20 12:00:00,2970
2024-01-20 13:00:00,3109
2024-01-20 14:00:00,3136
2024-01-20 15:00:00,3071
2024-01-20 16:00:00,2823
2024-01-20 17:00:00,2371
2024-01-20 18:00:00,2134
2024-01-20 19:00:00,1788
2024-01-20 20:00:00,1355
2024-01-20 21:00:00,1046
2024-01-20 22:00:00,919
2024-01-20 23:00:00,874
2024-01-21 00:00:00,652
2024-01-21 01:00:00,443
2024-01-21 02:00:00,295
2024-01-21 03:00:00,188
2024-01-21 04:00:00,152
2024-01-21 05:00:00,136
2024-01-21 06:00:00,293
2024-01-21 07:00:00,561
2024-01-21 08:00:00,918
2024-01-21 09:00:00,1518
2024-01-21 10:00:00,2126
2024-01-21 11:00:00,2642
2024-01-21 12:00:00,2902
2024-01-21 13:00:00,3158
2024-01-21 14:00:00,3267
2024-01-21 15:00:00,3355
2024-01-21 16:00:00,3092
2024-01-21 17:00:00,2657
2024-01-21 18:00:00,2404
2024-01-21 19:00:00,1730
2024-01-21 20:00:00,1272
2024-01-21 21:00:00,1133
2024-01-21 22:00:00,880
2024-01-21 23:00:00,543
2024-01-22 00:00:00,324
2024-01-22 01:00:00,153
2024-01-22 02:00:00,104
2024-01-22 03:00:00,98
2024-01-22 04:00:00,148
2024-01-22 05:00:00,656
2024-01-22 06:00:00,1766
2024-01-22 07:00:00,3624
2024-01-22 08:00:00,5781
2024-01-22 09:00:00,3892
2024-01-22 10:00:00,2438
2024-01-22 11:00:00,2398
2024-01-22 12:00:00,2784
2024-01-22 13:00:00,2955
2024-01-22 14:00:00,3506
2024-01-22 15:00:00,4065
2024-01-22 16:00:00,4887
2024-01-22 17:00:00,5062
2024-01-22 18:00:00,5743
2024-01-22 19:00:00,3981
2024-01-22 20:00:00,2640
2024-01-22 21:00:00,1899
2024-01-22 22:00:00,1361
2024-01-22 23:00:00,802
2024-01-23 00:00:00,483
2024-01-23 01:00:00,220
2024-01-23 02:00:00,144
2024-01-23 03:00:00,113
2024-01-23 04:00:00,182
2024-01-23 05:00:00,767
2024-01-23 06:00:00,2201
2024-01-23 07:00:00,4554
2024-01-23 08:00:00,7269
2024-01-23 09:00:00,4915
2024-01-23 10:00:00,2585
2024-01-23 11:00:00,1965
2024-01-23 12:00:00,2116
2024-01-23 13:00:00,2875
2024-01-23 14:00:00,3467
2024-01-23 15:00:00,4140
2024-01-23 16:00:00,5084
2024-01-23 17:00:00,7133
2024-01-23 18:00:00,6806
2024-01-23 19:00:00,4908
2024-01-23 20:00:00,3290
2024-01-23 21:00:00,2492
2024-01-23 22:00:00,1956
2024-01-23 23:00:00,995
2024-01-24 00:00:00,568
2024-01-24 01:00:00,315
2024-01-24 02:00:00,177
2024-01-24 03:00:00,141
2024-01-24 04:00:00,191
2024-01-24 05:00:00,750
2024-01-24 06:00:00,2059
2024-01-24 07:00:00,3694
2024-01-24 08:00:00,6767
2024-01-24 09:00:00,5105
2024-01-24 10:00:00,3408
2024-01-24 11:00:00,2994
2024-01-24 12:00:00,3331
2024-01-24 13:00:00,3156
2024-01-24 14:00:00,3241
2024-01-24 15:00:00,3426
2024-01-24 16:00:00,4089
2024-01-24 17:00:00,5658
2024-01-24 18:00:00,5289
2024-01-24 19:00:00,3434
2024-01-24 20:00:00,2660
2024-01-24 21:00:00,2367
2024-01-24 22:00:00,1921
2024-01-24 23:00:00,1171
2024-01-25 00:00:00,551
2024-01-25 01:00:00,304
2024-01-25 02:00:00,191
2024-01-25 03:00:00,108
2024-01-25 04:00:00,130
2024-01-25 05:00:00,458
2024-01-25 06:00:00,1264
2024-01-25 07:00:00,2925
2024-01-25 08:00:00,4062
2024-01-25 09:00:00,3373
2024-01-25 10:00:00,2179
2024-01-25 11:00:00,2893
2024-01-25 12:00:00,3673
2024-01-25 13:00:00,3867
2024-01-25 14:00:00,4465
2024-01-25 15:00:00,5252
2024-01-25 16:00:00,6123
2024-01-25 17:00:00,8363
2024-01-25 18:00:00,7955
2024-01-25 19:00:00,5706
2024-01-25 20:00:00,4026
2024-01-25 21:00:00,3315
2024-01-25 22:00:00,2472
2024-01-25 23:00:00,1272
2024-01-26 00:00:00,713
2024-01-26 01:00:00,349
2024-01-26 02:00:00,212
2024-01-26 03:00:00,123
2024-01-26 04:00:00,139
2024-01-26 05:00:00,446
2024-01-26 06:00:00,1329
2024-01-26 07:00:00,2642
2024-01-26 08:00:00,4008
2024-01-26 09:00:00,3443
2024-01-26 10:00:00,2383
2024-01-26 11:00:00,3167
2024-01-26 12:00:00,3911
2024-01-26 13:00:00,4237
2024-01-26 14:00:00,4866
2024-01-26 15:00:00,5460
2024-01-26 16:00:00,6194
2024-01-26 17:00:00,7317
2024-01-26 18:00:00,5894
2024-01-26 19:00:00,4467
2024-01-26 20:00:00,3644
2024-01-26 21:00:00,2894
2024-01-26 22:00:00,2450
2024-01-26 23:00:00,2075
2024-01-27 00:00:00,1590
2024-01-27 01:00:00,1235
2024-01-27 02:00:00,802
2024-01-27 03:00:00,547
2024-01-27 04:00:00,343
2024-01-27 05:00:00,290
2024-01-27 06:00:00,656
2024-01-27 07:00:00,1312
2024-01-27 08:00:00,2446
2024-01-27 09:00:00,3675
2024-01-27 10:00:00,4762
2024-01-27 11:00:00,5747
2024-01-27 12:00:00,6264
2024-01-27 13:00:00,6513
2024-01-27 14:00:00,6476
2024-01-27 15:00:00,6333
2024-01-27 16:00:00,6073
2024-01-27 17:00:00,5455
2024-01-27 18:00:00,4815
2024-01-27 19:00:00,4199
2024-01-27 20:00:00,3240
2024-01-27 21:00:00,2869
2024-01-27 22:00:00,2460
2024-01-27 23:00:00,2113
2024-01-28 00:00:00,1754
2024-01-28 01:00:00,912
2024-01-28 02:00:00,375
2024-01-28 03:00:00,179
2024-01-28 04:00:00,93
2024-01-28 05:00:00,98
2024-01-28 06:00:00,168
2024-01-28 07:00:00,305
2024-01-28 08:00:00,394
2024-01-28 09:00:00,861
2024-01-28 10:00:00,2102
2024-01-28 11:00:00,2275
2024-01-28 12:00:00,2144
2024-01-28 13:00:00,2117
2024-01-28 14:00:00,2225
2024-01-28 15:00:00,2050
2024-01-28 16:00:00,2072
2024-01-28 17:00:00,1617
2024-01-28 18:00:00,1944
2024-01-28 19:00:00,1626
2024-01-28 20:00:00,1440
2024-01-28 21:00:00,1222
2024-01-28 22:00:00,1100
2024-01-28 23:00:00,672
2024-01-29 00:00:00,379
2024-01-29 01:00:00,181
2024-01-29 02:00:00,124
2024-01-29 03:00:00,84
2024-01-29 04:00:00,162
2024-01-29 05:00:00,615
2024-01-29 06:00:00,1685
2024-01-29 07:00:00,3772
2024-01-29 08:00:00,6065
2024-01-29 09:00:00,4429
2024-01-29 10:00:00,3138
2024-01-29 11:00:00,2826
2024-01-29 12:00:00,3344
2024-01-29 13:00:00,3604
2024-01-29 14:00:00,4065
2024-01-29 15:00:00,4523
2024-01-29 16:00:00,5240
2024-01-29 17:00:00,7199
2024-01-29 18:00:00,6580
2024-01-29 19:00:00,4793
2024-01-29 20:00:00,3209
2024-01-29 21:00:00,2241
2024-01-29 22:00:00,1588
2024-01-29 23:00:00,942
2024-01-30 00:00:00,546
2024-01-30 01:00:00,233
2024-01-30 02:00:00,167
2024-01-30 03:00:00,130
2024-01-30 04:00:00,198
2024-01-30 05:00:00,824
2024-01-30 06:00:00,2386
2024-01-30 07:00:00,5109
2024-01-30 08:00:00,8144
2024-01-30 09:00:00,5686
2024-01-30 10:00:00,3398
2024-01-30 11:00:00,3108
2024-01-30 12:00:00,3461
2024-01-30 13:00:00,3585
2024-01-30 14:00:00,3987
2024-01-30 15:00:00,4785
2024-01-30 16:00:00,5731
2024-01-30 17:00:00,8037
2024-01-30 18:00:00,7005
2024-01-30 19:00:00,4572
2024-01-30 20:00:00,2685
2024-01-30 21:00:00,2082
2024-01-30 22:00:00,1485
2024-01-30 23:00:00,954
2024-01-31 00:00:00,548
2024-01-31 01:00:00,240
2024-01-31 02:00:00,140
2024-01-31 03:00:00,121
2024-01-31 04:00:00,211
2024-01-31 05:00:00,831
2024-01-31 06:00:00,2235
2024-01-31 07:00:00,4945
2024-01-31 08:00:00,7807
2024-01-31 09:00:00,5566
2024-01-31 10:00:00,3568
2024-01-31 11:00:00,3349
2024-01-31 12:00:00,3606
2024-01-31 13:00:00,3718
2024-01-31 14:00:00,4298
2024-01-31 15:00:00,4876
2024-01-31 16:00:00,5820
2024-01-31 17:00:00,8028
2024-01-31 18:00:00,7641
2024-01-31 19:00:00,5414
2024-01-31 20:00:00,3685
2024-01-31 21:00:00,2827
2024-01-31 22:00:00,2017
2024-01-31 23:00:00,1384
2024-02-01 00:00:00,756
2024-02-01 01:00:00,366
2024-02-01 02:00:00,198
2024-02-01 03:00:00,148
2024-02-01 04:00:00,231
2024-02-01 05:00:00,739
2024-02-01 06:00:00,2221
2024-02-01 07:00:00,5041
2024-02-01 08:00:00,8069
2024-02-01 09:00:00,5688
2024-02-01 10:00:00,3630
2024-02-01 11:00:00,3304
2024-02-01 12:00:00,3843
2024-02-01 13:00:00,4024
2024-02-01 14:00:00,4526
2024-02-01 15:00:00,5404
2024-02-01 16:00:00,6399
2024-02-01 17:00:00,8389
2024-02-01 18:00:00,7867
2024-02-01 19:00:00,5666
2024-02-01 20:00:00,4054
2024-02-01 21:00:00,3007
2024-02-01 22:00:00,2454
2024-02-01 23:00:00,1660
2024-02-02 00:00:00,803
2024-02-02 01:00:00,245
2024-02-02 02:00:00,145
2024-02-02 03:00:00,162
2024-02-02 04:00:00,209
2024-02-02 05:00:00,708
2024-02-02 06:00:00,1908
2024-02-02 07:00:00,4006
2024-02-02 08:00:00,5352
2024-02-02 09:00:00,2579
2024-02-02 10:00:00,1896
2024-02-02 11:00:00,1940
2024-02-02 12:00:00,2331
2024-02-02 13:00:00,3203
2024-02-02 14:00:00,4202
2024-02-02 15:00:00,5210
2024-02-02 16:00:00,5877
2024-02-02 17:00:00,6990
2024-02-02 18:00:00,6298
2024-02-02 19:00:00,4843
2024-02-02 20:00:00,3387
2024-02-02 21:00:00,2483
2024-02-02 22:00:00,2135
2024-02-02 23:00:00,1745
2024-02-03 00:00:00,1354
2024-02-03 01:00:00,876
2024-02-03 02:00:00,593
2024-02-03 03:00:00,386
2024-02-03 04:00:00,252
2024-02-03 05:00:00,277
2024-02-03 06:00:00,648
2024-02-03 07:00:00,1248
2024-02-03 08:00:00,2201
2024-02-03 09:00:00,3367
2024-02-03 10:00:00,4240
2024-02-03 11:00:00,5106
2024-02-03 12:00:00,5603
2024-02-03 13:00:00,6004
2024-02-03 14:00:00,6207
2024-02-03 15:00:00,6188
2024-02-03 16:00:00,5983
2024-02-03 17:00:00,5029
2024-02-03 18:00:00,4309
2024-02-03 19:00:00,3759
2024-02-03 20:00:00,2758
2024-02-03 21:00:00,2156
2024-02-03 22:00:00,1988
2024-02-03 23:00:00,1874
2024-02-04 00:00:00,1352
2024-02-04 01:00:00,891
2024-02-04 02:00:00,666
2024-02-04 03:00:00,410
2024-02-04 04:00:00,290
2024-02-04 05:00:00,232
2024-02-04 06:00:00,468
2024-02-04 07:00:00,918
2024-02-04 08:00:00,1592
2024-02-04 09:00:00,2668
2024-02-04 10:00:00,3794
2024-02-04 11:00:00,4664
2024-02-04 12:00:00,5392
2024-02-04 13:00:00,5965
2024-02-04 14:00:00,6229
2024-02-04 15:00:00,6278
2024-02-04 16:00:00,6102
2024-02-04 17:00:00,5023
2024-02-04 18:00:00,4132
2024-02-04 19:00:00,3152
2024-02-04 20:00:00,2278
2024-02-04 21:00:00,1730
2024-02-04 22:00:00,1272
2024-02-04 23:00:00,857
2024-02-05 00:00:00,455
2024-02-05 01:00:00,234
2024-02-05 02:00:00,147
2024-02-05 03:00:00,126
2024-02-05 04:00:00,190
2024-02-05 05:00:00,747
2024-02-05 06:00:00,2155
2024-02-05 07:00:00,4722
2024-02-05 08:00:00,7122
2024-02-05 09:00:00,4674
2024-02-05 10:00:00,3116
2024-02-05 11:00:00,3022
2024-02-05 12:00:00,3496
2024-02-05 13:00:00,3832
2024-02-05 14:00:00,4337
2024-02-05 15:00:00,5037
2024-02-05 16:00:00,6040
2024-02-05 17:00:00,7933
2024-02-05 18:00:00,6935
2024-02-05 19:00:00,4667
2024-02-05 20:00:00,3299
2024-02-05 21:00:00,2237
2024-02-05 22:00:00,1623
2024-02-05 23:00:00,950
2024-02-06 00:00:00,459
2024-02-06 01:00:00,256
2024-02-06 02:00:00,148
2024-02-06 03:00:00,108
2024-02-06 04:00:00,202
2024-02-06 05:00:00,781
2024-02-06 06:00:00,2346
2024-02-06 07:00:00,5044
2024-02-06 08:00:00,7845
2024-02-06 09:00:00,5164
2024-02-06 10:00:00,3306
2024-02-06 11:00:00,3023
2024-02-06 12:00:00,3522
2024-02-06 13:00:00,3628
2024-02-06 14:00:00,4383
2024-02-06 15:00:00,5126
2024-02-06 16:00:00,6242
2024-02-06 17:00:00,8340
2024-02-06 18:00:00,7542
2024-02-06 19:00:00,5160
2024-02-06 20:00:00,3570
2024-02-06 21:00:00,2721
2024-02-06 22:00:00,1985
2024-02-06 23:00:00,1188
2024-02-07 00:00:00,562
2024-02-07 01:00:00,272
2024-02-07 02:00:00,179
2024-02-07 03:00:00,121
2024-02-07 04:00:00,192
2024-02-07 05:00:00,810
2024-02-07 06:00:00,2343
2024-02-07 07:00:00,5220
2024-02-07 08:00:00,8336
2024-02-07 09:00:00,5615
2024-02-07 10:00:00,3532
2024-02-07 11:00:00,3424
2024-02-07 12:00:00,3885
2024-02-07 13:00:00,4207
2024-02-07 14:00:00,4941
2024-02-07 15:00:00,5582
2024-02-07 16:00:00,6614
2024-02-07 17:00:00,9271
2024-02-07 18:00:00,8136
2024-02-07 19:00:00,5785
2024-02-07 20:00:00,3929
2024-02-07 21:00:00,3180
2024-02-07 22:00:00,2217
2024-02-07 23:00:00,1322
2024-02-08 00:00:00,718
2024-02-08 01:00:00,368
2024-02-08 02:00:00,238
2024-02-08 03:00:00,181
2024-02-08 04:00:00,266
2024-02-08 05:00:00,792
2024-02-08 06:00:00,2338
2024-02-08 07:00:00,5366
2024-02-08 08:00:00,8513
2024-02-08 09:00:00,5771
2024-02-08 10:00:00,4037
2024-02-08 11:00:00,3831
2024-02-08 12:00:00,4500
2024-02-08 13:00:00,4737
2024-02-08 14:00:00,5400
2024-02-08 15:00:00,6190
2024-02-08 16:00:00,7149
2024-02-08 17:00:00,9252
2024-02-08 18:00:00,8272
2024-02-08 19:00:00,5739
2024-02-08 20:00:00,4023
2024-02-08 21:00:00,3167
2024-02-08 22:00:00,2513
2024-02-08 23:00:00,1595
2024-02-09 00:00:00,906
2024-02-09 01:00:00,528
2024-02-09 02:00:00,322
2024-02-09 03:00:00,210
2024-02-09 04:00:00,276
2024-02-09 05:00:00,784
2024-02-09 06:00:00,2189
2024-02-09 07:00:00,4663
2024-02-09 08:00:00,6778
2024-02-09 09:00:00,5032
2024-02-09 10:00:00,3956
2024-02-09 11:00:00,4385
2024-02-09 12:00:00,5152
2024-02-09 13:00:00,5492
2024-02-09 14:00:00,6520
2024-02-09 15:00:00,7341
2024-02-09 16:00:00,7795
2024-02-09 17:00:00,8921
2024-02-09 18:00:00,8179
2024-02-09 19:00:00,5614
2024-02-09 20:00:00,3971
2024-02-09 21:00:00,3159
2024-02-09 22:00:00,2723
2024-02-09 23:00:00,2284
2024-02-10 00:00:00,1643
2024-02-10 01:00:00,1245
2024-02-10 02:00:00,818
2024-02-10 03:00:00,550
2024-02-10 04:00:00,387
2024-02-10 05:00:00,344
2024-02-10 06:00:00,696
2024-02-10 07:00:00,1453
2024-02-10 08:00:00,2746
2024-02-10 09:00:00,4184
2024-02-10 10:00:00,5532
2024-02-10 11:00:00,6507
2024-02-10 12:00:00,7255
2024-02-10 13:00:00,7642
2024-02-10 14:00:00,7479
2024-02-10 15:00:00,7834
2024-02-10 16:00:00,7845
2024-02-10 17:00:00,7180
2024-02-10 18:00:00,5739
2024-02-10 19:00:00,4927
2024-02-10 20:00:00,3938
2024-02-10 21:00:00,3153
2024-02-10 22:00:00,2935
2024-02-10 23:00:00,2581
2024-02-11 00:00:00,2134
2024-02-11 01:00:00,1427
2024-02-11 02:00:00,891
2024-02-11 03:00:00,581
2024-02-11 04:00:00,413
2024-02-11 05:00:00,271
2024-02-11 06:00:00,540
2024-02-11 07:00:00,1143
2024-02-11 08:00:00,2003
2024-02-11 09:00:00,3245
2024-02-11 10:00:00,4358
2024-02-11 11:00:00,5181
2024-02-11 12:00:00,5634
2024-02-11 13:00:00,5847
2024-02-11 14:00:00,5874
2024-02-11 15:00:00,6042
2024-02-11 16:00:00,6161
2024-02-11 17:00:00,6987
2024-02-11 18:00:00,5330
2024-02-11 19:00:00,2548
2024-02-11 20:00:00,1970
2024-02-11 21:00:00,1730
2024-02-11 22:00:00,2126
2024-02-11 23:00:00,4585
2024-02-12 00:00:00,880
2024-02-12 01:00:00,390
2024-02-12 02:00:00,217
2024-02-12 03:00:00,126
2024-02-12 04:00:00,218
2024-02-12 05:00:00,711
2024-02-12 06:00:00,1975
2024-02-12 07:00:00,4521
2024-02-12 08:00:00,7351
2024-02-12 09:00:00,4906
2024-02-12 10:00:00,3333
2024-02-12 11:00:00,3271
2024-02-12 12:00:00,3745
2024-02-12 13:00:00,4290
2024-02-12 14:00:00,4757
2024-02-12 15:00:00,5445
2024-02-12 16:00:00,6360
2024-02-12 17:00:00,8572
2024-02-12 18:00:00,7632
2024-02-12 19:00:00,5435
2024-02-12 20:00:00,3832
2024-02-12 21:00:00,2773
2024-02-12 22:00:00,1954
2024-02-12 23:00:00,1088
2024-02-13 00:00:00,604
2024-02-13 01:00:00,229
2024-02-13 02:00:00,95
2024-02-13 03:00:00,50
2024-02-13 04:00:00,75
2024-02-13 05:00:00,265
2024-02-13 06:00:00,639
2024-02-13 07:00:00,721
2024-02-13 08:00:00,762
2024-02-13 09:00:00,582
2024-02-13 10:00:00,463
2024-02-13 11:00:00,492
2024-02-13 12:00:00,678
2024-02-13 13:00:00,1242
2024-02-13 14:00:00,1691
2024-02-13 15:00:00,2345
2024-02-13 16:00:00,2966
2024-02-13 17:00:00,4325
2024-02-13 18:00:00,4103
2024-02-13 19:00:00,3173
2024-02-13 20:00:00,2325
2024-02-13 21:00:00,1781
2024-02-13 22:00:00,1510
2024-02-13 23:00:00,911
2024-02-14 00:00:00,534
2024-02-14 01:00:00,262
2024-02-14 02:00:00,154
2024-02-14 03:00:00,130
2024-02-14 04:00:00,164
2024-02-14 05:00:00,676
2024-02-14 06:00:00,1953
2024-02-14 07:00:00,4451
2024-02-14 08:00:00,6725
2024-02-14 09:00:00,4673
2024-02-14 10:00:00,3001
2024-02-14 11:00:00,2837
2024-02-14 12:00:00,3246
2024-02-14 13:00:00,3418
2024-02-14 14:00:00,4049
2024-02-14 15:00:00,4525
2024-02-14 16:00:00,5591
2024-02-14 17:00:00,7601
2024-02-14 18:00:00,6455
2024-02-14 19:00:00,3920
2024-02-14 20:00:00,2521
2024-02-14 21:00:00,1762
2024-02-14 22:00:00,1303
2024-02-14 23:00:00,963
2024-02-15 00:00:00,530
2024-02-15 01:00:00,291
2024-02-15 02:00:00,154
2024-02-15 03:00:00,97
2024-02-15 04:00:00,179
2024-02-15 05:00:00,667
2024-02-15 06:00:00,1973
2024-02-15 07:00:00,4451
2024-02-15 08:00:00,7063
2024-02-15 09:00:00,4825
2024-02-15 10:00:00,3222
2024-02-15 11:00:00,3002
2024-02-15 12:00:00,3386
2024-02-15 13:00:00,3493
2024-02-15 14:00:00,4072
2024-02-15 15:00:00,4950
2024-02-15 16:00:00,5350
2024-02-15 17:00:00,7377
2024-02-15 18:00:00,6664
2024-02-15 19:00:00,4668
2024-02-15 20:00:00,3326
2024-02-15 21:00:00,2478
2024-02-15 22:00:00,1903
2024-02-15 23:00:00,1368
2024-02-16 00:00:00,713
2024-02-16 01:00:00,372
2024-02-16 02:00:00,279
2024-02-16 03:00:00,203
2024-02-16 04:00:00,184
2024-02-16 05:00:00,628
2024-02-16 06:00:00,1693
2024-02-16 07:00:00,3885
2024-02-16 08:00:00,5506
2024-02-16 09:00:00,4205
2024-02-16 10:00:00,3145
2024-02-16 11:00:00,3319
2024-02-16 12:00:00,3993
2024-02-16 13:00:00,4294
2024-02-16 14:00:00,5017
2024-02-16 15:00:00,5617
2024-02-16 16:00:00,5964
2024-02-16 17:00:00,6924
2024-02-16 18:00:00,5826
2024-02-16 19:00:00,4557
2024-02-16 20:00:00,3175
2024-02-16 21:00:00,2434
2024-02-16 22:00:00,2004
2024-02-16 23:00:00,1588
2024-02-17 00:00:00,1085
2024-02-17 01:00:00,482
2024-02-17 02:00:00,242
2024-02-17 03:00:00,127
2024-02-17 04:00:00,96
2024-02-17 05:00:00,102
2024-02-17 06:00:00,251
2024-02-17 07:00:00,452
2024-02-17 08:00:00,728
2024-02-17 09:00:00,1263
2024-02-17 10:00:00,1756
2024-02-17 11:00:00,2288
2024-02-17 12:00:00,2605
2024-02-17 13:00:00,2859
2024-02-17 14:00:00,2910
2024-02-17 15:00:00,3377
2024-02-17 16:00:00,3370
2024-02-17 17:00:00,3262
2024-02-17 18:00:00,2835
2024-02-17 19:00:00,2420
2024-02-17 20:00:00,1722
2024-02-17 21:00:00,1554
2024-02-17 22:00:00,1252
2024-02-17 23:00:00,1082
2024-02-18 00:00:00,845
2024-02-18 01:00:00,626
2024-02-18 02:00:00,347
2024-02-18 03:00:00,278
2024-02-18 04:00:00,187
2024-02-18 05:00:00,171
2024-02-18 06:00:00,297
2024-02-18 07:00:00,671
2024-02-18 08:00:00,1158
2024-02-18 09:00:00,1892
2024-02-18 10:00:00,2567
2024-02-18 11:00:00,3117
2024-02-18 12:00:00,3431
2024-02-18 13:00:00,3615
2024-02-18 14:00:00,3893
2024-02-18 15:00:00,4058
2024-02-18 16:00:00,3922
2024-02-18 17:00:00,3846
2024-02-18 18:00:00,3157
2024-02-18 19:00:00,2538
2024-02-18 20:00:00,1959
2024-02-18 21:00:00,1584
2024-02-18 22:00:00,1246
2024-02-18 23:00:00,1026
2024-02-19 00:00:00,669
2024-02-19 01:00:00,401
2024-02-19 02:00:00,223
2024-02-19 03:00:00,189
2024-02-19 04:00:00,165
2024-02-19 05:00:00,333
2024-02-19 06:00:00,791
2024-02-19 07:00:00,1377
2024-02-19 08:00:00,2418
2024-02-19 09:00:00,2835
2024-02-19 10:00:00,3030
2024-02-19 11:00:00,3623
2024-02-19 12:00:00,4110
2024-02-19 13:00:00,4476
2024-02-19 14:00:00,4561
2024-02-19 15:00:00,4802
2024-02-19 16:00:00,4921
2024-02-19 17:00:00,5086
2024-02-19 18:00:00,4659
2024-02-19 19:00:00,3351
2024-02-19 20:00:00,2476
2024-02-19 21:00:00,1824
2024-02-19 22:00:00,1295
2024-02-19 23:00:00,871
2024-02-20 00:00:00,486
2024-02-20 01:00:00,265
2024-02-20 02:00:00,158
2024-02-20 03:00:00,98
2024-02-20 04:00:00,176
2024-02-20 05:00:00,710
2024-02-20 06:00:00,1881
2024-02-20 07:00:00,3455
2024-02-20 08:00:00,5916
2024-02-20 09:00:00,4383
2024-02-20 10:00:00,2938
2024-02-20 11:00:00,2807
2024-02-20 12:00:00,3131
2024-02-20 13:00:00,3409
2024-02-20 14:00:00,3604
2024-02-20 15:00:00,4204
2024-02-20 16:00:00,4950
2024-02-20 17:00:00,6943
2024-02-20 18:00:00,6345
2024-02-20 19:00:00,4469
2024-02-20 20:00:00,3144
2024-02-20 21:00:00,2331
2024-02-20 22:00:00,1688
2024-02-20 23:00:00,990
2024-02-21 00:00:00,576
2024-02-21 01:00:00,258
2024-02-21 02:00:00,151
2024-02-21 03:00:00,105
2024-02-21 04:00:00,190
2024-02-21 05:00:00,775
2024-02-21 06:00:00,2095
2024-02-21 07:00:00,3984
2024-02-21 08:00:00,6426
2024-02-21 09:00:00,5012
2024-02-21 10:00:00,3260
2024-02-21 11:00:00,3015
2024-02-21 12:00:00,3399
2024-02-21 13:00:00,3518
2024-02-21 14:00:00,3822
2024-02-21 15:00:00,4362
2024-02-21 16:00:00,5408
2024-02-21 17:00:00,7322
2024-02-21 18:00:00,6896
2024-02-21 19:00:00,4762
2024-02-21 20:00:00,3455
2024-02-21 21:00:00,2533
2024-02-21 22:00:00,1917
2024-02-21 23:00:00,1150
2024-02-22 00:00:00,623
2024-02-22 01:00:00,369
2024-02-22 02:00:00,197
2024-02-22 03:00:00,149
2024-02-22 04:00:00,203
2024-02-22 05:00:00,720
2024-02-22 06:00:00,2122
2024-02-22 07:00:00,3922
2024-02-22 08:00:00,6472
2024-02-22 09:00:00,4877
2024-02-22 10:00:00,3285
2024-02-22 11:00:00,3144
2024-02-22 12:00:00,3763
2024-02-22 13:00:00,3825
2024-02-22 14:00:00,4222
2024-02-22 15:00:00,4631
2024-02-22 16:00:00,4753
2024-02-22 17:00:00,5896
2024-02-22 18:00:00,6323
2024-02-22 19:00:00,4038
2024-02-22 20:00:00,2686
2024-02-22 21:00:00,2366
2024-02-22 22:00:00,1710
2024-02-22 23:00:00,947
2024-02-23 00:00:00,523
2024-02-23 01:00:00,337
2024-02-23 02:00:00,213
2024-02-23 03:00:00,174
2024-02-23 04:00:00,193
2024-02-23 05:00:00,616
2024-02-23 06:00:00,1755
2024-02-23 07:00:00,3309
2024-02-23 08:00:00,5109
2024-02-23 09:00:00,4317
2024-02-23 10:00:00,3366
2024-02-23 11:00:00,3340
2024-02-23 12:00:00,3506
2024-02-23 13:00:00,3882
2024-02-23 14:00:00,4417
2024-02-23 15:00:00,5140
2024-02-23 16:00:00,6026
2024-02-23 17:00:00,7322
2024-02-23 18:00:00,6675
2024-02-23 19:00:00,5081
2024-02-23 20:00:00,3698
2024-02-23 21:00:00,2788
2024-02-23 22:00:00,2397
2024-02-23 23:00:00,2080
2024-02-24 00:00:00,1542
2024-02-24 01:00:00,1145
2024-02-24 02:00:00,783
2024-02-24 03:00:00,480
2024-02-24 04:00:00,330
2024-02-24 05:00:00,287
2024-02-24 06:00:00,667
2024-02-24 07:00:00,1322
2024-02-24 08:00:00,2315
2024-02-24 09:00:00,3459
2024-02-24 10:00:00,4236
2024-02-24 11:00:00,5143
2024-02-24 12:00:00,5686
2024-02-24 13:00:00,6116
2024-02-24 14:00:00,6198
2024-02-24 15:00:00,6144
2024-02-24 16:00:00,5758
2024-02-24 17:00:00,5231
2024-02-24 18:00:00,4313
2024-02-24 19:00:00,3496
2024-02-24 20:00:00,2576
2024-02-24 21:00:00,1902
2024-02-24 22:00:00,1594
2024-02-24 23:00:00,1476
2024-02-25 00:00:00,1070
2024-02-25 01:00:00,655
2024-02-25 02:00:00,504
2024-02-25 03:00:00,329
2024-02-25 04:00:00,223
2024-02-25 05:00:00,198
2024-02-25 06:00:00,412
2024-02-25 07:00:00,892
2024-02-25 08:00:00,1492
2024-02-25 09:00:00,2539
2024-02-25 10:00:00,3437
2024-02-25 11:00:00,3939
2024-02-25 12:00:00,4600
2024-02-25 13:00:00,4954
2024-02-25 14:00:00,5191
2024-02-25 15:00:00,5217
2024-02-25 16:00:00,4911
2024-02-25 17:00:00,4605
2024-02-25 18:00:00,3628
2024-02-25 19:00:00,2784
2024-02-25 20:00:00,2064
2024-02-25 21:00:00,1589
2024-02-25 22:00:00,1219
2024-02-25 23:00:00,763
2024-02-26 00:00:00,462
2024-02-26 01:00:00,243
2024-02-26 02:00:00,139
2024-02-26 03:00:00,118
2024-02-26 04:00:00,228
2024-02-26 05:00:00,755
2024-02-26 06:00:00,2217
2024-02-26 07:00:00,4956
2024-02-26 08:00:00,7119
2024-02-26 09:00:00,4565
2024-02-26 10:00:00,2575
2024-02-26 11:00:00,2593
2024-02-26 12:00:00,3407
2024-02-26 13:00:00,4002
2024-02-26 14:00:00,4874
2024-02-26 15:00:00,5830
2024-02-26 16:00:00,6884
2024-02-26 17:00:00,9021
2024-02-26 18:00:00,7882
2024-02-26 19:00:00,5482
2024-02-26 20:00:00,3764
2024-02-26 21:00:00,2807
2024-02-26 22:00:00,2079
2024-02-26 23:00:00,1195
2024-02-27 00:00:00,633
2024-02-27 01:00:00,334
2024-02-27 02:00:00,205
2024-02-27 03:00:00,130
2024-02-27 04:00:00,223
2024-02-27 05:00:00,878
2024-02-27 06:00:00,2568
2024-02-27 07:00:00,5835
2024-02-27 08:00:00,8619
2024-02-27 09:00:00,5775
2024-02-27 10:00:00,3770
2024-02-27 11:00:00,3610
2024-02-27 12:00:00,4171
2024-02-27 13:00:00,4652
2024-02-27 14:00:00,5199
2024-02-27 15:00:00,6105
2024-02-27 16:00:00,7026
2024-02-27 17:00:00,9048
2024-02-27 18:00:00,3048
2024-02-27 19:00:00,1279
2024-02-27 20:00:00,1076
2024-02-27 21:00:00,1611
2024-02-27 22:00:00,1567
2024-02-27 23:00:00,1078
2024-02-28 00:00:00,634
2024-02-28 01:00:00,307
2024-02-28 02:00:00,215
2024-02-28 03:00:00,136
2024-02-28 04:00:00,181
2024-02-28 05:00:00,780
2024-02-28 06:00:00,2237
2024-02-28 07:00:00,4407
2024-02-28 08:00:00,6455
2024-02-28 09:00:00,4963
2024-02-28 10:00:00,2868
2024-02-28 11:00:00,2881
2024-02-28 12:00:00,3044
2024-02-28 13:00:00,2858
2024-02-28 14:00:00,2359
2024-02-28 15:00:00,3735
2024-02-28 16:00:00,4321
2024-02-28 17:00:00,5546
2024-02-28 18:00:00,6718
2024-02-28 19:00:00,5136
2024-02-28 20:00:00,3276
2024-02-28 21:00:00,2053
2024-02-28 22:00:00,1398
2024-02-28 23:00:00,1095
2024-02-29 00:00:00,563
2024-02-29 01:00:00,276
2024-02-29 02:00:00,170
2024-02-29 03:00:00,119
2024-02-29 04:00:00,190
2024-02-29 05:00:00,787
2024-02-29 06:00:00,2309
2024-02-29 07:00:00,5041
2024-02-29 08:00:00,7707
2024-02-29 09:00:00,5350
2024-02-29 10:00:00,3459
2024-02-29 11:00:00,3221
2024-02-29 12:00:00,3639
2024-02-29 13:00:00,3889
2024-02-29 14:00:00,4533
2024-02-29 15:00:00,5268
2024-02-29 16:00:00,6090
2024-02-29 17:00:00,8575
2024-02-29 18:00:00,7408
2024-02-29 19:00:00,5327
2024-02-29 20:00:00,3594
2024-02-29 21:00:00,2674
2024-02-29 22:00:00,2290
2024-02-29 23:00:00,1488
2024-03-01 00:00:00,797
2024-03-01 01:00:00,453
2024-03-01 02:00:00,311
2024-03-01 03:00:00,159
2024-03-01 04:00:00,208
2024-03-01 05:00:00,697
2024-03-01 06:00:00,2014
2024-03-01 07:00:00,4271
2024-03-01 08:00:00,6335
2024-03-01 09:00:00,4610
2024-03-01 10:00:00,3668
2024-03-01 11:00:00,3930
2024-03-01 12:00:00,4523
2024-03-01 13:00:00,4954
2024-03-01 14:00:00,5722
2024-03-01 15:00:00,6213
2024-03-01 16:00:00,6931
2024-03-01 17:00:00,8030
2024-03-01 18:00:00,6536
2024-03-01 19:00:00,4776
2024-03-01 20:00:00,3540
2024-03-01 21:00:00,2737
2024-03-01 22:00:00,2404
2024-03-01 23:00:00,1894
2024-03-02 00:00:00,1513
2024-03-02 01:00:00,983
2024-03-02 02:00:00,725
2024-03-02 03:00:00,410
2024-03-02 04:00:00,297
2024-03-02 05:00:00,291
2024-03-02 06:00:00,638
2024-03-02 07:00:00,853
2024-03-02 08:00:00,1345
2024-03-02 09:00:00,1557
2024-03-02 10:00:00,1725
2024-03-02 11:00:00,1933
2024-03-02 12:00:00,1116
2024-03-02 13:00:00,1051
2024-03-02 14:00:00,1050
2024-03-02 15:00:00,899
2024-03-02 16:00:00,757
2024-03-02 17:00:00,962
2024-03-02 18:00:00,1440
2024-03-02 19:00:00,1966
2024-03-02 20:00:00,1852
2024-03-02 21:00:00,1724
2024-03-02 22:00:00,1555
2024-03-02 23:00:00,1461
2024-03-03 00:00:00,1226
2024-03-03 01:00:00,935
2024-03-03 02:00:00,691
2024-03-03 03:00:00,451
2024-03-03 04:00:00,305
2024-03-03 05:00:00,262
2024-03-03 06:00:00,653
2024-03-03 07:00:00,1274
2024-03-03 08:00:00,2300
2024-03-03 09:00:00,3963
2024-03-03 10:00:00,5988
2024-03-03 11:00:00,7503
2024-03-03 12:00:00,9355
2024-03-03 13:00:00,10853
2024-03-03 14:00:00,11583
2024-03-03 15:00:00,11731
2024-03-03 16:00:00,10840
2024-03-03 17:00:00,9952
2024-03-03 18:00:00,7322
2024-03-03 19:00:00,4998
2024-03-03 20:00:00,3665
2024-03-03 21:00:00,2754
2024-03-03 22:00:00,2049
2024-03-03 23:00:00,1417
2024-03-04 00:00:00,790
2024-03-04 01:00:00,445
2024-03-04 02:00:00,242
2024-03-04 03:00:00,207
2024-03-04 04:00:00,261
2024-03-04 05:00:00,851
2024-03-04 06:00:00,2516
2024-03-04 07:00:00,5538
2024-03-04 08:00:00,8477
2024-03-04 09:00:00,5511
2024-03-04 10:00:00,3919
2024-03-04 11:00:00,3809
2024-03-04 12:00:00,4627
2024-03-04 13:00:00,4610
2024-03-04 14:00:00,5391
2024-03-04 15:00:00,6404
2024-03-04 16:00:00,7256
2024-03-04 17:00:00,9997
2024-03-04 18:00:00,8825
2024-03-04 19:00:00,5738
2024-03-04 20:00:00,3886
2024-03-04 21:00:00,2846
2024-03-04 22:00:00,2096
2024-03-04 23:00:00,1215
2024-03-05 00:00:00,655
2024-03-05 01:00:00,348
2024-03-05 02:00:00,239
2024-03-05 03:00:00,166
2024-03-05 04:00:00,203
2024-03-05 05:00:00,732
2024-03-05 06:00:00,1122
2024-03-05 07:00:00,2400
2024-03-05 08:00:00,2403
2024-03-05 09:00:00,1843
2024-03-05 10:00:00,1434
2024-03-05 11:00:00,1478
2024-03-05 12:00:00,1764
2024-03-05 13:00:00,1903
2024-03-05 14:00:00,2360
2024-03-05 15:00:00,1965
2024-03-05 16:00:00,2891
2024-03-05 17:00:00,5852
2024-03-05 18:00:00,6178
2024-03-05 19:00:00,4653
2024-03-05 20:00:00,3336
2024-03-05 21:00:00,2609
2024-03-05 22:00:00,2252
2024-03-05 23:00:00,1387
2024-03-06 00:00:00,737
2024-03-06 01:00:00,426
2024-03-06 02:00:00,222
2024-03-06 03:00:00,186
2024-03-06 04:00:00,243
2024-03-06 05:00:00,919
2024-03-06 06:00:00,2565
2024-03-06 07:00:00,6065
2024-03-06 08:00:00,9309
2024-03-06 09:00:00,6519
2024-03-06 10:00:00,4203
2024-03-06 11:00:00,3912
2024-03-06 12:00:00,3543
2024-03-06 13:00:00,2083
2024-03-06 14:00:00,1669
2024-03-06 15:00:00,1538
2024-03-06 16:00:00,1246
2024-03-06 17:00:00,1590
2024-03-06 18:00:00,1202
2024-03-06 19:00:00,1166
2024-03-06 20:00:00,1252
2024-03-06 21:00:00,1143
2024-03-06 22:00:00,908
2024-03-06 23:00:00,673
2024-03-07 00:00:00,488
2024-03-07 01:00:00,245
2024-03-07 02:00:00,120
2024-03-07 03:00:00,94
2024-03-07 04:00:00,214
2024-03-07 05:00:00,697
2024-03-07 06:00:00,1933
2024-03-07 07:00:00,5010
2024-03-07 08:00:00,8174
2024-03-07 09:00:00,5544
2024-03-07 10:00:00,3827
2024-03-07 11:00:00,4096
2024-03-07 12:00:00,4171
2024-03-07 13:00:00,4281
2024-03-07 14:00:00,5033
2024-03-07 15:00:00,5967
2024-03-07 16:00:00,6889
2024-03-07 17:00:00,9789
2024-03-07 18:00:00,8596
2024-03-07 19:00:00,6009
2024-03-07 20:00:00,4330
2024-03-07 21:00:00,3184
2024-03-07 22:00:00,2531
2024-03-07 23:00:00,1846
2024-03-08 00:00:00,1007
2024-03-08 01:00:00,576
2024-03-08 02:00:00,390
2024-03-08 03:00:00,233
2024-03-08 04:00:00,264
2024-03-08 05:00:00,815
2024-03-08 06:00:00,2251
2024-03-08 07:00:00,4834
2024-03-08 08:00:00,7222
2024-03-08 09:00:00,5485
2024-03-08 10:00:00,4387
2024-03-08 11:00:00,4576
2024-03-08 12:00:00,5529
2024-03-08 13:00:00,6061
2024-03-08 14:00:00,7106
2024-03-08 15:00:00,8120
2024-03-08 16:00:00,8859
2024-03-08 17:00:00,10144
2024-03-08 18:00:00,8251
2024-03-08 19:00:00,5738
2024-03-08 20:00:00,3919
2024-03-08 21:00:00,2988
2024-03-08 22:00:00,2627
2024-03-08 23:00:00,2237
2024-03-09 00:00:00,1718
2024-03-09 01:00:00,1214
2024-03-09 02:00:00,893
2024-03-09 03:00:00,526
2024-03-09 04:00:00,364
2024-03-09 05:00:00,334
2024-03-09 06:00:00,707
2024-03-09 07:00:00,1480
2024-03-09 08:00:00,2502
2024-03-09 09:00:00,3762
2024-03-09 10:00:00,4647
2024-03-09 11:00:00,5474
2024-03-09 12:00:00,4845
2024-03-09 13:00:00,3282
2024-03-09 14:00:00,2701
2024-03-09 15:00:00,1705
2024-03-09 16:00:00,1186
2024-03-09 17:00:00,1333
2024-03-09 18:00:00,1305
2024-03-09 19:00:00,747
2024-03-09 20:00:00,333
2024-03-09 21:00:00,279
2024-03-09 22:00:00,298
2024-03-09 23:00:00,509
2024-03-10 00:00:00,666
2024-03-10 01:00:00,695
2024-03-10 02:00:00,0
2024-03-10 03:00:00,582
2024-03-10 04:00:00,404
2024-03-10 05:00:00,288
2024-03-10 06:00:00,375
2024-03-10 07:00:00,832
2024-03-10 08:00:00,1609
2024-03-10 09:00:00,2689
2024-03-10 10:00:00,3883
2024-03-10 11:00:00,5312
2024-03-10 12:00:00,5725
2024-03-10 13:00:00,5836
2024-03-10 14:00:00,5347
2024-03-10 15:00:00,4486
2024-03-10 16:00:00,4243
2024-03-10 17:00:00,4354
2024-03-10 18:00:00,4472
2024-03-10 19:00:00,3272
2024-03-10 20:00:00,2295
2024-03-10 21:00:00,1833
2024-03-10 22:00:00,1606
2024-03-10 23:00:00,981
2024-03-11 00:00:00,588
2024-03-11 01:00:00,294
2024-03-11 02:00:00,190
2024-03-11 03:00:00,134
2024-03-11 04:00:00,222
2024-03-11 05:00:00,689
2024-03-11 06:00:00,1884
2024-03-11 07:00:00,4132
2024-03-11 08:00:00,6253
2024-03-11 09:00:00,4309
2024-03-11 10:00:00,2689
2024-03-11 11:00:00,2768
2024-03-11 12:00:00,3202
2024-03-11 13:00:00,3526
2024-03-11 14:00:00,4364
2024-03-11 15:00:00,5301
2024-03-11 16:00:00,6291
2024-03-11 17:00:00,8678
2024-03-11 18:00:00,8829
2024-03-11 19:00:00,5740
2024-03-11 20:00:00,4013
2024-03-11 21:00:00,2805
2024-03-11 22:00:00,1999
2024-03-11 23:00:00,1240
2024-03-12 00:00:00,647
2024-03-12 01:00:00,361
2024-03-12 02:00:00,221
2024-03-12 03:00:00,136
2024-03-12 04:00:00,249
2024-03-12 05:00:00,864
2024-03-12 06:00:00,2457
2024-03-12 07:00:00,5448
2024-03-12 08:00:00,8940
2024-03-12 09:00:00,6430
2024-03-12 10:00:00,4066
2024-03-12 11:00:00,4190
2024-03-12 12:00:00,4758
2024-03-12 13:00:00,5354
2024-03-12 14:00:00,6488
2024-03-12 15:00:00,7741
2024-03-12 16:00:00,9381
2024-03-12 17:00:00,13466
2024-03-12 18:00:00,12953
2024-03-12 19:00:00,8373
2024-03-12 20:00:00,5568
2024-03-12 21:00:00,4453
2024-03-12 22:00:00,3316
2024-03-12 23:00:00,1975
2024-03-13 00:00:00,1122
2024-03-13 01:00:00,553
2024-03-13 02:00:00,355
2024-03-13 03:00:00,206
2024-03-13 04:00:00,288
2024-03-13 05:00:00,901
2024-03-13 06:00:00,2699
2024-03-13 07:00:00,6136
2024-03-13 08:00:00,9925
2024-03-13 09:00:00,7160
2024-03-13 10:00:00,4730
2024-03-13 11:00:00,4549
2024-03-13 12:00:00,5162
2024-03-13 13:00:00,5605
2024-03-13 14:00:00,6562
2024-03-13 15:00:00,7588
2024-03-13 16:00:00,9102
2024-03-13 17:00:00,12801
2024-03-13 18:00:00,11927
2024-03-13 19:00:00,7814
2024-03-13 20:00:00,5057
2024-03-13 21:00:00,3913
2024-03-13 22:00:00,3001
2024-03-13 23:00:00,1858
2024-03-14 00:00:00,986
2024-03-14 01:00:00,568
2024-03-14 02:00:00,346
2024-03-14 03:00:00,196
2024-03-14 04:00:00,298
2024-03-14 05:00:00,880
2024-03-14 06:00:00,2493
2024-03-14 07:00:00,5936
2024-03-14 08:00:00,9769
2024-03-14 09:00:00,6984
2024-03-14 10:00:00,4926
2024-03-14 11:00:00,5209
2024-03-14 12:00:00,5945
2024-03-14 13:00:00,6474
2024-03-14 14:00:00,7846
2024-03-14 15:00:00,9415
2024-03-14 16:00:00,10788
2024-03-14 17:00:00,15153
2024-03-14 18:00:00,13811
2024-03-14 19:00:00,8618
2024-03-14 20:00:00,5649
2024-03-14 21:00:00,4329
2024-03-14 22:00:00,3495
2024-03-14 23:00:00,2348
2024-03-15 00:00:00,1546
2024-03-15 01:00:00,909
2024-03-15 02:00:00,490
2024-03-15 03:00:00,285
2024-03-15 04:00:00,335
2024-03-15 05:00:00,828
2024-03-15 06:00:00,2388
2024-03-15 07:00:00,5175
2024-03-15 08:00:00,7838
2024-03-15 09:00:00,6122
2024-03-15 10:00:00,4813
2024-03-15 11:00:00,5212
2024-03-15 12:00:00,5552
2024-03-15 13:00:00,6130
2024-03-15 14:00:00,7970
2024-03-15 15:00:00,9168
2024-03-15 16:00:00,10000
2024-03-15 17:00:00,12364
2024-03-15 18:00:00,11433
2024-03-15 19:00:00,7904
2024-03-15 20:00:00,5235
2024-03-15 21:00:00,3941
2024-03-15 22:00:00,3285
2024-03-15 23:00:00,2936
2024-03-16 00:00:00,2115
2024-03-16 01:00:00,1425
2024-03-16 02:00:00,1027
2024-03-16 03:00:00,598
2024-03-16 04:00:00,459
2024-03-16 05:00:00,361
2024-03-16 06:00:00,734
2024-03-16 07:00:00,1488
2024-03-16 08:00:00,2828
2024-03-16 09:00:00,4501
2024-03-16 10:00:00,6006
2024-03-16 11:00:00,7502
2024-03-16 12:00:00,8719
2024-03-16 13:00:00,9418
2024-03-16 14:00:00,9614
2024-03-16 15:00:00,9884
2024-03-16 16:00:00,9166
2024-03-16 17:00:00,8413
2024-03-16 18:00:00,8013
2024-03-16 19:00:00,6090
2024-03-16 20:00:00,4343
2024-03-16 21:00:00,3491
2024-03-16 22:00:00,3281
2024-03-16 23:00:00,2787
2024-03-17 00:00:00,2052
2024-03-17 01:00:00,1392
2024-03-17 02:00:00,928
2024-03-17 03:00:00,676
2024-03-17 04:00:00,424
2024-03-17 05:00:00,471
2024-03-17 06:00:00,900
2024-03-17 07:00:00,1487
2024-03-17 08:00:00,2521
2024-03-17 09:00:00,4112
2024-03-17 10:00:00,5549
2024-03-17 11:00:00,6715
2024-03-17 12:00:00,7717
2024-03-17 13:00:00,8460
2024-03-17 14:00:00,8824
2024-03-17 15:00:00,8837
2024-03-17 16:00:00,8743
2024-03-17 17:00:00,7893
2024-03-17 18:00:00,7453
2024-03-17 19:00:00,5344
2024-03-17 20:00:00,3530
2024-03-17 21:00:00,2621
2024-03-17 22:00:00,2049
2024-03-17 23:00:00,1382
2024-03-18 00:00:00,812
2024-03-18 01:00:00,390
2024-03-18 02:00:00,248
2024-03-18 03:00:00,191
2024-03-18 04:00:00,274
2024-03-18 05:00:00,857
2024-03-18 06:00:00,2278
2024-03-18 07:00:00,5053
2024-03-18 08:00:00,7780
2024-03-18 09:00:00,5292
2024-03-18 10:00:00,3701
2024-03-18 11:00:00,3480
2024-03-18 12:00:00,4087
2024-03-18 13:00:00,4341
2024-03-18 14:00:00,5158
2024-03-18 15:00:00,5937
2024-03-18 16:00:00,7019
2024-03-18 17:00:00,9477
2024-03-18 18:00:00,8802
2024-03-18 19:00:00,5678
2024-03-18 20:00:00,3781
2024-03-18 21:00:00,2704
2024-03-18 22:00:00,1874
2024-03-18 23:00:00,1076
2024-03-19 00:00:00,561
2024-03-19 01:00:00,297
2024-03-19 02:00:00,180
2024-03-19 03:00:00,122
2024-03-19 04:00:00,236
2024-03-19 05:00:00,900
2024-03-19 06:00:00,2407
2024-03-19 07:00:00,5213
2024-03-19 08:00:00,8069
2024-03-19 09:00:00,5473
2024-03-19 10:00:00,3471
2024-03-19 11:00:00,3304
2024-03-19 12:00:00,3849
2024-03-19 13:00:00,4089
2024-03-19 14:00:00,4943
2024-03-19 15:00:00,5651
2024-03-19 16:00:00,6696
2024-03-19 17:00:00,9639
2024-03-19 18:00:00,8819
2024-03-19 19:00:00,5954
2024-03-19 20:00:00,3914
2024-03-19 21:00:00,2754
2024-03-19 22:00:00,2266
2024-03-19 23:00:00,1359
2024-03-20 00:00:00,713
2024-03-20 01:00:00,336
2024-03-20 02:00:00,218
2024-03-20 03:00:00,156
2024-03-20 04:00:00,221
2024-03-20 05:00:00,921
2024-03-20 06:00:00,2491
2024-03-20 07:00:00,5499
2024-03-20 08:00:00,8889
2024-03-20 09:00:00,6164
2024-03-20 10:00:00,3841
2024-03-20 11:00:00,3888
2024-03-20 12:00:00,4281
2024-03-20 13:00:00,4615
2024-03-20 14:00:00,5413
2024-03-20 15:00:00,6292
2024-03-20 16:00:00,6552
2024-03-20 17:00:00,6300
2024-03-20 18:00:00,7477
2024-03-20 19:00:00,5413
2024-03-20 20:00:00,3763
2024-03-20 21:00:00,2764
2024-03-20 22:00:00,2025
2024-03-20 23:00:00,1259
2024-03-21 00:00:00,582
2024-03-21 01:00:00,334
2024-03-21 02:00:00,210
2024-03-21 03:00:00,147
2024-03-21 04:00:00,199
2024-03-21 05:00:00,710
2024-03-21 06:00:00,2045
2024-03-21 07:00:00,4591
2024-03-21 08:00:00,7208
2024-03-21 09:00:00,5109
2024-03-21 10:00:00,3267
2024-03-21 11:00:00,3314
2024-03-21 12:00:00,3770
2024-03-21 13:00:00,3799
2024-03-21 14:00:00,4492
2024-03-21 15:00:00,5144
2024-03-21 16:00:00,6201
2024-03-21 17:00:00,8198
2024-03-21 18:00:00,7904
2024-03-21 19:00:00,5455
2024-03-21 20:00:00,3626
2024-03-21 21:00:00,2637
2024-03-21 22:00:00,2122
2024-03-21 23:00:00,1392
2024-03-22 00:00:00,764
2024-03-22 01:00:00,414
2024-03-22 02:00:00,307
2024-03-22 03:00:00,219
2024-03-22 04:00:00,268
2024-03-22 05:00:00,629
2024-03-22 06:00:00,1807
2024-03-22 07:00:00,3883
2024-03-22 08:00:00,5674
2024-03-22 09:00:00,4490
2024-03-22 10:00:00,3537
2024-03-22 11:00:00,3971
2024-03-22 12:00:00,4824
2024-03-22 13:00:00,4964
2024-03-22 14:00:00,5708
2024-03-22 15:00:00,6140
2024-03-22 16:00:00,6563
2024-03-22 17:00:00,7498
2024-03-22 18:00:00,6858
2024-03-22 19:00:00,5098
2024-03-22 20:00:00,3475
2024-03-22 21:00:00,2632
2024-03-22 22:00:00,2339
2024-03-22 23:00:00,2011
2024-03-23 00:00:00,1596
2024-03-23 01:00:00,1009
2024-03-23 02:00:00,480
2024-03-23 03:00:00,324
2024-03-23 04:00:00,162
2024-03-23 05:00:00,112
2024-03-23 06:00:00,150
2024-03-23 07:00:00,280
2024-03-23 08:00:00,489
2024-03-23 09:00:00,547
2024-03-23 10:00:00,745
2024-03-23 11:00:00,760
2024-03-23 12:00:00,683
2024-03-23 13:00:00,526
2024-03-23 14:00:00,416
2024-03-23 15:00:00,442
2024-03-23 16:00:00,500
2024-03-23 17:00:00,1497
2024-03-23 18:00:00,2508
2024-03-23 19:00:00,2701
2024-03-23 20:00:00,2365
2024-03-23 21:00:00,1965
2024-03-23 22:00:00,1667
2024-03-23 23:00:00,1487
2024-03-24 00:00:00,1051
2024-03-24 01:00:00,815
2024-03-24 02:00:00,487
2024-03-24 03:00:00,368
2024-03-24 04:00:00,265
2024-03-24 05:00:00,203
2024-03-24 06:00:00,434
2024-03-24 07:00:00,950
2024-03-24 08:00:00,1586
2024-03-24 09:00:00,2573
2024-03-24 10:00:00,3683
2024-03-24 11:00:00,4582
2024-03-24 12:00:00,5437
2024-03-24 13:00:00,5962
2024-03-24 14:00:00,6086
2024-03-24 15:00:00,6337
2024-03-24 16:00:00,6429
2024-03-24 17:00:00,6192
2024-03-24 18:00:00,5641
2024-03-24 19:00:00,4175
2024-03-24 20:00:00,2963
2024-03-24 21:00:00,2082
2024-03-24 22:00:00,1554
2024-03-24 23:00:00,1045
2024-03-25 00:00:00,587
2024-03-25 01:00:00,320
2024-03-25 02:00:00,210
2024-03-25 03:00:00,172
2024-03-25 04:00:00,223
2024-03-25 05:00:00,806
2024-03-25 06:00:00,2097
2024-03-25 07:00:00,4433
2024-03-25 08:00:00,6914
2024-03-25 09:00:00,4955
2024-03-25 10:00:00,3333
2024-03-25 11:00:00,3276
2024-03-25 12:00:00,3798
2024-03-25 13:00:00,4233
2024-03-25 14:00:00,5163
2024-03-25 15:00:00,6156
2024-03-25 16:00:00,7245
2024-03-25 17:00:00,10001
2024-03-25 18:00:00,9340
2024-03-25 19:00:00,6717
2024-03-25 20:00:00,4408
2024-03-25 21:00:00,3012
2024-03-25 22:00:00,2192
2024-03-25 23:00:00,1295
2024-03-26 00:00:00,650
2024-03-26 01:00:00,299
2024-03-26 02:00:00,183
2024-03-26 03:00:00,120
2024-03-26 04:00:00,223
2024-03-26 05:00:00,881
2024-03-26 06:00:00,2464
2024-03-26 07:00:00,5421
2024-03-26 08:00:00,8733
2024-03-26 09:00:00,6232
2024-03-26 10:00:00,4092
2024-03-26 11:00:00,3855
2024-03-26 12:00:00,4249
2024-03-26 13:00:00,4642
2024-03-26 14:00:00,5349
2024-03-26 15:00:00,6073
2024-03-26 16:00:00,7635
2024-03-26 17:00:00,11109
2024-03-26 18:00:00,10483
2024-03-26 19:00:00,6938
2024-03-26 20:00:00,4696
2024-03-26 21:00:00,3424
2024-03-26 22:00:00,2649
2024-03-26 23:00:00,1622
2024-03-27 00:00:00,833
2024-03-27 01:00:00,416
2024-03-27 02:00:00,263
2024-03-27 03:00:00,165
2024-03-27 04:00:00,265
2024-03-27 05:00:00,911
2024-03-27 06:00:00,2489
2024-03-27 07:00:00,5599
2024-03-27 08:00:00,8894
2024-03-27 09:00:00,6408
2024-03-27 10:00:00,4199
2024-03-27 11:00:00,4095
2024-03-27 12:00:00,4625
2024-03-27 13:00:00,4971
2024-03-27 14:00:00,5560
2024-03-27 15:00:00,6371
2024-03-27 16:00:00,7058
2024-03-27 17:00:00,8021
2024-03-27 18:00:00,5325
2024-03-27 19:00:00,5182
2024-03-27 20:00:00,3931
2024-03-27 21:00:00,3321
2024-03-27 22:00:00,2745
2024-03-27 23:00:00,1530
2024-03-28 00:00:00,696
2024-03-28 01:00:00,240
2024-03-28 02:00:00,67
2024-03-28 03:00:00,112
2024-03-28 04:00:00,135
2024-03-28 05:00:00,470
2024-03-28 06:00:00,1259
2024-03-28 07:00:00,3180
2024-03-28 08:00:00,6126
2024-03-28 09:00:00,3453
2024-03-28 10:00:00,2827
2024-03-28 11:00:00,2021
2024-03-28 12:00:00,1433
2024-03-28 13:00:00,1444
2024-03-28 14:00:00,2747
2024-03-28 15:00:00,3260
2024-03-28 16:00:00,2708
2024-03-28 17:00:00,5357
2024-03-28 18:00:00,5516
2024-03-28 19:00:00,2856
2024-03-28 20:00:00,2924
2024-03-28 21:00:00,1857
2024-03-28 22:00:00,2028
2024-03-28 23:00:00,1795
2024-03-29 00:00:00,1171
2024-03-29 01:00:00,706
2024-03-29 02:00:00,429
2024-03-29 03:00:00,274
2024-03-29 04:00:00,305
2024-03-29 05:00:00,702
2024-03-29 06:00:00,1528
2024-03-29 07:00:00,2858
2024-03-29 08:00:00,4637
2024-03-29 09:00:00,5163
2024-03-29 10:00:00,4803
2024-03-29 11:00:00,5408
2024-03-29 12:00:00,6301
2024-03-29 13:00:00,6965
2024-03-29 14:00:00,7393
2024-03-29 15:00:00,7635
2024-03-29 16:00:00,8020
2024-03-29 17:00:00,8681
2024-03-29 18:00:00,7703
2024-03-29 19:00:00,5653
2024-03-29 20:00:00,3727
2024-03-29 21:00:00,2761
2024-03-29 22:00:00,2332
2024-03-29 23:00:00,1941
2024-03-30 00:00:00,1486
2024-03-30 01:00:00,982
2024-03-30 02:00:00,657
2024-03-30 03:00:00,499
2024-03-30 04:00:00,369
2024-03-30 05:00:00,307
2024-03-30 06:00:00,629
2024-03-30 07:00:00,1317
2024-03-30 08:00:00,2345
2024-03-30 09:00:00,3688
2024-03-30 10:00:00,5131
2024-03-30 11:00:00,6424
2024-03-30 12:00:00,7404
2024-03-30 13:00:00,8057
2024-03-30 14:00:00,8529
2024-03-30 15:00:00,8766
2024-03-30 16:00:00,8583
2024-03-30 17:00:00,7941
2024-03-30 18:00:00,7105
2024-03-30 19:00:00,5390
2024-03-30 20:00:00,2782
2024-03-30 21:00:00,2135
2024-03-30 22:00:00,2323
2024-03-30 23:00:00,2168
2024-03-31 00:00:00,1294
2024-03-31 01:00:00,925
2024-03-31 02:00:00,705
2024-03-31 03:00:00,523
2024-03-31 04:00:00,474
2024-03-31 05:00:00,351
2024-03-31 06:00:00,596
2024-03-31 07:00:00,1131
2024-03-31 08:00:00,2059
2024-03-31 09:00:00,3485
2024-03-31 10:00:00,4805
2024-03-31 11:00:00,6168
2024-03-31 12:00:00,6924
2024-03-31 13:00:00,7187
2024-03-31 14:00:00,7922
2024-03-31 15:00:00,8241
2024-03-31 16:00:00,7862
2024-03-31 17:00:00,7680
2024-03-31 18:00:00,6679
2024-03-31 19:00:00,5236
2024-03-31 20:00:00,3697
2024-03-31 21:00:00,2879
2024-03-31 22:00:00,2381
2024-03-31 23:00:00,1612
2024-04-01 00:00:00,920
2024-04-01 01:00:00,531
2024-04-01 02:00:00,316
2024-04-01 03:00:00,213
2024-04-01 04:00:00,280
2024-04-01 05:00:00,855
2024-04-01 06:00:00,2205
2024-04-01 07:00:00,4233
2024-04-01 08:00:00,6418
2024-04-01 09:00:00,3679
2024-04-01 10:00:00,2305
2024-04-01 11:00:00,2367
2024-04-01 12:00:00,3383
2024-04-01 13:00:00,4070
2024-04-01 14:00:00,4705
2024-04-01 15:00:00,5577
2024-04-01 16:00:00,6773
2024-04-01 17:00:00,9531
2024-04-01 18:00:00,9466
2024-04-01 19:00:00,6776
2024-04-01 20:00:00,4727
2024-04-01 21:00:00,3628
2024-04-01 22:00:00,2594
2024-04-01 23:00:00,1580
2024-04-02 00:00:00,891
2024-04-02 01:00:00,404
2024-04-02 02:00:00,271
2024-04-02 03:00:00,183
2024-04-02 04:00:00,338
2024-04-02 05:00:00,906
2024-04-02 06:00:00,1550
2024-04-02 07:00:00,2601
2024-04-02 08:00:00,3860
2024-04-02 09:00:00,3834
2024-04-02 10:00:00,2803
2024-04-02 11:00:00,2419
2024-04-02 12:00:00,1257
2024-04-02 13:00:00,1141
2024-04-02 14:00:00,975
2024-04-02 15:00:00,1352
2024-04-02 16:00:00,1978
2024-04-02 17:00:00,2734
2024-04-02 18:00:00,3026
2024-04-02 19:00:00,1873
2024-04-02 20:00:00,1594
2024-04-02 21:00:00,1645
2024-04-02 22:00:00,1640
2024-04-02 23:00:00,1062
2024-04-03 00:00:00,522
2024-04-03 01:00:00,223
2024-04-03 02:00:00,173
2024-04-03 03:00:00,99
2024-04-03 04:00:00,128
2024-04-03 05:00:00,325
2024-04-03 06:00:00,1041
2024-04-03 07:00:00,1940
2024-04-03 08:00:00,2749
2024-04-03 09:00:00,1924
2024-04-03 10:00:00,1349
2024-04-03 11:00:00,1031
2024-04-03 12:00:00,946
2024-04-03 13:00:00,1052
2024-04-03 14:00:00,1936
2024-04-03 15:00:00,1235
2024-04-03 16:00:00,1244
2024-04-03 17:00:00,1635
2024-04-03 18:00:00,1407
2024-04-03 19:00:00,1464
2024-04-03 20:00:00,1202
2024-04-03 21:00:00,1108
2024-04-03 22:00:00,1200
2024-04-03 23:00:00,622
2024-04-04 00:00:00,347
2024-04-04 01:00:00,166
2024-04-04 02:00:00,144
2024-04-04 03:00:00,62
2024-04-04 04:00:00,118
2024-04-04 05:00:00,666
2024-04-04 06:00:00,1992
2024-04-04 07:00:00,4672
2024-04-04 08:00:00,7816
2024-04-04 09:00:00,5805
2024-04-04 10:00:00,3748
2024-04-04 11:00:00,3758
2024-04-04 12:00:00,4256
2024-04-04 13:00:00,4585
2024-04-04 14:00:00,5394
2024-04-04 15:00:00,6361
2024-04-04 16:00:00,7556
2024-04-04 17:00:00,10487
2024-04-04 18:00:00,10062
2024-04-04 19:00:00,7072
2024-04-04 20:00:00,4012
2024-04-04 21:00:00,3118
2024-04-04 22:00:00,2844
2024-04-04 23:00:00,1878
2024-04-05 00:00:00,1138
2024-04-05 01:00:00,578
2024-04-05 02:00:00,387
2024-04-05 03:00:00,206
2024-04-05 04:00:00,291
2024-04-05 05:00:00,766
2024-04-05 06:00:00,2179
2024-04-05 07:00:00,4720
2024-04-05 08:00:00,6863
2024-04-05 09:00:00,5433
2024-04-05 10:00:00,4257
2024-04-05 11:00:00,4480
2024-04-05 12:00:00,5104
2024-04-05 13:00:00,5497
2024-04-05 14:00:00,6126
2024-04-05 15:00:00,6956
2024-04-05 16:00:00,7846
2024-04-05 17:00:00,9249
2024-04-05 18:00:00,8594
2024-04-05 19:00:00,6741
2024-04-05 20:00:00,4340
2024-04-05 21:00:00,3285
2024-04-05 22:00:00,2577
2024-04-05 23:00:00,2288
2024-04-06 00:00:00,1845
2024-04-06 01:00:00,1220
2024-04-06 02:00:00,874
2024-04-06 03:00:00,617
2024-04-06 04:00:00,499
2024-04-06 05:00:00,387
2024-04-06 06:00:00,841
2024-04-06 07:00:00,1660
2024-04-06 08:00:00,2775
2024-04-06 09:00:00,4138
2024-04-06 10:00:00,5301
2024-04-06 11:00:00,6498
2024-04-06 12:00:00,6961
2024-04-06 13:00:00,7103
2024-04-06 14:00:00,7568
2024-04-06 15:00:00,7854
2024-04-06 16:00:00,7375
2024-04-06 17:00:00,7051
2024-04-06 18:00:00,6822
2024-04-06 19:00:00,5278
2024-04-06 20:00:00,3891
2024-04-06 21:00:00,3089
2024-04-06 22:00:00,2631
2024-04-06 23:00:00,2652
2024-04-07 00:00:00,1826
2024-04-07 01:00:00,1241
2024-04-07 02:00:00,832
2024-04-07 03:00:00,606
2024-04-07 04:00:00,489
2024-04-07 05:00:00,317
2024-04-07 06:00:00,694
2024-04-07 07:00:00,1283
2024-04-07 08:00:00,2190
2024-04-07 09:00:00,3574
2024-04-07 10:00:00,4891
2024-04-07 11:00:00,6154
2024-04-07 12:00:00,7117
2024-04-07 13:00:00,7832
2024-04-07 14:00:00,8428
2024-04-07 15:00:00,8448
2024-04-07 16:00:00,8358
2024-04-07 17:00:00,8141
2024-04-07 18:00:00,7394
2024-04-07 19:00:00,5461
2024-04-07 20:00:00,3664
2024-04-07 21:00:00,2716
2024-04-07 22:00:00,2034
2024-04-07 23:00:00,1231
2024-04-08 00:00:00,781
2024-04-08 01:00:00,374
2024-04-08 02:00:00,249
2024-04-08 03:00:00,177
2024-04-08 04:00:00,265
2024-04-08 05:00:00,851
2024-04-08 06:00:00,2419
2024-04-08 07:00:00,5498
2024-04-08 08:00:00,8251
2024-04-08 09:00:00,5776
2024-04-08 10:00:00,4646
2024-04-08 11:00:00,4856
2024-04-08 12:00:00,5798
2024-04-08 13:00:00,6988
2024-04-08 14:00:00,9236
2024-04-08 15:00:00,8142
2024-04-08 16:00:00,8162
2024-04-08 17:00:00,10291
2024-04-08 18:00:00,9244
2024-04-08 19:00:00,6666
2024-04-08 20:00:00,4839
2024-04-08 21:00:00,3404
2024-04-08 22:00:00,2523
2024-04-08 23:00:00,1748
2024-04-09 00:00:00,894
2024-04-09 01:00:00,554
2024-04-09 02:00:00,295
2024-04-09 03:00:00,221
2024-04-09 04:00:00,286
2024-04-09 05:00:00,959
2024-04-09 06:00:00,3068
2024-04-09 07:00:00,6864
2024-04-09 08:00:00,10563
2024-04-09 09:00:00,7301
2024-04-09 10:00:00,4910
2024-04-09 11:00:00,4936
2024-04-09 12:00:00,5644
2024-04-09 13:00:00,6323
2024-04-09 14:00:00,7556
2024-04-09 15:00:00,8884
2024-04-09 16:00:00,10580
2024-04-09 17:00:00,15655
2024-04-09 18:00:00,14120
2024-04-09 19:00:00,9555
2024-04-09 20:00:00,6154
2024-04-09 21:00:00,4745
2024-04-09 22:00:00,3923
2024-04-09 23:00:00,2447
2024-04-10 00:00:00,1290
2024-04-10 01:00:00,633
2024-04-10 02:00:00,323
2024-04-10 03:00:00,294
2024-04-10 04:00:00,323
2024-04-10 05:00:00,937
2024-04-10 06:00:00,2931
2024-04-10 07:00:00,5750
2024-04-10 08:00:00,9490
2024-04-10 09:00:00,7528
2024-04-10 10:00:00,5194
2024-04-10 11:00:00,5164
2024-04-10 12:00:00,5805
2024-04-10 13:00:00,6047
2024-04-10 14:00:00,6477
2024-04-10 15:00:00,7237
2024-04-10 16:00:00,8674
2024-04-10 17:00:00,13143
2024-04-10 18:00:00,12179
2024-04-10 19:00:00,8481
2024-04-10 20:00:00,5494
2024-04-10 21:00:00,4379
2024-04-10 22:00:00,3424
2024-04-10 23:00:00,1990
2024-04-11 00:00:00,1091
2024-04-11 01:00:00,534
2024-04-11 02:00:00,312
2024-04-11 03:00:00,201
2024-04-11 04:00:00,309
2024-04-11 05:00:00,920
2024-04-11 06:00:00,2697
2024-04-11 07:00:00,4959
2024-04-11 08:00:00,5887
2024-04-11 09:00:00,5048
2024-04-11 10:00:00,3950
2024-04-11 11:00:00,4253
2024-04-11 12:00:00,4933
2024-04-11 13:00:00,5324
2024-04-11 14:00:00,6341
2024-04-11 15:00:00,6400
2024-04-11 16:00:00,6968
2024-04-11 17:00:00,8040
2024-04-11 18:00:00,7634
2024-04-11 19:00:00,3351
2024-04-11 20:00:00,2561
2024-04-11 21:00:00,2372
2024-04-11 22:00:00,1847
2024-04-11 23:00:00,1582
2024-04-12 00:00:00,842
2024-04-12 01:00:00,390
2024-04-12 02:00:00,171
2024-04-12 03:00:00,147
2024-04-12 04:00:00,187
2024-04-12 05:00:00,641
2024-04-12 06:00:00,2126
2024-04-12 07:00:00,4723
2024-04-12 08:00:00,6916
2024-04-12 09:00:00,5442
2024-04-12 10:00:00,4502
2024-04-12 11:00:00,4687
2024-04-12 12:00:00,3865
2024-04-12 13:00:00,2483
2024-04-12 14:00:00,6113
2024-04-12 15:00:00,7366
2024-04-12 16:00:00,8591
2024-04-12 17:00:00,10692
2024-04-12 18:00:00,10561
2024-04-12 19:00:00,8435
2024-04-12 20:00:00,5014
2024-04-12 21:00:00,4100
2024-04-12 22:00:00,3903
2024-04-12 23:00:00,3192
2024-04-13 00:00:00,2295
2024-04-13 01:00:00,1638
2024-04-13 02:00:00,1030
2024-04-13 03:00:00,693
2024-04-13 04:00:00,416
2024-04-13 05:00:00,393
2024-04-13 06:00:00,866
2024-04-13 07:00:00,1682
2024-04-13 08:00:00,2906
2024-04-13 09:00:00,4418
2024-04-13 10:00:00,5136
2024-04-13 11:00:00,5367
2024-04-13 12:00:00,5975
2024-04-13 13:00:00,6774
2024-04-13 14:00:00,6378
2024-04-13 15:00:00,6533
2024-04-13 16:00:00,6261
2024-04-13 17:00:00,6368
2024-04-13 18:00:00,6282
2024-04-13 19:00:00,5563
2024-04-13 20:00:00,3943
2024-04-13 21:00:00,3259
2024-04-13 22:00:00,2970
2024-04-13 23:00:00,2448
2024-04-14 00:00:00,1990
2024-04-14 01:00:00,1535
2024-04-14 02:00:00,977
2024-04-14 03:00:00,594
2024-04-14 04:00:00,459
2024-04-14 05:00:00,328
2024-04-14 06:00:00,686
2024-04-14 07:00:00,1388
2024-04-14 08:00:00,2413
2024-04-14 09:00:00,4236
2024-04-14 10:00:00,6300
2024-04-14 11:00:00,8198
2024-04-14 12:00:00,9427
2024-04-14 13:00:00,7786
2024-04-14 14:00:00,9818
2024-04-14 15:00:00,10755
2024-04-14 16:00:00,10894
2024-04-14 17:00:00,10828
2024-04-14 18:00:00,9692
2024-04-14 19:00:00,7823
2024-04-14 20:00:00,4888
2024-04-14 21:00:00,1581
2024-04-14 22:00:00,1627
2024-04-14 23:00:00,1475
2024-04-15 00:00:00,933
2024-04-15 01:00:00,505
2024-04-15 02:00:00,334
2024-04-15 03:00:00,280
2024-04-15 04:00:00,312
2024-04-15 05:00:00,974
2024-04-15 06:00:00,2895
2024-04-15 07:00:00,6711
2024-04-15 08:00:00,10043
2024-04-15 09:00:00,6977
2024-04-15 10:00:00,5180
2024-04-15 11:00:00,5318
2024-04-15 12:00:00,6334
2024-04-15 13:00:00,6868
2024-04-15 14:00:00,8079
2024-04-15 15:00:00,9553
2024-04-15 16:00:00,11223
2024-04-15 17:00:00,15219
2024-04-15 18:00:00,14246
2024-04-15 19:00:00,10151
2024-04-15 20:00:00,6751
2024-04-15 21:00:00,4796
2024-04-15 22:00:00,3368
2024-04-15 23:00:00,1951
2024-04-16 00:00:00,927
2024-04-16 01:00:00,482
2024-04-16 02:00:00,289
2024-04-16 03:00:00,181
2024-04-16 04:00:00,332
2024-04-16 05:00:00,1022
2024-04-16 06:00:00,3249
2024-04-16 07:00:00,7426
2024-04-16 08:00:00,11578
2024-04-16 09:00:00,7795
2024-04-16 10:00:00,5373
2024-04-16 11:00:00,5362
2024-04-16 12:00:00,6095
2024-04-16 13:00:00,6557
2024-04-16 14:00:00,7613
2024-04-16 15:00:00,9204
2024-04-16 16:00:00,10833
2024-04-16 17:00:00,16092
2024-04-16 18:00:00,14755
2024-04-16 19:00:00,10529
2024-04-16 20:00:00,6844
2024-04-16 21:00:00,5048
2024-04-16 22:00:00,3638
2024-04-16 23:00:00,2107
2024-04-17 00:00:00,1205
2024-04-17 01:00:00,563
2024-04-17 02:00:00,372
2024-04-17 03:00:00,238
2024-04-17 04:00:00,332
2024-04-17 05:00:00,996
2024-04-17 06:00:00,3213
2024-04-17 07:00:00,7439
2024-04-17 08:00:00,11303
2024-04-17 09:00:00,7946
2024-04-17 10:00:00,5402
2024-04-17 11:00:00,5353
2024-04-17 12:00:00,5781
2024-04-17 13:00:00,5871
2024-04-17 14:00:00,6660
2024-04-17 15:00:00,6304
2024-04-17 16:00:00,4051
2024-04-17 17:00:00,9002
2024-04-17 18:00:00,10082
2024-04-17 19:00:00,7687
2024-04-17 20:00:00,4981
2024-04-17 21:00:00,2699
2024-04-17 22:00:00,2338
2024-04-17 23:00:00,1698
2024-04-18 00:00:00,952
2024-04-18 01:00:00,483
2024-04-18 02:00:00,290
2024-04-18 03:00:00,164
2024-04-18 04:00:00,226
2024-04-18 05:00:00,676
2024-04-18 06:00:00,1839
2024-04-18 07:00:00,4065
2024-04-18 08:00:00,6184
2024-04-18 09:00:00,4180
2024-04-18 10:00:00,2880
2024-04-18 11:00:00,2845
2024-04-18 12:00:00,3784
2024-04-18 13:00:00,4122
2024-04-18 14:00:00,4990
2024-04-18 15:00:00,5778
2024-04-18 16:00:00,6986
2024-04-18 17:00:00,9692
2024-04-18 18:00:00,9288
2024-04-18 19:00:00,6562
2024-04-18 20:00:00,4732
2024-04-18 21:00:00,3632
2024-04-18 22:00:00,2793
2024-04-18 23:00:00,2032
2024-04-19 00:00:00,1187
2024-04-19 01:00:00,789
2024-04-19 02:00:00,483
2024-04-19 03:00:00,325
2024-04-19 04:00:00,368
2024-04-19 05:00:00,846
2024-04-19 06:00:00,2491
2024-04-19 07:00:00,5461
2024-04-19 08:00:00,7973
2024-04-19 09:00:00,6448
2024-04-19 10:00:00,5134
2024-04-19 11:00:00,5362
2024-04-19 12:00:00,6343
2024-04-19 13:00:00,6662
2024-04-19 14:00:00,7714
2024-04-19 15:00:00,8429
2024-04-19 16:00:00,9157
2024-04-19 17:00:00,10542
2024-04-19 18:00:00,9257
2024-04-19 19:00:00,7225
2024-04-19 20:00:00,4809
2024-04-19 21:00:00,3488
2024-04-19 22:00:00,3273
2024-04-19 23:00:00,2825
2024-04-20 00:00:00,2128
2024-04-20 01:00:00,1543
2024-04-20 02:00:00,1026
2024-04-20 03:00:00,669
2024-04-20 04:00:00,481
2024-04-20 05:00:00,355
2024-04-20 06:00:00,626
2024-04-20 07:00:00,1029
2024-04-20 08:00:00,2294
2024-04-20 09:00:00,3800
2024-04-20 10:00:00,6018
2024-04-20 11:00:00,8704
2024-04-20 12:00:00,11045
2024-04-20 13:00:00,12945
2024-04-20 14:00:00,14000
2024-04-20 15:00:00,14626
2024-04-20 16:00:00,14032
2024-04-20 17:00:00,13142
2024-04-20 18:00:00,11680
2024-04-20 19:00:00,8979
2024-04-20 20:00:00,5668
2024-04-20 21:00:00,4283
2024-04-20 22:00:00,3439
2024-04-20 23:00:00,2831
2024-04-21 00:00:00,1924
2024-04-21 01:00:00,1426
2024-04-21 02:00:00,937
2024-04-21 03:00:00,621
2024-04-21 04:00:00,406
2024-04-21 05:00:00,362
2024-04-21 06:00:00,743
2024-04-21 07:00:00,1554
2024-04-21 08:00:00,2440
2024-04-21 09:00:00,3961
2024-04-21 10:00:00,5488
2024-04-21 11:00:00,6485
2024-04-21 12:00:00,7297
2024-04-21 13:00:00,7487
2024-04-21 14:00:00,7856
2024-04-21 15:00:00,7574
2024-04-21 16:00:00,7259
2024-04-21 17:00:00,7004
2024-04-21 18:00:00,6487
2024-04-21 19:00:00,5106
2024-04-21 20:00:00,3629
2024-04-21 21:00:00,2704
2024-04-21 22:00:00,1928
2024-04-21 23:00:00,1400
2024-04-22 00:00:00,861
2024-04-22 01:00:00,393
2024-04-22 02:00:00,235
2024-04-22 03:00:00,157
2024-04-22 04:00:00,269
2024-04-22 05:00:00,913
2024-04-22 06:00:00,2505
2024-04-22 07:00:00,4864
2024-04-22 08:00:00,7468
2024-04-22 09:00:00,5675
2024-04-22 10:00:00,4282
2024-04-22 11:00:00,4483
2024-04-22 12:00:00,5177
2024-04-22 13:00:00,5601
2024-04-22 14:00:00,6240
2024-04-22 15:00:00,7393
2024-04-22 16:00:00,8773
2024-04-22 17:00:00,12175
2024-04-22 18:00:00,11559
2024-04-22 19:00:00,7859
2024-04-22 20:00:00,4863
2024-04-22 21:00:00,3474
2024-04-22 22:00:00,2930
2024-04-22 23:00:00,1715
2024-04-23 00:00:00,870
2024-04-23 01:00:00,477
2024-04-23 02:00:00,241
2024-04-23 03:00:00,199
2024-04-23 04:00:00,286
2024-04-23 05:00:00,952
2024-04-23 06:00:00,2873
2024-04-23 07:00:00,5426
2024-04-23 08:00:00,8859
2024-04-23 09:00:00,7000
2024-04-23 10:00:00,4885
2024-04-23 11:00:00,4933
2024-04-23 12:00:00,5593
2024-04-23 13:00:00,6030
2024-04-23 14:00:00,6442
2024-04-23 15:00:00,7121
2024-04-23 16:00:00,8454
2024-04-23 17:00:00,12005
2024-04-23 18:00:00,11080
2024-04-23 19:00:00,7602
2024-04-23 20:00:00,4828
2024-04-23 21:00:00,3781
2024-04-23 22:00:00,2955
2024-04-23 23:00:00,1824
2024-04-24 00:00:00,1019
2024-04-24 01:00:00,491
2024-04-24 02:00:00,304
2024-04-24 03:00:00,206
2024-04-24 04:00:00,259
2024-04-24 05:00:00,954
2024-04-24 06:00:00,2846
2024-04-24 07:00:00,4284
2024-04-24 08:00:00,7960
2024-04-24 09:00:00,6862
2024-04-24 10:00:00,4921
2024-04-24 11:00:00,4952
2024-04-24 12:00:00,5783
2024-04-24 13:00:00,6256
2024-04-24 14:00:00,6019
2024-04-24 15:00:00,6876
2024-04-24 16:00:00,8762
2024-04-24 17:00:00,13226
2024-04-24 18:00:00,13216
2024-04-24 19:00:00,9569
2024-04-24 20:00:00,6098
2024-04-24 21:00:00,4678
2024-04-24 22:00:00,3569
2024-04-24 23:00:00,2197
2024-04-25 00:00:00,1162
2024-04-25 01:00:00,554
2024-04-25 02:00:00,337
2024-04-25 03:00:00,190
2024-04-25 04:00:00,277
2024-04-25 05:00:00,909
2024-04-25 06:00:00,2793
2024-04-25 07:00:00,5312
2024-04-25 08:00:00,8395
2024-04-25 09:00:00,6609
2024-04-25 10:00:00,4856
2024-04-25 11:00:00,4789
2024-04-25 12:00:00,5276
2024-04-25 13:00:00,5976
2024-04-25 14:00:00,6358
2024-04-25 15:00:00,7326
2024-04-25 16:00:00,8554
2024-04-25 17:00:00,11892
2024-04-25 18:00:00,11467
2024-04-25 19:00:00,7953
2024-04-25 20:00:00,5139
2024-04-25 21:00:00,3816
2024-04-25 22:00:00,3311
2024-04-25 23:00:00,2209
2024-04-26 00:00:00,1274
2024-04-26 01:00:00,665
2024-04-26 02:00:00,456
2024-04-26 03:00:00,259
2024-04-26 04:00:00,329
2024-04-26 05:00:00,833
2024-04-26 06:00:00,2390
2024-04-26 07:00:00,4562
2024-04-26 08:00:00,6871
2024-04-26 09:00:00,6182
2024-04-26 10:00:00,5337
2024-04-26 11:00:00,5720
2024-04-26 12:00:00,6627
2024-04-26 13:00:00,6962
2024-04-26 14:00:00,8029
2024-04-26 15:00:00,8739
2024-04-26 16:00:00,10051
2024-04-26 17:00:00,11425
2024-04-26 18:00:00,10850
2024-04-26 19:00:00,7792
2024-04-26 20:00:00,5031
2024-04-26 21:00:00,3827
2024-04-26 22:00:00,3273
2024-04-26 23:00:00,2725
2024-04-27 00:00:00,2093
2024-04-27 01:00:00,1301
2024-04-27 02:00:00,854
2024-04-27 03:00:00,621
2024-04-27 04:00:00,449
2024-04-27 05:00:00,341
2024-04-27 06:00:00,910
2024-04-27 07:00:00,1717
2024-04-27 08:00:00,3152
2024-04-27 09:00:00,4859
2024-04-27 10:00:00,6728
2024-04-27 11:00:00,8147
2024-04-27 12:00:00,9314
2024-04-27 13:00:00,9580
2024-04-27 14:00:00,9440
2024-04-27 15:00:00,9385
2024-04-27 16:00:00,8001
2024-04-27 17:00:00,5584
2024-04-27 18:00:00,5903
2024-04-27 19:00:00,5470
2024-04-27 20:00:00,3868
2024-04-27 21:00:00,2400
2024-04-27 22:00:00,2814
2024-04-27 23:00:00,2605
2024-04-28 00:00:00,1840
2024-04-28 01:00:00,1106
2024-04-28 02:00:00,816
2024-04-28 03:00:00,667
2024-04-28 04:00:00,422
2024-04-28 05:00:00,570
2024-04-28 06:00:00,1249
2024-04-28 07:00:00,2181
2024-04-28 08:00:00,3427
2024-04-28 09:00:00,4957
2024-04-28 10:00:00,6574
2024-04-28 11:00:00,8539
2024-04-28 12:00:00,9960
2024-04-28 13:00:00,11009
2024-04-28 14:00:00,11287
2024-04-28 15:00:00,11817
2024-04-28 16:00:00,11977
2024-04-28 17:00:00,11107
2024-04-28 18:00:00,10071
2024-04-28 19:00:00,8117
2024-04-28 20:00:00,5545
2024-04-28 21:00:00,3266
2024-04-28 22:00:00,2636
2024-04-28 23:00:00,1863
2024-04-29 00:00:00,994
2024-04-29 01:00:00,598
2024-04-29 02:00:00,312
2024-04-29 03:00:00,212
2024-04-29 04:00:00,316
2024-04-29 05:00:00,1012
2024-04-29 06:00:00,2869
2024-04-29 07:00:00,5946
2024-04-29 08:00:00,8918
2024-04-29 09:00:00,6891
2024-04-29 10:00:00,5184
2024-04-29 11:00:00,5755
2024-04-29 12:00:00,6571
2024-04-29 13:00:00,7010
2024-04-29 14:00:00,7589
2024-04-29 15:00:00,8620
2024-04-29 16:00:00,10165
2024-04-29 17:00:00,11408
2024-04-29 18:00:00,12958
2024-04-29 19:00:00,8981
2024-04-29 20:00:00,6666
2024-04-29 21:00:00,4747
2024-04-29 22:00:00,3425
2024-04-29 23:00:00,2051
2024-04-30 00:00:00,1162
2024-04-30 01:00:00,591
2024-04-30 02:00:00,337
2024-04-30 03:00:00,235
2024-04-30 04:00:00,338
2024-04-30 05:00:00,1069
2024-04-30 06:00:00,3276
2024-04-30 07:00:00,6216
2024-04-30 08:00:00,9811
2024-04-30 09:00:00,7137
2024-04-30 10:00:00,4763
2024-04-30 11:00:00,4874
2024-04-30 12:00:00,5294
2024-04-30 13:00:00,5791
2024-04-30 14:00:00,6426
2024-04-30 15:00:00,7436
2024-04-30 16:00:00,9055
2024-04-30 17:00:00,13766
2024-04-30 18:00:00,13271
2024-04-30 19:00:00,8872
2024-04-30 20:00:00,5539
2024-04-30 21:00:00,4113
2024-04-30 22:00:00,2589
2024-04-30 23:00:00,1270
2024-05-01 00:00:00,871
2024-05-01 01:00:00,415
2024-05-01 02:00:00,250
2024-05-01 03:00:00,178
2024-05-01 04:00:00,258
2024-05-01 05:00:00,1043
2024-05-01 06:00:00,3374
2024-05-01 07:00:00,7450
2024-05-01 08:00:00,11416
2024-05-01 09:00:00,8078
2024-05-01 10:00:00,5589
2024-05-01 11:00:00,5844
2024-05-01 12:00:00,6513
2024-05-01 13:00:00,7034
2024-05-01 14:00:00,8107
2024-05-01 15:00:00,9204
2024-05-01 16:00:00,10759
2024-05-01 17:00:00,15213
2024-05-01 18:00:00,14660
2024-05-01 19:00:00,10020
2024-05-01 20:00:00,6508
2024-05-01 21:00:00,4546
2024-05-01 22:00:00,3639
2024-05-01 23:00:00,2122
2024-05-02 00:00:00,1166
2024-05-02 01:00:00,612
2024-05-02 02:00:00,367
2024-05-02 03:00:00,245
2024-05-02 04:00:00,325
2024-05-02 05:00:00,1031
2024-05-02 06:00:00,3224
2024-05-02 07:00:00,7115
2024-05-02 08:00:00,10959
2024-05-02 09:00:00,8004
2024-05-02 10:00:00,5498
2024-05-02 11:00:00,5562
2024-05-02 12:00:00,6695
2024-05-02 13:00:00,7037
2024-05-02 14:00:00,8615
2024-05-02 15:00:00,10176
2024-05-02 16:00:00,11667
2024-05-02 17:00:00,16471
2024-05-02 18:00:00,15721
2024-05-02 19:00:00,11886
2024-05-02 20:00:00,8377
2024-05-02 21:00:00,5856
2024-05-02 22:00:00,4422
2024-05-02 23:00:00,3389
2024-05-03 00:00:00,2277
2024-05-03 01:00:00,1088
2024-05-03 02:00:00,629
2024-05-03 03:00:00,409
2024-05-03 04:00:00,405
2024-05-03 05:00:00,972
2024-05-03 06:00:00,2944
2024-05-03 07:00:00,6367
2024-05-03 08:00:00,9029
2024-05-03 09:00:00,7153
2024-05-03 10:00:00,5674
2024-05-03 11:00:00,5994
2024-05-03 12:00:00,6919
2024-05-03 13:00:00,7599
2024-05-03 14:00:00,8689
2024-05-03 15:00:00,10076
2024-05-03 16:00:00,11076
2024-05-03 17:00:00,13345
2024-05-03 18:00:00,11881
2024-05-03 19:00:00,9112
2024-05-03 20:00:00,5964
2024-05-03 21:00:00,4471
2024-05-03 22:00:00,3966
2024-05-03 23:00:00,3068
2024-05-04 00:00:00,2435
2024-05-04 01:00:00,1668
2024-05-04 02:00:00,1104
2024-05-04 03:00:00,711
2024-05-04 04:00:00,500
2024-05-04 05:00:00,453
2024-05-04 06:00:00,1178
2024-05-04 07:00:00,2142
2024-05-04 08:00:00,3718
2024-05-04 09:00:00,5747
2024-05-04 10:00:00,7850
2024-05-04 11:00:00,9135
2024-05-04 12:00:00,10391
2024-05-04 13:00:00,10258
2024-05-04 14:00:00,9956
2024-05-04 15:00:00,9437
2024-05-04 16:00:00,9103
2024-05-04 17:00:00,8551
2024-05-04 18:00:00,7908
2024-05-04 19:00:00,6594
2024-05-04 20:00:00,4754
2024-05-04 21:00:00,3858
2024-05-04 22:00:00,3387
2024-05-04 23:00:00,2822
2024-05-05 00:00:00,1976
2024-05-05 01:00:00,1436
2024-05-05 02:00:00,1054
2024-05-05 03:00:00,735
2024-05-05 04:00:00,334
2024-05-05 05:00:00,360
2024-05-05 06:00:00,759
2024-05-05 07:00:00,1438
2024-05-05 08:00:00,2385
2024-05-05 09:00:00,3676
2024-05-05 10:00:00,4973
2024-05-05 11:00:00,4517
2024-05-05 12:00:00,5278
2024-05-05 13:00:00,5022
2024-05-05 14:00:00,2612
2024-05-05 15:00:00,1730
2024-05-05 16:00:00,2230
2024-05-05 17:00:00,2312
2024-05-05 18:00:00,2775
2024-05-05 19:00:00,1916
2024-05-05 20:00:00,2099
2024-05-05 21:00:00,1995
2024-05-05 22:00:00,1481
2024-05-05 23:00:00,1062
2024-05-06 00:00:00,640
2024-05-06 01:00:00,390
2024-05-06 02:00:00,247
2024-05-06 03:00:00,185
2024-05-06 04:00:00,275
2024-05-06 05:00:00,947
2024-05-06 06:00:00,2714
2024-05-06 07:00:00,6148
2024-05-06 08:00:00,9166
2024-05-06 09:00:00,6557
2024-05-06 10:00:00,4756
2024-05-06 11:00:00,4863
2024-05-06 12:00:00,5582
2024-05-06 13:00:00,6113
2024-05-06 14:00:00,7204
2024-05-06 15:00:00,8693
2024-05-06 16:00:00,10390
2024-05-06 17:00:00,14025
2024-05-06 18:00:00,13054
2024-05-06 19:00:00,9788
2024-05-06 20:00:00,6661
2024-05-06 21:00:00,4690
2024-05-06 22:00:00,3967
2024-05-06 23:00:00,2224
2024-05-07 00:00:00,1277
2024-05-07 01:00:00,681
2024-05-07 02:00:00,380
2024-05-07 03:00:00,303
2024-05-07 04:00:00,331
2024-05-07 05:00:00,1201
2024-05-07 06:00:00,3683
2024-05-07 07:00:00,8090
2024-05-07 08:00:00,12170
2024-05-07 09:00:00,8402
2024-05-07 10:00:00,5926
2024-05-07 11:00:00,6203
2024-05-07 12:00:00,6963
2024-05-07 13:00:00,7330
2024-05-07 14:00:00,8635
2024-05-07 15:00:00,10030
2024-05-07 16:00:00,11641
2024-05-07 17:00:00,17586
2024-05-07 18:00:00,16292
2024-05-07 19:00:00,11594
2024-05-07 20:00:00,7840
2024-05-07 21:00:00,5711
2024-05-07 22:00:00,4192
2024-05-07 23:00:00,2935
2024-05-08 00:00:00,1487
2024-05-08 01:00:00,790
2024-05-08 02:00:00,438
2024-05-08 03:00:00,262
2024-05-08 04:00:00,341
2024-05-08 05:00:00,1140
2024-05-08 06:00:00,3069
2024-05-08 07:00:00,5894
2024-05-08 08:00:00,7283
2024-05-08 09:00:00,7064
2024-05-08 10:00:00,5636
2024-05-08 11:00:00,5844
2024-05-08 12:00:00,6648
2024-05-08 13:00:00,7122
2024-05-08 14:00:00,8526
2024-05-08 15:00:00,9661
2024-05-08 16:00:00,11343
2024-05-08 17:00:00,16805
2024-05-08 18:00:00,15979
2024-05-08 19:00:00,12064
2024-05-08 20:00:00,8108
2024-05-08 21:00:00,6167
2024-05-08 22:00:00,5392
2024-05-08 23:00:00,3474
2024-05-09 00:00:00,1741
2024-05-09 01:00:00,895
2024-05-09 02:00:00,533
2024-05-09 03:00:00,349
2024-05-09 04:00:00,385
2024-05-09 05:00:00,1086
2024-05-09 06:00:00,3437
2024-05-09 07:00:00,7588
2024-05-09 08:00:00,11548
2024-05-09 09:00:00,8720
2024-05-09 10:00:00,6208
2024-05-09 11:00:00,5967
2024-05-09 12:00:00,6580
2024-05-09 13:00:00,6813
2024-05-09 14:00:00,7803
2024-05-09 15:00:00,9414
2024-05-09 16:00:00,10768
2024-05-09 17:00:00,14992
2024-05-09 18:00:00,13861
2024-05-09 19:00:00,9864
2024-05-09 20:00:00,6891
2024-05-09 21:00:00,5182
2024-05-09 22:00:00,4226
2024-05-09 23:00:00,2975
2024-05-10 00:00:00,1666
2024-05-10 01:00:00,883
2024-05-10 02:00:00,265
2024-05-10 03:00:00,150
2024-05-10 04:00:00,141
2024-05-10 05:00:00,432
2024-05-10 06:00:00,1902
2024-05-10 07:00:00,4709
2024-05-10 08:00:00,5965
2024-05-10 09:00:00,4092
2024-05-10 10:00:00,3352
2024-05-10 11:00:00,4069
2024-05-10 12:00:00,4524
2024-05-10 13:00:00,5633
2024-05-10 14:00:00,6253
2024-05-10 15:00:00,6804
2024-05-10 16:00:00,5738
2024-05-10 17:00:00,7642
2024-05-10 18:00:00,8317
2024-05-10 19:00:00,4697
2024-05-10 20:00:00,3471
2024-05-10 21:00:00,2730
2024-05-10 22:00:00,2747
2024-05-10 23:00:00,2485
2024-05-11 00:00:00,2156
2024-05-11 01:00:00,1521
2024-05-11 02:00:00,1094
2024-05-11 03:00:00,665
2024-05-11 04:00:00,515
2024-05-11 05:00:00,408
2024-05-11 06:00:00,990
2024-05-11 07:00:00,2138
2024-05-11 08:00:00,3703
2024-05-11 09:00:00,5732
2024-05-11 10:00:00,7899
2024-05-11 11:00:00,9538
2024-05-11 12:00:00,10442
2024-05-11 13:00:00,11148
2024-05-11 14:00:00,11215
2024-05-11 15:00:00,11433
2024-05-11 16:00:00,10665
2024-05-11 17:00:00,9793
2024-05-11 18:00:00,8844
2024-05-11 19:00:00,7147
2024-05-11 20:00:00,5156
2024-05-11 21:00:00,3835
2024-05-11 22:00:00,3586
2024-05-11 23:00:00,3059
2024-05-12 00:00:00,2321
2024-05-12 01:00:00,1551
2024-05-12 02:00:00,1010
2024-05-12 03:00:00,731
2024-05-12 04:00:00,459
2024-05-12 05:00:00,406
2024-05-12 06:00:00,537
2024-05-12 07:00:00,772
2024-05-12 08:00:00,1001
2024-05-12 09:00:00,1622
2024-05-12 10:00:00,2294
2024-05-12 11:00:00,2845
2024-05-12 12:00:00,2701
2024-05-12 13:00:00,4132
2024-05-12 14:00:00,5677
2024-05-12 15:00:00,6677
2024-05-12 16:00:00,7033
2024-05-12 17:00:00,7353
2024-05-12 18:00:00,7326
2024-05-12 19:00:00,5860
2024-05-12 20:00:00,4251
2024-05-12 21:00:00,3209
2024-05-12 22:00:00,2421
2024-05-12 23:00:00,1586
2024-05-13 00:00:00,931
2024-05-13 01:00:00,508
2024-05-13 02:00:00,306
2024-05-13 03:00:00,231
2024-05-13 04:00:00,282
2024-05-13 05:00:00,1081
2024-05-13 06:00:00,3035
2024-05-13 07:00:00,6735
2024-05-13 08:00:00,9964
2024-05-13 09:00:00,6740
2024-05-13 10:00:00,4771
2024-05-13 11:00:00,4991
2024-05-13 12:00:00,5981
2024-05-13 13:00:00,6368
2024-05-13 14:00:00,7622
2024-05-13 15:00:00,8806
2024-05-13 16:00:00,10283
2024-05-13 17:00:00,13990
2024-05-13 18:00:00,13471
2024-05-13 19:00:00,9764
2024-05-13 20:00:00,6658
2024-05-13 21:00:00,4763
2024-05-13 22:00:00,3567
2024-05-13 23:00:00,2098
2024-05-14 00:00:00,1303
2024-05-14 01:00:00,670
2024-05-14 02:00:00,377
2024-05-14 03:00:00,269
2024-05-14 04:00:00,355
2024-05-14 05:00:00,1272
2024-05-14 06:00:00,3664
2024-05-14 07:00:00,8230
2024-05-14 08:00:00,12016
2024-05-14 09:00:00,8568
2024-05-14 10:00:00,5809
2024-05-14 11:00:00,5991
2024-05-14 12:00:00,6607
2024-05-14 13:00:00,6703
2024-05-14 14:00:00,7891
2024-05-14 15:00:00,9023
2024-05-14 16:00:00,10371
2024-05-14 17:00:00,14852
2024-05-14 18:00:00,13034
2024-05-14 19:00:00,6894
2024-05-14 20:00:00,5857
2024-05-14 21:00:00,3473
2024-05-14 22:00:00,3345
2024-05-14 23:00:00,2028
2024-05-15 00:00:00,1070
2024-05-15 01:00:00,431
2024-05-15 02:00:00,208
2024-05-15 03:00:00,166
2024-05-15 04:00:00,260
2024-05-15 05:00:00,727
2024-05-15 06:00:00,2004
2024-05-15 07:00:00,3495
2024-05-15 08:00:00,4513
2024-05-15 09:00:00,3910
2024-05-15 10:00:00,3371
2024-05-15 11:00:00,3666
2024-05-15 12:00:00,4907
2024-05-15 13:00:00,5798
2024-05-15 14:00:00,6878
2024-05-15 15:00:00,7451
2024-05-15 16:00:00,7525
2024-05-15 17:00:00,7256
2024-05-15 18:00:00,7712
2024-05-15 19:00:00,5904
2024-05-15 20:00:00,4780
2024-05-15 21:00:00,3722
2024-05-15 22:00:00,3185
2024-05-15 23:00:00,1890
2024-05-16 00:00:00,1262
2024-05-16 01:00:00,537
2024-05-16 02:00:00,190
2024-05-16 03:00:00,144
2024-05-16 04:00:00,247
2024-05-16 05:00:00,615
2024-05-16 06:00:00,1835
2024-05-16 07:00:00,4900
2024-05-16 08:00:00,8484
2024-05-16 09:00:00,6634
2024-05-16 10:00:00,4886
2024-05-16 11:00:00,5025
2024-05-16 12:00:00,5811
2024-05-16 13:00:00,6172
2024-05-16 14:00:00,7362
2024-05-16 15:00:00,8741
2024-05-16 16:00:00,9809
2024-05-16 17:00:00,13076
2024-05-16 18:00:00,12062
2024-05-16 19:00:00,8891
2024-05-16 20:00:00,6463
2024-05-16 21:00:00,4892
2024-05-16 22:00:00,4343
2024-05-16 23:00:00,3072
2024-05-17 00:00:00,1811
2024-05-17 01:00:00,1008
2024-05-17 02:00:00,642
2024-05-17 03:00:00,382
2024-05-17 04:00:00,378
2024-05-17 05:00:00,985
2024-05-17 06:00:00,2747
2024-05-17 07:00:00,6362
2024-05-17 08:00:00,9117
2024-05-17 09:00:00,7390
2024-05-17 10:00:00,6142
2024-05-17 11:00:00,6631
2024-05-17 12:00:00,7707
2024-05-17 13:00:00,8246
2024-05-17 14:00:00,9554
2024-05-17 15:00:00,10751
2024-05-17 16:00:00,11758
2024-05-17 17:00:00,13746
2024-05-17 18:00:00,12692
2024-05-17 19:00:00,10370
2024-05-17 20:00:00,7742
2024-05-17 21:00:00,5635
2024-05-17 22:00:00,4749
2024-05-17 23:00:00,4392
2024-05-18 00:00:00,3301
2024-05-18 01:00:00,2163
2024-05-18 02:00:00,1469
2024-05-18 03:00:00,1038
2024-05-18 04:00:00,700
2024-05-18 05:00:00,862
2024-05-18 06:00:00,1739
2024-05-18 07:00:00,2582
2024-05-18 08:00:00,4007
2024-05-18 09:00:00,5930
2024-05-18 10:00:00,7805
2024-05-18 11:00:00,9264
2024-05-18 12:00:00,10662
2024-05-18 13:00:00,10640
2024-05-18 14:00:00,10675
2024-05-18 15:00:00,9612
2024-05-18 16:00:00,8001
2024-05-18 17:00:00,6606
2024-05-18 18:00:00,5258
2024-05-18 19:00:00,4339
2024-05-18 20:00:00,3683
2024-05-18 21:00:00,2982
2024-05-18 22:00:00,3066
2024-05-18 23:00:00,3025
2024-05-19 00:00:00,2516
2024-05-19 01:00:00,1950
2024-05-19 02:00:00,1297
2024-05-19 03:00:00,934
2024-05-19 04:00:00,579
2024-05-19 05:00:00,474
2024-05-19 06:00:00,952
2024-05-19 07:00:00,1567
2024-05-19 08:00:00,3039
2024-05-19 09:00:00,5022
2024-05-19 10:00:00,7197
2024-05-19 11:00:00,8757
2024-05-19 12:00:00,10452
2024-05-19 13:00:00,11781
2024-05-19 14:00:00,12086
2024-05-19 15:00:00,12653
2024-05-19 16:00:00,11706
2024-05-19 17:00:00,10901
2024-05-19 18:00:00,11748
2024-05-19 19:00:00,8993
2024-05-19 20:00:00,6122
2024-05-19 21:00:00,4196
2024-05-19 22:00:00,3166
2024-05-19 23:00:00,2120
2024-05-20 00:00:00,1191
2024-05-20 01:00:00,657
2024-05-20 02:00:00,445
2024-05-20 03:00:00,288
2024-05-20 04:00:00,355
2024-05-20 05:00:00,1133
2024-05-20 06:00:00,3333
2024-05-20 07:00:00,7143
2024-05-20 08:00:00,10922
2024-05-20 09:00:00,7723
2024-05-20 10:00:00,5648
2024-05-20 11:00:00,5595
2024-05-20 12:00:00,6627
2024-05-20 13:00:00,7159
2024-05-20 14:00:00,8362
2024-05-20 15:00:00,9612
2024-05-20 16:00:00,11104
2024-05-20 17:00:00,15245
2024-05-20 18:00:00,14396
2024-05-20 19:00:00,10688
2024-05-20 20:00:00,7168
2024-05-20 21:00:00,5131
2024-05-20 22:00:00,3590
2024-05-20 23:00:00,2280
2024-05-21 00:00:00,1218
2024-05-21 01:00:00,618
2024-05-21 02:00:00,412
2024-05-21 03:00:00,279
2024-05-21 04:00:00,335
2024-05-21 05:00:00,1208
2024-05-21 06:00:00,3770
2024-05-21 07:00:00,8115
2024-05-21 08:00:00,12415
2024-05-21 09:00:00,8698
2024-05-21 10:00:00,6000
2024-05-21 11:00:00,5900
2024-05-21 12:00:00,6668
2024-05-21 13:00:00,7164
2024-05-21 14:00:00,8518
2024-05-21 15:00:00,9960
2024-05-21 16:00:00,11876
2024-05-21 17:00:00,17212
2024-05-21 18:00:00,16109
2024-05-21 19:00:00,11811
2024-05-21 20:00:00,8631
2024-05-21 21:00:00,6416
2024-05-21 22:00:00,4759
2024-05-21 23:00:00,3165
2024-05-22 00:00:00,1635
2024-05-22 01:00:00,884
2024-05-22 02:00:00,500
2024-05-22 03:00:00,301
2024-05-22 04:00:00,358
2024-05-22 05:00:00,1197
2024-05-22 06:00:00,3808
2024-05-22 07:00:00,8405
2024-05-22 08:00:00,12797
2024-05-22 09:00:00,8916
2024-05-22 10:00:00,6436
2024-05-22 11:00:00,6336
2024-05-22 12:00:00,7180
2024-05-22 13:00:00,7707
2024-05-22 14:00:00,9115
2024-05-22 15:00:00,10190
2024-05-22 16:00:00,12117
2024-05-22 17:00:00,17188
2024-05-22 18:00:00,16638
2024-05-22 19:00:00,12041
2024-05-22 20:00:00,8874
2024-05-22 21:00:00,6492
2024-05-22 22:00:00,5249
2024-05-22 23:00:00,3838
2024-05-23 00:00:00,1997
2024-05-23 01:00:00,1084
2024-05-23 02:00:00,550
2024-05-23 03:00:00,331
2024-05-23 04:00:00,384
2024-05-23 05:00:00,1195
2024-05-23 06:00:00,3528
2024-05-23 07:00:00,7841
2024-05-23 08:00:00,11411
2024-05-23 09:00:00,5785
2024-05-23 10:00:00,2729
2024-05-23 11:00:00,4569
2024-05-23 12:00:00,5883
2024-05-23 13:00:00,6477
2024-05-23 14:00:00,7605
2024-05-23 15:00:00,9678
2024-05-23 16:00:00,11280
2024-05-23 17:00:00,14739
2024-05-23 18:00:00,14248
2024-05-23 19:00:00,11152
2024-05-23 20:00:00,8282
2024-05-23 21:00:00,6247
2024-05-23 22:00:00,5075
2024-05-23 23:00:00,3571
2024-05-24 00:00:00,2315
2024-05-24 01:00:00,1269
2024-05-24 02:00:00,795
2024-05-24 03:00:00,513
2024-05-24 04:00:00,458
2024-05-24 05:00:00,1077
2024-05-24 06:00:00,2996
2024-05-24 07:00:00,6302
2024-05-24 08:00:00,8889
2024-05-24 09:00:00,7784
2024-05-24 10:00:00,6887
2024-05-24 11:00:00,7361
2024-05-24 12:00:00,8469
2024-05-24 13:00:00,9504
2024-05-24 14:00:00,10855
2024-05-24 15:00:00,11892
2024-05-24 16:00:00,12578
2024-05-24 17:00:00,13422
2024-05-24 18:00:00,12441
2024-05-24 19:00:00,10465
2024-05-24 20:00:00,7672
2024-05-24 21:00:00,5838
2024-05-24 22:00:00,5073
2024-05-24 23:00:00,4248
2024-05-25 00:00:00,3145
2024-05-25 01:00:00,2013
2024-05-25 02:00:00,1416
2024-05-25 03:00:00,912
2024-05-25 04:00:00,615
2024-05-25 05:00:00,555
2024-05-25 06:00:00,1113
2024-05-25 07:00:00,2128
2024-05-25 08:00:00,3574
2024-05-25 09:00:00,5622
2024-05-25 10:00:00,7024
2024-05-25 11:00:00,8218
2024-05-25 12:00:00,9482
2024-05-25 13:00:00,10061
2024-05-25 14:00:00,10219
2024-05-25 15:00:00,10442
2024-05-25 16:00:00,10075
2024-05-25 17:00:00,9959
2024-05-25 18:00:00,9555
2024-05-25 19:00:00,8429
2024-05-25 20:00:00,6308
2024-05-25 21:00:00,4858
2024-05-25 22:00:00,4278
2024-05-25 23:00:00,3751
2024-05-26 00:00:00,2644
2024-05-26 01:00:00,1906
2024-05-26 02:00:00,1319
2024-05-26 03:00:00,857
2024-05-26 04:00:00,629
2024-05-26 05:00:00,490
2024-05-26 06:00:00,847
2024-05-26 07:00:00,1510
2024-05-26 08:00:00,2578
2024-05-26 09:00:00,4284
2024-05-26 10:00:00,6262
2024-05-26 11:00:00,7691
2024-05-26 12:00:00,8969
2024-05-26 13:00:00,9436
2024-05-26 14:00:00,9957
2024-05-26 15:00:00,9906
2024-05-26 16:00:00,9829
2024-05-26 17:00:00,9882
2024-05-26 18:00:00,9524
2024-05-26 19:00:00,8463
2024-05-26 20:00:00,6420
2024-05-26 21:00:00,4676
2024-05-26 22:00:00,4011
2024-05-26 23:00:00,3318
2024-05-27 00:00:00,2176
2024-05-27 01:00:00,1391
2024-05-27 02:00:00,829
2024-05-27 03:00:00,561
2024-05-27 04:00:00,464
2024-05-27 05:00:00,444
2024-05-27 06:00:00,959
2024-05-27 07:00:00,770
2024-05-27 08:00:00,1959
2024-05-27 09:00:00,3118
2024-05-27 10:00:00,4678
2024-05-27 11:00:00,6386
2024-05-27 12:00:00,7282
2024-05-27 13:00:00,5265
2024-05-27 14:00:00,2407
2024-05-27 15:00:00,1652
2024-05-27 16:00:00,4082
2024-05-27 17:00:00,4641
2024-05-27 18:00:00,4892
2024-05-27 19:00:00,3340
2024-05-27 20:00:00,3406
2024-05-27 21:00:00,2914
2024-05-27 22:00:00,2412
2024-05-27 23:00:00,1756
2024-05-28 00:00:00,1127
2024-05-28 01:00:00,723
2024-05-28 02:00:00,443
2024-05-28 03:00:00,289
2024-05-28 04:00:00,355
2024-05-28 05:00:00,1201
2024-05-28 06:00:00,3541
2024-05-28 07:00:00,7833
2024-05-28 08:00:00,11733
2024-05-28 09:00:00,7924
2024-05-28 10:00:00,5586
2024-05-28 11:00:00,5845
2024-05-28 12:00:00,6458
2024-05-28 13:00:00,7086
2024-05-28 14:00:00,8260
2024-05-28 15:00:00,9591
2024-05-28 16:00:00,11788
2024-05-28 17:00:00,16308
2024-05-28 18:00:00,15625
2024-05-28 19:00:00,11762
2024-05-28 20:00:00,8348
2024-05-28 21:00:00,5669
2024-05-28 22:00:00,4281
2024-05-28 23:00:00,3018
2024-05-29 00:00:00,1604
2024-05-29 01:00:00,836
2024-05-29 02:00:00,482
2024-05-29 03:00:00,304
2024-05-29 04:00:00,350
2024-05-29 05:00:00,1299
2024-05-29 06:00:00,3873
2024-05-29 07:00:00,8362
2024-05-29 08:00:00,12716
2024-05-29 09:00:00,8986
2024-05-29 10:00:00,6270
2024-05-29 11:00:00,6195
2024-05-29 12:00:00,6950
2024-05-29 13:00:00,7350
2024-05-29 14:00:00,8604
2024-05-29 15:00:00,9849
2024-05-29 16:00:00,11522
2024-05-29 17:00:00,16882
2024-05-29 18:00:00,15718
2024-05-29 19:00:00,11658
2024-05-29 20:00:00,8102
2024-05-29 21:00:00,1428
2024-05-29 22:00:00,1457
2024-05-29 23:00:00,1033
2024-05-30 00:00:00,610
2024-05-30 01:00:00,460
2024-05-30 02:00:00,359
2024-05-30 03:00:00,264
2024-05-30 04:00:00,234
2024-05-30 05:00:00,750
2024-05-30 06:00:00,3312
2024-05-30 07:00:00,7619
2024-05-30 08:00:00,11433
2024-05-30 09:00:00,8395
2024-05-30 10:00:00,6034
2024-05-30 11:00:00,6031
2024-05-30 12:00:00,6902
2024-05-30 13:00:00,7193
2024-05-30 14:00:00,8575
2024-05-30 15:00:00,9984
2024-05-30 16:00:00,11688
2024-05-30 17:00:00,16338
2024-05-30 18:00:00,15237
2024-05-30 19:00:00,11553
2024-05-30 20:00:00,8383
2024-05-30 21:00:00,6095
2024-05-30 22:00:00,5107
2024-05-30 23:00:00,3921
2024-05-31 00:00:00,2300
2024-05-31 01:00:00,1175
2024-05-31 02:00:00,689
2024-05-31 03:00:00,467
2024-05-31 04:00:00,439
2024-05-31 05:00:00,1129
2024-05-31 06:00:00,3210
2024-05-31 07:00:00,6825
2024-05-31 08:00:00,10186
2024-05-31 09:00:00,8095
2024-05-31 10:00:00,6636
2024-05-31 11:00:00,6991
2024-05-31 12:00:00,8108
2024-05-31 13:00:00,8931
2024-05-31 14:00:00,10615
2024-05-31 15:00:00,11895
2024-05-31 16:00:00,13396
2024-05-31 17:00:00,15659
2024-05-31 18:00:00,14733
2024-05-31 19:00:00,12204
2024-05-31 20:00:00,8739
2024-05-31 21:00:00,6674
2024-05-31 22:00:00,5773
2024-05-31 23:00:00,5158
2024-06-01 00:00:00,3852
2024-06-01 01:00:00,2562
2024-06-01 02:00:00,1641
2024-06-01 03:00:00,928
2024-06-01 04:00:00,595
2024-06-01 05:00:00,557
2024-06-01 06:00:00,1325
2024-06-01 07:00:00,2680
2024-06-01 08:00:00,4338
2024-06-01 09:00:00,6815
2024-06-01 10:00:00,8794
2024-06-01 11:00:00,10809
2024-06-01 12:00:00,12301
2024-06-01 13:00:00,13313
2024-06-01 14:00:00,14175
2024-06-01 15:00:00,12621
2024-06-01 16:00:00,11790
2024-06-01 17:00:00,13320
2024-06-01 18:00:00,12364
2024-06-01 19:00:00,11112
2024-06-01 20:00:00,8950
2024-06-01 21:00:00,6769
2024-06-01 22:00:00,6091
2024-06-01 23:00:00,5300
2024-06-02 00:00:00,3917
2024-06-02 01:00:00,2693
2024-06-02 02:00:00,1696
2024-06-02 03:00:00,1250
2024-06-02 04:00:00,730
2024-06-02 05:00:00,610
2024-06-02 06:00:00,1106
2024-06-02 07:00:00,1953
2024-06-02 08:00:00,3320
2024-06-02 09:00:00,5454
2024-06-02 10:00:00,7516
2024-06-02 11:00:00,9372
2024-06-02 12:00:00,10864
2024-06-02 13:00:00,11760
2024-06-02 14:00:00,12249
2024-06-02 15:00:00,12423
2024-06-02 16:00:00,12312
2024-06-02 17:00:00,11753
2024-06-02 18:00:00,11026
2024-06-02 19:00:00,9344
2024-06-02 20:00:00,7169
2024-06-02 21:00:00,5329
2024-06-02 22:00:00,3846
2024-06-02 23:00:00,2611
2024-06-03 00:00:00,1422
2024-06-03 01:00:00,692
2024-06-03 02:00:00,443
2024-06-03 03:00:00,295
2024-06-03 04:00:00,350
2024-06-03 05:00:00,1180
2024-06-03 06:00:00,3567
2024-06-03 07:00:00,7565
2024-06-03 08:00:00,10815
2024-06-03 09:00:00,7567
2024-06-03 10:00:00,5645
2024-06-03 11:00:00,5851
2024-06-03 12:00:00,6692
2024-06-03 13:00:00,7136
2024-06-03 14:00:00,8167
2024-06-03 15:00:00,9696
2024-06-03 16:00:00,11277
2024-06-03 17:00:00,15688
2024-06-03 18:00:00,15187
2024-06-03 19:00:00,11625
2024-06-03 20:00:00,8867
2024-06-03 21:00:00,6413
2024-06-03 22:00:00,4780
2024-06-03 23:00:00,3000
2024-06-04 00:00:00,1650
2024-06-04 01:00:00,819
2024-06-04 02:00:00,520
2024-06-04 03:00:00,334
2024-06-04 04:00:00,379
2024-06-04 05:00:00,1335
2024-06-04 06:00:00,4116
2024-06-04 07:00:00,8315
2024-06-04 08:00:00,12572
2024-06-04 09:00:00,8804
2024-06-04 10:00:00,6284
2024-06-04 11:00:00,6504
2024-06-04 12:00:00,7299
2024-06-04 13:00:00,7727
2024-06-04 14:00:00,8603
2024-06-04 15:00:00,9792
2024-06-04 16:00:00,12015
2024-06-04 17:00:00,17257
2024-06-04 18:00:00,16465
2024-06-04 19:00:00,12441
2024-06-04 20:00:00,9088
2024-06-04 21:00:00,6893
2024-06-04 22:00:00,5035
2024-06-04 23:00:00,3006
2024-06-05 00:00:00,1727
2024-06-05 01:00:00,945
2024-06-05 02:00:00,507
2024-06-05 03:00:00,335
2024-06-05 04:00:00,325
2024-06-05 05:00:00,1364
2024-06-05 06:00:00,4133
2024-06-05 07:00:00,8513
2024-06-05 08:00:00,12941
2024-06-05 09:00:00,9039
2024-06-05 10:00:00,6465
2024-06-05 11:00:00,6680
2024-06-05 12:00:00,7178
2024-06-05 13:00:00,7935
2024-06-05 14:00:00,9196
2024-06-05 15:00:00,10274
2024-06-05 16:00:00,12417
2024-06-05 17:00:00,17316
2024-06-05 18:00:00,15842
2024-06-05 19:00:00,12306
2024-06-05 20:00:00,9289
2024-06-05 21:00:00,6850
2024-06-05 22:00:00,5787
2024-06-05 23:00:00,3581
2024-06-06 00:00:00,1805
2024-06-06 01:00:00,547
2024-06-06 02:00:00,321
2024-06-06 03:00:00,223
2024-06-06 04:00:00,148
2024-06-06 05:00:00,640
2024-06-06 06:00:00,2834
2024-06-06 07:00:00,6170
2024-06-06 08:00:00,10557
2024-06-06 09:00:00,8434
2024-06-06 10:00:00,6151
2024-06-06 11:00:00,6342
2024-06-06 12:00:00,7143
2024-06-06 13:00:00,7686
2024-06-06 14:00:00,6100
2024-06-06 15:00:00,6389
2024-06-06 16:00:00,7466
2024-06-06 17:00:00,13947
2024-06-06 18:00:00,14825
2024-06-06 19:00:00,12187
2024-06-06 20:00:00,9595
2024-06-06 21:00:00,6068
2024-06-06 22:00:00,5410
2024-06-06 23:00:00,4247
2024-06-07 00:00:00,2531
2024-06-07 01:00:00,1512
2024-06-07 02:00:00,779
2024-06-07 03:00:00,507
2024-06-07 04:00:00,487
2024-06-07 05:00:00,1168
2024-06-07 06:00:00,3460
2024-06-07 07:00:00,6792
2024-06-07 08:00:00,9742
2024-06-07 09:00:00,8331
2024-06-07 10:00:00,6705
2024-06-07 11:00:00,7555
2024-06-07 12:00:00,8616
2024-06-07 13:00:00,9390
2024-06-07 14:00:00,10614
2024-06-07 15:00:00,11966
2024-06-07 16:00:00,12948
2024-06-07 17:00:00,15099
2024-06-07 18:00:00,14513
2024-06-07 19:00:00,12157
2024-06-07 20:00:00,9306
2024-06-07 21:00:00,6673
2024-06-07 22:00:00,6018
2024-06-07 23:00:00,5344
2024-06-08 00:00:00,3929
2024-06-08 01:00:00,2664
2024-06-08 02:00:00,1748
2024-06-08 03:00:00,1113
2024-06-08 04:00:00,722
2024-06-08 05:00:00,712
2024-06-08 06:00:00,1433
2024-06-08 07:00:00,2912
2024-06-08 08:00:00,4588
2024-06-08 09:00:00,6803
2024-06-08 10:00:00,9063
2024-06-08 11:00:00,10878
2024-06-08 12:00:00,12044
2024-06-08 13:00:00,12705
2024-06-08 14:00:00,12833
2024-06-08 15:00:00,12983
2024-06-08 16:00:00,12504
2024-06-08 17:00:00,12425
2024-06-08 18:00:00,11896
2024-06-08 19:00:00,10925
2024-06-08 20:00:00,8790
2024-06-08 21:00:00,7061
2024-06-08 22:00:00,6399
2024-06-08 23:00:00,5674
2024-06-09 00:00:00,4332
2024-06-09 01:00:00,2815
2024-06-09 02:00:00,1994
2024-06-09 03:00:00,1247
2024-06-09 04:00:00,791
2024-06-09 05:00:00,654
2024-06-09 06:00:00,1105
2024-06-09 07:00:00,1879
2024-06-09 08:00:00,2985
2024-06-09 09:00:00,3955
2024-06-09 10:00:00,5569
2024-06-09 11:00:00,7047
2024-06-09 12:00:00,8945
2024-06-09 13:00:00,10556
2024-06-09 14:00:00,11592
2024-06-09 15:00:00,11965
2024-06-09 16:00:00,12329
2024-06-09 17:00:00,12083
2024-06-09 18:00:00,11497
2024-06-09 19:00:00,9937
2024-06-09 20:00:00,7883
2024-06-09 21:00:00,5907
2024-06-09 22:00:00,4783
2024-06-09 23:00:00,3050
2024-06-10 00:00:00,1732
2024-06-10 01:00:00,864
2024-06-10 02:00:00,495
2024-06-10 03:00:00,319
2024-06-10 04:00:00,391
2024-06-10 05:00:00,1263
2024-06-10 06:00:00,3661
2024-06-10 07:00:00,7547
2024-06-10 08:00:00,10928
2024-06-10 09:00:00,7739
2024-06-10 10:00:00,5811
2024-06-10 11:00:00,6139
2024-06-10 12:00:00,6753
2024-06-10 13:00:00,7431
2024-06-10 14:00:00,8601
2024-06-10 15:00:00,9860
2024-06-10 16:00:00,11604
2024-06-10 17:00:00,15964
2024-06-10 18:00:00,15400
2024-06-10 19:00:00,11923
2024-06-10 20:00:00,8731
2024-06-10 21:00:00,6211
2024-06-10 22:00:00,4568
2024-06-10 23:00:00,2978
2024-06-11 00:00:00,1483
2024-06-11 01:00:00,755
2024-06-11 02:00:00,501
2024-06-11 03:00:00,339
2024-06-11 04:00:00,378
2024-06-11 05:00:00,1395
2024-06-11 06:00:00,4134
2024-06-11 07:00:00,8447
2024-06-11 08:00:00,13105
2024-06-11 09:00:00,9082
2024-06-11 10:00:00,6349
2024-06-11 11:00:00,6424
2024-06-11 12:00:00,7058
2024-06-11 13:00:00,7509
2024-06-11 14:00:00,8521
2024-06-11 15:00:00,9728
2024-06-11 16:00:00,11870
2024-06-11 17:00:00,16972
2024-06-11 18:00:00,15574
2024-06-11 19:00:00,11419
2024-06-11 20:00:00,8334
2024-06-11 21:00:00,6148
2024-06-11 22:00:00,4805
2024-06-11 23:00:00,3244
2024-06-12 00:00:00,1698
2024-06-12 01:00:00,896
2024-06-12 02:00:00,562
2024-06-12 03:00:00,343
2024-06-12 04:00:00,347
2024-06-12 05:00:00,1331
2024-06-12 06:00:00,4049
2024-06-12 07:00:00,8415
2024-06-12 08:00:00,13177
2024-06-12 09:00:00,9388
2024-06-12 10:00:00,6696
2024-06-12 11:00:00,6632
2024-06-12 12:00:00,7372
2024-06-12 13:00:00,7987
2024-06-12 14:00:00,8808
2024-06-12 15:00:00,9948
2024-06-12 16:00:00,11830
2024-06-12 17:00:00,16995
2024-06-12 18:00:00,16419
2024-06-12 19:00:00,12525
2024-06-12 20:00:00,9653
2024-06-12 21:00:00,7157
2024-06-12 22:00:00,5660
2024-06-12 23:00:00,4179
2024-06-13 00:00:00,1997
2024-06-13 01:00:00,1032
2024-06-13 02:00:00,587
2024-06-13 03:00:00,390
2024-06-13 04:00:00,416
2024-06-13 05:00:00,1267
2024-06-13 06:00:00,3804
2024-06-13 07:00:00,8044
2024-06-13 08:00:00,12561
2024-06-13 09:00:00,9128
2024-06-13 10:00:00,6782
2024-06-13 11:00:00,6802
2024-06-13 12:00:00,7457
2024-06-13 13:00:00,7706
2024-06-13 14:00:00,8827
2024-06-13 15:00:00,10059
2024-06-13 16:00:00,12038
2024-06-13 17:00:00,16984
2024-06-13 18:00:00,16078
2024-06-13 19:00:00,12679
2024-06-13 20:00:00,9639
2024-06-13 21:00:00,7704
2024-06-13 22:00:00,6261
2024-06-13 23:00:00,4477
2024-06-14 00:00:00,2648
2024-06-14 01:00:00,1522
2024-06-14 02:00:00,918
2024-06-14 03:00:00,510
2024-06-14 04:00:00,474
2024-06-14 05:00:00,1178
2024-06-14 06:00:00,3364
2024-06-14 07:00:00,6616
2024-06-14 08:00:00,10089
2024-06-14 09:00:00,8461
2024-06-14 10:00:00,7244
2024-06-14 11:00:00,7822
2024-06-14 12:00:00,8806
2024-06-14 13:00:00,9460
2024-06-14 14:00:00,10358
2024-06-14 15:00:00,10834
2024-06-14 16:00:00,12246
2024-06-14 17:00:00,14618
2024-06-14 18:00:00,10339
2024-06-14 19:00:00,4543
2024-06-14 20:00:00,5456
2024-06-14 21:00:00,4139
2024-06-14 22:00:00,4592
2024-06-14 23:00:00,4436
2024-06-15 00:00:00,3578
2024-06-15 01:00:00,2379
2024-06-15 02:00:00,1840
2024-06-15 03:00:00,1130
2024-06-15 04:00:00,724
2024-06-15 05:00:00,705
2024-06-15 06:00:00,1637
2024-06-15 07:00:00,2625
2024-06-15 08:00:00,4479
2024-06-15 09:00:00,7000
2024-06-15 10:00:00,9112
2024-06-15 11:00:00,10868
2024-06-15 12:00:00,11836
2024-06-15 13:00:00,12432
2024-06-15 14:00:00,13032
2024-06-15 15:00:00,12779
2024-06-15 16:00:00,12622
2024-06-15 17:00:00,12404
2024-06-15 18:00:00,12149
2024-06-15 19:00:00,11120
2024-06-15 20:00:00,8951
2024-06-15 21:00:00,7295
2024-06-15 22:00:00,6447
2024-06-15 23:00:00,5554
2024-06-16 00:00:00,4053
2024-06-16 01:00:00,2788
2024-06-16 02:00:00,1953
2024-06-16 03:00:00,1252
2024-06-16 04:00:00,944
2024-06-16 05:00:00,627
2024-06-16 06:00:00,1145
2024-06-16 07:00:00,2089
2024-06-16 08:00:00,3382
2024-06-16 09:00:00,5596
2024-06-16 10:00:00,7776
2024-06-16 11:00:00,9604
2024-06-16 12:00:00,10624
2024-06-16 13:00:00,11319
2024-06-16 14:00:00,11799
2024-06-16 15:00:00,11855
2024-06-16 16:00:00,11557
2024-06-16 17:00:00,11457
2024-06-16 18:00:00,10905
2024-06-16 19:00:00,9836
2024-06-16 20:00:00,7695
2024-06-16 21:00:00,5563
2024-06-16 22:00:00,4516
2024-06-16 23:00:00,3135
2024-06-17 00:00:00,1822
2024-06-17 01:00:00,890
2024-06-17 02:00:00,585
2024-06-17 03:00:00,355
2024-06-17 04:00:00,428
2024-06-17 05:00:00,1235
2024-06-17 06:00:00,3516
2024-06-17 07:00:00,6348
2024-06-17 08:00:00,9805
2024-06-17 09:00:00,7675
2024-06-17 10:00:00,5845
2024-06-17 11:00:00,6016
2024-06-17 12:00:00,6818
2024-06-17 13:00:00,3892
2024-06-17 14:00:00,3621
2024-06-17 15:00:00,8318
2024-06-17 16:00:00,10536
2024-06-17 17:00:00,15505
2024-06-17 18:00:00,15243
2024-06-17 19:00:00,12065
2024-06-17 20:00:00,9624
2024-06-17 21:00:00,6483
2024-06-17 22:00:00,4749
2024-06-17 23:00:00,3476
2024-06-18 00:00:00,1723
2024-06-18 01:00:00,940
2024-06-18 02:00:00,539
2024-06-18 03:00:00,334
2024-06-18 04:00:00,416
2024-06-18 05:00:00,1364
2024-06-18 06:00:00,4106
2024-06-18 07:00:00,8079
2024-06-18 08:00:00,12613
2024-06-18 09:00:00,8923
2024-06-18 10:00:00,6352
2024-06-18 11:00:00,6772
2024-06-18 12:00:00,7371
2024-06-18 13:00:00,7663
2024-06-18 14:00:00,8252
2024-06-18 15:00:00,9276
2024-06-18 16:00:00,11725
2024-06-18 17:00:00,16814
2024-06-18 18:00:00,16451
2024-06-18 19:00:00,13172
2024-06-18 20:00:00,10095
2024-06-18 21:00:00,7815
2024-06-18 22:00:00,6292
2024-06-18 23:00:00,4544
2024-06-19 00:00:00,2740
2024-06-19 01:00:00,1647
2024-06-19 02:00:00,905
2024-06-19 03:00:00,565
2024-06-19 04:00:00,444
2024-06-19 05:00:00,1032
2024-06-19 06:00:00,2655
2024-06-19 07:00:00,4388
2024-06-19 08:00:00,6950
2024-06-19 09:00:00,8155
2024-06-19 10:00:00,8597
2024-06-19 11:00:00,9756
2024-06-19 12:00:00,10333
2024-06-19 13:00:00,10570
2024-06-19 14:00:00,11306
2024-06-19 15:00:00,11725
2024-06-19 16:00:00,12012
2024-06-19 17:00:00,14351
2024-06-19 18:00:00,14132
2024-06-19 19:00:00,11797
2024-06-19 20:00:00,9589
2024-06-19 21:00:00,7542
2024-06-19 22:00:00,6108
2024-06-19 23:00:00,4021
2024-06-20 00:00:00,2321
2024-06-20 01:00:00,1140
2024-06-20 02:00:00,683
2024-06-20 03:00:00,429
2024-06-20 04:00:00,466
2024-06-20 05:00:00,1341
2024-06-20 06:00:00,3854
2024-06-20 07:00:00,7598
2024-06-20 08:00:00,11524
2024-06-20 09:00:00,8755
2024-06-20 10:00:00,6647
2024-06-20 11:00:00,6796
2024-06-20 12:00:00,7317
2024-06-20 13:00:00,7339
2024-06-20 14:00:00,8570
2024-06-20 15:00:00,9021
2024-06-20 16:00:00,10382
2024-06-20 17:00:00,15919
2024-06-20 18:00:00,15831
2024-06-20 19:00:00,12651
2024-06-20 20:00:00,10027
2024-06-20 21:00:00,7783
2024-06-20 22:00:00,6351
2024-06-20 23:00:00,4421
2024-06-21 00:00:00,2620
2024-06-21 01:00:00,1441
2024-06-21 02:00:00,875
2024-06-21 03:00:00,519
2024-06-21 04:00:00,499
2024-06-21 05:00:00,1291
2024-06-21 06:00:00,3460
2024-06-21 07:00:00,6560
2024-06-21 08:00:00,9635
2024-06-21 09:00:00,7997
2024-06-21 10:00:00,6777
2024-06-21 11:00:00,7420
2024-06-21 12:00:00,8044
2024-06-21 13:00:00,8751
2024-06-21 14:00:00,9562
2024-06-21 15:00:00,10047
2024-06-21 16:00:00,11405
2024-06-21 17:00:00,14130
2024-06-21 18:00:00,13765
2024-06-21 19:00:00,11538
2024-06-21 20:00:00,9127
2024-06-21 21:00:00,7194
2024-06-21 22:00:00,6339
2024-06-21 23:00:00,5366
2024-06-22 00:00:00,4113
2024-06-22 01:00:00,2838
2024-06-22 02:00:00,1952
2024-06-22 03:00:00,1066
2024-06-22 04:00:00,756
2024-06-22 05:00:00,686
2024-06-22 06:00:00,1380
2024-06-22 07:00:00,2750
2024-06-22 08:00:00,4518
2024-06-22 09:00:00,6709
2024-06-22 10:00:00,8290
2024-06-22 11:00:00,9587
2024-06-22 12:00:00,10165
2024-06-22 13:00:00,10138
2024-06-22 14:00:00,9653
2024-06-22 15:00:00,9675
2024-06-22 16:00:00,9480
2024-06-22 17:00:00,10408
2024-06-22 18:00:00,10630
2024-06-22 19:00:00,9627
2024-06-22 20:00:00,7011
2024-06-22 21:00:00,3734
2024-06-22 22:00:00,4815
2024-06-22 23:00:00,3722
2024-06-23 00:00:00,3322
2024-06-23 01:00:00,2464
2024-06-23 02:00:00,1740
2024-06-23 03:00:00,1338
2024-06-23 04:00:00,845
2024-06-23 05:00:00,734
2024-06-23 06:00:00,1266
2024-06-23 07:00:00,2410
2024-06-23 08:00:00,3489
2024-06-23 09:00:00,5343
2024-06-23 10:00:00,7525
2024-06-23 11:00:00,8602
2024-06-23 12:00:00,9424
2024-06-23 13:00:00,9834
2024-06-23 14:00:00,10179
2024-06-23 15:00:00,10093
2024-06-23 16:00:00,9947
2024-06-23 17:00:00,10813
2024-06-23 18:00:00,10076
2024-06-23 19:00:00,8871
2024-06-23 20:00:00,7406
2024-06-23 21:00:00,5672
2024-06-23 22:00:00,4485
2024-06-23 23:00:00,2937
2024-06-24 00:00:00,1704
2024-06-24 01:00:00,986
2024-06-24 02:00:00,592
2024-06-24 03:00:00,400
2024-06-24 04:00:00,444
2024-06-24 05:00:00,1318
2024-06-24 06:00:00,3773
2024-06-24 07:00:00,7139
2024-06-24 08:00:00,10878
2024-06-24 09:00:00,8046
2024-06-24 10:00:00,5871
2024-06-24 11:00:00,6165
2024-06-24 12:00:00,6884
2024-06-24 13:00:00,7506
2024-06-24 14:00:00,8279
2024-06-24 15:00:00,9026
2024-06-24 16:00:00,10634
2024-06-24 17:00:00,15538
2024-06-24 18:00:00,14692
2024-06-24 19:00:00,11448
2024-06-24 20:00:00,8557
2024-06-24 21:00:00,6296
2024-06-24 22:00:00,4737
2024-06-24 23:00:00,3579
2024-06-25 00:00:00,1762
2024-06-25 01:00:00,952
2024-06-25 02:00:00,653
2024-06-25 03:00:00,380
2024-06-25 04:00:00,479
2024-06-25 05:00:00,1473
2024-06-25 06:00:00,4311
2024-06-25 07:00:00,8049
2024-06-25 08:00:00,12664
2024-06-25 09:00:00,9073
2024-06-25 10:00:00,6524
2024-06-25 11:00:00,6508
2024-06-25 12:00:00,7105
2024-06-25 13:00:00,7538
2024-06-25 14:00:00,8522
2024-06-25 15:00:00,9160
2024-06-25 16:00:00,10919
2024-06-25 17:00:00,16940
2024-06-25 18:00:00,16677
2024-06-25 19:00:00,13002
2024-06-25 20:00:00,10062
2024-06-25 21:00:00,7833
2024-06-25 22:00:00,6043
2024-06-25 23:00:00,4088
2024-06-26 00:00:00,2269
2024-06-26 01:00:00,1159
2024-06-26 02:00:00,670
2024-06-26 03:00:00,367
2024-06-26 04:00:00,441
2024-06-26 05:00:00,1398
2024-06-26 06:00:00,4028
2024-06-26 07:00:00,7895
2024-06-26 08:00:00,12733
2024-06-26 09:00:00,9594
2024-06-26 10:00:00,6898
2024-06-26 11:00:00,6942
2024-06-26 12:00:00,7385
2024-06-26 13:00:00,7756
2024-06-26 14:00:00,8508
2024-06-26 15:00:00,8895
2024-06-26 16:00:00,11069
2024-06-26 17:00:00,16750
2024-06-26 18:00:00,16866
2024-06-26 19:00:00,12924
2024-06-26 20:00:00,7503
2024-06-26 21:00:00,4376
2024-06-26 22:00:00,4585
2024-06-26 23:00:00,3214
2024-06-27 00:00:00,1253
2024-06-27 01:00:00,418
2024-06-27 02:00:00,234
2024-06-27 03:00:00,206
2024-06-27 04:00:00,330
2024-06-27 05:00:00,1182
2024-06-27 06:00:00,3656
2024-06-27 07:00:00,6964
2024-06-27 08:00:00,11542
2024-06-27 09:00:00,9503
2024-06-27 10:00:00,6772
2024-06-27 11:00:00,7036
2024-06-27 12:00:00,7757
2024-06-27 13:00:00,7889
2024-06-27 14:00:00,8491
2024-06-27 15:00:00,9356
2024-06-27 16:00:00,11526
2024-06-27 17:00:00,17095
2024-06-27 18:00:00,16651
2024-06-27 19:00:00,13288
2024-06-27 20:00:00,10915
2024-06-27 21:00:00,7694
2024-06-27 22:00:00,6430
2024-06-27 23:00:00,4790
2024-06-28 00:00:00,2841
2024-06-28 01:00:00,1533
2024-06-28 02:00:00,907
2024-06-28 03:00:00,629
2024-06-28 04:00:00,523
2024-06-28 05:00:00,1238
2024-06-28 06:00:00,3366
2024-06-28 07:00:00,5600
2024-06-28 08:00:00,8964
2024-06-28 09:00:00,8073
2024-06-28 10:00:00,7005
2024-06-28 11:00:00,7631
2024-06-28 12:00:00,8679
2024-06-28 13:00:00,9282
2024-06-28 14:00:00,10236
2024-06-28 15:00:00,11182
2024-06-28 16:00:00,13258
2024-06-28 17:00:00,15696
2024-06-28 18:00:00,15054
2024-06-28 19:00:00,12394
2024-06-28 20:00:00,9532
2024-06-28 21:00:00,6850
2024-06-28 22:00:00,6354
2024-06-28 23:00:00,5057
2024-06-29 00:00:00,3812
2024-06-29 01:00:00,2812
2024-06-29 02:00:00,2151
2024-06-29 03:00:00,1393
2024-06-29 04:00:00,990
2024-06-29 05:00:00,699
2024-06-29 06:00:00,1427
2024-06-29 07:00:00,2743
2024-06-29 08:00:00,3909
2024-06-29 09:00:00,6048
2024-06-29 10:00:00,7966
2024-06-29 11:00:00,9211
2024-06-29 12:00:00,10492
2024-06-29 13:00:00,10938
2024-06-29 14:00:00,11959
2024-06-29 15:00:00,11860
2024-06-29 16:00:00,11220
2024-06-29 17:00:00,11085
2024-06-29 18:00:00,10619
2024-06-29 19:00:00,9825
2024-06-29 20:00:00,7892
2024-06-29 21:00:00,5363
2024-06-29 22:00:00,2419
2024-06-29 23:00:00,3280
2024-06-30 00:00:00,2575
2024-06-30 01:00:00,1792
2024-06-30 02:00:00,1352
2024-06-30 03:00:00,1063
2024-06-30 04:00:00,908
2024-06-30 05:00:00,728
2024-06-30 06:00:00,1022
2024-06-30 07:00:00,1753
2024-06-30 08:00:00,2926
2024-06-30 09:00:00,4806
2024-06-30 10:00:00,6679
2024-06-30 11:00:00,8611
2024-06-30 12:00:00,9090
2024-06-30 13:00:00,9138
2024-06-30 14:00:00,9875
2024-06-30 15:00:00,9744
2024-06-30 16:00:00,5309
2024-06-30 17:00:00,3297
2024-06-30 18:00:00,5023
2024-06-30 19:00:00,6000
2024-06-30 20:00:00,5383
2024-06-30 21:00:00,4418
2024-06-30 22:00:00,3794
2024-06-30 23:00:00,2704
2024-07-01 00:00:00,1739
2024-07-01 01:00:00,1011
2024-07-01 02:00:00,630
2024-07-01 03:00:00,416
2024-07-01 04:00:00,490
2024-07-01 05:00:00,1293
2024-07-01 06:00:00,3381
2024-07-01 07:00:00,6237
2024-07-01 08:00:00,9469
2024-07-01 09:00:00,7529
2024-07-01 10:00:00,5777
2024-07-01 11:00:00,6098
2024-07-01 12:00:00,6754
2024-07-01 13:00:00,7264
2024-07-01 14:00:00,7945
2024-07-01 15:00:00,8819
2024-07-01 16:00:00,10499
2024-07-01 17:00:00,15043
2024-07-01 18:00:00,15576
2024-07-01 19:00:00,11939
2024-07-01 20:00:00,9441
2024-07-01 21:00:00,6574
2024-07-01 22:00:00,4670
2024-07-01 23:00:00,3422
2024-07-02 00:00:00,1767
2024-07-02 01:00:00,961
2024-07-02 02:00:00,502
2024-07-02 03:00:00,386
2024-07-02 04:00:00,440
2024-07-02 05:00:00,1350
2024-07-02 06:00:00,3749
2024-07-02 07:00:00,6941
2024-07-02 08:00:00,11026
2024-07-02 09:00:00,8780
2024-07-02 10:00:00,6443
2024-07-02 11:00:00,6530
2024-07-02 12:00:00,7195
2024-07-02 13:00:00,7393
2024-07-02 14:00:00,8170
2024-07-02 15:00:00,8931
2024-07-02 16:00:00,11114
2024-07-02 17:00:00,16371
2024-07-02 18:00:00,16139
2024-07-02 19:00:00,12521
2024-07-02 20:00:00,9441
2024-07-02 21:00:00,6937
2024-07-02 22:00:00,5348
2024-07-02 23:00:00,3720
2024-07-03 00:00:00,2053
2024-07-03 01:00:00,1051
2024-07-03 02:00:00,610
2024-07-03 03:00:00,380
2024-07-03 04:00:00,424
2024-07-03 05:00:00,1274
2024-07-03 06:00:00,3347
2024-07-03 07:00:00,6095
2024-07-03 08:00:00,9387
2024-07-03 09:00:00,8076
2024-07-03 10:00:00,6500
2024-07-03 11:00:00,6975
2024-07-03 12:00:00,7893
2024-07-03 13:00:00,8546
2024-07-03 14:00:00,9468
2024-07-03 15:00:00,10696
2024-07-03 16:00:00,11795
2024-07-03 17:00:00,13833
2024-07-03 18:00:00,12966
2024-07-03 19:00:00,10772
2024-07-03 20:00:00,8337
2024-07-03 21:00:00,6367
2024-07-03 22:00:00,5091
2024-07-03 23:00:00,3947
2024-07-04 00:00:00,2691
2024-07-04 01:00:00,1639
2024-07-04 02:00:00,1112
2024-07-04 03:00:00,616
2024-07-04 04:00:00,531
2024-07-04 05:00:00,517
2024-07-04 06:00:00,1137
2024-07-04 07:00:00,2121
2024-07-04 08:00:00,3110
2024-07-04 09:00:00,4428
2024-07-04 10:00:00,5797
2024-07-04 11:00:00,6943
2024-07-04 12:00:00,7728
2024-07-04 13:00:00,8353
2024-07-04 14:00:00,8259
2024-07-04 15:00:00,8483
2024-07-04 16:00:00,8277
2024-07-04 17:00:00,8438
2024-07-04 18:00:00,8157
2024-07-04 19:00:00,7694
2024-07-04 20:00:00,7591
2024-07-04 21:00:00,6649
2024-07-04 22:00:00,5430
2024-07-04 23:00:00,2272
2024-07-05 00:00:00,2099
2024-07-05 01:00:00,1334
2024-07-05 02:00:00,860
2024-07-05 03:00:00,637
2024-07-05 04:00:00,498
2024-07-05 05:00:00,736
2024-07-05 06:00:00,1702
2024-07-05 07:00:00,3109
2024-07-05 08:00:00,4405
2024-07-05 09:00:00,4878
2024-07-05 10:00:00,5378
2024-07-05 11:00:00,6378
2024-07-05 12:00:00,7026
2024-07-05 13:00:00,7344
2024-07-05 14:00:00,8263
2024-07-05 15:00:00,8291
2024-07-05 16:00:00,8415
2024-07-05 17:00:00,9319
2024-07-05 18:00:00,9646
2024-07-05 19:00:00,5575
2024-07-05 20:00:00,3903
2024-07-05 21:00:00,4197
2024-07-05 22:00:00,3792
2024-07-05 23:00:00,3371
2024-07-06 00:00:00,2479
2024-07-06 01:00:00,1665
2024-07-06 02:00:00,1180
2024-07-06 03:00:00,799
2024-07-06 04:00:00,565
2024-07-06 05:00:00,639
2024-07-06 06:00:00,1035
2024-07-06 07:00:00,1593
2024-07-06 08:00:00,2289
2024-07-06 09:00:00,4260
2024-07-06 10:00:00,6044
2024-07-06 11:00:00,7513
2024-07-06 12:00:00,7913
2024-07-06 13:00:00,7930
2024-07-06 14:00:00,8314
2024-07-06 15:00:00,8921
2024-07-06 16:00:00,8418
2024-07-06 17:00:00,9031
2024-07-06 18:00:00,8681
2024-07-06 19:00:00,8539
2024-07-06 20:00:00,7287
2024-07-06 21:00:00,5803
2024-07-06 22:00:00,4963
2024-07-06 23:00:00,4172
2024-07-07 00:00:00,2967
2024-07-07 01:00:00,2118
2024-07-07 02:00:00,1538
2024-07-07 03:00:00,988
2024-07-07 04:00:00,830
2024-07-07 05:00:00,655
2024-07-07 06:00:00,1036
2024-07-07 07:00:00,1766
2024-07-07 08:00:00,2852
2024-07-07 09:00:00,4593
2024-07-07 10:00:00,5852
2024-07-07 11:00:00,7077
2024-07-07 12:00:00,7937
2024-07-07 13:00:00,8726
2024-07-07 14:00:00,8813
2024-07-07 15:00:00,9205
2024-07-07 16:00:00,9234
2024-07-07 17:00:00,9588
2024-07-07 18:00:00,9240
2024-07-07 19:00:00,8485
2024-07-07 20:00:00,7232
2024-07-07 21:00:00,5671
2024-07-07 22:00:00,4203
2024-07-07 23:00:00,2860
2024-07-08 00:00:00,1657
2024-07-08 01:00:00,808
2024-07-08 02:00:00,504
2024-07-08 03:00:00,330
2024-07-08 04:00:00,410
2024-07-08 05:00:00,1268
2024-07-08 06:00:00,3542
2024-07-08 07:00:00,6678
2024-07-08 08:00:00,10233
2024-07-08 09:00:00,7663
2024-07-08 10:00:00,5641
2024-07-08 11:00:00,5665
2024-07-08 12:00:00,6404
2024-07-08 13:00:00,6749
2024-07-08 14:00:00,7055
2024-07-08 15:00:00,7895
2024-07-08 16:00:00,9922
2024-07-08 17:00:00,14872
2024-07-08 18:00:00,14534
2024-07-08 19:00:00,11920
2024-07-08 20:00:00,9211
2024-07-08 21:00:00,6592
2024-07-08 22:00:00,4594
2024-07-08 23:00:00,3026
2024-07-09 00:00:00,1647
2024-07-09 01:00:00,865
2024-07-09 02:00:00,501
2024-07-09 03:00:00,319
2024-07-09 04:00:00,450
2024-07-09 05:00:00,1486
2024-07-09 06:00:00,4120
2024-07-09 07:00:00,8030
2024-07-09 08:00:00,12600
2024-07-09 09:00:00,9359
2024-07-09 10:00:00,6180
2024-07-09 11:00:00,6113
2024-07-09 12:00:00,6709
2024-07-09 13:00:00,7010
2024-07-09 14:00:00,7724
2024-07-09 15:00:00,8212
2024-07-09 16:00:00,10340
2024-07-09 17:00:00,17164
2024-07-09 18:00:00,15506
2024-07-09 19:00:00,11987
2024-07-09 20:00:00,9184
2024-07-09 21:00:00,6999
2024-07-09 22:00:00,5382
2024-07-09 23:00:00,3406
2024-07-10 00:00:00,2008
2024-07-10 01:00:00,933
2024-07-10 02:00:00,574
2024-07-10 03:00:00,322
2024-07-10 04:00:00,420
2024-07-10 05:00:00,1436
2024-07-10 06:00:00,4099
2024-07-10 07:00:00,7773
2024-07-10 08:00:00,12533
2024-07-10 09:00:00,9490
2024-07-10 10:00:00,6374
2024-07-10 11:00:00,6228
2024-07-10 12:00:00,6994
2024-07-10 13:00:00,7081
2024-07-10 14:00:00,7858
2024-07-10 15:00:00,8276
2024-07-10 16:00:00,10033
2024-07-10 17:00:00,16998
2024-07-10 18:00:00,16880
2024-07-10 19:00:00,13341
2024-07-10 20:00:00,9770
2024-07-10 21:00:00,7333
2024-07-10 22:00:00,6289
2024-07-10 23:00:00,3913
2024-07-11 00:00:00,2115
2024-07-11 01:00:00,1108
2024-07-11 02:00:00,501
2024-07-11 03:00:00,276
2024-07-11 04:00:00,397
2024-07-11 05:00:00,1073
2024-07-11 06:00:00,3580
2024-07-11 07:00:00,7278
2024-07-11 08:00:00,12047
2024-07-11 09:00:00,9335
2024-07-11 10:00:00,6483
2024-07-11 11:00:00,6342
2024-07-11 12:00:00,7085
2024-07-11 13:00:00,7408
2024-07-11 14:00:00,7765
2024-07-11 15:00:00,8819
2024-07-11 16:00:00,11084
2024-07-11 17:00:00,16876
2024-07-11 18:00:00,16330
2024-07-11 19:00:00,12955
2024-07-11 20:00:00,10083
2024-07-11 21:00:00,7915
2024-07-11 22:00:00,6276
2024-07-11 23:00:00,4276
2024-07-12 00:00:00,2612
2024-07-12 01:00:00,1416
2024-07-12 02:00:00,832
2024-07-12 03:00:00,558
2024-07-12 04:00:00,511
2024-07-12 05:00:00,1166
2024-07-12 06:00:00,3189
2024-07-12 07:00:00,4344
2024-07-12 08:00:00,4852
2024-07-12 09:00:00,6964
2024-07-12 10:00:00,6343
2024-07-12 11:00:00,6612
2024-07-12 12:00:00,7458
2024-07-12 13:00:00,8016
2024-07-12 14:00:00,8654
2024-07-12 15:00:00,9853
2024-07-12 16:00:00,11457
2024-07-12 17:00:00,13905
2024-07-12 18:00:00,11654
2024-07-12 19:00:00,10094
2024-07-12 20:00:00,8059
2024-07-12 21:00:00,6229
2024-07-12 22:00:00,5743
2024-07-12 23:00:00,4932
2024-07-13 00:00:00,3693
2024-07-13 01:00:00,2676
2024-07-13 02:00:00,1846
2024-07-13 03:00:00,1213
2024-07-13 04:00:00,756
2024-07-13 05:00:00,381
2024-07-13 06:00:00,358
2024-07-13 07:00:00,593
2024-07-13 08:00:00,2094
2024-07-13 09:00:00,4205
2024-07-13 10:00:00,4247
2024-07-13 11:00:00,5302
2024-07-13 12:00:00,8627
2024-07-13 13:00:00,9996
2024-07-13 14:00:00,10784
2024-07-13 15:00:00,11413
2024-07-13 16:00:00,11251
2024-07-13 17:00:00,11470
2024-07-13 18:00:00,11066
2024-07-13 19:00:00,10492
2024-07-13 20:00:00,8723
2024-07-13 21:00:00,6910
2024-07-13 22:00:00,5922
2024-07-13 23:00:00,5105
2024-07-14 00:00:00,3801
2024-07-14 01:00:00,2875
2024-07-14 02:00:00,2071
2024-07-14 03:00:00,1345
2024-07-14 04:00:00,838
2024-07-14 05:00:00,622
2024-07-14 06:00:00,1104
2024-07-14 07:00:00,2043
2024-07-14 08:00:00,3452
2024-07-14 09:00:00,5340
2024-07-14 10:00:00,6964
2024-07-14 11:00:00,8503
2024-07-14 12:00:00,9892
2024-07-14 13:00:00,11077
2024-07-14 14:00:00,12409
2024-07-14 15:00:00,9586
2024-07-14 16:00:00,8802
2024-07-14 17:00:00,12088
2024-07-14 18:00:00,10759
2024-07-14 19:00:00,9950
2024-07-14 20:00:00,7817
2024-07-14 21:00:00,5375
2024-07-14 22:00:00,4489
2024-07-14 23:00:00,2976
2024-07-15 00:00:00,2848
2024-07-15 01:00:00,1134
2024-07-15 02:00:00,625
2024-07-15 03:00:00,384
2024-07-15 04:00:00,403
2024-07-15 05:00:00,683
2024-07-15 06:00:00,3079
2024-07-15 07:00:00,6415
2024-07-15 08:00:00,10262
2024-07-15 09:00:00,8164
2024-07-15 10:00:00,5786
2024-07-15 11:00:00,5782
2024-07-15 12:00:00,6501
2024-07-15 13:00:00,6782
2024-07-15 14:00:00,6885
2024-07-15 15:00:00,7755
2024-07-15 16:00:00,10012
2024-07-15 17:00:00,14579
2024-07-15 18:00:00,14434
2024-07-15 19:00:00,11600
2024-07-15 20:00:00,8837
2024-07-15 21:00:00,6422
2024-07-15 22:00:00,4542
2024-07-15 23:00:00,2917
2024-07-16 00:00:00,1661
2024-07-16 01:00:00,854
2024-07-16 02:00:00,478
2024-07-16 03:00:00,324
2024-07-16 04:00:00,400
2024-07-16 05:00:00,1413
2024-07-16 06:00:00,4242
2024-07-16 07:00:00,7892
2024-07-16 08:00:00,12044
2024-07-16 09:00:00,9083
2024-07-16 10:00:00,6133
2024-07-16 11:00:00,5902
2024-07-16 12:00:00,6505
2024-07-16 13:00:00,6450
2024-07-16 14:00:00,6868
2024-07-16 15:00:00,7774
2024-07-16 16:00:00,10174
2024-07-16 17:00:00,15675
2024-07-16 18:00:00,16926
2024-07-16 19:00:00,12820
2024-07-16 20:00:00,9858
2024-07-16 21:00:00,6976
2024-07-16 22:00:00,5136
2024-07-16 23:00:00,3432
2024-07-17 00:00:00,1873
2024-07-17 01:00:00,960
2024-07-17 02:00:00,533
2024-07-17 03:00:00,340
2024-07-17 04:00:00,370
2024-07-17 05:00:00,1403
2024-07-17 06:00:00,4173
2024-07-17 07:00:00,7430
2024-07-17 08:00:00,11499
2024-07-17 09:00:00,9332
2024-07-17 10:00:00,6453
2024-07-17 11:00:00,6277
2024-07-17 12:00:00,6923
2024-07-17 13:00:00,7153
2024-07-17 14:00:00,7520
2024-07-17 15:00:00,8313
2024-07-17 16:00:00,10886
2024-07-17 17:00:00,15997
2024-07-17 18:00:00,16219
2024-07-17 19:00:00,12476
2024-07-17 20:00:00,9239
2024-07-17 21:00:00,3690
2024-07-17 22:00:00,990
2024-07-17 23:00:00,1352
2024-07-18 00:00:00,1335
2024-07-18 01:00:00,740
2024-07-18 02:00:00,467
2024-07-18 03:00:00,325
2024-07-18 04:00:00,414
2024-07-18 05:00:00,1268
2024-07-18 06:00:00,3893
2024-07-18 07:00:00,7380
2024-07-18 08:00:00,12066
2024-07-18 09:00:00,9159
2024-07-18 10:00:00,6569
2024-07-18 11:00:00,6415
2024-07-18 12:00:00,7155
2024-07-18 13:00:00,7710
2024-07-18 14:00:00,8007
2024-07-18 15:00:00,9003
2024-07-18 16:00:00,11263
2024-07-18 17:00:00,16936
2024-07-18 18:00:00,16690
2024-07-18 19:00:00,13321
2024-07-18 20:00:00,10090
2024-07-18 21:00:00,7477
2024-07-18 22:00:00,6190
2024-07-18 23:00:00,4571
2024-07-19 00:00:00,2724
2024-07-19 01:00:00,1542
2024-07-19 02:00:00,956
2024-07-19 03:00:00,557
2024-07-19 04:00:00,489
2024-07-19 05:00:00,1213
2024-07-19 06:00:00,3423
2024-07-19 07:00:00,6029
2024-07-19 08:00:00,9215
2024-07-19 09:00:00,8449
2024-07-19 10:00:00,6831
2024-07-19 11:00:00,7268
2024-07-19 12:00:00,8342
2024-07-19 13:00:00,9098
2024-07-19 14:00:00,9803
2024-07-19 15:00:00,11083
2024-07-19 16:00:00,12595
2024-07-19 17:00:00,14864
2024-07-19 18:00:00,14428
2024-07-19 19:00:00,11901
2024-07-19 20:00:00,9473
2024-07-19 21:00:00,7277
2024-07-19 22:00:00,6500
2024-07-19 23:00:00,5531
2024-07-20 00:00:00,4059
2024-07-20 01:00:00,2844
2024-07-20 02:00:00,1953
2024-07-20 03:00:00,1209
2024-07-20 04:00:00,835
2024-07-20 05:00:00,719
2024-07-20 06:00:00,1411
2024-07-20 07:00:00,2738
2024-07-20 08:00:00,4212
2024-07-20 09:00:00,6423
2024-07-20 10:00:00,8441
2024-07-20 11:00:00,9660
2024-07-20 12:00:00,10736
2024-07-20 13:00:00,11163
2024-07-20 14:00:00,11296
2024-07-20 15:00:00,11884
2024-07-20 16:00:00,11736
2024-07-20 17:00:00,11404
2024-07-20 18:00:00,10920
2024-07-20 19:00:00,10123
2024-07-20 20:00:00,8214
2024-07-20 21:00:00,6596
2024-07-20 22:00:00,6285
2024-07-20 23:00:00,5459
2024-07-21 00:00:00,3969
2024-07-21 01:00:00,2914
2024-07-21 02:00:00,2073
2024-07-21 03:00:00,1368
2024-07-21 04:00:00,874
2024-07-21 05:00:00,628
2024-07-21 06:00:00,1247
2024-07-21 07:00:00,2075
2024-07-21 08:00:00,3329
2024-07-21 09:00:00,5360
2024-07-21 10:00:00,7527
2024-07-21 11:00:00,8981
2024-07-21 12:00:00,10239
2024-07-21 13:00:00,10938
2024-07-21 14:00:00,10996
2024-07-21 15:00:00,11418
2024-07-21 16:00:00,11329
2024-07-21 17:00:00,11241
2024-07-21 18:00:00,11224
2024-07-21 19:00:00,9646
2024-07-21 20:00:00,7854
2024-07-21 21:00:00,6019
2024-07-21 22:00:00,4315
2024-07-21 23:00:00,3166
2024-07-22 00:00:00,1715
2024-07-22 01:00:00,885
2024-07-22 02:00:00,512
2024-07-22 03:00:00,333
2024-07-22 04:00:00,370
2024-07-22 05:00:00,1229
2024-07-22 06:00:00,3664
2024-07-22 07:00:00,6965
2024-07-22 08:00:00,10339
2024-07-22 09:00:00,8157
2024-07-22 10:00:00,5866
2024-07-22 11:00:00,5934
2024-07-22 12:00:00,6659
2024-07-22 13:00:00,6974
2024-07-22 14:00:00,7360
2024-07-22 15:00:00,8467
2024-07-22 16:00:00,10766
2024-07-22 17:00:00,15657
2024-07-22 18:00:00,14789
2024-07-22 19:00:00,11095
2024-07-22 20:00:00,7289
2024-07-22 21:00:00,5320
2024-07-22 22:00:00,4125
2024-07-22 23:00:00,2337
2024-07-23 00:00:00,1316
2024-07-23 01:00:00,657
2024-07-23 02:00:00,386
2024-07-23 03:00:00,143
2024-07-23 04:00:00,306
2024-07-23 05:00:00,1369
2024-07-23 06:00:00,3329
2024-07-23 07:00:00,5727
2024-07-23 08:00:00,8062
2024-07-23 09:00:00,6561
2024-07-23 10:00:00,4298
2024-07-23 11:00:00,5269
2024-07-23 12:00:00,6508
2024-07-23 13:00:00,7018
2024-07-23 14:00:00,7528
2024-07-23 15:00:00,8326
2024-07-23 16:00:00,10667
2024-07-23 17:00:00,16473
2024-07-23 18:00:00,15942
2024-07-23 19:00:00,12365
2024-07-23 20:00:00,9098
2024-07-23 21:00:00,6869
2024-07-23 22:00:00,5436
2024-07-23 23:00:00,3430
2024-07-24 00:00:00,1925
2024-07-24 01:00:00,956
2024-07-24 02:00:00,549
2024-07-24 03:00:00,350
2024-07-24 04:00:00,428
2024-07-24 05:00:00,1320
2024-07-24 06:00:00,3841
2024-07-24 07:00:00,7380
2024-07-24 08:00:00,11878
2024-07-24 09:00:00,8577
2024-07-24 10:00:00,6073
2024-07-24 11:00:00,6305
2024-07-24 12:00:00,7116
2024-07-24 13:00:00,7456
2024-07-24 14:00:00,7505
2024-07-24 15:00:00,8831
2024-07-24 16:00:00,11194
2024-07-24 17:00:00,17144
2024-07-24 18:00:00,16837
2024-07-24 19:00:00,12913
2024-07-24 20:00:00,9594
2024-07-24 21:00:00,7185
2024-07-24 22:00:00,5850
2024-07-24 23:00:00,3740
2024-07-25 00:00:00,2088
2024-07-25 01:00:00,1048
2024-07-25 02:00:00,676
2024-07-25 03:00:00,380
2024-07-25 04:00:00,432
2024-07-25 05:00:00,1326
2024-07-25 06:00:00,3839
2024-07-25 07:00:00,7331
2024-07-25 08:00:00,11912
2024-07-25 09:00:00,9428
2024-07-25 10:00:00,6519
2024-07-25 11:00:00,6626
2024-07-25 12:00:00,7593
2024-07-25 13:00:00,7758
2024-07-25 14:00:00,8440
2024-07-25 15:00:00,9134
2024-07-25 16:00:00,11717
2024-07-25 17:00:00,16941
2024-07-25 18:00:00,16350
2024-07-25 19:00:00,12739
2024-07-25 20:00:00,9874
2024-07-25 21:00:00,7311
2024-07-25 22:00:00,6092
2024-07-25 23:00:00,4328
2024-07-26 00:00:00,2629
2024-07-26 01:00:00,1736
2024-07-26 02:00:00,1008
2024-07-26 03:00:00,556
2024-07-26 04:00:00,542
2024-07-26 05:00:00,1314
2024-07-26 06:00:00,3344
2024-07-26 07:00:00,5886
2024-07-26 08:00:00,9253
2024-07-26 09:00:00,8144
2024-07-26 10:00:00,7110
2024-07-26 11:00:00,7409
2024-07-26 12:00:00,8730
2024-07-26 13:00:00,9496
2024-07-26 14:00:00,9786
2024-07-26 15:00:00,10980
2024-07-26 16:00:00,12756
2024-07-26 17:00:00,14871
2024-07-26 18:00:00,14461
2024-07-26 19:00:00,12381
2024-07-26 20:00:00,9633
2024-07-26 21:00:00,7101
2024-07-26 22:00:00,6402
2024-07-26 23:00:00,5458
2024-07-27 00:00:00,4075
2024-07-27 01:00:00,2906
2024-07-27 02:00:00,2255
2024-07-27 03:00:00,1515
2024-07-27 04:00:00,846
2024-07-27 05:00:00,653
2024-07-27 06:00:00,1442
2024-07-27 07:00:00,2570
2024-07-27 08:00:00,4323
2024-07-27 09:00:00,6639
2024-07-27 10:00:00,8653
2024-07-27 11:00:00,10368
2024-07-27 12:00:00,11582
2024-07-27 13:00:00,12039
2024-07-27 14:00:00,12007
2024-07-27 15:00:00,12134
2024-07-27 16:00:00,11926
2024-07-27 17:00:00,11765
2024-07-27 18:00:00,11717
2024-07-27 19:00:00,10788
2024-07-27 20:00:00,8862
2024-07-27 21:00:00,7074
2024-07-27 22:00:00,6214
2024-07-27 23:00:00,5241
2024-07-28 00:00:00,3886
2024-07-28 01:00:00,2918
2024-07-28 02:00:00,2009
2024-07-28 03:00:00,1347
2024-07-28 04:00:00,916
2024-07-28 05:00:00,706
2024-07-28 06:00:00,1328
2024-07-28 07:00:00,2171
2024-07-28 08:00:00,3504
2024-07-28 09:00:00,5456
2024-07-28 10:00:00,7667
2024-07-28 11:00:00,8871
2024-07-28 12:00:00,10323
2024-07-28 13:00:00,11237
2024-07-28 14:00:00,11338
2024-07-28 15:00:00,11719
2024-07-28 16:00:00,11619
2024-07-28 17:00:00,11830
2024-07-28 18:00:00,11341
2024-07-28 19:00:00,10007
2024-07-28 20:00:00,7954
2024-07-28 21:00:00,5645
2024-07-28 22:00:00,4501
2024-07-28 23:00:00,3146
2024-07-29 00:00:00,1847
2024-07-29 01:00:00,944
2024-07-29 02:00:00,473
2024-07-29 03:00:00,273
2024-07-29 04:00:00,405
2024-07-29 05:00:00,1223
2024-07-29 06:00:00,3439
2024-07-29 07:00:00,6720
2024-07-29 08:00:00,10330
2024-07-29 09:00:00,7925
2024-07-29 10:00:00,5864
2024-07-29 11:00:00,6246
2024-07-29 12:00:00,6970
2024-07-29 13:00:00,5947
2024-07-29 14:00:00,5755
2024-07-29 15:00:00,7792
2024-07-29 16:00:00,10545
2024-07-29 17:00:00,15909
2024-07-29 18:00:00,15512
2024-07-29 19:00:00,12205
2024-07-29 20:00:00,9375
2024-07-29 21:00:00,6439
2024-07-29 22:00:00,4790
2024-07-29 23:00:00,3113
2024-07-30 00:00:00,1681
2024-07-30 01:00:00,870
2024-07-30 02:00:00,536
2024-07-30 03:00:00,325
2024-07-30 04:00:00,395
2024-07-30 05:00:00,1456
2024-07-30 06:00:00,4261
2024-07-30 07:00:00,7736
2024-07-30 08:00:00,12428
2024-07-30 09:00:00,9503
2024-07-30 10:00:00,6552
2024-07-30 11:00:00,6517
2024-07-30 12:00:00,7119
2024-07-30 13:00:00,7242
2024-07-30 14:00:00,7695
2024-07-30 15:00:00,8617
2024-07-30 16:00:00,11519
2024-07-30 17:00:00,17804
2024-07-30 18:00:00,17082
2024-07-30 19:00:00,13409
2024-07-30 20:00:00,9760
2024-07-30 21:00:00,7321
2024-07-30 22:00:00,5713
2024-07-30 23:00:00,3556
2024-07-31 00:00:00,1948
2024-07-31 01:00:00,998
2024-07-31 02:00:00,590
2024-07-31 03:00:00,378
2024-07-31 04:00:00,415
2024-07-31 05:00:00,1416
2024-07-31 06:00:00,4004
2024-07-31 07:00:00,7726
2024-07-31 08:00:00,12080
2024-07-31 09:00:00,8383
2024-07-31 10:00:00,6531
2024-07-31 11:00:00,6563
2024-07-31 12:00:00,7305
2024-07-31 13:00:00,7530
2024-07-31 14:00:00,7815
2024-07-31 15:00:00,9033
2024-07-31 16:00:00,11409
2024-07-31 17:00:00,17178
2024-07-31 18:00:00,17013
2024-07-31 19:00:00,13187
2024-07-31 20:00:00,10001
2024-07-31 21:00:00,6626
2024-07-31 22:00:00,4834
2024-07-31 23:00:00,3511
2024-08-01 00:00:00,1978
2024-08-01 01:00:00,1081
2024-08-01 02:00:00,671
2024-08-01 03:00:00,396
2024-08-01 04:00:00,461
2024-08-01 05:00:00,1339
2024-08-01 06:00:00,3884
2024-08-01 07:00:00,7398
2024-08-01 08:00:00,11755
2024-08-01 09:00:00,9336
2024-08-01 10:00:00,6706
2024-08-01 11:00:00,6650
2024-08-01 12:00:00,4693
2024-08-01 13:00:00,7343
2024-08-01 14:00:00,7522
2024-08-01 15:00:00,8581
2024-08-01 16:00:00,11231
2024-08-01 17:00:00,16465
2024-08-01 18:00:00,16355
2024-08-01 19:00:00,13179
2024-08-01 20:00:00,9731
2024-08-01 21:00:00,7596
2024-08-01 22:00:00,5938
2024-08-01 23:00:00,3929
2024-08-02 00:00:00,2463
2024-08-02 01:00:00,1441
2024-08-02 02:00:00,780
2024-08-02 03:00:00,473
2024-08-02 04:00:00,480
2024-08-02 05:00:00,1226
2024-08-02 06:00:00,3399
2024-08-02 07:00:00,6015
2024-08-02 08:00:00,8998
2024-08-02 09:00:00,8095
2024-08-02 10:00:00,6625
2024-08-02 11:00:00,6925
2024-08-02 12:00:00,7847
2024-08-02 13:00:00,8622
2024-08-02 14:00:00,9072
2024-08-02 15:00:00,9943
2024-08-02 16:00:00,11624
2024-08-02 17:00:00,14061
2024-08-02 18:00:00,8990
2024-08-02 19:00:00,3635
2024-08-02 20:00:00,6114
2024-08-02 21:00:00,5409
2024-08-02 22:00:00,4998
2024-08-02 23:00:00,4400
2024-08-03 00:00:00,3428
2024-08-03 01:00:00,2523
2024-08-03 02:00:00,1712
2024-08-03 03:00:00,1169
2024-08-03 04:00:00,800
2024-08-03 05:00:00,611
2024-08-03 06:00:00,1496
2024-08-03 07:00:00,2880
2024-08-03 08:00:00,4739
2024-08-03 09:00:00,7677
2024-08-03 10:00:00,10522
2024-08-03 11:00:00,11922
2024-08-03 12:00:00,12750
2024-08-03 13:00:00,12542
2024-08-03 14:00:00,11860
2024-08-03 15:00:00,11061
2024-08-03 16:00:00,11136
2024-08-03 17:00:00,7033
2024-08-03 18:00:00,6339
2024-08-03 19:00:00,2390
2024-08-03 20:00:00,1556
2024-08-03 21:00:00,3101
2024-08-03 22:00:00,3728
2024-08-03 23:00:00,3322
2024-08-04 00:00:00,2693
2024-08-04 01:00:00,2159
2024-08-04 02:00:00,1692
2024-08-04 03:00:00,1156
2024-08-04 04:00:00,703
2024-08-04 05:00:00,593
2024-08-04 06:00:00,1138
2024-08-04 07:00:00,1888
2024-08-04 08:00:00,3171
2024-08-04 09:00:00,5122
2024-08-04 10:00:00,6736
2024-08-04 11:00:00,8278
2024-08-04 12:00:00,8955
2024-08-04 13:00:00,9450
2024-08-04 14:00:00,9166
2024-08-04 15:00:00,9203
2024-08-04 16:00:00,7467
2024-08-04 17:00:00,3046
2024-08-04 18:00:00,6386
2024-08-04 19:00:00,6502
2024-08-04 20:00:00,6431
2024-08-04 21:00:00,4815
2024-08-04 22:00:00,3877
2024-08-04 23:00:00,2782
2024-08-05 00:00:00,1677
2024-08-05 01:00:00,855
2024-08-05 02:00:00,488
2024-08-05 03:00:00,343
2024-08-05 04:00:00,401
2024-08-05 05:00:00,1276
2024-08-05 06:00:00,3687
2024-08-05 07:00:00,6724
2024-08-05 08:00:00,10551
2024-08-05 09:00:00,8069
2024-08-05 10:00:00,5956
2024-08-05 11:00:00,6055
2024-08-05 12:00:00,6914
2024-08-05 13:00:00,7058
2024-08-05 14:00:00,7630
2024-08-05 15:00:00,8356
2024-08-05 16:00:00,10588
2024-08-05 17:00:00,16009
2024-08-05 18:00:00,15923
2024-08-05 19:00:00,12929
2024-08-05 20:00:00,8996
2024-08-05 21:00:00,6355
2024-08-05 22:00:00,4734
2024-08-05 23:00:00,3033
2024-08-06 00:00:00,1784
2024-08-06 01:00:00,911
2024-08-06 02:00:00,597
2024-08-06 03:00:00,312
2024-08-06 04:00:00,411
2024-08-06 05:00:00,1473
2024-08-06 06:00:00,4287
2024-08-06 07:00:00,7751
2024-08-06 08:00:00,12327
2024-08-06 09:00:00,9289
2024-08-06 10:00:00,6443
2024-08-06 11:00:00,6458
2024-08-06 12:00:00,7102
2024-08-06 13:00:00,7282
2024-08-06 14:00:00,7278
2024-08-06 15:00:00,8495
2024-08-06 16:00:00,10636
2024-08-06 17:00:00,13491
2024-08-06 18:00:00,2886
2024-08-06 19:00:00,2172
2024-08-06 20:00:00,1554
2024-08-06 21:00:00,883
2024-08-06 22:00:00,628
2024-08-06 23:00:00,639
2024-08-07 00:00:00,629
2024-08-07 01:00:00,381
2024-08-07 02:00:00,325
2024-08-07 03:00:00,221
2024-08-07 04:00:00,265
2024-08-07 05:00:00,1044
2024-08-07 06:00:00,3278
2024-08-07 07:00:00,5852
2024-08-07 08:00:00,6250
2024-08-07 09:00:00,4245
2024-08-07 10:00:00,3771
2024-08-07 11:00:00,4204
2024-08-07 12:00:00,4459
2024-08-07 13:00:00,3734
2024-08-07 14:00:00,3864
2024-08-07 15:00:00,4056
2024-08-07 16:00:00,6961
2024-08-07 17:00:00,11737
2024-08-07 18:00:00,12979
2024-08-07 19:00:00,10212
2024-08-07 20:00:00,7329
2024-08-07 21:00:00,5787
2024-08-07 22:00:00,4442
2024-08-07 23:00:00,3229
2024-08-08 00:00:00,1949
2024-08-08 01:00:00,1020
2024-08-08 02:00:00,628
2024-08-08 03:00:00,424
2024-08-08 04:00:00,414
2024-08-08 05:00:00,1143
2024-08-08 06:00:00,2750
2024-08-08 07:00:00,5509
2024-08-08 08:00:00,9103
2024-08-08 09:00:00,7352
2024-08-08 10:00:00,4370
2024-08-08 11:00:00,1873
2024-08-08 12:00:00,3719
2024-08-08 13:00:00,4818
2024-08-08 14:00:00,5743
2024-08-08 15:00:00,5758
2024-08-08 16:00:00,6174
2024-08-08 17:00:00,8243
2024-08-08 18:00:00,7857
2024-08-08 19:00:00,5294
2024-08-08 20:00:00,3561
2024-08-08 21:00:00,2784
2024-08-08 22:00:00,3066
2024-08-08 23:00:00,2304
2024-08-09 00:00:00,1723
2024-08-09 01:00:00,1003
2024-08-09 02:00:00,672
2024-08-09 03:00:00,467
2024-08-09 04:00:00,455
2024-08-09 05:00:00,996
2024-08-09 06:00:00,2685
2024-08-09 07:00:00,4830
2024-08-09 08:00:00,7619
2024-08-09 09:00:00,6809
2024-08-09 10:00:00,5632
2024-08-09 11:00:00,6208
2024-08-09 12:00:00,7160
2024-08-09 13:00:00,7914
2024-08-09 14:00:00,7824
2024-08-09 15:00:00,9169
2024-08-09 16:00:00,10841
2024-08-09 17:00:00,12107
2024-08-09 18:00:00,7375
2024-08-09 19:00:00,5910
2024-08-09 20:00:00,5141
2024-08-09 21:00:00,3027
2024-08-09 22:00:00,3661
2024-08-09 23:00:00,3309
2024-08-10 00:00:00,2856
2024-08-10 01:00:00,2049
2024-08-10 02:00:00,1599
2024-08-10 03:00:00,1063
2024-08-10 04:00:00,717
2024-08-10 05:00:00,641
2024-08-10 06:00:00,1518
2024-08-10 07:00:00,3050
2024-08-10 08:00:00,4988
2024-08-10 09:00:00,8290
2024-08-10 10:00:00,11249
2024-08-10 11:00:00,13130
2024-08-10 12:00:00,13648
2024-08-10 13:00:00,14547
2024-08-10 14:00:00,13909
2024-08-10 15:00:00,13217
2024-08-10 16:00:00,11639
2024-08-10 17:00:00,11891
2024-08-10 18:00:00,11938
2024-08-10 19:00:00,10994
2024-08-10 20:00:00,8770
2024-08-10 21:00:00,6948
2024-08-10 22:00:00,5926
2024-08-10 23:00:00,4941
2024-08-11 00:00:00,3877
2024-08-11 01:00:00,2799
2024-08-11 02:00:00,1997
2024-08-11 03:00:00,1388
2024-08-11 04:00:00,893
2024-08-11 05:00:00,716
2024-08-11 06:00:00,1452
2024-08-11 07:00:00,2065
2024-08-11 08:00:00,3430
2024-08-11 09:00:00,5387
2024-08-11 10:00:00,7607
2024-08-11 11:00:00,9144
2024-08-11 12:00:00,10212
2024-08-11 13:00:00,10901
2024-08-11 14:00:00,11385
2024-08-11 15:00:00,11897
2024-08-11 16:00:00,11849
2024-08-11 17:00:00,11958
2024-08-11 18:00:00,12003
2024-08-11 19:00:00,10179
2024-08-11 20:00:00,7755
2024-08-11 21:00:00,5850
2024-08-11 22:00:00,4322
2024-08-11 23:00:00,2990
2024-08-12 00:00:00,1756
2024-08-12 01:00:00,938
2024-08-12 02:00:00,519
2024-08-12 03:00:00,368
2024-08-12 04:00:00,433
2024-08-12 05:00:00,1280
2024-08-12 06:00:00,3542
2024-08-12 07:00:00,6610
2024-08-12 08:00:00,10317
2024-08-12 09:00:00,8050
2024-08-12 10:00:00,6004
2024-08-12 11:00:00,6240
2024-08-12 12:00:00,7009
2024-08-12 13:00:00,7239
2024-08-12 14:00:00,7707
2024-08-12 15:00:00,8177
2024-08-12 16:00:00,9585
2024-08-12 17:00:00,15334
2024-08-12 18:00:00,15571
2024-08-12 19:00:00,11805
2024-08-12 20:00:00,8688
2024-08-12 21:00:00,6181
2024-08-12 22:00:00,4436
2024-08-12 23:00:00,3148
2024-08-13 00:00:00,1760
2024-08-13 01:00:00,856
2024-08-13 02:00:00,527
2024-08-13 03:00:00,355
2024-08-13 04:00:00,413
2024-08-13 05:00:00,1368
2024-08-13 06:00:00,4248
2024-08-13 07:00:00,7520
2024-08-13 08:00:00,12296
2024-08-13 09:00:00,9067
2024-08-13 10:00:00,6443
2024-08-13 11:00:00,6386
2024-08-13 12:00:00,7221
2024-08-13 13:00:00,7436
2024-08-13 14:00:00,7998
2024-08-13 15:00:00,8935
2024-08-13 16:00:00,11239
2024-08-13 17:00:00,16909
2024-08-13 18:00:00,15189
2024-08-13 19:00:00,13464
2024-08-13 20:00:00,9842
2024-08-13 21:00:00,7002
2024-08-13 22:00:00,5154
2024-08-13 23:00:00,3599
2024-08-14 00:00:00,2006
2024-08-14 01:00:00,1060
2024-08-14 02:00:00,580
2024-08-14 03:00:00,383
2024-08-14 04:00:00,392
2024-08-14 05:00:00,1363
2024-08-14 06:00:00,4066
2024-08-14 07:00:00,7575
2024-08-14 08:00:00,12081
2024-08-14 09:00:00,9392
2024-08-14 10:00:00,6680
2024-08-14 11:00:00,6654
2024-08-14 12:00:00,7443
2024-08-14 13:00:00,7727
2024-08-14 14:00:00,8321
2024-08-14 15:00:00,8948
2024-08-14 16:00:00,11724
2024-08-14 17:00:00,16809
2024-08-14 18:00:00,17638
2024-08-14 19:00:00,13791
2024-08-14 20:00:00,9991
2024-08-14 21:00:00,7312
2024-08-14 22:00:00,5994
2024-08-14 23:00:00,3786
2024-08-15 00:00:00,2231
2024-08-15 01:00:00,1177
2024-08-15 02:00:00,692
2024-08-15 03:00:00,444
2024-08-15 04:00:00,473
2024-08-15 05:00:00,1385
2024-08-15 06:00:00,3843
2024-08-15 07:00:00,7179
2024-08-15 08:00:00,11584
2024-08-15 09:00:00,9350
2024-08-15 10:00:00,6844
2024-08-15 11:00:00,6901
2024-08-15 12:00:00,7513
2024-08-15 13:00:00,7913
2024-08-15 14:00:00,8375
2024-08-15 15:00:00,9301
2024-08-15 16:00:00,11782
2024-08-15 17:00:00,16769
2024-08-15 18:00:00,16554
2024-08-15 19:00:00,13118
2024-08-15 20:00:00,9210
2024-08-15 21:00:00,7383
2024-08-15 22:00:00,5831
2024-08-15 23:00:00,4205
2024-08-16 00:00:00,2578
2024-08-16 01:00:00,1561
2024-08-16 02:00:00,915
2024-08-16 03:00:00,540
2024-08-16 04:00:00,565
2024-08-16 05:00:00,1238
2024-08-16 06:00:00,3365
2024-08-16 07:00:00,5811
2024-08-16 08:00:00,8729
2024-08-16 09:00:00,8061
2024-08-16 10:00:00,6804
2024-08-16 11:00:00,7259
2024-08-16 12:00:00,8356
2024-08-16 13:00:00,9061
2024-08-16 14:00:00,9493
2024-08-16 15:00:00,10612
2024-08-16 16:00:00,12220
2024-08-16 17:00:00,14860
2024-08-16 18:00:00,14045
2024-08-16 19:00:00,11932
2024-08-16 20:00:00,8657
2024-08-16 21:00:00,6801
2024-08-16 22:00:00,5926
2024-08-16 23:00:00,4979
2024-08-17 00:00:00,3887
2024-08-17 01:00:00,2695
2024-08-17 02:00:00,1907
2024-08-17 03:00:00,1393
2024-08-17 04:00:00,874
2024-08-17 05:00:00,694
2024-08-17 06:00:00,1682
2024-08-17 07:00:00,2977
2024-08-17 08:00:00,5058
2024-08-17 09:00:00,8016
2024-08-17 10:00:00,10812
2024-08-17 11:00:00,12927
2024-08-17 12:00:00,13879
2024-08-17 13:00:00,13778
2024-08-17 14:00:00,13060
2024-08-17 15:00:00,12216
2024-08-17 16:00:00,9376
2024-08-17 17:00:00,5464
2024-08-17 18:00:00,7757
2024-08-17 19:00:00,8193
2024-08-17 20:00:00,6839
2024-08-17 21:00:00,5114
2024-08-17 22:00:00,4852
2024-08-17 23:00:00,4203
2024-08-18 00:00:00,3278
2024-08-18 01:00:00,2600
2024-08-18 02:00:00,1507
2024-08-18 03:00:00,1188
2024-08-18 04:00:00,584
2024-08-18 05:00:00,254
2024-08-18 06:00:00,407
2024-08-18 07:00:00,569
2024-08-18 08:00:00,1389
2024-08-18 09:00:00,3137
2024-08-18 10:00:00,5640
2024-08-18 11:00:00,7474
2024-08-18 12:00:00,9237
2024-08-18 13:00:00,10196
2024-08-18 14:00:00,11015
2024-08-18 15:00:00,11665
2024-08-18 16:00:00,11713
2024-08-18 17:00:00,11766
2024-08-18 18:00:00,10457
2024-08-18 19:00:00,3704
2024-08-18 20:00:00,1360
2024-08-18 21:00:00,1834
2024-08-18 22:00:00,2202
2024-08-18 23:00:00,1889
2024-08-19 00:00:00,1214
2024-08-19 01:00:00,465
2024-08-19 02:00:00,303
2024-08-19 03:00:00,307
2024-08-19 04:00:00,383
2024-08-19 05:00:00,1139
2024-08-19 06:00:00,3271
2024-08-19 07:00:00,6195
2024-08-19 08:00:00,10332
2024-08-19 09:00:00,8100
2024-08-19 10:00:00,5975
2024-08-19 11:00:00,5987
2024-08-19 12:00:00,6867
2024-08-19 13:00:00,7308
2024-08-19 14:00:00,7737
2024-08-19 15:00:00,8772
2024-08-19 16:00:00,10634
2024-08-19 17:00:00,15381
2024-08-19 18:00:00,9820
2024-08-19 19:00:00,10724
2024-08-19 20:00:00,7851
2024-08-19 21:00:00,5763
2024-08-19 22:00:00,4355
2024-08-19 23:00:00,2837
2024-08-20 00:00:00,1709
2024-08-20 01:00:00,887
2024-08-20 02:00:00,530
2024-08-20 03:00:00,396
2024-08-20 04:00:00,461
2024-08-20 05:00:00,1348
2024-08-20 06:00:00,4012
2024-08-20 07:00:00,7401
2024-08-20 08:00:00,11736
2024-08-20 09:00:00,8948
2024-08-20 10:00:00,6161
2024-08-20 11:00:00,6267
2024-08-20 12:00:00,7095
2024-08-20 13:00:00,7446
2024-08-20 14:00:00,8042
2024-08-20 15:00:00,9204
2024-08-20 16:00:00,11734
2024-08-20 17:00:00,17750
2024-08-20 18:00:00,17101
2024-08-20 19:00:00,12774
2024-08-20 20:00:00,8706
2024-08-20 21:00:00,6449
2024-08-20 22:00:00,4839
2024-08-20 23:00:00,3240
2024-08-21 00:00:00,1744
2024-08-21 01:00:00,903
2024-08-21 02:00:00,498
2024-08-21 03:00:00,356
2024-08-21 04:00:00,408
2024-08-21 05:00:00,1306
2024-08-21 06:00:00,3775
2024-08-21 07:00:00,7174
2024-08-21 08:00:00,11989
2024-08-21 09:00:00,9187
2024-08-21 10:00:00,6586
2024-08-21 11:00:00,6773
2024-08-21 12:00:00,7493
2024-08-21 13:00:00,7620
2024-08-21 14:00:00,8308
2024-08-21 15:00:00,9285
2024-08-21 16:00:00,11671
2024-08-21 17:00:00,17346
2024-08-21 18:00:00,17555
2024-08-21 19:00:00,12947
2024-08-21 20:00:00,8892
2024-08-21 21:00:00,6635
2024-08-21 22:00:00,5253
2024-08-21 23:00:00,3445
2024-08-22 00:00:00,1840
2024-08-22 01:00:00,999
2024-08-22 02:00:00,587
2024-08-22 03:00:00,397
2024-08-22 04:00:00,464
2024-08-22 05:00:00,1292
2024-08-22 06:00:00,3757
2024-08-22 07:00:00,6834
2024-08-22 08:00:00,11308
2024-08-22 09:00:00,9072
2024-08-22 10:00:00,6824
2024-08-22 11:00:00,6821
2024-08-22 12:00:00,7605
2024-08-22 13:00:00,7837
2024-08-22 14:00:00,8321
2024-08-22 15:00:00,9287
2024-08-22 16:00:00,11534
2024-08-22 17:00:00,16415
2024-08-22 18:00:00,16279
2024-08-22 19:00:00,12759
2024-08-22 20:00:00,8948
2024-08-22 21:00:00,6978
2024-08-22 22:00:00,5945
2024-08-22 23:00:00,4037
2024-08-23 00:00:00,2496
2024-08-23 01:00:00,1336
2024-08-23 02:00:00,883
2024-08-23 03:00:00,534
2024-08-23 04:00:00,570
2024-08-23 05:00:00,1191
2024-08-23 06:00:00,3158
2024-08-23 07:00:00,5660
2024-08-23 08:00:00,8573
2024-08-23 09:00:00,7986
2024-08-23 10:00:00,6848
2024-08-23 11:00:00,7238
2024-08-23 12:00:00,8347
2024-08-23 13:00:00,9097
2024-08-23 14:00:00,9867
2024-08-23 15:00:00,11024
2024-08-23 16:00:00,12862
2024-08-23 17:00:00,15215
2024-08-23 18:00:00,14396
2024-08-23 19:00:00,12114
2024-08-23 20:00:00,8607
2024-08-23 21:00:00,6573
2024-08-23 22:00:00,5870
2024-08-23 23:00:00,4988
2024-08-24 00:00:00,3764
2024-08-24 01:00:00,2543
2024-08-24 02:00:00,1797
2024-08-24 03:00:00,1237
2024-08-24 04:00:00,792
2024-08-24 05:00:00,703
2024-08-24 06:00:00,1676
2024-08-24 07:00:00,2621
2024-08-24 08:00:00,4378
2024-08-24 09:00:00,6983
2024-08-24 10:00:00,8664
2024-08-24 11:00:00,10442
2024-08-24 12:00:00,11724
2024-08-24 13:00:00,11943
2024-08-24 14:00:00,12328
2024-08-24 15:00:00,12221
2024-08-24 16:00:00,12209
2024-08-24 17:00:00,11824
2024-08-24 18:00:00,11720
2024-08-24 19:00:00,10555
2024-08-24 20:00:00,7692
2024-08-24 21:00:00,6369
2024-08-24 22:00:00,5612
2024-08-24 23:00:00,4800
2024-08-25 00:00:00,3668
2024-08-25 01:00:00,2590
2024-08-25 02:00:00,1907
2024-08-25 03:00:00,1298
2024-08-25 04:00:00,734
2024-08-25 05:00:00,556
2024-08-25 06:00:00,1144
2024-08-25 07:00:00,2114
2024-08-25 08:00:00,3400
2024-08-25 09:00:00,5438
2024-08-25 10:00:00,7488
2024-08-25 11:00:00,9150
2024-08-25 12:00:00,10097
2024-08-25 13:00:00,10996
2024-08-25 14:00:00,10781
2024-08-25 15:00:00,11787
2024-08-25 16:00:00,11107
2024-08-25 17:00:00,11349
2024-08-25 18:00:00,11315
2024-08-25 19:00:00,9449
2024-08-25 20:00:00,6823
2024-08-25 21:00:00,5087
2024-08-25 22:00:00,3898
2024-08-25 23:00:00,2695
2024-08-26 00:00:00,1587
2024-08-26 01:00:00,921
2024-08-26 02:00:00,484
2024-08-26 03:00:00,350
2024-08-26 04:00:00,403
2024-08-26 05:00:00,1231
2024-08-26 06:00:00,3521
2024-08-26 07:00:00,6655
2024-08-26 08:00:00,10101
2024-08-26 09:00:00,7235
2024-08-26 10:00:00,4978
2024-08-26 11:00:00,5997
2024-08-26 12:00:00,6829
2024-08-26 13:00:00,7179
2024-08-26 14:00:00,7464
2024-08-26 15:00:00,8477
2024-08-26 16:00:00,9953
2024-08-26 17:00:00,13799
2024-08-26 18:00:00,14821
2024-08-26 19:00:00,11760
2024-08-26 20:00:00,7421
2024-08-26 21:00:00,3592
2024-08-26 22:00:00,3714
2024-08-26 23:00:00,2680
2024-08-27 00:00:00,1601
2024-08-27 01:00:00,826
2024-08-27 02:00:00,534
2024-08-27 03:00:00,365
2024-08-27 04:00:00,433
2024-08-27 05:00:00,1352
2024-08-27 06:00:00,4237
2024-08-27 07:00:00,7510
2024-08-27 08:00:00,11871
2024-08-27 09:00:00,9115
2024-08-27 10:00:00,6495
2024-08-27 11:00:00,6581
2024-08-27 12:00:00,7205
2024-08-27 13:00:00,7629
2024-08-27 14:00:00,7890
2024-08-27 15:00:00,8924
2024-08-27 16:00:00,11247
2024-08-27 17:00:00,17000
2024-08-27 18:00:00,16793
2024-08-27 19:00:00,12955
2024-08-27 20:00:00,8754
2024-08-27 21:00:00,6629
2024-08-27 22:00:00,5182
2024-08-27 23:00:00,3705
2024-08-28 00:00:00,1937
2024-08-28 01:00:00,933
2024-08-28 02:00:00,556
2024-08-28 03:00:00,320
2024-08-28 04:00:00,400
2024-08-28 05:00:00,1380
2024-08-28 06:00:00,3955
2024-08-28 07:00:00,7603
2024-08-28 08:00:00,11991
2024-08-28 09:00:00,9541
2024-08-28 10:00:00,6863
2024-08-28 11:00:00,6778
2024-08-28 12:00:00,7394
2024-08-28 13:00:00,7619
2024-08-28 14:00:00,7962
2024-08-28 15:00:00,8940
2024-08-28 16:00:00,11187
2024-08-28 17:00:00,16190
2024-08-28 18:00:00,16316
2024-08-28 19:00:00,12814
2024-08-28 20:00:00,8947
2024-08-28 21:00:00,4558
2024-08-28 22:00:00,3963
2024-08-28 23:00:00,3138
2024-08-29 00:00:00,1970
2024-08-29 01:00:00,1018
2024-08-29 02:00:00,583
2024-08-29 03:00:00,355
2024-08-29 04:00:00,457
2024-08-29 05:00:00,1300
2024-08-29 06:00:00,2778
2024-08-29 07:00:00,6611
2024-08-29 08:00:00,10772
2024-08-29 09:00:00,9032
2024-08-29 10:00:00,6898
2024-08-29 11:00:00,6781
2024-08-29 12:00:00,7724
2024-08-29 13:00:00,8077
2024-08-29 14:00:00,8518
2024-08-29 15:00:00,9644
2024-08-29 16:00:00,11575
2024-08-29 17:00:00,15610
2024-08-29 18:00:00,14837
2024-08-29 19:00:00,11201
2024-08-29 20:00:00,7930
2024-08-29 21:00:00,6240
2024-08-29 22:00:00,5388
2024-08-29 23:00:00,3880
2024-08-30 00:00:00,2614
2024-08-30 01:00:00,1508
2024-08-30 02:00:00,749
2024-08-30 03:00:00,375
2024-08-30 04:00:00,395
2024-08-30 05:00:00,463
2024-08-30 06:00:00,1578
2024-08-30 07:00:00,4361
2024-08-30 08:00:00,7197
2024-08-30 09:00:00,7311
2024-08-30 10:00:00,6721
2024-08-30 11:00:00,7561
2024-08-30 12:00:00,8485
2024-08-30 13:00:00,9247
2024-08-30 14:00:00,9972
2024-08-30 15:00:00,10808
2024-08-30 16:00:00,11716
2024-08-30 17:00:00,12408
2024-08-30 18:00:00,11555
2024-08-30 19:00:00,9618
2024-08-30 20:00:00,6901
2024-08-30 21:00:00,5422
2024-08-30 22:00:00,5013
2024-08-30 23:00:00,4219
2024-08-31 00:00:00,3294
2024-08-31 01:00:00,2499
2024-08-31 02:00:00,1794
2024-08-31 03:00:00,1151
2024-08-31 04:00:00,795
2024-08-31 05:00:00,586
2024-08-31 06:00:00,1172
2024-08-31 07:00:00,2289
2024-08-31 08:00:00,3480
2024-08-31 09:00:00,5543
2024-08-31 10:00:00,7281
2024-08-31 11:00:00,8397
2024-08-31 12:00:00,9574
2024-08-31 13:00:00,9972
2024-08-31 14:00:00,10387
2024-08-31 15:00:00,10645
2024-08-31 16:00:00,10295
2024-08-31 17:00:00,10440
2024-08-31 18:00:00,9613
2024-08-31 19:00:00,8263
2024-08-31 20:00:00,6181
2024-08-31 21:00:00,5394
2024-08-31 22:00:00,4682
2024-08-31 23:00:00,3924
2024-09-01 00:00:00,3332
2024-09-01 01:00:00,2261
2024-09-01 02:00:00,1659
2024-09-01 03:00:00,1206
2024-09-01 04:00:00,711
2024-09-01 05:00:00,554
2024-09-01 06:00:00,958
2024-09-01 07:00:00,1646
2024-09-01 08:00:00,2768
2024-09-01 09:00:00,4310
2024-09-01 10:00:00,6471
2024-09-01 11:00:00,7370
2024-09-01 12:00:00,7960
2024-09-01 13:00:00,8409
2024-09-01 14:00:00,8941
2024-09-01 15:00:00,9760
2024-09-01 16:00:00,10124
2024-09-01 17:00:00,10232
2024-09-01 18:00:00,10422
2024-09-01 19:00:00,9082
2024-09-01 20:00:00,6696
2024-09-01 21:00:00,5258
2024-09-01 22:00:00,4509
2024-09-01 23:00:00,3839
2024-09-02 00:00:00,2727
2024-09-02 01:00:00,1692
2024-09-02 02:00:00,1137
2024-09-02 03:00:00,727
2024-09-02 04:00:00,645
2024-09-02 05:00:00,644
2024-09-02 06:00:00,1175
2024-09-02 07:00:00,2062
2024-09-02 08:00:00,3282
2024-09-02 09:00:00,4858
2024-09-02 10:00:00,7001
2024-09-02 11:00:00,8783
2024-09-02 12:00:00,10322
2024-09-02 13:00:00,11473
2024-09-02 14:00:00,11917
2024-09-02 15:00:00,12207
2024-09-02 16:00:00,12115
2024-09-02 17:00:00,12220
2024-09-02 18:00:00,11806
2024-09-02 19:00:00,9689
2024-09-02 20:00:00,6816
2024-09-02 21:00:00,4902
2024-09-02 22:00:00,3727
2024-09-02 23:00:00,2492
2024-09-03 00:00:00,1496
2024-09-03 01:00:00,714
2024-09-03 02:00:00,417
2024-09-03 03:00:00,273
2024-09-03 04:00:00,353
2024-09-03 05:00:00,1345
2024-09-03 06:00:00,4042
2024-09-03 07:00:00,8346
2024-09-03 08:00:00,12206
2024-09-03 09:00:00,9006
2024-09-03 10:00:00,6377
2024-09-03 11:00:00,6363
2024-09-03 12:00:00,7276
2024-09-03 13:00:00,7896
2024-09-03 14:00:00,8424
2024-09-03 15:00:00,9781
2024-09-03 16:00:00,12032
2024-09-03 17:00:00,17820
2024-09-03 18:00:00,17246
2024-09-03 19:00:00,12712
2024-09-03 20:00:00,8031
2024-09-03 21:00:00,5872
2024-09-03 22:00:00,4482
2024-09-03 23:00:00,2921
2024-09-04 00:00:00,1666
2024-09-04 01:00:00,748
2024-09-04 02:00:00,446
2024-09-04 03:00:00,299
2024-09-04 04:00:00,425
2024-09-04 05:00:00,1412
2024-09-04 06:00:00,4362
2024-09-04 07:00:00,9081
2024-09-04 08:00:00,13435
2024-09-04 09:00:00,10368
2024-09-04 10:00:00,7179
2024-09-04 11:00:00,7147
2024-09-04 12:00:00,8004
2024-09-04 13:00:00,8416
2024-09-04 14:00:00,8842
2024-09-04 15:00:00,10253
2024-09-04 16:00:00,12622
2024-09-04 17:00:00,18732
2024-09-04 18:00:00,18483
2024-09-04 19:00:00,13542
2024-09-04 20:00:00,8929
2024-09-04 21:00:00,6534
2024-09-04 22:00:00,5307
2024-09-04 23:00:00,3458
2024-09-05 00:00:00,1996
2024-09-05 01:00:00,960
2024-09-05 02:00:00,546
2024-09-05 03:00:00,376
2024-09-05 04:00:00,391
2024-09-05 05:00:00,1387
2024-09-05 06:00:00,4374
2024-09-05 07:00:00,9698
2024-09-05 08:00:00,14508
2024-09-05 09:00:00,10281
2024-09-05 10:00:00,7256
2024-09-05 11:00:00,7044
2024-09-05 12:00:00,8147
2024-09-05 13:00:00,8241
2024-09-05 14:00:00,8480
2024-09-05 15:00:00,9494
2024-09-05 16:00:00,11345
2024-09-05 17:00:00,16758
2024-09-05 18:00:00,16151
2024-09-05 19:00:00,12450
2024-09-05 20:00:00,8266
2024-09-05 21:00:00,6000
2024-09-05 22:00:00,4995
2024-09-05 23:00:00,3885
2024-09-06 00:00:00,2631
2024-09-06 01:00:00,1131
2024-09-06 02:00:00,712
2024-09-06 03:00:00,471
2024-09-06 04:00:00,404
2024-09-06 05:00:00,1148
2024-09-06 06:00:00,3478
2024-09-06 07:00:00,7512
2024-09-06 08:00:00,10419
2024-09-06 09:00:00,7885
2024-09-06 10:00:00,6718
2024-09-06 11:00:00,7273
2024-09-06 12:00:00,8092
2024-09-06 13:00:00,9381
2024-09-06 14:00:00,11072
2024-09-06 15:00:00,11971
2024-09-06 16:00:00,13714
2024-09-06 17:00:00,16719
2024-09-06 18:00:00,15961
2024-09-06 19:00:00,12976
2024-09-06 20:00:00,8863
2024-09-06 21:00:00,6643
2024-09-06 22:00:00,6004
2024-09-06 23:00:00,5600
2024-09-07 00:00:00,4325
2024-09-07 01:00:00,2897
2024-09-07 02:00:00,1917
2024-09-07 03:00:00,1310
2024-09-07 04:00:00,880
2024-09-07 05:00:00,617
2024-09-07 06:00:00,1013
2024-09-07 07:00:00,2531
2024-09-07 08:00:00,4022
2024-09-07 09:00:00,5950
2024-09-07 10:00:00,6839
2024-09-07 11:00:00,9136
2024-09-07 12:00:00,10810
2024-09-07 13:00:00,11926
2024-09-07 14:00:00,12633
2024-09-07 15:00:00,11382
2024-09-07 16:00:00,6970
2024-09-07 17:00:00,9319
2024-09-07 18:00:00,9718
2024-09-07 19:00:00,9070
2024-09-07 20:00:00,5436
2024-09-07 21:00:00,5290
2024-09-07 22:00:00,4937
2024-09-07 23:00:00,4595
2024-09-08 00:00:00,3779
2024-09-08 01:00:00,2698
2024-09-08 02:00:00,1929
2024-09-08 03:00:00,1172
2024-09-08 04:00:00,790
2024-09-08 05:00:00,603
2024-09-08 06:00:00,1203
2024-09-08 07:00:00,2246
2024-09-08 08:00:00,3801
2024-09-08 09:00:00,5956
2024-09-08 10:00:00,8699
2024-09-08 11:00:00,10600
2024-09-08 12:00:00,12923
2024-09-08 13:00:00,13164
2024-09-08 14:00:00,12671
2024-09-08 15:00:00,12730
2024-09-08 16:00:00,13175
2024-09-08 17:00:00,12828
2024-09-08 18:00:00,12191
2024-09-08 19:00:00,9575
2024-09-08 20:00:00,6499
2024-09-08 21:00:00,4979
2024-09-08 22:00:00,3528
2024-09-08 23:00:00,2381
2024-09-09 00:00:00,1406
2024-09-09 01:00:00,770
2024-09-09 02:00:00,433
2024-09-09 03:00:00,330
2024-09-09 04:00:00,414
2024-09-09 05:00:00,1300
2024-09-09 06:00:00,3951
2024-09-09 07:00:00,9212
2024-09-09 08:00:00,13324
2024-09-09 09:00:00,8922
2024-09-09 10:00:00,6391
2024-09-09 11:00:00,6430
2024-09-09 12:00:00,7187
2024-09-09 13:00:00,7692
2024-09-09 14:00:00,8849
2024-09-09 15:00:00,10203
2024-09-09 16:00:00,12222
2024-09-09 17:00:00,17581
2024-09-09 18:00:00,17388
2024-09-09 19:00:00,12845
2024-09-09 20:00:00,8197
2024-09-09 21:00:00,5698
2024-09-09 22:00:00,4298
2024-09-09 23:00:00,2753
2024-09-10 00:00:00,1495
2024-09-10 01:00:00,763
2024-09-10 02:00:00,474
2024-09-10 03:00:00,337
2024-09-10 04:00:00,384
2024-09-10 05:00:00,1419
2024-09-10 06:00:00,4641
2024-09-10 07:00:00,10477
2024-09-10 08:00:00,15445
2024-09-10 09:00:00,10270
2024-09-10 10:00:00,7176
2024-09-10 11:00:00,6700
2024-09-10 12:00:00,7508
2024-09-10 13:00:00,8171
2024-09-10 14:00:00,9028
2024-09-10 15:00:00,10772
2024-09-10 16:00:00,13009
2024-09-10 17:00:00,19545
2024-09-10 18:00:00,18873
2024-09-10 19:00:00,13756
2024-09-10 20:00:00,10210
2024-09-10 21:00:00,6035
2024-09-10 22:00:00,4836
2024-09-10 23:00:00,3972
2024-09-11 00:00:00,1773
2024-09-11 01:00:00,799
2024-09-11 02:00:00,489
2024-09-11 03:00:00,338
2024-09-11 04:00:00,440
2024-09-11 05:00:00,1400
2024-09-11 06:00:00,4234
2024-09-11 07:00:00,10264
2024-09-11 08:00:00,15638
2024-09-11 09:00:00,10965
2024-09-11 10:00:00,7518
2024-09-11 11:00:00,6858
2024-09-11 12:00:00,7930
2024-09-11 13:00:00,8533
2024-09-11 14:00:00,9692
2024-09-11 15:00:00,10901
2024-09-11 16:00:00,13225
2024-09-11 17:00:00,19257
2024-09-11 18:00:00,19000
2024-09-11 19:00:00,14085
2024-09-11 20:00:00,9369
2024-09-11 21:00:00,7245
2024-09-11 22:00:00,5522
2024-09-11 23:00:00,3698
2024-09-12 00:00:00,1867
2024-09-12 01:00:00,1013
2024-09-12 02:00:00,582
2024-09-12 03:00:00,396
2024-09-12 04:00:00,445
2024-09-12 05:00:00,1415
2024-09-12 06:00:00,4180
2024-09-12 07:00:00,10027
2024-09-12 08:00:00,15246
2024-09-12 09:00:00,10429
2024-09-12 10:00:00,7481
2024-09-12 11:00:00,7125
2024-09-12 12:00:00,7953
2024-09-12 13:00:00,8635
2024-09-12 14:00:00,9519
2024-09-12 15:00:00,11167
2024-09-12 16:00:00,13201
2024-09-12 17:00:00,19285
2024-09-12 18:00:00,18574
2024-09-12 19:00:00,13874
2024-09-12 20:00:00,9597
2024-09-12 21:00:00,7021
2024-09-12 22:00:00,5911
2024-09-12 23:00:00,4302
2024-09-13 00:00:00,2430
2024-09-13 01:00:00,1400
2024-09-13 02:00:00,768
2024-09-13 03:00:00,510
2024-09-13 04:00:00,508
2024-09-13 05:00:00,1303
2024-09-13 06:00:00,3765
2024-09-13 07:00:00,8696
2024-09-13 08:00:00,12174
2024-09-13 09:00:00,9398
2024-09-13 10:00:00,7540
2024-09-13 11:00:00,8063
2024-09-13 12:00:00,9187
2024-09-13 13:00:00,10179
2024-09-13 14:00:00,11273
2024-09-13 15:00:00,12691
2024-09-13 16:00:00,14659
2024-09-13 17:00:00,17537
2024-09-13 18:00:00,17062
2024-09-13 19:00:00,12996
2024-09-13 20:00:00,8656
2024-09-13 21:00:00,6836
2024-09-13 22:00:00,6462
2024-09-13 23:00:00,5604
2024-09-14 00:00:00,4396
2024-09-14 01:00:00,3070
2024-09-14 02:00:00,2108
2024-09-14 03:00:00,1423
2024-09-14 04:00:00,823
2024-09-14 05:00:00,664
2024-09-14 06:00:00,1383
2024-09-14 07:00:00,2876
2024-09-14 08:00:00,4875
2024-09-14 09:00:00,7844
2024-09-14 10:00:00,9873
2024-09-14 11:00:00,11828
2024-09-14 12:00:00,13034
2024-09-14 13:00:00,13463
2024-09-14 14:00:00,13773
2024-09-14 15:00:00,13866
2024-09-14 16:00:00,14050
2024-09-14 17:00:00,13838
2024-09-14 18:00:00,13516
2024-09-14 19:00:00,11482
2024-09-14 20:00:00,8362
2024-09-14 21:00:00,6843
2024-09-14 22:00:00,6053
2024-09-14 23:00:00,5827
2024-09-15 00:00:00,4479
2024-09-15 01:00:00,3139
2024-09-15 02:00:00,2283
2024-09-15 03:00:00,1389
2024-09-15 04:00:00,855
2024-09-15 05:00:00,587
2024-09-15 06:00:00,1166
2024-09-15 07:00:00,2102
2024-09-15 08:00:00,4054
2024-09-15 09:00:00,6125
2024-09-15 10:00:00,8733
2024-09-15 11:00:00,11019
2024-09-15 12:00:00,13032
2024-09-15 13:00:00,12810
2024-09-15 14:00:00,12772
2024-09-15 15:00:00,12778
2024-09-15 16:00:00,13697
2024-09-15 17:00:00,13119
2024-09-15 18:00:00,12537
2024-09-15 19:00:00,9820
2024-09-15 20:00:00,6588
2024-09-15 21:00:00,5252
2024-09-15 22:00:00,3839
2024-09-15 23:00:00,2536
2024-09-16 00:00:00,1499
2024-09-16 01:00:00,762
2024-09-16 02:00:00,425
2024-09-16 03:00:00,312
2024-09-16 04:00:00,375
2024-09-16 05:00:00,1455
2024-09-16 06:00:00,4083
2024-09-16 07:00:00,9504
2024-09-16 08:00:00,13518
2024-09-16 09:00:00,9117
2024-09-16 10:00:00,6539
2024-09-16 11:00:00,6693
2024-09-16 12:00:00,7258
2024-09-16 13:00:00,7772
2024-09-16 14:00:00,8655
2024-09-16 15:00:00,10292
2024-09-16 16:00:00,12724
2024-09-16 17:00:00,17930
2024-09-16 18:00:00,17102
2024-09-16 19:00:00,12181
2024-09-16 20:00:00,8191
2024-09-16 21:00:00,5997
2024-09-16 22:00:00,4386
2024-09-16 23:00:00,2866
2024-09-17 00:00:00,1415
2024-09-17 01:00:00,660
2024-09-17 02:00:00,475
2024-09-17 03:00:00,335
2024-09-17 04:00:00,389
2024-09-17 05:00:00,1515
2024-09-17 06:00:00,4633
2024-09-17 07:00:00,10274
2024-09-17 08:00:00,15278
2024-09-17 09:00:00,10445
2024-09-17 10:00:00,6987
2024-09-17 11:00:00,6718
2024-09-17 12:00:00,7474
2024-09-17 13:00:00,8079
2024-09-17 14:00:00,8979
2024-09-17 15:00:00,10685
2024-09-17 16:00:00,13055
2024-09-17 17:00:00,19544
2024-09-17 18:00:00,18346
2024-09-17 19:00:00,13139
2024-09-17 20:00:00,8969
2024-09-17 21:00:00,6931
2024-09-17 22:00:00,5449
2024-09-17 23:00:00,3239
2024-09-18 00:00:00,1757
2024-09-18 01:00:00,884
2024-09-18 02:00:00,545
2024-09-18 03:00:00,384
2024-09-18 04:00:00,453
2024-09-18 05:00:00,1495
2024-09-18 06:00:00,4518
2024-09-18 07:00:00,10218
2024-09-18 08:00:00,15523
2024-09-18 09:00:00,10610
2024-09-18 10:00:00,7071
2024-09-18 11:00:00,6824
2024-09-18 12:00:00,7618
2024-09-18 13:00:00,7927
2024-09-18 14:00:00,9373
2024-09-18 15:00:00,10643
2024-09-18 16:00:00,12981
2024-09-18 17:00:00,19434
2024-09-18 18:00:00,18405
2024-09-18 19:00:00,13145
2024-09-18 20:00:00,9184
2024-09-18 21:00:00,7204
2024-09-18 22:00:00,6057
2024-09-18 23:00:00,3626
2024-09-19 00:00:00,1834
2024-09-19 01:00:00,955
2024-09-19 02:00:00,588
2024-09-19 03:00:00,396
2024-09-19 04:00:00,425
2024-09-19 05:00:00,1375
2024-09-19 06:00:00,4285
2024-09-19 07:00:00,10040
2024-09-19 08:00:00,15239
2024-09-19 09:00:00,10694
2024-09-19 10:00:00,7509
2024-09-19 11:00:00,7284
2024-09-19 12:00:00,8001
2024-09-19 13:00:00,8646
2024-09-19 14:00:00,9870
2024-09-19 15:00:00,11356
2024-09-19 16:00:00,13673
2024-09-19 17:00:00,19364
2024-09-19 18:00:00,18887
2024-09-19 19:00:00,13856
2024-09-19 20:00:00,9619
2024-09-19 21:00:00,7616
2024-09-19 22:00:00,6394
2024-09-19 23:00:00,4709
2024-09-20 00:00:00,2718
2024-09-20 01:00:00,1431
2024-09-20 02:00:00,927
2024-09-20 03:00:00,537
2024-09-20 04:00:00,513
2024-09-20 05:00:00,1294
2024-09-20 06:00:00,3771
2024-09-20 07:00:00,8626
2024-09-20 08:00:00,12381
2024-09-20 09:00:00,9818
2024-09-20 10:00:00,7956
2024-09-20 11:00:00,8004
2024-09-20 12:00:00,9373
2024-09-20 13:00:00,10535
2024-09-20 14:00:00,11670
2024-09-20 15:00:00,13268
2024-09-20 16:00:00,14610
2024-09-20 17:00:00,17835
2024-09-20 18:00:00,17037
2024-09-20 19:00:00,12906
2024-09-20 20:00:00,9095
2024-09-20 21:00:00,7321
2024-09-20 22:00:00,6702
2024-09-20 23:00:00,5987
2024-09-21 00:00:00,4303
2024-09-21 01:00:00,3046
2024-09-21 02:00:00,2114
2024-09-21 03:00:00,1313
2024-09-21 04:00:00,860
2024-09-21 05:00:00,680
2024-09-21 06:00:00,1390
2024-09-21 07:00:00,3020
2024-09-21 08:00:00,4998
2024-09-21 09:00:00,7787
2024-09-21 10:00:00,10238
2024-09-21 11:00:00,12266
2024-09-21 12:00:00,13823
2024-09-21 13:00:00,14038
2024-09-21 14:00:00,14712
2024-09-21 15:00:00,14916
2024-09-21 16:00:00,14440
2024-09-21 17:00:00,14388
2024-09-21 18:00:00,13873
2024-09-21 19:00:00,11326
2024-09-21 20:00:00,8034
2024-09-21 21:00:00,6615
2024-09-21 22:00:00,6094
2024-09-21 23:00:00,5642
2024-09-22 00:00:00,4434
2024-09-22 01:00:00,2956
2024-09-22 02:00:00,2041
2024-09-22 03:00:00,1329
2024-09-22 04:00:00,774
2024-09-22 05:00:00,642
2024-09-22 06:00:00,1296
2024-09-22 07:00:00,2280
2024-09-22 08:00:00,3693
2024-09-22 09:00:00,6247
2024-09-22 10:00:00,9017
2024-09-22 11:00:00,11301
2024-09-22 12:00:00,12628
2024-09-22 13:00:00,13036
2024-09-22 14:00:00,13407
2024-09-22 15:00:00,13802
2024-09-22 16:00:00,14042
2024-09-22 17:00:00,13609
2024-09-22 18:00:00,11962
2024-09-22 19:00:00,8943
2024-09-22 20:00:00,6445
2024-09-22 21:00:00,4938
2024-09-22 22:00:00,3937
2024-09-22 23:00:00,2483
2024-09-23 00:00:00,1369
2024-09-23 01:00:00,673
2024-09-23 02:00:00,422
2024-09-23 03:00:00,297
2024-09-23 04:00:00,413
2024-09-23 05:00:00,1337
2024-09-23 06:00:00,4106
2024-09-23 07:00:00,9477
2024-09-23 08:00:00,13267
2024-09-23 09:00:00,9043
2024-09-23 10:00:00,6372
2024-09-23 11:00:00,6433
2024-09-23 12:00:00,6892
2024-09-23 13:00:00,7271
2024-09-23 14:00:00,8291
2024-09-23 15:00:00,8457
2024-09-23 16:00:00,10116
2024-09-23 17:00:00,15621
2024-09-23 18:00:00,14373
2024-09-23 19:00:00,10518
2024-09-23 20:00:00,6657
2024-09-23 21:00:00,4337
2024-09-23 22:00:00,3765
2024-09-23 23:00:00,2562
2024-09-24 00:00:00,1395
2024-09-24 01:00:00,804
2024-09-24 02:00:00,456
2024-09-24 03:00:00,328
2024-09-24 04:00:00,434
2024-09-24 05:00:00,1508
2024-09-24 06:00:00,4648
2024-09-24 07:00:00,10410
2024-09-24 08:00:00,15638
2024-09-24 09:00:00,10176
2024-09-24 10:00:00,6819
2024-09-24 11:00:00,6573
2024-09-24 12:00:00,7221
2024-09-24 13:00:00,7667
2024-09-24 14:00:00,8627
2024-09-24 15:00:00,10451
2024-09-24 16:00:00,12610
2024-09-24 17:00:00,19088
2024-09-24 18:00:00,18248
2024-09-24 19:00:00,12317
2024-09-24 20:00:00,8318
2024-09-24 21:00:00,6528
2024-09-24 22:00:00,4861
2024-09-24 23:00:00,3067
2024-09-25 00:00:00,1540
2024-09-25 01:00:00,842
2024-09-25 02:00:00,472
2024-09-25 03:00:00,402
2024-09-25 04:00:00,462
2024-09-25 05:00:00,1419
2024-09-25 06:00:00,4349
2024-09-25 07:00:00,10105
2024-09-25 08:00:00,14966
2024-09-25 09:00:00,10269
2024-09-25 10:00:00,7207
2024-09-25 11:00:00,6795
2024-09-25 12:00:00,7587
2024-09-25 13:00:00,8214
2024-09-25 14:00:00,9104
2024-09-25 15:00:00,10354
2024-09-25 16:00:00,12297
2024-09-25 17:00:00,17138
2024-09-25 18:00:00,14457
2024-09-25 19:00:00,11193
2024-09-25 20:00:00,8383
2024-09-25 21:00:00,6423
2024-09-25 22:00:00,5351
2024-09-25 23:00:00,3538
2024-09-26 00:00:00,1930
2024-09-26 01:00:00,983
2024-09-26 02:00:00,571
2024-09-26 03:00:00,412
2024-09-26 04:00:00,452
2024-09-26 05:00:00,1295
2024-09-26 06:00:00,4009
2024-09-26 07:00:00,8855
2024-09-26 08:00:00,13773
2024-09-26 09:00:00,9726
2024-09-26 10:00:00,3767
2024-09-26 11:00:00,3660
2024-09-26 12:00:00,4873
2024-09-26 13:00:00,6184
2024-09-26 14:00:00,7345
2024-09-26 15:00:00,9417
2024-09-26 16:00:00,11706
2024-09-26 17:00:00,17097
2024-09-26 18:00:00,16358
2024-09-26 19:00:00,11986
2024-09-26 20:00:00,8883
2024-09-26 21:00:00,6855
2024-09-26 22:00:00,5938
2024-09-26 23:00:00,4379
2024-09-27 00:00:00,2898
2024-09-27 01:00:00,1436
2024-09-27 02:00:00,888
2024-09-27 03:00:00,437
2024-09-27 04:00:00,454
2024-09-27 05:00:00,1133
2024-09-27 06:00:00,3409
2024-09-27 07:00:00,8016
2024-09-27 08:00:00,11463
2024-09-27 09:00:00,9132
2024-09-27 10:00:00,7510
2024-09-27 11:00:00,7891
2024-09-27 12:00:00,8974
2024-09-27 13:00:00,9907
2024-09-27 14:00:00,10958
2024-09-27 15:00:00,12458
2024-09-27 16:00:00,14130
2024-09-27 17:00:00,16683
2024-09-27 18:00:00,15310
2024-09-27 19:00:00,11730
2024-09-27 20:00:00,8282
2024-09-27 21:00:00,6644
2024-09-27 22:00:00,6221
2024-09-27 23:00:00,5082
2024-09-28 00:00:00,3964
2024-09-28 01:00:00,2923
2024-09-28 02:00:00,2064
2024-09-28 03:00:00,1243
2024-09-28 04:00:00,874
2024-09-28 05:00:00,518
2024-09-28 06:00:00,907
2024-09-28 07:00:00,1635
2024-09-28 08:00:00,2491
2024-09-28 09:00:00,4724
2024-09-28 10:00:00,7008
2024-09-28 11:00:00,7902
2024-09-28 12:00:00,7321
2024-09-28 13:00:00,4154
2024-09-28 14:00:00,3846
2024-09-28 15:00:00,3762
2024-09-28 16:00:00,4703
2024-09-28 17:00:00,4383
2024-09-28 18:00:00,4418
2024-09-28 19:00:00,5429
2024-09-28 20:00:00,4388
2024-09-28 21:00:00,3867
2024-09-28 22:00:00,3931
2024-09-28 23:00:00,3614
2024-09-29 00:00:00,2983
2024-09-29 01:00:00,1475
2024-09-29 02:00:00,1130
2024-09-29 03:00:00,800
2024-09-29 04:00:00,562
2024-09-29 05:00:00,431
2024-09-29 06:00:00,965
2024-09-29 07:00:00,1527
2024-09-29 08:00:00,2197
2024-09-29 09:00:00,2201
2024-09-29 10:00:00,2200
2024-09-29 11:00:00,2290
2024-09-29 12:00:00,2597
2024-09-29 13:00:00,2667
2024-09-29 14:00:00,3514
2024-09-29 15:00:00,4828
2024-09-29 16:00:00,6247
2024-09-29 17:00:00,6107
2024-09-29 18:00:00,6697
2024-09-29 19:00:00,5925
2024-09-29 20:00:00,4755
2024-09-29 21:00:00,3748
2024-09-29 22:00:00,3236
2024-09-29 23:00:00,2252
2024-09-30 00:00:00,1443
2024-09-30 01:00:00,694
2024-09-30 02:00:00,473
2024-09-30 03:00:00,319
2024-09-30 04:00:00,386
2024-09-30 05:00:00,1338
2024-09-30 06:00:00,3781
2024-09-30 07:00:00,9069
2024-09-30 08:00:00,13530
2024-09-30 09:00:00,8928
2024-09-30 10:00:00,6488
2024-09-30 11:00:00,6438
2024-09-30 12:00:00,7304
2024-09-30 13:00:00,7812
2024-09-30 14:00:00,9108
2024-09-30 15:00:00,10410
2024-09-30 16:00:00,12799
2024-09-30 17:00:00,17906
2024-09-30 18:00:00,17088
2024-09-30 19:00:00,11452
2024-09-30 20:00:00,8209
2024-09-30 21:00:00,5810
2024-09-30 22:00:00,4381
2024-09-30 23:00:00,2819
2024-10-01 00:00:00,1389
2024-10-01 01:00:00,729
2024-10-01 02:00:00,437
2024-10-01 03:00:00,310
2024-10-01 04:00:00,389
2024-10-01 05:00:00,1567
2024-10-01 06:00:00,4442
2024-10-01 07:00:00,9968
2024-10-01 08:00:00,15224
2024-10-01 09:00:00,10260
2024-10-01 10:00:00,6808
2024-10-01 11:00:00,6768
2024-10-01 12:00:00,7456
2024-10-01 13:00:00,7713
2024-10-01 14:00:00,8806
2024-10-01 15:00:00,10473
2024-10-01 16:00:00,12823
2024-10-01 17:00:00,18793
2024-10-01 18:00:00,17869
2024-10-01 19:00:00,12037
2024-10-01 20:00:00,8562
2024-10-01 21:00:00,6164
2024-10-01 22:00:00,5167
2024-10-01 23:00:00,3293
2024-10-02 00:00:00,1688
2024-10-02 01:00:00,784
2024-10-02 02:00:00,466
2024-10-02 03:00:00,359
2024-10-02 04:00:00,426
2024-10-02 05:00:00,1390
2024-10-02 06:00:00,4301
2024-10-02 07:00:00,9766
2024-10-02 08:00:00,15029
2024-10-02 09:00:00,10288
2024-10-02 10:00:00,7006
2024-10-02 11:00:00,6974
2024-10-02 12:00:00,7696
2024-10-02 13:00:00,8173
2024-10-02 14:00:00,9342
2024-10-02 15:00:00,10755
2024-10-02 16:00:00,12790
2024-10-02 17:00:00,17691
2024-10-02 18:00:00,16538
2024-10-02 19:00:00,11668
2024-10-02 20:00:00,8204
2024-10-02 21:00:00,6621
2024-10-02 22:00:00,5381
2024-10-02 23:00:00,3563
2024-10-03 00:00:00,1880
2024-10-03 01:00:00,973
2024-10-03 02:00:00,599
2024-10-03 03:00:00,387
2024-10-03 04:00:00,438
2024-10-03 05:00:00,1345
2024-10-03 06:00:00,3751
2024-10-03 07:00:00,7479
2024-10-03 08:00:00,11782
2024-10-03 09:00:00,9559
2024-10-03 10:00:00,6962
2024-10-03 11:00:00,6950
2024-10-03 12:00:00,7800
2024-10-03 13:00:00,8574
2024-10-03 14:00:00,8861
2024-10-03 15:00:00,9960
2024-10-03 16:00:00,12036
2024-10-03 17:00:00,17018
2024-10-03 18:00:00,16391
2024-10-03 19:00:00,11660
2024-10-03 20:00:00,8377
2024-10-03 21:00:00,6415
2024-10-03 22:00:00,5722
2024-10-03 23:00:00,3988
2024-10-04 00:00:00,2394
2024-10-04 01:00:00,1378
2024-10-04 02:00:00,827
2024-10-04 03:00:00,533
2024-10-04 04:00:00,508
2024-10-04 05:00:00,1256
2024-10-04 06:00:00,3273
2024-10-04 07:00:00,6586
2024-10-04 08:00:00,9627
2024-10-04 09:00:00,8668
2024-10-04 10:00:00,7363
2024-10-04 11:00:00,7991
2024-10-04 12:00:00,9061
2024-10-04 13:00:00,9828
2024-10-04 14:00:00,10214
2024-10-04 15:00:00,11418
2024-10-04 16:00:00,13577
2024-10-04 17:00:00,16049
2024-10-04 18:00:00,14941
2024-10-04 19:00:00,11267
2024-10-04 20:00:00,8236
2024-10-04 21:00:00,6539
2024-10-04 22:00:00,5800
2024-10-04 23:00:00,5376
2024-10-05 00:00:00,4198
2024-10-05 01:00:00,2931
2024-10-05 02:00:00,1919
2024-10-05 03:00:00,1237
2024-10-05 04:00:00,783
2024-10-05 05:00:00,683
2024-10-05 06:00:00,1388
2024-10-05 07:00:00,2744
2024-10-05 08:00:00,4612
2024-10-05 09:00:00,7394
2024-10-05 10:00:00,9596
2024-10-05 11:00:00,11432
2024-10-05 12:00:00,13459
2024-10-05 13:00:00,14213
2024-10-05 14:00:00,14427
2024-10-05 15:00:00,14879
2024-10-05 16:00:00,14492
2024-10-05 17:00:00,13960
2024-10-05 18:00:00,12913
2024-10-05 19:00:00,10217
2024-10-05 20:00:00,7667
2024-10-05 21:00:00,6368
2024-10-05 22:00:00,6100
2024-10-05 23:00:00,5353
2024-10-06 00:00:00,4049
2024-10-06 01:00:00,2947
2024-10-06 02:00:00,1910
2024-10-06 03:00:00,1174
2024-10-06 04:00:00,781
2024-10-06 05:00:00,591
2024-10-06 06:00:00,989
2024-10-06 07:00:00,2017
2024-10-06 08:00:00,3579
2024-10-06 09:00:00,5770
2024-10-06 10:00:00,8191
2024-10-06 11:00:00,10710
2024-10-06 12:00:00,12249
2024-10-06 13:00:00,13054
2024-10-06 14:00:00,13274
2024-10-06 15:00:00,13445
2024-10-06 16:00:00,13617
2024-10-06 17:00:00,12771
2024-10-06 18:00:00,11422
2024-10-06 19:00:00,8360
2024-10-06 20:00:00,6131
2024-10-06 21:00:00,4677
2024-10-06 22:00:00,3617
2024-10-06 23:00:00,2466
2024-10-07 00:00:00,1368
2024-10-07 01:00:00,799
2024-10-07 02:00:00,483
2024-10-07 03:00:00,296
2024-10-07 04:00:00,416
2024-10-07 05:00:00,1308
2024-10-07 06:00:00,3804
2024-10-07 07:00:00,8764
2024-10-07 08:00:00,13233
2024-10-07 09:00:00,8935
2024-10-07 10:00:00,7043
2024-10-07 11:00:00,5882
2024-10-07 12:00:00,7300
2024-10-07 13:00:00,7133
2024-10-07 14:00:00,8865
2024-10-07 15:00:00,10596
2024-10-07 16:00:00,12557
2024-10-07 17:00:00,17702
2024-10-07 18:00:00,16311
2024-10-07 19:00:00,10725
2024-10-07 20:00:00,7571
2024-10-07 21:00:00,5545
2024-10-07 22:00:00,3946
2024-10-07 23:00:00,2891
2024-10-08 00:00:00,1376
2024-10-08 01:00:00,661
2024-10-08 02:00:00,388
2024-10-08 03:00:00,278
2024-10-08 04:00:00,415
2024-10-08 05:00:00,1509
2024-10-08 06:00:00,4319
2024-10-08 07:00:00,10228
2024-10-08 08:00:00,15316
2024-10-08 09:00:00,10263
2024-10-08 10:00:00,6696
2024-10-08 11:00:00,6299
2024-10-08 12:00:00,7524
2024-10-08 13:00:00,7721
2024-10-08 14:00:00,9047
2024-10-08 15:00:00,10663
2024-10-08 16:00:00,13027
2024-10-08 17:00:00,18903
2024-10-08 18:00:00,16958
2024-10-08 19:00:00,11497
2024-10-08 20:00:00,8493
2024-10-08 21:00:00,6457
2024-10-08 22:00:00,4974
2024-10-08 23:00:00,3168
2024-10-09 00:00:00,1551
2024-10-09 01:00:00,757
2024-10-09 02:00:00,459
2024-10-09 03:00:00,312
2024-10-09 04:00:00,441
2024-10-09 05:00:00,1364
2024-10-09 06:00:00,4210
2024-10-09 07:00:00,9889
2024-10-09 08:00:00,15393
2024-10-09 09:00:00,10630
2024-10-09 10:00:00,7064
2024-10-09 11:00:00,6798
2024-10-09 12:00:00,7910
2024-10-09 13:00:00,8218
2024-10-09 14:00:00,9524
2024-10-09 15:00:00,10747
2024-10-09 16:00:00,13069
2024-10-09 17:00:00,18429
2024-10-09 18:00:00,17540
2024-10-09 19:00:00,11444
2024-10-09 20:00:00,8491
2024-10-09 21:00:00,6622
2024-10-09 22:00:00,5216
2024-10-09 23:00:00,2964
2024-10-10 00:00:00,1577
2024-10-10 01:00:00,806
2024-10-10 02:00:00,463
2024-10-10 03:00:00,340
2024-10-10 04:00:00,379
2024-10-10 05:00:00,1259
2024-10-10 06:00:00,3796
2024-10-10 07:00:00,9174
2024-10-10 08:00:00,13868
2024-10-10 09:00:00,9768
2024-10-10 10:00:00,6888
2024-10-10 11:00:00,6434
2024-10-10 12:00:00,7501
2024-10-10 13:00:00,7982
2024-10-10 14:00:00,9162
2024-10-10 15:00:00,10526
2024-10-10 16:00:00,12440
2024-10-10 17:00:00,17442
2024-10-10 18:00:00,16070
2024-10-10 19:00:00,10878
2024-10-10 20:00:00,7675
2024-10-10 21:00:00,5646
2024-10-10 22:00:00,4805
2024-10-10 23:00:00,3715
2024-10-11 00:00:00,1939
2024-10-11 01:00:00,1068
2024-10-11 02:00:00,649
2024-10-11 03:00:00,428
2024-10-11 04:00:00,457
2024-10-11 05:00:00,1155
2024-10-11 06:00:00,3144
2024-10-11 07:00:00,7377
2024-10-11 08:00:00,10725
2024-10-11 09:00:00,8538
2024-10-11 10:00:00,7006
2024-10-11 11:00:00,7603
2024-10-11 12:00:00,9016
2024-10-11 13:00:00,9606
2024-10-11 14:00:00,10707
2024-10-11 15:00:00,12423
2024-10-11 16:00:00,13838
2024-10-11 17:00:00,15941
2024-10-11 18:00:00,14108
2024-10-11 19:00:00,10241
2024-10-11 20:00:00,7702
2024-10-11 21:00:00,6056
2024-10-11 22:00:00,5254
2024-10-11 23:00:00,4467
2024-10-12 00:00:00,3664
2024-10-12 01:00:00,2630
2024-10-12 02:00:00,1622
2024-10-12 03:00:00,1207
2024-10-12 04:00:00,760
2024-10-12 05:00:00,593
2024-10-12 06:00:00,1140
2024-10-12 07:00:00,2458
2024-10-12 08:00:00,4203
2024-10-12 09:00:00,6709
2024-10-12 10:00:00,8648
2024-10-12 11:00:00,10861
2024-10-12 12:00:00,12291
2024-10-12 13:00:00,13167
2024-10-12 14:00:00,13738
2024-10-12 15:00:00,13807
2024-10-12 16:00:00,13710
2024-10-12 17:00:00,13011
2024-10-12 18:00:00,11670
2024-10-12 19:00:00,9464
2024-10-12 20:00:00,7198
2024-10-12 21:00:00,5987
2024-10-12 22:00:00,5517
2024-10-12 23:00:00,4616
2024-10-13 00:00:00,3675
2024-10-13 01:00:00,2672
2024-10-13 02:00:00,1933
2024-10-13 03:00:00,1339
2024-10-13 04:00:00,850
2024-10-13 05:00:00,672
2024-10-13 06:00:00,1206
2024-10-13 07:00:00,1858
2024-10-13 08:00:00,3147
2024-10-13 09:00:00,5371
2024-10-13 10:00:00,7668
2024-10-13 11:00:00,9885
2024-10-13 12:00:00,11810
2024-10-13 13:00:00,12369
2024-10-13 14:00:00,12927
2024-10-13 15:00:00,13017
2024-10-13 16:00:00,13069
2024-10-13 17:00:00,12992
2024-10-13 18:00:00,11268
2024-10-13 19:00:00,8387
2024-10-13 20:00:00,6463
2024-10-13 21:00:00,5218
2024-10-13 22:00:00,4249
2024-10-13 23:00:00,3427
2024-10-14 00:00:00,1986
2024-10-14 01:00:00,1004
2024-10-14 02:00:00,621
2024-10-14 03:00:00,443
2024-10-14 04:00:00,453
2024-10-14 05:00:00,928
2024-10-14 06:00:00,2365
2024-10-14 07:00:00,4912
2024-10-14 08:00:00,8205
2024-10-14 09:00:00,7399
2024-10-14 10:00:00,6495
2024-10-14 11:00:00,7198
2024-10-14 12:00:00,8234
2024-10-14 13:00:00,8891
2024-10-14 14:00:00,9473
2024-10-14 15:00:00,9624
2024-10-14 16:00:00,10325
2024-10-14 17:00:00,12056
2024-10-14 18:00:00,11031
2024-10-14 19:00:00,7388
2024-10-14 20:00:00,5077
2024-10-14 21:00:00,3714
2024-10-14 22:00:00,2878
2024-10-14 23:00:00,2205
2024-10-15 00:00:00,1179
2024-10-15 01:00:00,605
2024-10-15 02:00:00,326
2024-10-15 03:00:00,219
2024-10-15 04:00:00,314
2024-10-15 05:00:00,1210
2024-10-15 06:00:00,3644
2024-10-15 07:00:00,8567
2024-10-15 08:00:00,13085
2024-10-15 09:00:00,8737
2024-10-15 10:00:00,5970
2024-10-15 11:00:00,5684
2024-10-15 12:00:00,6496
2024-10-15 13:00:00,6927
2024-10-15 14:00:00,7796
2024-10-15 15:00:00,9328
2024-10-15 16:00:00,11122
2024-10-15 17:00:00,16182
2024-10-15 18:00:00,14790
2024-10-15 19:00:00,9728
2024-10-15 20:00:00,6807
2024-10-15 21:00:00,5050
2024-10-15 22:00:00,3973
2024-10-15 23:00:00,2577
2024-10-16 00:00:00,1387
2024-10-16 01:00:00,625
2024-10-16 02:00:00,326
2024-10-16 03:00:00,232
2024-10-16 04:00:00,336
2024-10-16 05:00:00,1181
2024-10-16 06:00:00,3637
2024-10-16 07:00:00,8638
2024-10-16 08:00:00,13260
2024-10-16 09:00:00,9301
2024-10-16 10:00:00,6063
2024-10-16 11:00:00,5896
2024-10-16 12:00:00,6810
2024-10-16 13:00:00,7126
2024-10-16 14:00:00,8373
2024-10-16 15:00:00,9459
2024-10-16 16:00:00,11233
2024-10-16 17:00:00,16018
2024-10-16 18:00:00,14810
2024-10-16 19:00:00,9993
2024-10-16 20:00:00,6879
2024-10-16 21:00:00,5286
2024-10-16 22:00:00,4166
2024-10-16 23:00:00,2943
2024-10-17 00:00:00,1589
2024-10-17 01:00:00,677
2024-10-17 02:00:00,410
2024-10-17 03:00:00,295
2024-10-17 04:00:00,369
2024-10-17 05:00:00,1165
2024-10-17 06:00:00,3445
2024-10-17 07:00:00,8278
2024-10-17 08:00:00,12537
2024-10-17 09:00:00,9137
2024-10-17 10:00:00,6215
2024-10-17 11:00:00,6141
2024-10-17 12:00:00,6771
2024-10-17 13:00:00,7232
2024-10-17 14:00:00,8243
2024-10-17 15:00:00,9557
2024-10-17 16:00:00,11498
2024-10-17 17:00:00,15804
2024-10-17 18:00:00,14260
2024-10-17 19:00:00,10044
2024-10-17 20:00:00,7081
2024-10-17 21:00:00,5451
2024-10-17 22:00:00,4615
2024-10-17 23:00:00,3261
2024-10-18 00:00:00,1949
2024-10-18 01:00:00,1065
2024-10-18 02:00:00,671
2024-10-18 03:00:00,394
2024-10-18 04:00:00,424
2024-10-18 05:00:00,1067
2024-10-18 06:00:00,3020
2024-10-18 07:00:00,7141
2024-10-18 08:00:00,10396
2024-10-18 09:00:00,8374
2024-10-18 10:00:00,6783
2024-10-18 11:00:00,7245
2024-10-18 12:00:00,8251
2024-10-18 13:00:00,9023
2024-10-18 14:00:00,10471
2024-10-18 15:00:00,11550
2024-10-18 16:00:00,13186
2024-10-18 17:00:00,15520
2024-10-18 18:00:00,14002
2024-10-18 19:00:00,10424
2024-10-18 20:00:00,7562
2024-10-18 21:00:00,6119
2024-10-18 22:00:00,5531
2024-10-18 23:00:00,4893
2024-10-19 00:00:00,3802
2024-10-19 01:00:00,2556
2024-10-19 02:00:00,1767
2024-10-19 03:00:00,1056
2024-10-19 04:00:00,655
2024-10-19 05:00:00,535
2024-10-19 06:00:00,1263
2024-10-19 07:00:00,2571
2024-10-19 08:00:00,4408
2024-10-19 09:00:00,6944
2024-10-19 10:00:00,8989
2024-10-19 11:00:00,10930
2024-10-19 12:00:00,12641
2024-10-19 13:00:00,13398
2024-10-19 14:00:00,13777
2024-10-19 15:00:00,13759
2024-10-19 16:00:00,13537
2024-10-19 17:00:00,13120
2024-10-19 18:00:00,11471
2024-10-19 19:00:00,9111
2024-10-19 20:00:00,6997
2024-10-19 21:00:00,5812
2024-10-19 22:00:00,5148
2024-10-19 23:00:00,4922
2024-10-20 00:00:00,4203
2024-10-20 01:00:00,2754
2024-10-20 02:00:00,1751
2024-10-20 03:00:00,1165
2024-10-20 04:00:00,769
2024-10-20 05:00:00,528
2024-10-20 06:00:00,1010
2024-10-20 07:00:00,1915
2024-10-20 08:00:00,3537
2024-10-20 09:00:00,5603
2024-10-20 10:00:00,8041
2024-10-20 11:00:00,10226
2024-10-20 12:00:00,11817
2024-10-20 13:00:00,12319
2024-10-20 14:00:00,13082
2024-10-20 15:00:00,13139
2024-10-20 16:00:00,13654
2024-10-20 17:00:00,13053
2024-10-20 18:00:00,11216
2024-10-20 19:00:00,8115
2024-10-20 20:00:00,5619
2024-10-20 21:00:00,4448
2024-10-20 22:00:00,3814
2024-10-20 23:00:00,3102
2024-10-21 00:00:00,1506
2024-10-21 01:00:00,752
2024-10-21 02:00:00,466
2024-10-21 03:00:00,381
2024-10-21 04:00:00,468
2024-10-21 05:00:00,1285
2024-10-21 06:00:00,3563
2024-10-21 07:00:00,8290
2024-10-21 08:00:00,12445
2024-10-21 09:00:00,8975
2024-10-21 10:00:00,6304
2024-10-21 11:00:00,6481
2024-10-21 12:00:00,7350
2024-10-21 13:00:00,7902
2024-10-21 14:00:00,9137
2024-10-21 15:00:00,10721
2024-10-21 16:00:00,12852
2024-10-21 17:00:00,17828
2024-10-21 18:00:00,16159
2024-10-21 19:00:00,10920
2024-10-21 20:00:00,7642
2024-10-21 21:00:00,5756
2024-10-21 22:00:00,4184
2024-10-21 23:00:00,2755
2024-10-22 00:00:00,1472
2024-10-22 01:00:00,797
2024-10-22 02:00:00,459
2024-10-22 03:00:00,360
2024-10-22 04:00:00,457
2024-10-22 05:00:00,1425
2024-10-22 06:00:00,4283
2024-10-22 07:00:00,9639
2024-10-22 08:00:00,14900
2024-10-22 09:00:00,10552
2024-10-22 10:00:00,7059
2024-10-22 11:00:00,6753
2024-10-22 12:00:00,7586
2024-10-22 13:00:00,8153
2024-10-22 14:00:00,9300
2024-10-22 15:00:00,10947
2024-10-22 16:00:00,13593
2024-10-22 17:00:00,19579
2024-10-22 18:00:00,17637
2024-10-22 19:00:00,11939
2024-10-22 20:00:00,8464
2024-10-22 21:00:00,6702
2024-10-22 22:00:00,5061
2024-10-22 23:00:00,3138
2024-10-23 00:00:00,1684
2024-10-23 01:00:00,822
2024-10-23 02:00:00,520
2024-10-23 03:00:00,384
2024-10-23 04:00:00,442
2024-10-23 05:00:00,1399
2024-10-23 06:00:00,4172
2024-10-23 07:00:00,9395
2024-10-23 08:00:00,15027
2024-10-23 09:00:00,10542
2024-10-23 10:00:00,7073
2024-10-23 11:00:00,7214
2024-10-23 12:00:00,7951
2024-10-23 13:00:00,8653
2024-10-23 14:00:00,9819
2024-10-23 15:00:00,11122
2024-10-23 16:00:00,13434
2024-10-23 17:00:00,19412
2024-10-23 18:00:00,17501
2024-10-23 19:00:00,11897
2024-10-23 20:00:00,8596
2024-10-23 21:00:00,6725
2024-10-23 22:00:00,5557
2024-10-23 23:00:00,3558
2024-10-24 00:00:00,1782
2024-10-24 01:00:00,880
2024-10-24 02:00:00,506
2024-10-24 03:00:00,374
2024-10-24 04:00:00,395
2024-10-24 05:00:00,1278
2024-10-24 06:00:00,3869
2024-10-24 07:00:00,9186
2024-10-24 08:00:00,14227
2024-10-24 09:00:00,10200
2024-10-24 10:00:00,7023
2024-10-24 11:00:00,6880
2024-10-24 12:00:00,7686
2024-10-24 13:00:00,8198
2024-10-24 14:00:00,9419
2024-10-24 15:00:00,10932
2024-10-24 16:00:00,12964
2024-10-24 17:00:00,18461
2024-10-24 18:00:00,16509
2024-10-24 19:00:00,11421
2024-10-24 20:00:00,8046
2024-10-24 21:00:00,6636
2024-10-24 22:00:00,5352
2024-10-24 23:00:00,3742
2024-10-25 00:00:00,2041
2024-10-25 01:00:00,1036
2024-10-25 02:00:00,594
2024-10-25 03:00:00,429
2024-10-25 04:00:00,429
2024-10-25 05:00:00,1052
2024-10-25 06:00:00,3185
2024-10-25 07:00:00,7339
2024-10-25 08:00:00,11047
2024-10-25 09:00:00,8794
2024-10-25 10:00:00,6946
2024-10-25 11:00:00,7506
2024-10-25 12:00:00,8687
2024-10-25 13:00:00,9349
2024-10-25 14:00:00,10519
2024-10-25 15:00:00,11957
2024-10-25 16:00:00,13867
2024-10-25 17:00:00,16297
2024-10-25 18:00:00,13899
2024-10-25 19:00:00,10875
2024-10-25 20:00:00,7912
2024-10-25 21:00:00,6140
2024-10-25 22:00:00,5409
2024-10-25 23:00:00,5099
2024-10-26 00:00:00,4322
2024-10-26 01:00:00,2726
2024-10-26 02:00:00,2036
2024-10-26 03:00:00,1479
2024-10-26 04:00:00,900
2024-10-26 05:00:00,740
2024-10-26 06:00:00,1319
2024-10-26 07:00:00,2745
2024-10-26 08:00:00,4689
2024-10-26 09:00:00,7067
2024-10-26 10:00:00,9132
2024-10-26 11:00:00,10726
2024-10-26 12:00:00,12433
2024-10-26 13:00:00,12975
2024-10-26 14:00:00,13235
2024-10-26 15:00:00,13255
2024-10-26 16:00:00,12777
2024-10-26 17:00:00,12202
2024-10-26 18:00:00,10790
2024-10-26 19:00:00,9063
2024-10-26 20:00:00,6640
2024-10-26 21:00:00,5520
2024-10-26 22:00:00,4670
2024-10-26 23:00:00,4517
2024-10-27 00:00:00,3493
2024-10-27 01:00:00,2604
2024-10-27 02:00:00,1869
2024-10-27 03:00:00,1485
2024-10-27 04:00:00,944
2024-10-27 05:00:00,634
2024-10-27 06:00:00,1019
2024-10-27 07:00:00,1737
2024-10-27 08:00:00,3194
2024-10-27 09:00:00,4941
2024-10-27 10:00:00,7286
2024-10-27 11:00:00,8868
2024-10-27 12:00:00,10669
2024-10-27 13:00:00,10814
2024-10-27 14:00:00,11412
2024-10-27 15:00:00,11404
2024-10-27 16:00:00,11388
2024-10-27 17:00:00,10538
2024-10-27 18:00:00,8508
2024-10-27 19:00:00,6280
2024-10-27 20:00:00,4586
2024-10-27 21:00:00,3732
2024-10-27 22:00:00,2779
2024-10-27 23:00:00,2134
2024-10-28 00:00:00,1187
2024-10-28 01:00:00,595
2024-10-28 02:00:00,397
2024-10-28 03:00:00,301
2024-10-28 04:00:00,376
2024-10-28 05:00:00,1123
2024-10-28 06:00:00,3392
2024-10-28 07:00:00,7764
2024-10-28 08:00:00,11970
2024-10-28 09:00:00,8498
2024-10-28 10:00:00,5755
2024-10-28 11:00:00,5892
2024-10-28 12:00:00,6697
2024-10-28 13:00:00,7115
2024-10-28 14:00:00,8439
2024-10-28 15:00:00,9834
2024-10-28 16:00:00,11652
2024-10-28 17:00:00,15736
2024-10-28 18:00:00,13694
2024-10-28 19:00:00,9382
2024-10-28 20:00:00,6637
2024-10-28 21:00:00,4594
2024-10-28 22:00:00,3630
2024-10-28 23:00:00,2584
2024-10-29 00:00:00,1509
2024-10-29 01:00:00,672
2024-10-29 02:00:00,354
2024-10-29 03:00:00,279
2024-10-29 04:00:00,379
2024-10-29 05:00:00,1319
2024-10-29 06:00:00,3953
2024-10-29 07:00:00,8930
2024-10-29 08:00:00,14301
2024-10-29 09:00:00,9717
2024-10-29 10:00:00,6316
2024-10-29 11:00:00,5991
2024-10-29 12:00:00,6579
2024-10-29 13:00:00,6744
2024-10-29 14:00:00,8098
2024-10-29 15:00:00,9756
2024-10-29 16:00:00,11809
2024-10-29 17:00:00,17284
2024-10-29 18:00:00,15528
2024-10-29 19:00:00,10515
2024-10-29 20:00:00,7567
2024-10-29 21:00:00,5699
2024-10-29 22:00:00,4463
2024-10-29 23:00:00,3240
2024-10-30 00:00:00,1751
2024-10-30 01:00:00,773
2024-10-30 02:00:00,486
2024-10-30 03:00:00,280
2024-10-30 04:00:00,398
2024-10-30 05:00:00,1272
2024-10-30 06:00:00,3851
2024-10-30 07:00:00,9307
2024-10-30 08:00:00,15011
2024-10-30 09:00:00,10558
2024-10-30 10:00:00,7070
2024-10-30 11:00:00,6853
2024-10-30 12:00:00,8012
2024-10-30 13:00:00,8532
2024-10-30 14:00:00,9886
2024-10-30 15:00:00,11241
2024-10-30 16:00:00,13428
2024-10-30 17:00:00,19028
2024-10-30 18:00:00,17501
2024-10-30 19:00:00,12289
2024-10-30 20:00:00,8769
2024-10-30 21:00:00,6626
2024-10-30 22:00:00,5333
2024-10-30 23:00:00,3688
2024-10-31 00:00:00,2692
2024-10-31 01:00:00,1181
2024-10-31 02:00:00,578
2024-10-31 03:00:00,404
2024-10-31 04:00:00,415
2024-10-31 05:00:00,1280
2024-10-31 06:00:00,3782
2024-10-31 07:00:00,8578
2024-10-31 08:00:00,14180
2024-10-31 09:00:00,10701
2024-10-31 10:00:00,7768
2024-10-31 11:00:00,7642
2024-10-31 12:00:00,8837
2024-10-31 13:00:00,9675
2024-10-31 14:00:00,11070
2024-10-31 15:00:00,12979
2024-10-31 16:00:00,15147
2024-10-31 17:00:00,18556
2024-10-31 18:00:00,15629
2024-10-31 19:00:00,11584
2024-10-31 20:00:00,9264
2024-10-31 21:00:00,7606
2024-10-31 22:00:00,6022
2024-10-31 23:00:00,5049
2024-11-01 00:00:00,4027
2024-11-01 01:00:00,2672
2024-11-01 02:00:00,1697
2024-11-01 03:00:00,1074
2024-11-01 04:00:00,857
2024-11-01 05:00:00,1211
2024-11-01 06:00:00,3258
2024-11-01 07:00:00,6243
2024-11-01 08:00:00,9148
2024-11-01 09:00:00,8531
2024-11-01 10:00:00,7139
2024-11-01 11:00:00,7890
2024-11-01 12:00:00,9472
2024-11-01 13:00:00,10216
2024-11-01 14:00:00,11167
2024-11-01 15:00:00,12357
2024-11-01 16:00:00,14973
2024-11-01 17:00:00,17344
2024-11-01 18:00:00,15094
2024-11-01 19:00:00,11326
2024-11-01 20:00:00,8266
2024-11-01 21:00:00,6647
2024-11-01 22:00:00,5415
2024-11-01 23:00:00,4475
2024-11-02 00:00:00,3618
2024-11-02 01:00:00,2608
2024-11-02 02:00:00,1903
2024-11-02 03:00:00,1251
2024-11-02 04:00:00,717
2024-11-02 05:00:00,595
2024-11-02 06:00:00,1138
2024-11-02 07:00:00,2577
2024-11-02 08:00:00,4770
2024-11-02 09:00:00,6959
2024-11-02 10:00:00,8652
2024-11-02 11:00:00,10761
2024-11-02 12:00:00,11840
2024-11-02 13:00:00,12400
2024-11-02 14:00:00,12634
2024-11-02 15:00:00,13122
2024-11-02 16:00:00,12359
2024-11-02 17:00:00,11544
2024-11-02 18:00:00,9514
2024-11-02 19:00:00,7741
2024-11-02 20:00:00,5854
2024-11-02 21:00:00,4726
2024-11-02 22:00:00,4234
2024-11-02 23:00:00,3711
2024-11-03 00:00:00,3010
2024-11-03 01:00:00,3534
2024-11-03 02:00:00,948
2024-11-03 03:00:00,580
2024-11-03 04:00:00,539
2024-11-03 05:00:00,855
2024-11-03 06:00:00,1305
2024-11-03 07:00:00,2213
2024-11-03 08:00:00,3908
2024-11-03 09:00:00,6610
2024-11-03 10:00:00,8631
2024-11-03 11:00:00,10178
2024-11-03 12:00:00,10806
2024-11-03 13:00:00,10985
2024-11-03 14:00:00,10893
2024-11-03 15:00:00,11000
2024-11-03 16:00:00,10658
2024-11-03 17:00:00,8534
2024-11-03 18:00:00,6994
2024-11-03 19:00:00,5484
2024-11-03 20:00:00,4212
2024-11-03 21:00:00,3230
2024-11-03 22:00:00,2422
2024-11-03 23:00:00,1706
2024-11-04 00:00:00,941
2024-11-04 01:00:00,466
2024-11-04 02:00:00,316
2024-11-04 03:00:00,221
2024-11-04 04:00:00,308
2024-11-04 05:00:00,1142
2024-11-04 06:00:00,3629
2024-11-04 07:00:00,8268
2024-11-04 08:00:00,11864
2024-11-04 09:00:00,8187
2024-11-04 10:00:00,5895
2024-11-04 11:00:00,5925
2024-11-04 12:00:00,6606
2024-11-04 13:00:00,6961
2024-11-04 14:00:00,7852
2024-11-04 15:00:00,9190
2024-11-04 16:00:00,10990
2024-11-04 17:00:00,13980
2024-11-04 18:00:00,12231
2024-11-04 19:00:00,8777
2024-11-04 20:00:00,6336
2024-11-04 21:00:00,4719
2024-11-04 22:00:00,3453
2024-11-04 23:00:00,2326
2024-11-05 00:00:00,1210
2024-11-05 01:00:00,590
2024-11-05 02:00:00,387
2024-11-05 03:00:00,247
2024-11-05 04:00:00,522
2024-11-05 05:00:00,1348
2024-11-05 06:00:00,4286
2024-11-05 07:00:00,8679
2024-11-05 08:00:00,12342
2024-11-05 09:00:00,9391
2024-11-05 10:00:00,6944
2024-11-05 11:00:00,7187
2024-11-05 12:00:00,8313
2024-11-05 13:00:00,8619
2024-11-05 14:00:00,9181
2024-11-05 15:00:00,10782
2024-11-05 16:00:00,12662
2024-11-05 17:00:00,15953
2024-11-05 18:00:00,14131
2024-11-05 19:00:00,10617
2024-11-05 20:00:00,7418
2024-11-05 21:00:00,5359
2024-11-05 22:00:00,4632
2024-11-05 23:00:00,3413
2024-11-06 00:00:00,2070
2024-11-06 01:00:00,972
2024-11-06 02:00:00,554
2024-11-06 03:00:00,383
2024-11-06 04:00:00,421
2024-11-06 05:00:00,1437
2024-11-06 06:00:00,4156
2024-11-06 07:00:00,9433
2024-11-06 08:00:00,14222
2024-11-06 09:00:00,9849
2024-11-06 10:00:00,6952
2024-11-06 11:00:00,6730
2024-11-06 12:00:00,7704
2024-11-06 13:00:00,8406
2024-11-06 14:00:00,9672
2024-11-06 15:00:00,11042
2024-11-06 16:00:00,13338
2024-11-06 17:00:00,17320
2024-11-06 18:00:00,15346
2024-11-06 19:00:00,11082
2024-11-06 20:00:00,8060
2024-11-06 21:00:00,6407
2024-11-06 22:00:00,5113
2024-11-06 23:00:00,3287
2024-11-07 00:00:00,1762
2024-11-07 01:00:00,815
2024-11-07 02:00:00,554
2024-11-07 03:00:00,335
2024-11-07 04:00:00,427
2024-11-07 05:00:00,1326
2024-11-07 06:00:00,4349
2024-11-07 07:00:00,9857
2024-11-07 08:00:00,14705
2024-11-07 09:00:00,10294
2024-11-07 10:00:00,7595
2024-11-07 11:00:00,7219
2024-11-07 12:00:00,8018
2024-11-07 13:00:00,8412
2024-11-07 14:00:00,9324
2024-11-07 15:00:00,10764
2024-11-07 16:00:00,12768
2024-11-07 17:00:00,16214
2024-11-07 18:00:00,14801
2024-11-07 19:00:00,10755
2024-11-07 20:00:00,7715
2024-11-07 21:00:00,5847
2024-11-07 22:00:00,4672
2024-11-07 23:00:00,3434
2024-11-08 00:00:00,1931
2024-11-08 01:00:00,1029
2024-11-08 02:00:00,648
2024-11-08 03:00:00,424
2024-11-08 04:00:00,469
2024-11-08 05:00:00,1149
2024-11-08 06:00:00,3602
2024-11-08 07:00:00,8026
2024-11-08 08:00:00,11257
2024-11-08 09:00:00,8873
2024-11-08 10:00:00,7263
2024-11-08 11:00:00,7715
2024-11-08 12:00:00,8757
2024-11-08 13:00:00,9591
2024-11-08 14:00:00,10538
2024-11-08 15:00:00,11910
2024-11-08 16:00:00,13432
2024-11-08 17:00:00,14298
2024-11-08 18:00:00,12942
2024-11-08 19:00:00,9989
2024-11-08 20:00:00,6739
2024-11-08 21:00:00,5298
2024-11-08 22:00:00,4642
2024-11-08 23:00:00,3996
2024-11-09 00:00:00,3028
2024-11-09 01:00:00,1944
2024-11-09 02:00:00,1309
2024-11-09 03:00:00,879
2024-11-09 04:00:00,510
2024-11-09 05:00:00,502
2024-11-09 06:00:00,1057
2024-11-09 07:00:00,2304
2024-11-09 08:00:00,4072
2024-11-09 09:00:00,6391
2024-11-09 10:00:00,8048
2024-11-09 11:00:00,9535
2024-11-09 12:00:00,10533
2024-11-09 13:00:00,10907
2024-11-09 14:00:00,11006
2024-11-09 15:00:00,11142
2024-11-09 16:00:00,10234
2024-11-09 17:00:00,8688
2024-11-09 18:00:00,7829
2024-11-09 19:00:00,7021
2024-11-09 20:00:00,5390
2024-11-09 21:00:00,4435
2024-11-09 22:00:00,4176
2024-11-09 23:00:00,3792
2024-11-10 00:00:00,2873
2024-11-10 01:00:00,1852
2024-11-10 02:00:00,1288
2024-11-10 03:00:00,896
2024-11-10 04:00:00,608
2024-11-10 05:00:00,497
2024-11-10 06:00:00,893
2024-11-10 07:00:00,1653
2024-11-10 08:00:00,3219
2024-11-10 09:00:00,5165
2024-11-10 10:00:00,7111
2024-11-10 11:00:00,8639
2024-11-10 12:00:00,9403
2024-11-10 13:00:00,9974
2024-11-10 14:00:00,9833
2024-11-10 15:00:00,9717
2024-11-10 16:00:00,8695
2024-11-10 17:00:00,7462
2024-11-10 18:00:00,6868
2024-11-10 19:00:00,5850
2024-11-10 20:00:00,4317
2024-11-10 21:00:00,3262
2024-11-10 22:00:00,1549
2024-11-10 23:00:00,1010
2024-11-11 00:00:00,930
2024-11-11 01:00:00,387
2024-11-11 02:00:00,299
2024-11-11 03:00:00,176
2024-11-11 04:00:00,295
2024-11-11 05:00:00,951
2024-11-11 06:00:00,2573
2024-11-11 07:00:00,5347
2024-11-11 08:00:00,8817
2024-11-11 09:00:00,7787
2024-11-11 10:00:00,6541
2024-11-11 11:00:00,6822
2024-11-11 12:00:00,7813
2024-11-11 13:00:00,8282
2024-11-11 14:00:00,9160
2024-11-11 15:00:00,10028
2024-11-11 16:00:00,11412
2024-11-11 17:00:00,12793
2024-11-11 18:00:00,11636
2024-11-11 19:00:00,8468
2024-11-11 20:00:00,6302
2024-11-11 21:00:00,4710
2024-11-11 22:00:00,3361
2024-11-11 23:00:00,2248
2024-11-12 00:00:00,1236
2024-11-12 01:00:00,612
2024-11-12 02:00:00,365
2024-11-12 03:00:00,256
2024-11-12 04:00:00,406
2024-11-12 05:00:00,1291
2024-11-12 06:00:00,3977
2024-11-12 07:00:00,8970
2024-11-12 08:00:00,13118
2024-11-12 09:00:00,8532
2024-11-12 10:00:00,5641
2024-11-12 11:00:00,5230
2024-11-12 12:00:00,5824
2024-11-12 13:00:00,6055
2024-11-12 14:00:00,6921
2024-11-12 15:00:00,8015
2024-11-12 16:00:00,9758
2024-11-12 17:00:00,12819
2024-11-12 18:00:00,11775
2024-11-12 19:00:00,7937
2024-11-12 20:00:00,5546
2024-11-12 21:00:00,4253
2024-11-12 22:00:00,2999
2024-11-12 23:00:00,1817
2024-11-13 00:00:00,981
2024-11-13 01:00:00,448
2024-11-13 02:00:00,270
2024-11-13 03:00:00,220
2024-11-13 04:00:00,306
2024-11-13 05:00:00,1103
2024-11-13 06:00:00,3422
2024-11-13 07:00:00,8175
2024-11-13 08:00:00,11940
2024-11-13 09:00:00,7941
2024-11-13 10:00:00,5176
2024-11-13 11:00:00,4975
2024-11-13 12:00:00,5777
2024-11-13 13:00:00,6130
2024-11-13 14:00:00,7052
2024-11-13 15:00:00,8139
2024-11-13 16:00:00,9858
2024-11-13 17:00:00,13030
2024-11-13 18:00:00,11879
2024-11-13 19:00:00,8463
2024-11-13 20:00:00,5908
2024-11-13 21:00:00,4613
2024-11-13 22:00:00,3693
2024-11-13 23:00:00,2198
2024-11-14 00:00:00,1220
2024-11-14 01:00:00,523
2024-11-14 02:00:00,344
2024-11-14 03:00:00,237
2024-11-14 04:00:00,293
2024-11-14 05:00:00,1043
2024-11-14 06:00:00,3298
2024-11-14 07:00:00,7896
2024-11-14 08:00:00,11705
2024-11-14 09:00:00,8057
2024-11-14 10:00:00,5348
2024-11-14 11:00:00,5152
2024-11-14 12:00:00,5714
2024-11-14 13:00:00,5974
2024-11-14 14:00:00,6806
2024-11-14 15:00:00,7915
2024-11-14 16:00:00,3557
2024-11-14 17:00:00,11858
2024-11-14 18:00:00,11120
2024-11-14 19:00:00,8240
2024-11-14 20:00:00,6020
2024-11-14 21:00:00,4722
2024-11-14 22:00:00,3740
2024-11-14 23:00:00,2882
2024-11-15 00:00:00,1696
2024-11-15 01:00:00,838
2024-11-15 02:00:00,462
2024-11-15 03:00:00,350
2024-11-15 04:00:00,362
2024-11-15 05:00:00,1021
2024-11-15 06:00:00,2979
2024-11-15 07:00:00,7019
2024-11-15 08:00:00,9891
2024-11-15 09:00:00,7726
2024-11-15 10:00:00,5726
2024-11-15 11:00:00,6001
2024-11-15 12:00:00,7001
2024-11-15 13:00:00,8023
2024-11-15 14:00:00,8816
2024-11-15 15:00:00,10366
2024-11-15 16:00:00,11380
2024-11-15 17:00:00,12404
2024-11-15 18:00:00,11071
2024-11-15 19:00:00,8911
2024-11-15 20:00:00,6337
2024-11-15 21:00:00,4765
2024-11-15 22:00:00,4070
2024-11-15 23:00:00,3439
2024-11-16 00:00:00,3320
2024-11-16 01:00:00,2338
2024-11-16 02:00:00,1334
2024-11-16 03:00:00,818
2024-11-16 04:00:00,573
2024-11-16 05:00:00,475
2024-11-16 06:00:00,1117
2024-11-16 07:00:00,2064
2024-11-16 08:00:00,3787
2024-11-16 09:00:00,5861
2024-11-16 10:00:00,7833
2024-11-16 11:00:00,9603
2024-11-16 12:00:00,10980
2024-11-16 13:00:00,11490
2024-11-16 14:00:00,11520
2024-11-16 15:00:00,11761
2024-11-16 16:00:00,10896
2024-11-16 17:00:00,9520
2024-11-16 18:00:00,8389
2024-11-16 19:00:00,7222
2024-11-16 20:00:00,5527
2024-11-16 21:00:00,4934
2024-11-16 22:00:00,4656
2024-11-16 23:00:00,4257
2024-11-17 00:00:00,2851
2024-11-17 01:00:00,2315
2024-11-17 02:00:00,1555
2024-11-17 03:00:00,932
2024-11-17 04:00:00,670
2024-11-17 05:00:00,513
2024-11-17 06:00:00,921
2024-11-17 07:00:00,1660
2024-11-17 08:00:00,2936
2024-11-17 09:00:00,5044
2024-11-17 10:00:00,7231
2024-11-17 11:00:00,9235
2024-11-17 12:00:00,10540
2024-11-17 13:00:00,10922
2024-11-17 14:00:00,11210
2024-11-17 15:00:00,11059
2024-11-17 16:00:00,10902
2024-11-17 17:00:00,8762
2024-11-17 18:00:00,7698
2024-11-17 19:00:00,5968
2024-11-17 20:00:00,4518
2024-11-17 21:00:00,3746
2024-11-17 22:00:00,2816
2024-11-17 23:00:00,1874
2024-11-18 00:00:00,1140
2024-11-18 01:00:00,579
2024-11-18 02:00:00,354
2024-11-18 03:00:00,260
2024-11-18 04:00:00,325
2024-11-18 05:00:00,1162
2024-11-18 06:00:00,3539
2024-11-18 07:00:00,7918
2024-11-18 08:00:00,12000
2024-11-18 09:00:00,8004
2024-11-18 10:00:00,5570
2024-11-18 11:00:00,5723
2024-11-18 12:00:00,6509
2024-11-18 13:00:00,7208
2024-11-18 14:00:00,8194
2024-11-18 15:00:00,9412
2024-11-18 16:00:00,11028
2024-11-18 17:00:00,14003
2024-11-18 18:00:00,12859
2024-11-18 19:00:00,8943
2024-11-18 20:00:00,6214
2024-11-18 21:00:00,4717
2024-11-18 22:00:00,3539
2024-11-18 23:00:00,2152
2024-11-19 00:00:00,1110
2024-11-19 01:00:00,574
2024-11-19 02:00:00,333
2024-11-19 03:00:00,222
2024-11-19 04:00:00,327
2024-11-19 05:00:00,1288
2024-11-19 06:00:00,3857
2024-11-19 07:00:00,8930
2024-11-19 08:00:00,13309
2024-11-19 09:00:00,8904
2024-11-19 10:00:00,6132
2024-11-19 11:00:00,5679
2024-11-19 12:00:00,6352
2024-11-19 13:00:00,6659
2024-11-19 14:00:00,7619
2024-11-19 15:00:00,9096
2024-11-19 16:00:00,10719
2024-11-19 17:00:00,14377
2024-11-19 18:00:00,13293
2024-11-19 19:00:00,9616
2024-11-19 20:00:00,6767
2024-11-19 21:00:00,5231
2024-11-19 22:00:00,3951
2024-11-19 23:00:00,2463
2024-11-20 00:00:00,1309
2024-11-20 01:00:00,631
2024-11-20 02:00:00,382
2024-11-20 03:00:00,244
2024-11-20 04:00:00,345
2024-11-20 05:00:00,1289
2024-11-20 06:00:00,3861
2024-11-20 07:00:00,9048
2024-11-20 08:00:00,13565
2024-11-20 09:00:00,9467
2024-11-20 10:00:00,6493
2024-11-20 11:00:00,5920
2024-11-20 12:00:00,6756
2024-11-20 13:00:00,7080
2024-11-20 14:00:00,7916
2024-11-20 15:00:00,9264
2024-11-20 16:00:00,10864
2024-11-20 17:00:00,14430
2024-11-20 18:00:00,13531
2024-11-20 19:00:00,9993
2024-11-20 20:00:00,7236
2024-11-20 21:00:00,5634
2024-11-20 22:00:00,4514
2024-11-20 23:00:00,2771
2024-11-21 00:00:00,1471
2024-11-21 01:00:00,306
2024-11-21 02:00:00,142
2024-11-21 03:00:00,129
2024-11-21 04:00:00,124
2024-11-21 05:00:00,467
2024-11-21 06:00:00,1941
2024-11-21 07:00:00,4693
2024-11-21 08:00:00,8029
2024-11-21 09:00:00,4916
2024-11-21 10:00:00,1982
2024-11-21 11:00:00,2225
2024-11-21 12:00:00,3269
2024-11-21 13:00:00,2765
2024-11-21 14:00:00,3176
2024-11-21 15:00:00,4183
2024-11-21 16:00:00,3850
2024-11-21 17:00:00,3654
2024-11-21 18:00:00,3070
2024-11-21 19:00:00,2439
2024-11-21 20:00:00,1709
2024-11-21 21:00:00,1220
2024-11-21 22:00:00,861
2024-11-21 23:00:00,706
2024-11-22 00:00:00,500
2024-11-22 01:00:00,351
2024-11-22 02:00:00,219
2024-11-22 03:00:00,198
2024-11-22 04:00:00,261
2024-11-22 05:00:00,632
2024-11-22 06:00:00,1521
2024-11-22 07:00:00,3912
2024-11-22 08:00:00,5230
2024-11-22 09:00:00,4797
2024-11-22 10:00:00,4161
2024-11-22 11:00:00,4396
2024-11-22 12:00:00,4995
2024-11-22 13:00:00,4264
2024-11-22 14:00:00,4859
2024-11-22 15:00:00,5736
2024-11-22 16:00:00,4628
2024-11-22 17:00:00,3578
2024-11-22 18:00:00,2690
2024-11-22 19:00:00,2141
2024-11-22 20:00:00,1616
2024-11-22 21:00:00,1277
2024-11-22 22:00:00,1365
2024-11-22 23:00:00,1397
2024-11-23 00:00:00,1364
2024-11-23 01:00:00,914
2024-11-23 02:00:00,709
2024-11-23 03:00:00,495
2024-11-23 04:00:00,429
2024-11-23 05:00:00,407
2024-11-23 06:00:00,890
2024-11-23 07:00:00,1607
2024-11-23 08:00:00,3186
2024-11-23 09:00:00,4940
2024-11-23 10:00:00,6464
2024-11-23 11:00:00,7387
2024-11-23 12:00:00,7772
2024-11-23 13:00:00,8062
2024-11-23 14:00:00,8009
2024-11-23 15:00:00,8179
2024-11-23 16:00:00,7467
2024-11-23 17:00:00,6355
2024-11-23 18:00:00,5821
2024-11-23 19:00:00,5199
2024-11-23 20:00:00,4011
2024-11-23 21:00:00,3600
2024-11-23 22:00:00,3273
2024-11-23 23:00:00,3130
2024-11-24 00:00:00,2453
2024-11-24 01:00:00,1833
2024-11-24 02:00:00,1125
2024-11-24 03:00:00,775
2024-11-24 04:00:00,499
2024-11-24 05:00:00,472
2024-11-24 06:00:00,843
2024-11-24 07:00:00,1601
2024-11-24 08:00:00,2489
2024-11-24 09:00:00,4126
2024-11-24 10:00:00,5748
2024-11-24 11:00:00,7139
2024-11-24 12:00:00,7691
2024-11-24 13:00:00,8085
2024-11-24 14:00:00,8178
2024-11-24 15:00:00,8262
2024-11-24 16:00:00,7903
2024-11-24 17:00:00,6635
2024-11-24 18:00:00,5267
2024-11-24 19:00:00,4417
2024-11-24 20:00:00,3410
2024-11-24 21:00:00,3114
2024-11-24 22:00:00,2325
2024-11-24 23:00:00,1724
2024-11-25 00:00:00,1057
2024-11-25 01:00:00,586
2024-11-25 02:00:00,367
2024-11-25 03:00:00,289
2024-11-25 04:00:00,331
2024-11-25 05:00:00,1105
2024-11-25 06:00:00,2963
2024-11-25 07:00:00,6649
2024-11-25 08:00:00,9819
2024-11-25 09:00:00,6708
2024-11-25 10:00:00,4935
2024-11-25 11:00:00,5169
2024-11-25 12:00:00,5817
2024-11-25 13:00:00,6337
2024-11-25 14:00:00,7426
2024-11-25 15:00:00,8777
2024-11-25 16:00:00,9730
2024-11-25 17:00:00,11801
2024-11-25 18:00:00,10680
2024-11-25 19:00:00,7625
2024-11-25 20:00:00,5556
2024-11-25 21:00:00,4395
2024-11-25 22:00:00,3120
2024-11-25 23:00:00,2150
2024-11-26 00:00:00,1288
2024-11-26 01:00:00,676
2024-11-26 02:00:00,406
2024-11-26 03:00:00,302
2024-11-26 04:00:00,375
2024-11-26 05:00:00,1187
2024-11-26 06:00:00,3156
2024-11-26 07:00:00,4969
2024-11-26 08:00:00,3422
2024-11-26 09:00:00,2566
2024-11-26 10:00:00,2571
2024-11-26 11:00:00,3789
2024-11-26 12:00:00,5106
2024-11-26 13:00:00,6219
2024-11-26 14:00:00,7524
2024-11-26 15:00:00,9035
2024-11-26 16:00:00,9857
2024-11-26 17:00:00,11601
2024-11-26 18:00:00,10105
2024-11-26 19:00:00,7376
2024-11-26 20:00:00,5279
2024-11-26 21:00:00,3867
2024-11-26 22:00:00,3239
2024-11-26 23:00:00,2209
2024-11-27 00:00:00,1423
2024-11-27 01:00:00,797
2024-11-27 02:00:00,477
2024-11-27 03:00:00,311
2024-11-27 04:00:00,355
2024-11-27 05:00:00,936
2024-11-27 06:00:00,2518
2024-11-27 07:00:00,5008
2024-11-27 08:00:00,7230
2024-11-27 09:00:00,6138
2024-11-27 10:00:00,5192
2024-11-27 11:00:00,5873
2024-11-27 12:00:00,6938
2024-11-27 13:00:00,7416
2024-11-27 14:00:00,9238
2024-11-27 15:00:00,9723
2024-11-27 16:00:00,9774
2024-11-27 17:00:00,8631
2024-11-27 18:00:00,7356
2024-11-27 19:00:00,5622
2024-11-27 20:00:00,4058
2024-11-27 21:00:00,3434
2024-11-27 22:00:00,2866
2024-11-27 23:00:00,2239
2024-11-28 00:00:00,1670
2024-11-28 01:00:00,1115
2024-11-28 02:00:00,819
2024-11-28 03:00:00,564
2024-11-28 04:00:00,417
2024-11-28 05:00:00,223
2024-11-28 06:00:00,314
2024-11-28 07:00:00,496
2024-11-28 08:00:00,621
2024-11-28 09:00:00,587
2024-11-28 10:00:00,589
2024-11-28 11:00:00,736
2024-11-28 12:00:00,940
2024-11-28 13:00:00,1569
2024-11-28 14:00:00,2072
2024-11-28 15:00:00,2268
2024-11-28 16:00:00,2114
2024-11-28 17:00:00,1726
2024-11-28 18:00:00,1499
2024-11-28 19:00:00,1357
2024-11-28 20:00:00,1298
2024-11-28 21:00:00,1363
2024-11-28 22:00:00,1467
2024-11-28 23:00:00,1288
2024-11-29 00:00:00,884
2024-11-29 01:00:00,593
2024-11-29 02:00:00,338
2024-11-29 03:00:00,245
2024-11-29 04:00:00,224
2024-11-29 05:00:00,360
2024-11-29 06:00:00,878
2024-11-29 07:00:00,1493
2024-11-29 08:00:00,2058
2024-11-29 09:00:00,2675
2024-11-29 10:00:00,3230
2024-11-29 11:00:00,3959
2024-11-29 12:00:00,4624
2024-11-29 13:00:00,5038
2024-11-29 14:00:00,5258
2024-11-29 15:00:00,5151
2024-11-29 16:00:00,4344
2024-11-29 17:00:00,3849
2024-11-29 18:00:00,3656
2024-11-29 19:00:00,3074
2024-11-29 20:00:00,2397
2024-11-29 21:00:00,2092
2024-11-29 22:00:00,1895
2024-11-29 23:00:00,1491
2024-11-30 00:00:00,1127
2024-11-30 01:00:00,755
2024-11-30 02:00:00,491
2024-11-30 03:00:00,375
2024-11-30 04:00:00,255
2024-11-30 05:00:00,248
2024-11-30 06:00:00,557
2024-11-30 07:00:00,1067
2024-11-30 08:00:00,1742
2024-11-30 09:00:00,2779
2024-11-30 10:00:00,3639
2024-11-30 11:00:00,4328
2024-11-30 12:00:00,4645
2024-11-30 13:00:00,4930
2024-11-30 14:00:00,5005
2024-11-30 15:00:00,5163
2024-11-30 16:00:00,4699
2024-11-30 17:00:00,3957
2024-11-30 18:00:00,3553
2024-11-30 19:00:00,3407
2024-11-30 20:00:00,2449
2024-11-30 21:00:00,1909
2024-11-30 22:00:00,1814
2024-11-30 23:00:00,1591
2024-12-01 00:00:00,1210
2024-12-01 01:00:00,856
2024-12-01 02:00:00,491
2024-12-01 03:00:00,371
2024-12-01 04:00:00,255
2024-12-01 05:00:00,261
2024-12-01 06:00:00,505
2024-12-01 07:00:00,900
2024-12-01 08:00:00,1568
2024-12-01 09:00:00,2577
2024-12-01 10:00:00,3418
2024-12-01 11:00:00,3972
2024-12-01 12:00:00,4237
2024-12-01 13:00:00,4753
2024-12-01 14:00:00,5033
2024-12-01 15:00:00,5201
2024-12-01 16:00:00,4888
2024-12-01 17:00:00,4204
2024-12-01 18:00:00,3815
2024-12-01 19:00:00,2976
2024-12-01 20:00:00,2328
2024-12-01 21:00:00,1802
2024-12-01 22:00:00,1414
2024-12-01 23:00:00,1033
2024-12-02 00:00:00,582
2024-12-02 01:00:00,368
2024-12-02 02:00:00,232
2024-12-02 03:00:00,185
2024-12-02 04:00:00,248
2024-12-02 05:00:00,899
2024-12-02 06:00:00,2592
2024-12-02 07:00:00,5723
2024-12-02 08:00:00,8258
2024-12-02 09:00:00,5453
2024-12-02 10:00:00,3704
2024-12-02 11:00:00,3601
2024-12-02 12:00:00,3956
2024-12-02 13:00:00,4366
2024-12-02 14:00:00,5269
2024-12-02 15:00:00,6177
2024-12-02 16:00:00,7088
2024-12-02 17:00:00,9095
2024-12-02 18:00:00,8100
2024-12-02 19:00:00,5581
2024-12-02 20:00:00,4052
2024-12-02 21:00:00,2850
2024-12-02 22:00:00,1886
2024-12-02 23:00:00,1293
2024-12-03 00:00:00,702
2024-12-03 01:00:00,356
2024-12-03 02:00:00,255
2024-12-03 03:00:00,169
2024-12-03 04:00:00,297
2024-12-03 05:00:00,1081
2024-12-03 06:00:00,2926
2024-12-03 07:00:00,6560
2024-12-03 08:00:00,10023
2024-12-03 09:00:00,6645
2024-12-03 10:00:00,4338
2024-12-03 11:00:00,4051
2024-12-03 12:00:00,4481
2024-12-03 13:00:00,4774
2024-12-03 14:00:00,5402
2024-12-03 15:00:00,6535
2024-12-03 16:00:00,7834
2024-12-03 17:00:00,10146
2024-12-03 18:00:00,8996
2024-12-03 19:00:00,6554
2024-12-03 20:00:00,4268
2024-12-03 21:00:00,3224
2024-12-03 22:00:00,2454
2024-12-03 23:00:00,1458
2024-12-04 00:00:00,806
2024-12-04 01:00:00,387
2024-12-04 02:00:00,213
2024-12-04 03:00:00,183
2024-12-04 04:00:00,253
2024-12-04 05:00:00,992
2024-12-04 06:00:00,2901
2024-12-04 07:00:00,6444
2024-12-04 08:00:00,9952
2024-12-04 09:00:00,6986
2024-12-04 10:00:00,4451
2024-12-04 11:00:00,4264
2024-12-04 12:00:00,4503
2024-12-04 13:00:00,4822
2024-12-04 14:00:00,5682
2024-12-04 15:00:00,6613
2024-12-04 16:00:00,7618
2024-12-04 17:00:00,10015
2024-12-04 18:00:00,9555
2024-12-04 19:00:00,6659
2024-12-04 20:00:00,4463
2024-12-04 21:00:00,3389
2024-12-04 22:00:00,2858
2024-12-04 23:00:00,1419
2024-12-05 00:00:00,496
2024-12-05 01:00:00,272
2024-12-05 02:00:00,204
2024-12-05 03:00:00,162
2024-12-05 04:00:00,241
2024-12-05 05:00:00,905
2024-12-05 06:00:00,1845
2024-12-05 07:00:00,5284
2024-12-05 08:00:00,8947
2024-12-05 09:00:00,6753
2024-12-05 10:00:00,4163
2024-12-05 11:00:00,3891
2024-12-05 12:00:00,4258
2024-12-05 13:00:00,4491
2024-12-05 14:00:00,5189
2024-12-05 15:00:00,5943
2024-12-05 16:00:00,6982
2024-12-05 17:00:00,9174
2024-12-05 18:00:00,8622
2024-12-05 19:00:00,6204
2024-12-05 20:00:00,4175
2024-12-05 21:00:00,3043
2024-12-05 22:00:00,2573
2024-12-05 23:00:00,1949
2024-12-06 00:00:00,1159
2024-12-06 01:00:00,585
2024-12-06 02:00:00,325
2024-12-06 03:00:00,237
2024-12-06 04:00:00,287
2024-12-06 05:00:00,825
2024-12-06 06:00:00,2174
2024-12-06 07:00:00,5091
2024-12-06 08:00:00,7368
2024-12-06 09:00:00,5529
2024-12-06 10:00:00,4099
2024-12-06 11:00:00,4180
2024-12-06 12:00:00,4849
2024-12-06 13:00:00,5167
2024-12-06 14:00:00,5866
2024-12-06 15:00:00,6438
2024-12-06 16:00:00,7250
2024-12-06 17:00:00,7972
2024-12-06 18:00:00,7193
2024-12-06 19:00:00,5436
2024-12-06 20:00:00,3731
2024-12-06 21:00:00,2858
2024-12-06 22:00:00,2422
2024-12-06 23:00:00,2234
2024-12-07 00:00:00,1880
2024-12-07 01:00:00,1257
2024-12-07 02:00:00,792
2024-12-07 03:00:00,477
2024-12-07 04:00:00,331
2024-12-07 05:00:00,380
2024-12-07 06:00:00,727
2024-12-07 07:00:00,1484
2024-12-07 08:00:00,2517
2024-12-07 09:00:00,3920
2024-12-07 10:00:00,5089
2024-12-07 11:00:00,5937
2024-12-07 12:00:00,6628
2024-12-07 13:00:00,6937
2024-12-07 14:00:00,6928
2024-12-07 15:00:00,7025
2024-12-07 16:00:00,6489
2024-12-07 17:00:00,5635
2024-12-07 18:00:00,5378
2024-12-07 19:00:00,4631
2024-12-07 20:00:00,3644
2024-12-07 21:00:00,2847
2024-12-07 22:00:00,2769
2024-12-07 23:00:00,2711
2024-12-08 00:00:00,2280
2024-12-08 01:00:00,1550
2024-12-08 02:00:00,986
2024-12-08 03:00:00,637
2024-12-08 04:00:00,378
2024-12-08 05:00:00,368
2024-12-08 06:00:00,619
2024-12-08 07:00:00,1158
2024-12-08 08:00:00,1993
2024-12-08 09:00:00,3399
2024-12-08 10:00:00,5135
2024-12-08 11:00:00,6562
2024-12-08 12:00:00,7824
2024-12-08 13:00:00,8317
2024-12-08 14:00:00,8577
2024-12-08 15:00:00,8557
2024-12-08 16:00:00,8245
2024-12-08 17:00:00,6900
2024-12-08 18:00:00,6049
2024-12-08 19:00:00,4872
2024-12-08 20:00:00,3682
2024-12-08 21:00:00,2935
2024-12-08 22:00:00,2414
2024-12-08 23:00:00,1628
2024-12-09 00:00:00,997
2024-12-09 01:00:00,493
2024-12-09 02:00:00,309
2024-12-09 03:00:00,202
2024-12-09 04:00:00,312
2024-12-09 05:00:00,1083
2024-12-09 06:00:00,3071
2024-12-09 07:00:00,6861
2024-12-09 08:00:00,10371
2024-12-09 09:00:00,7057
2024-12-09 10:00:00,4897
2024-12-09 11:00:00,4572
2024-12-09 12:00:00,3507
2024-12-09 13:00:00,1959
2024-12-09 14:00:00,2002
2024-12-09 15:00:00,3611
2024-12-09 16:00:00,4053
2024-12-09 17:00:00,5916
2024-12-09 18:00:00,7941
2024-12-09 19:00:00,6190
2024-12-09 20:00:00,4525
2024-12-09 21:00:00,3650
2024-12-09 22:00:00,2666
2024-12-09 23:00:00,1794
2024-12-10 00:00:00,1005
2024-12-10 01:00:00,482
2024-12-10 02:00:00,276
2024-12-10 03:00:00,209
2024-12-10 04:00:00,326
2024-12-10 05:00:00,1162
2024-12-10 06:00:00,3305
2024-12-10 07:00:00,7369
2024-12-10 08:00:00,10913
2024-12-10 09:00:00,7307
2024-12-10 10:00:00,4682
2024-12-10 11:00:00,4418
2024-12-10 12:00:00,4844
2024-12-10 13:00:00,4083
2024-12-10 14:00:00,4591
2024-12-10 15:00:00,5434
2024-12-10 16:00:00,6494
2024-12-10 17:00:00,9763
2024-12-10 18:00:00,9193
2024-12-10 19:00:00,5806
2024-12-10 20:00:00,2287
2024-12-10 21:00:00,1594
2024-12-10 22:00:00,1518
2024-12-10 23:00:00,1383
2024-12-11 00:00:00,882
2024-12-11 01:00:00,226
2024-12-11 02:00:00,180
2024-12-11 03:00:00,133
2024-12-11 04:00:00,232
2024-12-11 05:00:00,678
2024-12-11 06:00:00,2030
2024-12-11 07:00:00,4914
2024-12-11 08:00:00,8011
2024-12-11 09:00:00,6320
2024-12-11 10:00:00,4196
2024-12-11 11:00:00,4028
2024-12-11 12:00:00,1509
2024-12-11 13:00:00,1719
2024-12-11 14:00:00,3046
2024-12-11 15:00:00,4155
2024-12-11 16:00:00,3959
2024-12-11 17:00:00,5120
2024-12-11 18:00:00,4124
2024-12-11 19:00:00,2940
2024-12-11 20:00:00,2024
2024-12-11 21:00:00,2288
2024-12-11 22:00:00,2441
2024-12-11 23:00:00,1720
2024-12-12 00:00:00,1106
2024-12-12 01:00:00,518
2024-12-12 02:00:00,341
2024-12-12 03:00:00,213
2024-12-12 04:00:00,279
2024-12-12 05:00:00,999
2024-12-12 06:00:00,2791
2024-12-12 07:00:00,6496
2024-12-12 08:00:00,9679
2024-12-12 09:00:00,6698
2024-12-12 10:00:00,4312
2024-12-12 11:00:00,4181
2024-12-12 12:00:00,4109
2024-12-12 13:00:00,3493
2024-12-12 14:00:00,3535
2024-12-12 15:00:00,3867
2024-12-12 16:00:00,4865
2024-12-12 17:00:00,8764
2024-12-12 18:00:00,8612
2024-12-12 19:00:00,6083
2024-12-12 20:00:00,4308
2024-12-12 21:00:00,3429
2024-12-12 22:00:00,2827
2024-12-12 23:00:00,2205
2024-12-13 00:00:00,1466
2024-12-13 01:00:00,762
2024-12-13 02:00:00,433
2024-12-13 03:00:00,276
2024-12-13 04:00:00,295
2024-12-13 05:00:00,830
2024-12-13 06:00:00,2054
2024-12-13 07:00:00,5000
2024-12-13 08:00:00,7133
2024-12-13 09:00:00,5406
2024-12-13 10:00:00,4180
2024-12-13 11:00:00,4263
2024-12-13 12:00:00,4786
2024-12-13 13:00:00,5356
2024-12-13 14:00:00,5858
2024-12-13 15:00:00,6795
2024-12-13 16:00:00,7238
2024-12-13 17:00:00,8065
2024-12-13 18:00:00,7076
2024-12-13 19:00:00,5489
2024-12-13 20:00:00,3787
2024-12-13 21:00:00,2769
2024-12-13 22:00:00,2367
2024-12-13 23:00:00,2356
2024-12-14 00:00:00,1838
2024-12-14 01:00:00,1220
2024-12-14 02:00:00,770
2024-12-14 03:00:00,512
2024-12-14 04:00:00,364
2024-12-14 05:00:00,355
2024-12-14 06:00:00,713
2024-12-14 07:00:00,1424
2024-12-14 08:00:00,2266
2024-12-14 09:00:00,3657
2024-12-14 10:00:00,4817
2024-12-14 11:00:00,5589
2024-12-14 12:00:00,6128
2024-12-14 13:00:00,6576
2024-12-14 14:00:00,6365
2024-12-14 15:00:00,6524
2024-12-14 16:00:00,6172
2024-12-14 17:00:00,5245
2024-12-14 18:00:00,5060
2024-12-14 19:00:00,4343
2024-12-14 20:00:00,3345
2024-12-14 21:00:00,2589
2024-12-14 22:00:00,2336
2024-12-14 23:00:00,2396
2024-12-15 00:00:00,2114
2024-12-15 01:00:00,1347
2024-12-15 02:00:00,918
2024-12-15 03:00:00,517
2024-12-15 04:00:00,377
2024-12-15 05:00:00,273
2024-12-15 06:00:00,564
2024-12-15 07:00:00,998
2024-12-15 08:00:00,1833
2024-12-15 09:00:00,3128
2024-12-15 10:00:00,4333
2024-12-15 11:00:00,5405
2024-12-15 12:00:00,5939
2024-12-15 13:00:00,6196
2024-12-15 14:00:00,6121
2024-12-15 15:00:00,6107
2024-12-15 16:00:00,6128
2024-12-15 17:00:00,5219
2024-12-15 18:00:00,4707
2024-12-15 19:00:00,3915
2024-12-15 20:00:00,3087
2024-12-15 21:00:00,2464
2024-12-15 22:00:00,1758
2024-12-15 23:00:00,738
2024-12-16 00:00:00,415
2024-12-16 01:00:00,221
2024-12-16 02:00:00,145
2024-12-16 03:00:00,97
2024-12-16 04:00:00,206
2024-12-16 05:00:00,416
2024-12-16 06:00:00,1171
2024-12-16 07:00:00,2559
2024-12-16 08:00:00,3249
2024-12-16 09:00:00,2962
2024-12-16 10:00:00,2249
2024-12-16 11:00:00,2299
2024-12-16 12:00:00,2089
2024-12-16 13:00:00,1589
2024-12-16 14:00:00,1744
2024-12-16 15:00:00,2505
2024-12-16 16:00:00,4443
2024-12-16 17:00:00,6919
2024-12-16 18:00:00,7316
2024-12-16 19:00:00,5557
2024-12-16 20:00:00,4072
2024-12-16 21:00:00,2907
2024-12-16 22:00:00,1831
2024-12-16 23:00:00,877
2024-12-17 00:00:00,699
2024-12-17 01:00:00,372
2024-12-17 02:00:00,329
2024-12-17 03:00:00,210
2024-12-17 04:00:00,283
2024-12-17 05:00:00,1067
2024-12-17 06:00:00,2970
2024-12-17 07:00:00,6553
2024-12-17 08:00:00,10072
2024-12-17 09:00:00,7138
2024-12-17 10:00:00,4987
2024-12-17 11:00:00,4814
2024-12-17 12:00:00,5514
2024-12-17 13:00:00,6333
2024-12-17 14:00:00,7427
2024-12-17 15:00:00,8716
2024-12-17 16:00:00,9792
2024-12-17 17:00:00,12387
2024-12-17 18:00:00,11005
2024-12-17 19:00:00,8141
2024-12-17 20:00:00,5739
2024-12-17 21:00:00,4396
2024-12-17 22:00:00,3448
2024-12-17 23:00:00,2294
2024-12-18 00:00:00,1372
2024-12-18 01:00:00,683
2024-12-18 02:00:00,381
2024-12-18 03:00:00,266
2024-12-18 04:00:00,331
2024-12-18 05:00:00,1075
2024-12-18 06:00:00,2961
2024-12-18 07:00:00,6637
2024-12-18 08:00:00,10478
2024-12-18 09:00:00,7493
2024-12-18 10:00:00,5166
2024-12-18 11:00:00,5409
2024-12-18 12:00:00,5978
2024-12-18 13:00:00,6521
2024-12-18 14:00:00,7359
2024-12-18 15:00:00,8246
2024-12-18 16:00:00,9193
2024-12-18 17:00:00,11147
2024-12-18 18:00:00,4948
2024-12-18 19:00:00,2613
2024-12-18 20:00:00,2626
2024-12-18 21:00:00,2056
2024-12-18 22:00:00,1530
2024-12-18 23:00:00,1010
2024-12-19 00:00:00,555
2024-12-19 01:00:00,414
2024-12-19 02:00:00,352
2024-12-19 03:00:00,226
2024-12-19 04:00:00,315
2024-12-19 05:00:00,961
2024-12-19 06:00:00,2668
2024-12-19 07:00:00,6122
2024-12-19 08:00:00,8880
2024-12-19 09:00:00,6594
2024-12-19 10:00:00,4622
2024-12-19 11:00:00,4804
2024-12-19 12:00:00,5212
2024-12-19 13:00:00,5644
2024-12-19 14:00:00,6379
2024-12-19 15:00:00,7247
2024-12-19 16:00:00,8110
2024-12-19 17:00:00,9584
2024-12-19 18:00:00,8551
2024-12-19 19:00:00,6298
2024-12-19 20:00:00,4470
2024-12-19 21:00:00,3324
2024-12-19 22:00:00,2817
2024-12-19 23:00:00,2209
2024-12-20 00:00:00,1338
2024-12-20 01:00:00,804
2024-12-20 02:00:00,482
2024-12-20 03:00:00,312
2024-12-20 04:00:00,322
2024-12-20 05:00:00,858
2024-12-20 06:00:00,2133
2024-12-20 07:00:00,4565
2024-12-20 08:00:00,6528
2024-12-20 09:00:00,5106
2024-12-20 10:00:00,4264
2024-12-20 11:00:00,4308
2024-12-20 12:00:00,4811
2024-12-20 13:00:00,4044
2024-12-20 14:00:00,3506
2024-12-20 15:00:00,4271
2024-12-20 16:00:00,5111
2024-12-20 17:00:00,5902
2024-12-20 18:00:00,5373
2024-12-20 19:00:00,4384
2024-12-20 20:00:00,3117
2024-12-20 21:00:00,2490
2024-12-20 22:00:00,1930
2024-12-20 23:00:00,1700
2024-12-21 00:00:00,1234
2024-12-21 01:00:00,828
2024-12-21 02:00:00,463
2024-12-21 03:00:00,298
2024-12-21 04:00:00,201
2024-12-21 05:00:00,189
2024-12-21 06:00:00,272
2024-12-21 07:00:00,521
2024-12-21 08:00:00,1046
2024-12-21 09:00:00,1658
2024-12-21 10:00:00,2250
2024-12-21 11:00:00,2624
2024-12-21 12:00:00,2877
2024-12-21 13:00:00,3129
2024-12-21 14:00:00,3265
2024-12-21 15:00:00,3352
2024-12-21 16:00:00,3174
2024-12-21 17:00:00,2554
2024-12-21 18:00:00,2227
2024-12-21 19:00:00,1945
2024-12-21 20:00:00,1463
2024-12-21 21:00:00,1171
2024-12-21 22:00:00,1070
2024-12-21 23:00:00,943
2024-12-22 00:00:00,725
2024-12-22 01:00:00,413
2024-12-22 02:00:00,321
2024-12-22 03:00:00,227
2024-12-22 04:00:00,177
2024-12-22 05:00:00,160
2024-12-22 06:00:00,348
2024-12-22 07:00:00,561
2024-12-22 08:00:00,1015
2024-12-22 09:00:00,1534
2024-12-22 10:00:00,1991
2024-12-22 11:00:00,2390
2024-12-22 12:00:00,2563
2024-12-22 13:00:00,2527
2024-12-22 14:00:00,2573
2024-12-22 15:00:00,2675
2024-12-22 16:00:00,2545
2024-12-22 17:00:00,2188
2024-12-22 18:00:00,1831
2024-12-22 19:00:00,1436
2024-12-22 20:00:00,1141
2024-12-22 21:00:00,877
2024-12-22 22:00:00,760
2024-12-22 23:00:00,609
2024-12-23 00:00:00,379
2024-12-23 01:00:00,204
2024-12-23 02:00:00,148
2024-12-23 03:00:00,100
2024-12-23 04:00:00,144
2024-12-23 05:00:00,448
2024-12-23 06:00:00,923
2024-12-23 07:00:00,1506
2024-12-23 08:00:00,2321
2024-12-23 09:00:00,2254
2024-12-23 10:00:00,2048
2024-12-23 11:00:00,2511
2024-12-23 12:00:00,2723
2024-12-23 13:00:00,3000
2024-12-23 14:00:00,3380
2024-12-23 15:00:00,3593
2024-12-23 16:00:00,3904
2024-12-23 17:00:00,3868
2024-12-23 18:00:00,3229
2024-12-23 19:00:00,2514
2024-12-23 20:00:00,1855
2024-12-23 21:00:00,1371
2024-12-23 22:00:00,1167
2024-12-23 23:00:00,877
2024-12-24 00:00:00,546
2024-12-24 01:00:00,312
2024-12-24 02:00:00,204
2024-12-24 03:00:00,152
2024-12-24 04:00:00,196
2024-12-24 05:00:00,377
2024-12-24 06:00:00,901
2024-12-24 07:00:00,1147
2024-12-24 08:00:00,776
2024-12-24 09:00:00,1019
2024-12-24 10:00:00,1304
2024-12-24 11:00:00,1751
2024-12-24 12:00:00,2287
2024-12-24 13:00:00,2838
2024-12-24 14:00:00,3048
2024-12-24 15:00:00,3332
2024-12-24 16:00:00,3093
2024-12-24 17:00:00,2481
2024-12-24 18:00:00,1935
2024-12-24 19:00:00,1475
2024-12-24 20:00:00,1096
2024-12-24 21:00:00,944
2024-12-24 22:00:00,883
2024-12-24 23:00:00,738
2024-12-25 00:00:00,515
2024-12-25 01:00:00,384
2024-12-25 02:00:00,239
2024-12-25 03:00:00,147
2024-12-25 04:00:00,96
2024-12-25 05:00:00,154
2024-12-25 06:00:00,318
2024-12-25 07:00:00,498
2024-12-25 08:00:00,666
2024-12-25 09:00:00,848
2024-12-25 10:00:00,1111
2024-12-25 11:00:00,1365
2024-12-25 12:00:00,1512
2024-12-25 13:00:00,1529
2024-12-25 14:00:00,1660
2024-12-25 15:00:00,1865
2024-12-25 16:00:00,1683
2024-12-25 17:00:00,1265
2024-12-25 18:00:00,1268
2024-12-25 19:00:00,1115
2024-12-25 20:00:00,944
2024-12-25 21:00:00,900
2024-12-25 22:00:00,809
2024-12-25 23:00:00,680
2024-12-26 00:00:00,456
2024-12-26 01:00:00,276
2024-12-26 02:00:00,145
2024-12-26 03:00:00,119
2024-12-26 04:00:00,136
2024-12-26 05:00:00,349
2024-12-26 06:00:00,836
2024-12-26 07:00:00,1290
2024-12-26 08:00:00,1748
2024-12-26 09:00:00,1898
2024-12-26 10:00:00,1947
2024-12-26 11:00:00,2279
2024-12-26 12:00:00,2730
2024-12-26 13:00:00,3041
2024-12-26 14:00:00,3273
2024-12-26 15:00:00,3554
2024-12-26 16:00:00,3786
2024-12-26 17:00:00,3578
2024-12-26 18:00:00,3027
2024-12-26 19:00:00,2425
2024-12-26 20:00:00,1908
2024-12-26 21:00:00,1524
2024-12-26 22:00:00,1328
2024-12-26 23:00:00,1045
2024-12-27 00:00:00,691
2024-12-27 01:00:00,399
2024-12-27 02:00:00,284
2024-12-27 03:00:00,152
2024-12-27 04:00:00,183
2024-12-27 05:00:00,451
2024-12-27 06:00:00,1012
2024-12-27 07:00:00,1519
2024-12-27 08:00:00,2065
2024-12-27 09:00:00,2389
2024-12-27 10:00:00,2544
2024-12-27 11:00:00,2977
2024-12-27 12:00:00,3437
2024-12-27 13:00:00,4051
2024-12-27 14:00:00,4230
2024-12-27 15:00:00,4496
2024-12-27 16:00:00,4683
2024-12-27 17:00:00,4249
2024-12-27 18:00:00,3667
2024-12-27 19:00:00,3039
2024-12-27 20:00:00,2312
2024-12-27 21:00:00,1991
2024-12-27 22:00:00,1874
2024-12-27 23:00:00,1409
2024-12-28 00:00:00,1120
2024-12-28 01:00:00,592
2024-12-28 02:00:00,341
2024-12-28 03:00:00,216
2024-12-28 04:00:00,138
2024-12-28 05:00:00,146
2024-12-28 06:00:00,274
2024-12-28 07:00:00,538
2024-12-28 08:00:00,752
2024-12-28 09:00:00,992
2024-12-28 10:00:00,1005
2024-12-28 11:00:00,1215
2024-12-28 12:00:00,1838
2024-12-28 13:00:00,2438
2024-12-28 14:00:00,2687
2024-12-28 15:00:00,1978
2024-12-28 16:00:00,1721
2024-12-28 17:00:00,1403
2024-12-28 18:00:00,1446
2024-12-28 19:00:00,1332
2024-12-28 20:00:00,1198
2024-12-28 21:00:00,1092
2024-12-28 22:00:00,1166
2024-12-28 23:00:00,1091
2024-12-29 00:00:00,1000
2024-12-29 01:00:00,751
2024-12-29 02:00:00,482
2024-12-29 03:00:00,372
2024-12-29 04:00:00,324
2024-12-29 05:00:00,153
2024-12-29 06:00:00,271
2024-12-29 07:00:00,448
2024-12-29 08:00:00,837
2024-12-29 09:00:00,1751
2024-12-29 10:00:00,2671
2024-12-29 11:00:00,3466
2024-12-29 12:00:00,4442
2024-12-29 13:00:00,5224
2024-12-29 14:00:00,5751
2024-12-29 15:00:00,6039
2024-12-29 16:00:00,5931
2024-12-29 17:00:00,4875
2024-12-29 18:00:00,4313
2024-12-29 19:00:00,3562
2024-12-29 20:00:00,2805
2024-12-29 21:00:00,2263
2024-12-29 22:00:00,2036
2024-12-29 23:00:00,1687
2024-12-30 00:00:00,1187
2024-12-30 01:00:00,426
2024-12-30 02:00:00,184
2024-12-30 03:00:00,80
2024-12-30 04:00:00,199
2024-12-30 05:00:00,525
2024-12-30 06:00:00,1357
2024-12-30 07:00:00,2302
2024-12-30 08:00:00,3572
2024-12-30 09:00:00,3601
2024-12-30 10:00:00,3780
2024-12-30 11:00:00,4538
2024-12-30 12:00:00,5399
2024-12-30 13:00:00,6323
2024-12-30 14:00:00,6807
2024-12-30 15:00:00,7099
2024-12-30 16:00:00,7246
2024-12-30 17:00:00,7096
2024-12-30 18:00:00,6017
2024-12-30 19:00:00,4789
2024-12-30 20:00:00,3414
2024-12-30 21:00:00,2778
2024-12-30 22:00:00,2440
2024-12-30 23:00:00,1789
2024-12-31 00:00:00,1390
2024-12-31 01:00:00,753
2024-12-31 02:00:00,395
2024-12-31 03:00:00,260
2024-12-31 04:00:00,242
2024-12-31 05:00:00,542
2024-12-31 06:00:00,1261
2024-12-31 07:00:00,2167
2024-12-31 08:00:00,3268
2024-12-31 09:00:00,3804
2024-12-31 10:00:00,4196
2024-12-31 11:00:00,5294
2024-12-31 12:00:00,6235
2024-12-31 13:00:00,6768
2024-12-31 14:00:00,7203
2024-12-31 15:00:00,7457
2024-12-31 16:00:00,6846
2024-12-31 17:00:00,5667
2024-12-31 18:00:00,4502
2024-12-31 19:00:00,3929
2024-12-31 20:00:00,2154
2024-12-31 21:00:00,919
2024-12-31 22:00:00,452
2024-12-31 23:00:00,1039
