timestamp,timestamp_utc,temperature_2m,apparent_temperature,relative_humidity_2m,precipitation,rain,snowfall,weather_code,wind_speed_10m
2024-01-01 00:00:00,2024-01-01T05:00:00Z,1.8,-2.1,71,0.0,0.0,0.0,3,9.0
2024-01-01 01:00:00,2024-01-01T06:00:00Z,2.4,-1.7,71,0.0,0.0,0.0,3,10.9
2024-01-01 02:00:00,2024-01-01T07:00:00Z,2.4,-1.5,73,0.0,0.0,0.0,3,10.1
2024-01-01 03:00:00,2024-01-01T08:00:00Z,2.2,-1.4,75,0.0,0.0,0.0,1,8.1
2024-01-01 04:00:00,2024-01-01T09:00:00Z,-0.0,-3.2,87,0.0,0.0,0.0,2,5.6
2024-01-01 05:00:00,2024-01-01T10:00:00Z,-0.8,-4.2,91,0.0,0.0,0.0,3,6.5
2024-01-01 06:00:00,2024-01-01T11:00:00Z,0.4,-2.4,90,0.0,0.0,0.0,3,3.6
2024-01-01 07:00:00,2024-01-01T12:00:00Z,1.2,-1.8,86,0.0,0.0,0.0,3,4.8
2024-01-01 08:00:00,2024-01-01T13:00:00Z,2.3,-0.4,83,0.1,0.1,0.0,51,3.9
2024-01-01 09:00:00,2024-01-01T14:00:00Z,2.7,-0.1,81,0.0,0.0,0.0,3,4.7
2024-01-01 10:00:00,2024-01-01T15:00:00Z,3.7,0.7,75,0.0,0.0,0.0,3,5.5
2024-01-01 11:00:00,2024-01-01T16:00:00Z,4.6,1.5,73,0.0,0.0,0.0,2,6.5
2024-01-01 12:00:00,2024-01-01T17:00:00Z,5.9,2.8,65,0.0,0.0,0.0,2,6.5
2024-01-01 13:00:00,2024-01-01T18:00:00Z,6.7,3.3,60,0.0,0.0,0.0,3,8.1
2024-01-01 14:00:00,2024-01-01T19:00:00Z,6.6,3.2,59,0.0,0.0,0.0,3,7.4
2024-01-01 15:00:00,2024-01-01T20:00:00Z,6.4,3.0,58,0.0,0.0,0.0,3,7.4
2024-01-01 16:00:00,2024-01-01T21:00:00Z,6.1,2.9,60,0.0,0.0,0.0,3,6.0
2024-01-01 17:00:00,2024-01-01T22:00:00Z,3.4,0.1,76,0.0,0.0,0.0,1,7.2
2024-01-01 18:00:00,2024-01-01T23:00:00Z,1.6,-1.7,83,0.0,0.0,0.0,1,7.3
2024-01-01 19:00:00,2024-01-02T00:00:00Z,0.9,-2.3,86,0.0,0.0,0.0,1,6.0
2024-01-01 20:00:00,2024-01-02T01:00:00Z,1.5,-2.6,78,0.0,0.0,0.0,0,11.6
2024-01-01 21:00:00,2024-01-02T02:00:00Z,1.0,-3.8,69,0.0,0.0,0.0,0,14.7
2024-01-01 22:00:00,2024-01-02T03:00:00Z,-0.2,-4.9,74,0.0,0.0,0.0,0,13.9
2024-01-01 23:00:00,2024-01-02T04:00:00Z,-1.2,-6.0,77,0.0,0.0,0.0,0,13.8
2024-01-02 00:00:00,2024-01-02T05:00:00Z,-2.0,-6.9,77,0.0,0.0,0.0,0,13.7
2024-01-02 01:00:00,2024-01-02T06:00:00Z,-2.5,-7.3,77,0.0,0.0,0.0,0,12.9
2024-01-02 02:00:00,2024-01-02T07:00:00Z,-3.0,-7.7,78,0.0,0.0,0.0,0,12.0
2024-01-02 03:00:00,2024-01-02T08:00:00Z,-3.6,-8.1,81,0.0,0.0,0.0,0,10.7
2024-01-02 04:00:00,2024-01-02T09:00:00Z,-4.1,-8.6,84,0.0,0.0,0.0,0,10.2
2024-01-02 05:00:00,2024-01-02T10:00:00Z,-4.6,-8.9,86,0.0,0.0,0.0,0,9.5
2024-01-02 06:00:00,2024-01-02T11:00:00Z,-4.8,-9.0,87,0.0,0.0,0.0,0,8.5
2024-01-02 07:00:00,2024-01-02T12:00:00Z,-5.0,-9.0,88,0.0,0.0,0.0,0,7.1
2024-01-02 08:00:00,2024-01-02T13:00:00Z,-3.6,-7.7,81,0.0,0.0,0.0,0,8.1
2024-01-02 09:00:00,2024-01-02T14:00:00Z,-1.7,-6.0,68,0.0,0.0,0.0,0,8.5
2024-01-02 10:00:00,2024-01-02T15:00:00Z,-0.1,-4.3,62,0.0,0.0,0.0,0,8.8
2024-01-02 11:00:00,2024-01-02T16:00:00Z,1.4,-2.7,60,0.0,0.0,0.0,0,8.7
2024-01-02 12:00:00,2024-01-02T17:00:00Z,3.0,-1.2,55,0.0,0.0,0.0,0,9.0
2024-01-02 13:00:00,2024-01-02T18:00:00Z,4.1,-0.2,51,0.0,0.0,0.0,0,10.0
2024-01-02 14:00:00,2024-01-02T19:00:00Z,4.7,0.4,49,0.0,0.0,0.0,0,10.5
2024-01-02 15:00:00,2024-01-02T20:00:00Z,4.9,0.5,48,0.0,0.0,0.0,0,10.6
2024-01-02 16:00:00,2024-01-02T21:00:00Z,4.1,0.3,53,0.0,0.0,0.0,0,7.7
2024-01-02 17:00:00,2024-01-02T22:00:00Z,1.0,-2.8,68,0.0,0.0,0.0,0,7.5
2024-01-02 18:00:00,2024-01-02T23:00:00Z,-0.1,-3.9,77,0.0,0.0,0.0,0,7.9
2024-01-02 19:00:00,2024-01-03T00:00:00Z,-0.4,-4.0,81,0.0,0.0,0.0,0,6.9
2024-01-02 20:00:00,2024-01-03T01:00:00Z,-0.6,-4.4,79,0.0,0.0,0.0,0,7.9
2024-01-02 21:00:00,2024-01-03T02:00:00Z,-0.9,-5.0,78,0.0,0.0,0.0,0,9.5
2024-01-02 22:00:00,2024-01-03T03:00:00Z,-0.9,-5.1,73,0.0,0.0,0.0,0,10.0
2024-01-02 23:00:00,2024-01-03T04:00:00Z,-1.2,-5.2,73,0.0,0.0,0.0,0,8.4
2024-01-03 00:00:00,2024-01-03T05:00:00Z,-1.6,-5.7,76,0.0,0.0,0.0,2,9.0
2024-01-03 01:00:00,2024-01-03T06:00:00Z,-1.7,-6.0,78,0.0,0.0,0.0,0,10.1
2024-01-03 02:00:00,2024-01-03T07:00:00Z,-2.1,-6.1,81,0.0,0.0,0.0,1,8.6
2024-01-03 03:00:00,2024-01-03T08:00:00Z,-2.2,-6.3,82,0.0,0.0,0.0,3,9.0
2024-01-03 04:00:00,2024-01-03T09:00:00Z,-2.2,-6.3,81,0.0,0.0,0.0,3,9.4
2024-01-03 05:00:00,2024-01-03T10:00:00Z,-2.0,-6.2,79,0.0,0.0,0.0,3,9.5
2024-01-03 06:00:00,2024-01-03T11:00:00Z,-2.0,-6.2,78,0.0,0.0,0.0,3,9.5
2024-01-03 07:00:00,2024-01-03T12:00:00Z,-1.9,-6.0,77,0.0,0.0,0.0,3,9.2
2024-01-03 08:00:00,2024-01-03T13:00:00Z,-1.1,-5.4,76,0.0,0.0,0.0,0,10.5
2024-01-03 09:00:00,2024-01-03T14:00:00Z,0.6,-3.4,73,0.0,0.0,0.0,0,9.4
2024-01-03 10:00:00,2024-01-03T15:00:00Z,2.3,-1.7,65,0.0,0.0,0.0,0,9.6
2024-01-03 11:00:00,2024-01-03T16:00:00Z,3.7,-0.2,61,0.0,0.0,0.0,0,8.7
2024-01-03 12:00:00,2024-01-03T17:00:00Z,5.0,0.9,57,0.0,0.0,0.0,3,10.4
2024-01-03 13:00:00,2024-01-03T18:00:00Z,7.3,2.7,48,0.0,0.0,0.0,2,13.7
2024-01-03 14:00:00,2024-01-03T19:00:00Z,6.5,2.0,51,0.0,0.0,0.0,0,13.3
2024-01-03 15:00:00,2024-01-03T20:00:00Z,6.6,2.7,52,0.0,0.0,0.0,0,9.7
2024-01-03 16:00:00,2024-01-03T21:00:00Z,5.3,2.2,62,0.0,0.0,0.0,1,5.4
2024-01-03 17:00:00,2024-01-03T22:00:00Z,3.2,-1.0,69,0.0,0.0,0.0,2,12.1
2024-01-03 18:00:00,2024-01-03T23:00:00Z,2.7,-1.9,68,0.0,0.0,0.0,3,14.3
2024-01-03 19:00:00,2024-01-04T00:00:00Z,1.9,-2.1,73,0.0,0.0,0.0,3,10.8
2024-01-03 20:00:00,2024-01-04T01:00:00Z,1.0,-2.2,81,0.0,0.0,0.0,3,5.6
2024-01-03 21:00:00,2024-01-04T02:00:00Z,0.1,-3.1,85,0.0,0.0,0.0,3,5.2
2024-01-03 22:00:00,2024-01-04T03:00:00Z,-1.1,-4.4,90,0.0,0.0,0.0,3,5.0
2024-01-03 23:00:00,2024-01-04T04:00:00Z,-0.5,-3.6,86,0.0,0.0,0.0,3,4.7
2024-01-04 00:00:00,2024-01-04T05:00:00Z,0.3,-2.9,81,0.0,0.0,0.0,3,4.7
2024-01-04 01:00:00,2024-01-04T06:00:00Z,0.4,-2.5,81,0.0,0.0,0.0,3,2.7
2024-01-04 02:00:00,2024-01-04T07:00:00Z,0.4,-2.6,82,0.0,0.0,0.0,3,4.1
2024-01-04 03:00:00,2024-01-04T08:00:00Z,0.1,-3.0,85,0.0,0.0,0.0,3,4.6
2024-01-04 04:00:00,2024-01-04T09:00:00Z,-0.0,-3.5,84,0.0,0.0,0.0,3,6.6
2024-01-04 05:00:00,2024-01-04T10:00:00Z,0.3,-3.0,81,0.0,0.0,0.0,3,5.6
2024-01-04 06:00:00,2024-01-04T11:00:00Z,-0.0,-3.2,84,0.1,0.0,0.07,71,5.0
2024-01-04 07:00:00,2024-01-04T12:00:00Z,0.0,-3.2,85,0.1,0.0,0.07,71,5.2
2024-01-04 08:00:00,2024-01-04T13:00:00Z,0.6,-2.5,84,0.0,0.0,0.0,3,5.0
2024-01-04 09:00:00,2024-01-04T14:00:00Z,1.7,-1.7,82,0.0,0.0,0.0,3,7.3
2024-01-04 10:00:00,2024-01-04T15:00:00Z,3.1,-0.2,73,0.0,0.0,0.0,3,6.8
2024-01-04 11:00:00,2024-01-04T16:00:00Z,4.8,0.1,59,0.0,0.0,0.0,1,15.3
2024-01-04 12:00:00,2024-01-04T17:00:00Z,5.9,0.0,49,0.0,0.0,0.0,2,21.9
2024-01-04 13:00:00,2024-01-04T18:00:00Z,5.9,-0.3,48,0.1,0.1,0.0,51,24.2
2024-01-04 14:00:00,2024-01-04T19:00:00Z,5.5,-1.1,47,0.0,0.0,0.0,3,25.8
2024-01-04 15:00:00,2024-01-04T20:00:00Z,4.5,-2.0,47,0.0,0.0,0.0,0,24.9
2024-01-04 16:00:00,2024-01-04T21:00:00Z,3.6,-2.9,41,0.0,0.0,0.0,0,23.2
2024-01-04 17:00:00,2024-01-04T22:00:00Z,1.7,-5.0,41,0.0,0.0,0.0,0,24.0
2024-01-04 18:00:00,2024-01-04T23:00:00Z,0.1,-6.7,42,0.0,0.0,0.0,0,23.3
2024-01-04 19:00:00,2024-01-05T00:00:00Z,-1.0,-8.1,38,0.0,0.0,0.0,0,24.5
2024-01-04 20:00:00,2024-01-05T01:00:00Z,-0.7,-7.8,38,0.0,0.0,0.0,0,24.8
2024-01-04 21:00:00,2024-01-05T02:00:00Z,-1.8,-8.5,41,0.0,0.0,0.0,0,22.3
2024-01-04 22:00:00,2024-01-05T03:00:00Z,-2.8,-9.4,47,0.0,0.0,0.0,0,21.4
2024-01-04 23:00:00,2024-01-05T04:00:00Z,-3.7,-10.1,52,0.0,0.0,0.0,0,20.3
2024-01-05 00:00:00,2024-01-05T05:00:00Z,-4.5,-10.6,56,0.0,0.0,0.0,0,18.4
2024-01-05 01:00:00,2024-01-05T06:00:00Z,-4.9,-10.9,58,0.0,0.0,0.0,0,17.7
2024-01-05 02:00:00,2024-01-05T07:00:00Z,-5.1,-11.0,59,0.0,0.0,0.0,0,17.2
2024-01-05 03:00:00,2024-01-05T08:00:00Z,-5.2,-10.9,60,0.0,0.0,0.0,2,15.5
2024-01-05 04:00:00,2024-01-05T09:00:00Z,-5.5,-10.7,63,0.0,0.0,0.0,2,12.5
2024-01-05 05:00:00,2024-01-05T10:00:00Z,-5.6,-10.5,67,0.0,0.0,0.0,1,10.7
2024-01-05 06:00:00,2024-01-05T11:00:00Z,-5.6,-10.2,69,0.0,0.0,0.0,0,9.0
2024-01-05 07:00:00,2024-01-05T12:00:00Z,-5.7,-10.2,72,0.0,0.0,0.0,0,8.4
2024-01-05 08:00:00,2024-01-05T13:00:00Z,-4.7,-9.5,65,0.0,0.0,0.0,0,10.9
2024-01-05 09:00:00,2024-01-05T14:00:00Z,-3.0,-8.0,58,0.0,0.0,0.0,0,11.9
2024-01-05 10:00:00,2024-01-05T15:00:00Z,-1.6,-6.8,52,0.0,0.0,0.0,0,12.6
2024-01-05 11:00:00,2024-01-05T16:00:00Z,-0.7,-5.7,50,0.0,0.0,0.0,0,12.3
2024-01-05 12:00:00,2024-01-05T17:00:00Z,0.3,-4.7,48,0.0,0.0,0.0,0,12.1
2024-01-05 13:00:00,2024-01-05T18:00:00Z,1.3,-3.9,45,0.0,0.0,0.0,0,13.2
2024-01-05 14:00:00,2024-01-05T19:00:00Z,2.0,-3.1,44,0.0,0.0,0.0,0,12.7
2024-01-05 15:00:00,2024-01-05T20:00:00Z,2.3,-2.6,45,0.0,0.0,0.0,0,11.9
2024-01-05 16:00:00,2024-01-05T21:00:00Z,1.7,-2.6,50,0.0,0.0,0.0,0,8.3
2024-01-05 17:00:00,2024-01-05T22:00:00Z,-0.4,-5.1,59,0.0,0.0,0.0,0,11.5
2024-01-05 18:00:00,2024-01-05T23:00:00Z,-1.1,-6.0,64,0.0,0.0,0.0,3,12.9
2024-01-05 19:00:00,2024-01-06T00:00:00Z,-1.4,-6.4,67,0.0,0.0,0.0,3,13.5
2024-01-05 20:00:00,2024-01-06T01:00:00Z,-1.6,-6.0,68,0.0,0.0,0.0,3,10.2
2024-01-05 21:00:00,2024-01-06T02:00:00Z,-2.0,-6.4,71,0.0,0.0,0.0,0,10.1
2024-01-05 22:00:00,2024-01-06T03:00:00Z,-2.9,-7.4,76,0.0,0.0,0.0,0,10.6
2024-01-05 23:00:00,2024-01-06T04:00:00Z,-3.5,-7.7,80,0.0,0.0,0.0,0,8.7
2024-01-06 00:00:00,2024-01-06T05:00:00Z,-4.2,-8.1,85,0.0,0.0,0.0,0,6.8
2024-01-06 01:00:00,2024-01-06T06:00:00Z,-4.5,-8.3,87,0.0,0.0,0.0,2,6.2
2024-01-06 02:00:00,2024-01-06T07:00:00Z,-4.6,-8.8,88,0.0,0.0,0.0,2,9.1
2024-01-06 03:00:00,2024-01-06T08:00:00Z,-4.9,-8.6,88,0.0,0.0,0.0,3,5.2
2024-01-06 04:00:00,2024-01-06T09:00:00Z,-5.5,-9.4,90,0.0,0.0,0.0,3,6.5
2024-01-06 05:00:00,2024-01-06T10:00:00Z,-4.1,-7.7,86,0.0,0.0,0.0,3,4.7
2024-01-06 06:00:00,2024-01-06T11:00:00Z,-5.0,-8.5,91,0.0,0.0,0.0,3,4.1
2024-01-06 07:00:00,2024-01-06T12:00:00Z,-4.0,-7.2,88,0.0,0.0,0.0,3,1.8
2024-01-06 08:00:00,2024-01-06T13:00:00Z,-4.1,-7.4,89,0.0,0.0,0.0,3,3.1
2024-01-06 09:00:00,2024-01-06T14:00:00Z,-2.2,-5.9,80,0.0,0.0,0.0,3,5.6
2024-01-06 10:00:00,2024-01-06T15:00:00Z,-0.9,-4.7,75,0.0,0.0,0.0,3,7.1
2024-01-06 11:00:00,2024-01-06T16:00:00Z,0.4,-3.6,73,0.0,0.0,0.0,3,9.1
2024-01-06 12:00:00,2024-01-06T17:00:00Z,1.3,-2.9,66,0.0,0.0,0.0,3,10.2
2024-01-06 13:00:00,2024-01-06T18:00:00Z,1.5,-3.0,67,0.0,0.0,0.0,3,12.7
2024-01-06 14:00:00,2024-01-06T19:00:00Z,2.0,-2.8,68,0.0,0.0,0.0,3,15.1
2024-01-06 15:00:00,2024-01-06T20:00:00Z,1.5,-2.9,74,0.2,0.1,0.07,71,13.6
2024-01-06 16:00:00,2024-01-06T21:00:00Z,1.2,-3.5,80,0.4,0.1,0.21,73,15.8
2024-01-06 17:00:00,2024-01-06T22:00:00Z,0.8,-4.2,89,1.1,0.2,0.63,73,18.9
2024-01-06 18:00:00,2024-01-06T23:00:00Z,0.6,-4.6,95,1.7,0.4,0.91,75,20.7
2024-01-06 19:00:00,2024-01-07T00:00:00Z,0.4,-4.9,99,2.6,0.4,1.54,75,22.1
2024-01-06 20:00:00,2024-01-07T01:00:00Z,0.4,-5.8,97,1.8,0.5,0.91,75,28.1
2024-01-06 21:00:00,2024-01-07T02:00:00Z,0.8,-5.6,96,1.0,0.8,0.14,71,29.5
2024-01-06 22:00:00,2024-01-07T03:00:00Z,0.5,-5.9,99,3.9,0.9,2.1,75,29.9
2024-01-06 23:00:00,2024-01-07T04:00:00Z,0.9,-5.1,99,1.9,0.9,0.7,73,27.1
2024-01-07 00:00:00,2024-01-07T05:00:00Z,0.8,-4.5,100,1.0,0.9,0.07,71,22.8
2024-01-07 01:00:00,2024-01-07T06:00:00Z,0.8,-4.8,99,0.7,0.7,0.0,53,24.5
2024-01-07 02:00:00,2024-01-07T07:00:00Z,1.0,-4.7,96,0.1,0.1,0.0,51,25.0
2024-01-07 03:00:00,2024-01-07T08:00:00Z,1.3,-4.4,96,0.0,0.0,0.0,3,25.2
2024-01-07 04:00:00,2024-01-07T09:00:00Z,1.5,-4.1,95,0.1,0.1,0.0,51,24.5
2024-01-07 05:00:00,2024-01-07T10:00:00Z,1.6,-3.7,95,0.1,0.1,0.0,51,22.6
2024-01-07 06:00:00,2024-01-07T11:00:00Z,1.7,-3.3,95,0.1,0.1,0.0,51,20.6
2024-01-07 07:00:00,2024-01-07T12:00:00Z,1.8,-3.0,94,0.2,0.2,0.0,51,19.3
2024-01-07 08:00:00,2024-01-07T13:00:00Z,1.2,-3.0,92,0.3,0.3,0.0,51,14.1
2024-01-07 09:00:00,2024-01-07T14:00:00Z,0.8,-3.3,95,1.1,1.1,0.0,55,13.6
2024-01-07 10:00:00,2024-01-07T15:00:00Z,0.6,-3.7,98,0.6,0.4,0.14,71,15.1
2024-01-07 11:00:00,2024-01-07T16:00:00Z,0.6,-4.2,99,0.9,0.4,0.35,73,18.4
2024-01-07 12:00:00,2024-01-07T17:00:00Z,0.6,-3.9,95,1.4,0.2,0.84,75,16.1
2024-01-07 13:00:00,2024-01-07T18:00:00Z,0.9,-3.6,89,0.2,0.1,0.07,71,15.5
2024-01-07 14:00:00,2024-01-07T19:00:00Z,2.0,-2.7,80,0.0,0.0,0.0,3,16.9
2024-01-07 15:00:00,2024-01-07T20:00:00Z,2.3,-1.9,77,0.0,0.0,0.0,3,13.0
2024-01-07 16:00:00,2024-01-07T21:00:00Z,1.6,-2.6,79,0.0,0.0,0.0,3,12.7
2024-01-07 17:00:00,2024-01-07T22:00:00Z,0.7,-3.6,81,0.0,0.0,0.0,3,12.5
2024-01-07 18:00:00,2024-01-07T23:00:00Z,0.1,-4.2,81,0.0,0.0,0.0,3,12.2
2024-01-07 19:00:00,2024-01-08T00:00:00Z,-0.5,-4.5,86,0.0,0.0,0.0,3,10.4
2024-01-07 20:00:00,2024-01-08T01:00:00Z,-0.6,-5.0,88,0.0,0.0,0.0,1,13.1
2024-01-07 21:00:00,2024-01-08T02:00:00Z,-0.2,-5.4,81,0.0,0.0,0.0,0,18.1
2024-01-07 22:00:00,2024-01-08T03:00:00Z,-0.3,-5.5,79,0.0,0.0,0.0,0,17.6
2024-01-07 23:00:00,2024-01-08T04:00:00Z,-0.8,-5.5,81,0.0,0.0,0.0,1,14.4
2024-01-08 00:00:00,2024-01-08T05:00:00Z,-0.8,-5.6,82,0.0,0.0,0.0,1,14.4
2024-01-08 01:00:00,2024-01-08T06:00:00Z,-0.8,-5.8,80,0.0,0.0,0.0,0,15.9
2024-01-08 02:00:00,2024-01-08T07:00:00Z,-0.7,-5.7,79,0.0,0.0,0.0,0,15.5
2024-01-08 03:00:00,2024-01-08T08:00:00Z,-1.1,-5.9,79,0.0,0.0,0.0,1,14.6
2024-01-08 04:00:00,2024-01-08T09:00:00Z,-0.7,-6.0,76,0.0,0.0,0.0,0,17.6
2024-01-08 05:00:00,2024-01-08T10:00:00Z,-1.0,-6.2,75,0.0,0.0,0.0,0,16.6
2024-01-08 06:00:00,2024-01-08T11:00:00Z,-1.4,-6.5,76,0.0,0.0,0.0,0,16.1
2024-01-08 07:00:00,2024-01-08T12:00:00Z,-1.2,-6.4,74,0.0,0.0,0.0,0,16.6
2024-01-08 08:00:00,2024-01-08T13:00:00Z,-0.6,-5.5,75,0.0,0.0,0.0,0,15.3
2024-01-08 09:00:00,2024-01-08T14:00:00Z,1.3,-4.0,68,0.0,0.0,0.0,0,18.1
2024-01-08 10:00:00,2024-01-08T15:00:00Z,2.9,-2.2,63,0.0,0.0,0.0,0,17.1
2024-01-08 11:00:00,2024-01-08T16:00:00Z,3.9,-0.9,59,0.0,0.0,0.0,0,14.8
2024-01-08 12:00:00,2024-01-08T17:00:00Z,4.8,0.1,55,0.0,0.0,0.0,0,14.1
2024-01-08 13:00:00,2024-01-08T18:00:00Z,5.3,0.6,53,0.0,0.0,0.0,0,14.0
2024-01-08 14:00:00,2024-01-08T19:00:00Z,5.4,0.8,50,0.0,0.0,0.0,0,13.0
2024-01-08 15:00:00,2024-01-08T20:00:00Z,5.3,0.9,50,0.0,0.0,0.0,0,11.5
2024-01-08 16:00:00,2024-01-08T21:00:00Z,4.0,0.7,60,0.0,0.0,0.0,0,5.0
2024-01-08 17:00:00,2024-01-08T22:00:00Z,3.4,-0.0,58,0.0,0.0,0.0,0,5.0
2024-01-08 18:00:00,2024-01-08T23:00:00Z,3.0,0.1,58,0.0,0.0,0.0,0,1.3
2024-01-08 19:00:00,2024-01-09T00:00:00Z,2.2,-0.8,61,0.0,0.0,0.0,1,2.2
2024-01-08 20:00:00,2024-01-09T01:00:00Z,-2.3,-6.0,86,0.0,0.0,0.0,0,6.2
2024-01-08 21:00:00,2024-01-09T02:00:00Z,-3.7,-7.5,89,0.0,0.0,0.0,0,6.8
2024-01-08 22:00:00,2024-01-09T03:00:00Z,-4.0,-7.6,90,0.0,0.0,0.0,1,5.1
2024-01-08 23:00:00,2024-01-09T04:00:00Z,-4.4,-7.9,91,0.0,0.0,0.0,2,4.1
2024-01-09 00:00:00,2024-01-09T05:00:00Z,-4.2,-7.5,91,0.0,0.0,0.0,1,3.1
2024-01-09 01:00:00,2024-01-09T06:00:00Z,-4.7,-8.2,90,0.0,0.0,0.0,1,3.9
2024-01-09 02:00:00,2024-01-09T07:00:00Z,-4.5,-8.0,91,0.0,0.0,0.0,3,4.1
2024-01-09 03:00:00,2024-01-09T08:00:00Z,-5.0,-8.7,91,0.0,0.0,0.0,3,5.4
2024-01-09 04:00:00,2024-01-09T09:00:00Z,-3.4,-6.7,91,0.0,0.0,0.0,3,4.2
2024-01-09 05:00:00,2024-01-09T10:00:00Z,-2.2,-5.7,88,0.0,0.0,0.0,3,5.6
2024-01-09 06:00:00,2024-01-09T11:00:00Z,-1.9,-5.3,87,0.0,0.0,0.0,3,5.1
2024-01-09 07:00:00,2024-01-09T12:00:00Z,-1.6,-5.4,83,0.0,0.0,0.0,3,7.2
2024-01-09 08:00:00,2024-01-09T13:00:00Z,-0.6,-4.6,84,0.0,0.0,0.0,3,9.8
2024-01-09 09:00:00,2024-01-09T14:00:00Z,1.3,-2.2,80,0.0,0.0,0.0,3,7.7
2024-01-09 10:00:00,2024-01-09T15:00:00Z,3.5,-0.3,75,0.0,0.0,0.0,3,11.3
2024-01-09 11:00:00,2024-01-09T16:00:00Z,4.4,-0.6,74,0.1,0.1,0.0,51,19.5
2024-01-09 12:00:00,2024-01-09T17:00:00Z,3.8,-1.2,86,0.6,0.6,0.0,53,21.4
2024-01-09 13:00:00,2024-01-09T18:00:00Z,4.3,-1.1,88,0.6,0.6,0.0,53,25.0
2024-01-09 14:00:00,2024-01-09T19:00:00Z,5.0,-0.8,89,1.0,1.0,0.0,55,28.7
2024-01-09 15:00:00,2024-01-09T20:00:00Z,5.4,-0.8,90,1.5,1.5,0.0,61,32.6
2024-01-09 16:00:00,2024-01-09T21:00:00Z,6.4,0.3,89,1.3,1.3,0.0,61,33.5
2024-01-09 17:00:00,2024-01-09T22:00:00Z,7.7,1.9,91,1.0,1.0,0.0,55,33.0
2024-01-09 18:00:00,2024-01-09T23:00:00Z,8.8,3.4,90,2.9,2.9,0.0,63,32.3
2024-01-09 19:00:00,2024-01-10T00:00:00Z,9.6,4.4,89,3.9,3.9,0.0,63,31.6
2024-01-09 20:00:00,2024-01-10T01:00:00Z,10.6,3.9,88,5.4,5.4,0.0,63,43.8
2024-01-09 21:00:00,2024-01-10T02:00:00Z,11.1,4.3,89,6.0,6.0,0.0,63,45.4
2024-01-09 22:00:00,2024-01-10T03:00:00Z,12.0,4.1,90,7.6,7.6,0.0,65,55.0
2024-01-09 23:00:00,2024-01-10T04:00:00Z,12.6,5.6,91,8.0,8.0,0.0,65,49.8
2024-01-10 00:00:00,2024-01-10T05:00:00Z,12.4,8.8,92,11.9,11.9,0.0,65,26.6
2024-01-10 01:00:00,2024-01-10T06:00:00Z,12.4,7.5,91,8.2,8.2,0.0,65,35.7
2024-01-10 02:00:00,2024-01-10T07:00:00Z,12.7,7.0,89,0.7,0.7,0.0,53,41.3
2024-01-10 03:00:00,2024-01-10T08:00:00Z,13.0,9.4,90,0.0,0.0,0.0,2,28.1
2024-01-10 04:00:00,2024-01-10T09:00:00Z,12.2,8.7,92,0.1,0.1,0.0,51,25.5
2024-01-10 05:00:00,2024-01-10T10:00:00Z,10.4,5.8,86,0.0,0.0,0.0,0,28.4
2024-01-10 06:00:00,2024-01-10T11:00:00Z,8.0,3.4,81,0.0,0.0,0.0,0,23.4
2024-01-10 07:00:00,2024-01-10T12:00:00Z,6.4,1.5,77,0.0,0.0,0.0,3,22.4
2024-01-10 08:00:00,2024-01-10T13:00:00Z,7.3,2.8,80,0.1,0.1,0.0,51,20.7
2024-01-10 09:00:00,2024-01-10T14:00:00Z,7.6,2.2,74,0.0,0.0,0.0,3,26.5
2024-01-10 10:00:00,2024-01-10T15:00:00Z,7.6,1.8,66,0.0,0.0,0.0,1,27.1
2024-01-10 11:00:00,2024-01-10T16:00:00Z,8.1,0.9,56,0.0,0.0,0.0,1,34.5
2024-01-10 12:00:00,2024-01-10T17:00:00Z,8.1,1.1,49,0.0,0.0,0.0,0,31.6
2024-01-10 13:00:00,2024-01-10T18:00:00Z,8.4,0.4,47,0.0,0.0,0.0,3,37.7
2024-01-10 14:00:00,2024-01-10T19:00:00Z,7.7,-0.3,45,0.0,0.0,0.0,2,36.6
2024-01-10 15:00:00,2024-01-10T20:00:00Z,7.6,0.5,47,0.0,0.0,0.0,3,30.7
2024-01-10 16:00:00,2024-01-10T21:00:00Z,7.3,0.4,48,0.0,0.0,0.0,3,30.0
2024-01-10 17:00:00,2024-01-10T22:00:00Z,6.1,-0.2,51,0.0,0.0,0.0,2,25.4
2024-01-10 18:00:00,2024-01-10T23:00:00Z,5.6,-0.4,53,0.0,0.0,0.0,1,23.0
2024-01-10 19:00:00,2024-01-11T00:00:00Z,4.9,-0.8,56,0.0,0.0,0.0,1,21.2
2024-01-10 20:00:00,2024-01-11T01:00:00Z,6.1,0.1,49,0.0,0.0,0.0,1,22.7
2024-01-10 21:00:00,2024-01-11T02:00:00Z,5.1,-0.0,56,0.0,0.0,0.0,2,17.4
2024-01-10 22:00:00,2024-01-11T03:00:00Z,4.2,-0.5,69,0.0,0.0,0.0,1,16.5
2024-01-10 23:00:00,2024-01-11T04:00:00Z,4.0,-1.0,73,0.0,0.0,0.0,3,19.2
2024-01-11 00:00:00,2024-01-11T05:00:00Z,3.7,-2.1,62,0.0,0.0,0.0,3,22.1
2024-01-11 01:00:00,2024-01-11T06:00:00Z,3.0,-2.4,60,0.0,0.0,0.0,2,19.1
2024-01-11 02:00:00,2024-01-11T07:00:00Z,2.4,-2.6,67,0.0,0.0,0.0,0,16.2
2024-01-11 03:00:00,2024-01-11T08:00:00Z,1.8,-2.7,75,0.0,0.0,0.0,2,14.2
2024-01-11 04:00:00,2024-01-11T09:00:00Z,1.6,-2.9,76,0.0,0.0,0.0,1,13.8
2024-01-11 05:00:00,2024-01-11T10:00:00Z,0.9,-3.6,74,0.0,0.0,0.0,0,13.2
2024-01-11 06:00:00,2024-01-11T11:00:00Z,0.1,-4.4,76,0.0,0.0,0.0,0,12.9
2024-01-11 07:00:00,2024-01-11T12:00:00Z,-0.5,-5.1,79,0.0,0.0,0.0,0,13.2
2024-01-11 08:00:00,2024-01-11T13:00:00Z,2.1,-2.4,66,0.0,0.0,0.0,0,12.7
2024-01-11 09:00:00,2024-01-11T14:00:00Z,3.2,-1.1,65,0.0,0.0,0.0,0,11.9
2024-01-11 10:00:00,2024-01-11T15:00:00Z,4.7,0.2,60,0.0,0.0,0.0,0,13.7
2024-01-11 11:00:00,2024-01-11T16:00:00Z,5.7,0.7,53,0.0,0.0,0.0,0,16.5
2024-01-11 12:00:00,2024-01-11T17:00:00Z,6.5,0.8,47,0.0,0.0,0.0,3,20.7
2024-01-11 13:00:00,2024-01-11T18:00:00Z,7.0,1.1,45,0.0,0.0,0.0,1,21.6
2024-01-11 14:00:00,2024-01-11T19:00:00Z,7.0,1.7,46,0.0,0.0,0.0,0,18.1
2024-01-11 15:00:00,2024-01-11T20:00:00Z,7.1,2.3,47,0.0,0.0,0.0,0,15.0
2024-01-11 16:00:00,2024-01-11T21:00:00Z,6.5,2.2,52,0.0,0.0,0.0,0,12.3
2024-01-11 17:00:00,2024-01-11T22:00:00Z,4.4,0.5,60,0.0,0.0,0.0,0,9.9
2024-01-11 18:00:00,2024-01-11T23:00:00Z,3.5,-0.6,65,0.0,0.0,0.0,3,11.5
2024-01-11 19:00:00,2024-01-12T00:00:00Z,4.0,-0.8,64,0.0,0.0,0.0,2,16.1
2024-01-11 20:00:00,2024-01-12T01:00:00Z,4.4,-0.4,62,0.0,0.0,0.0,3,16.0
2024-01-11 21:00:00,2024-01-12T02:00:00Z,4.4,0.3,62,0.0,0.0,0.0,3,10.9
2024-01-11 22:00:00,2024-01-12T03:00:00Z,4.0,0.2,68,0.1,0.1,0.0,51,10.0
2024-01-11 23:00:00,2024-01-12T04:00:00Z,2.7,-1.6,73,0.0,0.0,0.0,0,13.0
2024-01-12 00:00:00,2024-01-12T05:00:00Z,1.9,-2.3,78,0.0,0.0,0.0,0,12.7
2024-01-12 01:00:00,2024-01-12T06:00:00Z,1.4,-2.6,81,0.0,0.0,0.0,0,11.6
2024-01-12 02:00:00,2024-01-12T07:00:00Z,1.0,-3.0,82,0.0,0.0,0.0,0,11.2
2024-01-12 03:00:00,2024-01-12T08:00:00Z,0.7,-3.4,82,0.0,0.0,0.0,0,11.4
2024-01-12 04:00:00,2024-01-12T09:00:00Z,0.2,-3.7,84,0.0,0.0,0.0,0,9.7
2024-01-12 05:00:00,2024-01-12T10:00:00Z,-0.2,-4.1,85,0.0,0.0,0.0,0,9.7
2024-01-12 06:00:00,2024-01-12T11:00:00Z,-0.7,-4.4,87,0.0,0.0,0.0,1,8.1
2024-01-12 07:00:00,2024-01-12T12:00:00Z,-2.2,-6.0,90,0.0,0.0,0.0,1,8.1
2024-01-12 08:00:00,2024-01-12T13:00:00Z,0.0,-3.1,87,0.0,0.0,0.0,3,5.0
2024-01-12 09:00:00,2024-01-12T14:00:00Z,2.2,-1.0,81,0.0,0.0,0.0,3,6.8
2024-01-12 10:00:00,2024-01-12T15:00:00Z,4.5,1.6,72,0.0,0.0,0.0,3,4.7
2024-01-12 11:00:00,2024-01-12T16:00:00Z,6.1,3.2,65,0.0,0.0,0.0,3,5.1
2024-01-12 12:00:00,2024-01-12T17:00:00Z,7.0,3.9,58,0.0,0.0,0.0,3,5.5
2024-01-12 13:00:00,2024-01-12T18:00:00Z,7.2,3.6,57,0.0,0.0,0.0,3,9.8
2024-01-12 14:00:00,2024-01-12T19:00:00Z,7.4,2.9,53,0.0,0.0,0.0,3,15.0
2024-01-12 15:00:00,2024-01-12T20:00:00Z,6.6,1.5,52,0.0,0.0,0.0,3,18.3
2024-01-12 16:00:00,2024-01-12T21:00:00Z,5.4,0.8,64,0.0,0.0,0.0,3,15.9
2024-01-12 17:00:00,2024-01-12T22:00:00Z,4.2,-0.0,77,0.0,0.0,0.0,3,15.1
2024-01-12 18:00:00,2024-01-12T23:00:00Z,4.3,-0.0,81,0.0,0.0,0.0,3,16.6
2024-01-12 19:00:00,2024-01-13T00:00:00Z,4.8,0.2,80,0.0,0.0,0.0,3,19.3
2024-01-12 20:00:00,2024-01-13T01:00:00Z,5.2,0.3,80,0.0,0.0,0.0,3,21.3
2024-01-12 21:00:00,2024-01-13T02:00:00Z,5.5,1.4,83,0.5,0.5,0.0,53,17.0
2024-01-12 22:00:00,2024-01-13T03:00:00Z,5.7,1.4,86,0.2,0.2,0.0,51,19.5
2024-01-12 23:00:00,2024-01-13T04:00:00Z,6.3,1.0,90,1.8,1.8,0.0,61,27.4
2024-01-13 00:00:00,2024-01-13T05:00:00Z,7.3,1.7,90,2.5,2.5,0.0,63,31.2
2024-01-13 01:00:00,2024-01-13T06:00:00Z,8.0,2.9,91,3.8,3.8,0.0,63,29.4
2024-01-13 02:00:00,2024-01-13T07:00:00Z,9.4,4.4,91,5.5,5.5,0.0,63,30.7
2024-01-13 03:00:00,2024-01-13T08:00:00Z,10.4,5.0,92,5.4,5.4,0.0,63,34.9
2024-01-13 04:00:00,2024-01-13T09:00:00Z,11.1,6.6,91,0.1,0.1,0.0,51,30.1
2024-01-13 05:00:00,2024-01-13T10:00:00Z,11.0,7.4,92,0.0,0.0,0.0,3,24.2
2024-01-13 06:00:00,2024-01-13T11:00:00Z,10.7,7.8,94,1.4,1.4,0.0,61,19.7
2024-01-13 07:00:00,2024-01-13T12:00:00Z,10.2,8.1,96,0.1,0.1,0.0,51,13.6
2024-01-13 08:00:00,2024-01-13T13:00:00Z,13.7,11.2,92,0.0,0.0,0.0,2,21.5
2024-01-13 09:00:00,2024-01-13T14:00:00Z,13.7,11.5,94,0.4,0.4,0.0,51,21.2
2024-01-13 10:00:00,2024-01-13T15:00:00Z,13.2,9.6,85,0.1,0.1,0.0,51,26.4
2024-01-13 11:00:00,2024-01-13T16:00:00Z,12.7,7.4,70,0.2,0.2,0.0,51,31.9
2024-01-13 12:00:00,2024-01-13T17:00:00Z,11.7,5.6,55,0.0,0.0,0.0,2,30.9
2024-01-13 13:00:00,2024-01-13T18:00:00Z,10.0,3.1,50,0.0,0.0,0.0,3,32.8
2024-01-13 14:00:00,2024-01-13T19:00:00Z,8.1,1.6,48,0.0,0.0,0.0,3,27.7
2024-01-13 15:00:00,2024-01-13T20:00:00Z,7.4,0.3,45,0.0,0.0,0.0,0,31.1
2024-01-13 16:00:00,2024-01-13T21:00:00Z,7.0,-0.5,40,0.0,0.0,0.0,0,31.4
2024-01-13 17:00:00,2024-01-13T22:00:00Z,5.3,-2.4,39,0.0,0.0,0.0,0,32.3
2024-01-13 18:00:00,2024-01-13T23:00:00Z,3.4,-4.8,43,0.0,0.0,0.0,1,34.9
2024-01-13 19:00:00,2024-01-14T00:00:00Z,2.3,-5.1,44,0.0,0.0,0.0,0,28.9
2024-01-13 20:00:00,2024-01-14T01:00:00Z,3.5,-3.3,43,0.0,0.0,0.0,1,25.4
2024-01-13 21:00:00,2024-01-14T02:00:00Z,2.3,-4.5,46,0.0,0.0,0.0,1,25.2
2024-01-13 22:00:00,2024-01-14T03:00:00Z,1.2,-5.5,47,0.0,0.0,0.0,0,24.0
2024-01-13 23:00:00,2024-01-14T04:00:00Z,0.5,-6.5,48,0.0,0.0,0.0,0,25.8
2024-01-14 00:00:00,2024-01-14T05:00:00Z,-0.2,-6.9,49,0.0,0.0,0.0,0,23.5
2024-01-14 01:00:00,2024-01-14T06:00:00Z,-0.9,-7.5,51,0.0,0.0,0.0,0,22.8
2024-01-14 02:00:00,2024-01-14T07:00:00Z,-1.5,-7.8,53,0.0,0.0,0.0,0,20.4
2024-01-14 03:00:00,2024-01-14T08:00:00Z,-2.0,-8.4,54,0.0,0.0,0.0,0,21.7
2024-01-14 04:00:00,2024-01-14T09:00:00Z,-2.1,-8.5,54,0.0,0.0,0.0,0,21.5
2024-01-14 05:00:00,2024-01-14T10:00:00Z,-2.3,-8.2,55,0.0,0.0,0.0,0,18.1
2024-01-14 06:00:00,2024-01-14T11:00:00Z,-2.5,-8.0,58,0.0,0.0,0.0,0,15.1
2024-01-14 07:00:00,2024-01-14T12:00:00Z,-2.8,-8.2,61,0.0,0.0,0.0,0,15.2
2024-01-14 08:00:00,2024-01-14T13:00:00Z,-1.0,-6.9,60,0.0,0.0,0.0,0,19.4
2024-01-14 09:00:00,2024-01-14T14:00:00Z,0.5,-5.4,57,0.0,0.0,0.0,0,20.2
2024-01-14 10:00:00,2024-01-14T15:00:00Z,2.1,-4.4,52,0.0,0.0,0.0,0,24.3
2024-01-14 11:00:00,2024-01-14T16:00:00Z,3.8,-2.6,48,0.0,0.0,0.0,0,24.0
2024-01-14 12:00:00,2024-01-14T17:00:00Z,5.2,-1.9,46,0.1,0.0,0.07,71,28.8
2024-01-14 13:00:00,2024-01-14T18:00:00Z,2.4,-5.0,61,0.4,0.1,0.21,73,32.1
2024-01-14 14:00:00,2024-01-14T19:00:00Z,2.1,-6.2,42,0.2,0.0,0.14,71,34.9
2024-01-14 15:00:00,2024-01-14T20:00:00Z,1.7,-6.7,34,0.1,0.0,0.07,71,34.5
2024-01-14 16:00:00,2024-01-14T21:00:00Z,0.8,-7.6,33,0.0,0.0,0.0,0,33.5
2024-01-14 17:00:00,2024-01-14T22:00:00Z,-1.1,-9.1,32,0.0,0.0,0.0,1,30.4
2024-01-14 18:00:00,2024-01-14T23:00:00Z,-2.5,-9.7,32,0.0,0.0,0.0,0,24.2
2024-01-14 19:00:00,2024-01-15T00:00:00Z,-3.4,-10.1,36,0.0,0.0,0.0,0,21.1
2024-01-14 20:00:00,2024-01-15T01:00:00Z,-3.0,-9.6,35,0.0,0.0,0.0,0,20.2
2024-01-14 21:00:00,2024-01-15T02:00:00Z,-3.7,-10.4,37,0.0,0.0,0.0,1,20.8
2024-01-14 22:00:00,2024-01-15T03:00:00Z,-4.2,-10.5,39,0.0,0.0,0.0,1,18.0
2024-01-14 23:00:00,2024-01-15T04:00:00Z,-4.8,-10.3,42,0.0,0.0,0.0,0,12.8
2024-01-15 00:00:00,2024-01-15T05:00:00Z,-5.4,-10.4,46,0.0,0.0,0.0,0,9.4
2024-01-15 01:00:00,2024-01-15T06:00:00Z,-5.9,-10.8,50,0.0,0.0,0.0,3,9.5
2024-01-15 02:00:00,2024-01-15T07:00:00Z,-6.1,-11.1,51,0.0,0.0,0.0,2,9.5
2024-01-15 03:00:00,2024-01-15T08:00:00Z,-6.3,-11.3,50,0.0,0.0,0.0,2,10.0
2024-01-15 04:00:00,2024-01-15T09:00:00Z,-6.3,-11.3,49,0.0,0.0,0.0,3,9.0
2024-01-15 05:00:00,2024-01-15T10:00:00Z,-5.8,-10.7,46,0.0,0.0,0.0,3,8.7
2024-01-15 06:00:00,2024-01-15T11:00:00Z,-6.3,-11.0,51,0.0,0.0,0.0,2,7.6
2024-01-15 07:00:00,2024-01-15T12:00:00Z,-6.5,-11.2,53,0.0,0.0,0.0,1,7.9
2024-01-15 08:00:00,2024-01-15T13:00:00Z,-6.1,-10.9,55,0.0,0.0,0.0,0,8.9
2024-01-15 09:00:00,2024-01-15T14:00:00Z,-5.1,-10.2,45,0.0,0.0,0.0,1,10.5
2024-01-15 10:00:00,2024-01-15T15:00:00Z,-4.1,-9.2,44,0.0,0.0,0.0,0,10.6
2024-01-15 11:00:00,2024-01-15T16:00:00Z,-3.1,-8.1,43,0.0,0.0,0.0,1,10.1
2024-01-15 12:00:00,2024-01-15T17:00:00Z,-2.1,-7.3,40,0.0,0.0,0.0,3,11.0
2024-01-15 13:00:00,2024-01-15T18:00:00Z,-1.6,-6.8,38,0.0,0.0,0.0,3,11.3
2024-01-15 14:00:00,2024-01-15T19:00:00Z,-1.6,-6.7,38,0.0,0.0,0.0,3,11.1
2024-01-15 15:00:00,2024-01-15T20:00:00Z,-1.6,-6.5,39,0.0,0.0,0.0,3,9.9
2024-01-15 16:00:00,2024-01-15T21:00:00Z,-1.8,-6.7,39,0.0,0.0,0.0,3,9.9
2024-01-15 17:00:00,2024-01-15T22:00:00Z,-2.1,-6.9,42,0.0,0.0,0.0,3,9.3
2024-01-15 18:00:00,2024-01-15T23:00:00Z,-2.3,-7.0,44,0.0,0.0,0.0,3,8.9
2024-01-15 19:00:00,2024-01-16T00:00:00Z,-2.5,-7.2,48,0.0,0.0,0.0,3,9.3
2024-01-15 20:00:00,2024-01-16T01:00:00Z,-3.5,-8.6,48,0.1,0.0,0.07,71,10.8
2024-01-15 21:00:00,2024-01-16T02:00:00Z,-4.0,-8.6,57,0.3,0.0,0.21,73,8.8
2024-01-15 22:00:00,2024-01-16T03:00:00Z,-4.3,-8.4,62,0.4,0.0,0.28,73,5.8
2024-01-15 23:00:00,2024-01-16T04:00:00Z,-4.4,-8.5,69,0.3,0.0,0.21,73,5.8
2024-01-16 00:00:00,2024-01-16T05:00:00Z,-4.7,-8.1,76,0.6,0.0,0.42,73,2.3
2024-01-16 01:00:00,2024-01-16T06:00:00Z,-4.8,-8.0,79,0.5,0.0,0.35,73,0.7
2024-01-16 02:00:00,2024-01-16T07:00:00Z,-4.7,-8.5,80,0.6,0.0,0.42,73,5.1
2024-01-16 03:00:00,2024-01-16T08:00:00Z,-4.7,-8.8,81,0.4,0.0,0.28,73,6.9
2024-01-16 04:00:00,2024-01-16T09:00:00Z,-4.6,-8.8,82,0.3,0.0,0.21,73,8.4
2024-01-16 05:00:00,2024-01-16T10:00:00Z,-4.4,-8.9,83,0.7,0.0,0.49,73,10.5
2024-01-16 06:00:00,2024-01-16T11:00:00Z,-4.1,-8.7,82,0.2,0.0,0.21,73,11.2
2024-01-16 07:00:00,2024-01-16T12:00:00Z,-3.8,-8.7,84,0.3,0.0,0.21,73,13.4
2024-01-16 08:00:00,2024-01-16T13:00:00Z,-3.6,-8.3,87,0.2,0.0,0.14,71,12.8
2024-01-16 09:00:00,2024-01-16T14:00:00Z,-3.3,-7.9,88,0.4,0.0,0.28,73,12.4
2024-01-16 10:00:00,2024-01-16T15:00:00Z,-3.2,-8.2,88,0.4,0.2,0.14,71,15.1
2024-01-16 11:00:00,2024-01-16T16:00:00Z,-2.8,-7.6,92,1.3,1.1,0.14,71,14.4
2024-01-16 12:00:00,2024-01-16T17:00:00Z,-2.2,-6.9,93,0.7,0.7,0.0,53,14.1
2024-01-16 13:00:00,2024-01-16T18:00:00Z,-1.7,-6.5,94,0.5,0.5,0.0,53,15.8
2024-01-16 14:00:00,2024-01-16T19:00:00Z,-1.5,-7.3,91,1.5,1.3,0.14,71,22.0
2024-01-16 15:00:00,2024-01-16T20:00:00Z,-2.3,-7.6,85,0.3,0.0,0.21,73,17.6
2024-01-16 16:00:00,2024-01-16T21:00:00Z,-1.7,-6.9,81,0.1,0.0,0.07,71,17.3
2024-01-16 17:00:00,2024-01-16T22:00:00Z,-1.8,-6.8,83,0.1,0.0,0.07,71,15.3
2024-01-16 18:00:00,2024-01-16T23:00:00Z,-1.8,-7.5,79,0.0,0.0,0.0,3,19.5
2024-01-16 19:00:00,2024-01-17T00:00:00Z,-2.9,-8.7,76,0.0,0.0,0.0,3,19.3
2024-01-16 20:00:00,2024-01-17T01:00:00Z,-4.3,-10.8,71,0.0,0.0,0.0,3,22.7
2024-01-16 21:00:00,2024-01-17T02:00:00Z,-5.4,-12.4,66,0.0,0.0,0.0,0,24.8
2024-01-16 22:00:00,2024-01-17T03:00:00Z,-6.4,-13.0,62,0.0,0.0,0.0,0,22.0
2024-01-16 23:00:00,2024-01-17T04:00:00Z,-6.9,-12.9,66,0.0,0.0,0.0,0,17.2
2024-01-17 00:00:00,2024-01-17T05:00:00Z,-7.3,-13.2,69,0.0,0.0,0.0,0,16.6
2024-01-17 01:00:00,2024-01-17T06:00:00Z,-7.7,-13.6,69,0.0,0.0,0.0,0,16.7
2024-01-17 02:00:00,2024-01-17T07:00:00Z,-8.0,-13.9,68,0.0,0.0,0.0,0,17.1
2024-01-17 03:00:00,2024-01-17T08:00:00Z,-8.4,-14.2,69,0.0,0.0,0.0,0,16.1
2024-01-17 04:00:00,2024-01-17T09:00:00Z,-8.4,-14.4,65,0.0,0.0,0.0,0,16.6
2024-01-17 05:00:00,2024-01-17T10:00:00Z,-8.8,-14.7,64,0.0,0.0,0.0,0,16.0
2024-01-17 06:00:00,2024-01-17T11:00:00Z,-9.1,-15.0,65,0.0,0.0,0.0,0,15.8
2024-01-17 07:00:00,2024-01-17T12:00:00Z,-9.5,-15.4,65,0.0,0.0,0.0,0,15.9
2024-01-17 08:00:00,2024-01-17T13:00:00Z,-9.1,-15.1,59,0.0,0.0,0.0,0,16.3
2024-01-17 09:00:00,2024-01-17T14:00:00Z,-8.5,-15.1,53,0.0,0.0,0.0,0,19.8
2024-01-17 10:00:00,2024-01-17T15:00:00Z,-7.7,-14.4,47,0.0,0.0,0.0,0,21.0
2024-01-17 11:00:00,2024-01-17T16:00:00Z,-6.8,-13.6,40,0.0,0.0,0.0,0,20.9
2024-01-17 12:00:00,2024-01-17T17:00:00Z,-6.1,-13.1,35,0.0,0.0,0.0,0,22.0
2024-01-17 13:00:00,2024-01-17T18:00:00Z,-5.4,-12.5,32,0.0,0.0,0.0,0,22.8
2024-01-17 14:00:00,2024-01-17T19:00:00Z,-4.9,-12.1,28,0.0,0.0,0.0,0,23.1
2024-01-17 15:00:00,2024-01-17T20:00:00Z,-5.0,-12.0,29,0.0,0.0,0.0,0,21.9
2024-01-17 16:00:00,2024-01-17T21:00:00Z,-5.5,-12.3,32,0.0,0.0,0.0,0,20.6
2024-01-17 17:00:00,2024-01-17T22:00:00Z,-6.4,-12.8,39,0.0,0.0,0.0,0,17.8
2024-01-17 18:00:00,2024-01-17T23:00:00Z,-6.7,-13.1,43,0.0,0.0,0.0,0,18.2
2024-01-17 19:00:00,2024-01-18T00:00:00Z,-6.7,-13.1,45,0.0,0.0,0.0,0,19.1
2024-01-17 20:00:00,2024-01-18T01:00:00Z,-7.0,-13.4,47,0.0,0.0,0.0,0,18.7
2024-01-17 21:00:00,2024-01-18T02:00:00Z,-6.8,-13.4,46,0.0,0.0,0.0,0,19.6
2024-01-17 22:00:00,2024-01-18T03:00:00Z,-6.9,-12.9,46,0.0,0.0,0.0,0,16.4
2024-01-17 23:00:00,2024-01-18T04:00:00Z,-7.0,-13.0,48,0.0,0.0,0.0,0,15.8
2024-01-18 00:00:00,2024-01-18T05:00:00Z,-7.2,-13.0,51,0.0,0.0,0.0,2,15.3
2024-01-18 01:00:00,2024-01-18T06:00:00Z,-7.3,-13.2,53,0.0,0.0,0.0,3,15.7
2024-01-18 02:00:00,2024-01-18T07:00:00Z,-7.3,-13.1,55,0.0,0.0,0.0,2,15.0
2024-01-18 03:00:00,2024-01-18T08:00:00Z,-7.4,-13.0,56,0.0,0.0,0.0,1,13.8
2024-01-18 04:00:00,2024-01-18T09:00:00Z,-7.4,-12.9,57,0.0,0.0,0.0,2,13.5
2024-01-18 05:00:00,2024-01-18T10:00:00Z,-7.4,-12.7,58,0.0,0.0,0.0,3,12.1
2024-01-18 06:00:00,2024-01-18T11:00:00Z,-7.2,-12.5,58,0.0,0.0,0.0,3,12.0
2024-01-18 07:00:00,2024-01-18T12:00:00Z,-6.8,-12.0,57,0.0,0.0,0.0,3,11.4
2024-01-18 08:00:00,2024-01-18T13:00:00Z,-5.6,-10.7,50,0.0,0.0,0.0,3,10.7
2024-01-18 09:00:00,2024-01-18T14:00:00Z,-4.7,-10.1,47,0.0,0.0,0.0,3,12.5
2024-01-18 10:00:00,2024-01-18T15:00:00Z,-4.0,-9.2,46,0.1,0.0,0.07,71,11.8
2024-01-18 11:00:00,2024-01-18T16:00:00Z,-3.3,-9.1,47,0.1,0.0,0.07,71,16.2
2024-01-18 12:00:00,2024-01-18T17:00:00Z,-2.5,-8.5,47,0.1,0.0,0.07,71,17.6
2024-01-18 13:00:00,2024-01-18T18:00:00Z,-1.5,-7.1,46,0.1,0.0,0.07,71,15.1
2024-01-18 14:00:00,2024-01-18T19:00:00Z,-0.8,-6.2,45,0.0,0.0,0.0,3,14.1
2024-01-18 15:00:00,2024-01-18T20:00:00Z,-0.6,-5.8,45,0.0,0.0,0.0,3,13.0
2024-01-18 16:00:00,2024-01-18T21:00:00Z,-0.7,-5.5,47,0.0,0.0,0.0,3,10.5
2024-01-18 17:00:00,2024-01-18T22:00:00Z,-1.8,-6.1,53,0.0,0.0,0.0,3,7.2
2024-01-18 18:00:00,2024-01-18T23:00:00Z,-2.1,-6.3,56,0.0,0.0,0.0,3,6.4
2024-01-18 19:00:00,2024-01-19T00:00:00Z,-2.2,-6.4,58,0.0,0.0,0.0,3,6.9
2024-01-18 20:00:00,2024-01-19T01:00:00Z,-2.3,-6.7,57,0.0,0.0,0.0,3,7.9
2024-01-18 21:00:00,2024-01-19T02:00:00Z,-2.3,-6.5,58,0.0,0.0,0.0,3,7.2
2024-01-18 22:00:00,2024-01-19T03:00:00Z,-2.4,-6.1,61,0.1,0.0,0.07,71,4.0
2024-01-18 23:00:00,2024-01-19T04:00:00Z,-2.8,-6.6,66,0.0,0.0,0.0,3,4.7
2024-01-19 00:00:00,2024-01-19T05:00:00Z,-3.0,-6.7,67,0.0,0.0,0.0,3,3.6
2024-01-19 01:00:00,2024-01-19T06:00:00Z,-3.6,-7.3,72,0.0,0.0,0.0,3,4.6
2024-01-19 02:00:00,2024-01-19T07:00:00Z,-3.3,-7.2,71,0.0,0.0,0.0,3,5.6
2024-01-19 03:00:00,2024-01-19T08:00:00Z,-3.4,-7.5,72,0.0,0.0,0.0,3,7.1
2024-01-19 04:00:00,2024-01-19T09:00:00Z,-3.2,-7.3,73,0.0,0.0,0.0,3,6.9
2024-01-19 05:00:00,2024-01-19T10:00:00Z,-3.2,-7.1,74,0.1,0.0,0.07,71,6.1
2024-01-19 06:00:00,2024-01-19T11:00:00Z,-3.4,-7.5,77,0.2,0.0,0.14,71,7.6
2024-01-19 07:00:00,2024-01-19T12:00:00Z,-3.5,-7.8,76,0.1,0.0,0.07,71,8.9
2024-01-19 08:00:00,2024-01-19T13:00:00Z,-3.3,-7.4,75,0.1,0.0,0.07,71,7.4
2024-01-19 09:00:00,2024-01-19T14:00:00Z,-2.7,-6.9,71,0.2,0.0,0.14,71,8.4
2024-01-19 10:00:00,2024-01-19T15:00:00Z,-2.2,-7.1,68,0.2,0.0,0.14,71,12.7
2024-01-19 11:00:00,2024-01-19T16:00:00Z,-2.0,-7.2,69,0.2,0.0,0.14,71,15.3
2024-01-19 12:00:00,2024-01-19T17:00:00Z,-2.0,-7.2,69,0.4,0.0,0.28,73,15.1
2024-01-19 13:00:00,2024-01-19T18:00:00Z,-1.8,-7.1,65,0.2,0.0,0.14,71,15.5
2024-01-19 14:00:00,2024-01-19T19:00:00Z,-1.6,-6.9,63,0.2,0.0,0.14,71,15.7
2024-01-19 15:00:00,2024-01-19T20:00:00Z,-1.6,-7.0,63,0.2,0.0,0.14,71,15.7
2024-01-19 16:00:00,2024-01-19T21:00:00Z,-1.9,-7.3,66,0.2,0.0,0.14,71,16.2
2024-01-19 17:00:00,2024-01-19T22:00:00Z,-2.8,-8.2,71,0.1,0.0,0.07,71,15.9
2024-01-19 18:00:00,2024-01-19T23:00:00Z,-3.5,-9.0,70,0.1,0.0,0.07,71,16.4
2024-01-19 19:00:00,2024-01-20T00:00:00Z,-4.0,-9.4,69,0.0,0.0,0.0,3,15.3
2024-01-19 20:00:00,2024-01-20T01:00:00Z,-4.6,-9.4,72,0.0,0.0,0.0,3,11.6
2024-01-19 21:00:00,2024-01-20T02:00:00Z,-5.0,-9.2,79,0.0,0.0,0.0,3,7.5
2024-01-19 22:00:00,2024-01-20T03:00:00Z,-4.7,-9.7,74,0.0,0.0,0.0,3,13.1
2024-01-19 23:00:00,2024-01-20T04:00:00Z,-4.6,-10.5,64,0.0,0.0,0.0,2,17.8
2024-01-20 00:00:00,2024-01-20T05:00:00Z,-5.5,-11.7,61,0.0,0.0,0.0,3,19.6
2024-01-20 01:00:00,2024-01-20T06:00:00Z,-6.4,-12.9,58,0.0,0.0,0.0,2,20.7
2024-01-20 02:00:00,2024-01-20T07:00:00Z,-7.4,-13.9,59,0.0,0.0,0.0,0,20.4
2024-01-20 03:00:00,2024-01-20T08:00:00Z,-8.1,-14.5,62,0.0,0.0,0.0,0,19.1
2024-01-20 04:00:00,2024-01-20T09:00:00Z,-8.4,-14.7,63,0.0,0.0,0.0,0,18.5
2024-01-20 05:00:00,2024-01-20T10:00:00Z,-8.6,-14.6,63,0.0,0.0,0.0,0,17.1
2024-01-20 06:00:00,2024-01-20T11:00:00Z,-8.7,-14.5,63,0.0,0.0,0.0,0,15.8
2024-01-20 07:00:00,2024-01-20T12:00:00Z,-8.8,-14.5,64,0.0,0.0,0.0,0,14.7
2024-01-20 08:00:00,2024-01-20T13:00:00Z,-8.4,-14.4,57,0.0,0.0,0.0,0,16.3
2024-01-20 09:00:00,2024-01-20T14:00:00Z,-7.4,-14.0,48,0.0,0.0,0.0,0,20.0
2024-01-20 10:00:00,2024-01-20T15:00:00Z,-6.5,-13.1,43,0.0,0.0,0.0,0,20.0
2024-01-20 11:00:00,2024-01-20T16:00:00Z,-5.2,-12.1,37,0.0,0.0,0.0,0,21.8
2024-01-20 12:00:00,2024-01-20T17:00:00Z,-4.4,-11.6,36,0.0,0.0,0.0,2,23.7
2024-01-20 13:00:00,2024-01-20T18:00:00Z,-4.2,-11.4,36,0.0,0.0,0.0,3,24.2
2024-01-20 14:00:00,2024-01-20T19:00:00Z,-4.5,-11.8,37,0.0,0.0,0.0,3,24.4
2024-01-20 15:00:00,2024-01-20T20:00:00Z,-5.3,-12.7,39,0.0,0.0,0.0,3,25.1
2024-01-20 16:00:00,2024-01-20T21:00:00Z,-6.1,-13.4,43,0.0,0.0,0.0,3,24.4
2024-01-20 17:00:00,2024-01-20T22:00:00Z,-7.1,-14.0,48,0.0,0.0,0.0,3,22.1
2024-01-20 18:00:00,2024-01-20T23:00:00Z,-7.3,-14.2,49,0.0,0.0,0.0,3,22.3
2024-01-20 19:00:00,2024-01-21T00:00:00Z,-7.8,-14.7,50,0.0,0.0,0.0,2,22.7
2024-01-20 20:00:00,2024-01-21T01:00:00Z,-8.0,-15.1,50,0.0,0.0,0.0,3,23.5
2024-01-20 21:00:00,2024-01-21T02:00:00Z,-8.0,-15.0,51,0.0,0.0,0.0,2,23.3
2024-01-20 22:00:00,2024-01-21T03:00:00Z,-8.2,-15.2,54,0.0,0.0,0.0,3,22.8
2024-01-20 23:00:00,2024-01-21T04:00:00Z,-8.1,-14.9,56,0.0,0.0,0.0,3,22.1
2024-01-21 00:00:00,2024-01-21T05:00:00Z,-8.0,-14.5,58,0.0,0.0,0.0,2,20.1
2024-01-21 01:00:00,2024-01-21T06:00:00Z,-7.6,-14.0,58,0.0,0.0,0.0,3,19.4
2024-01-21 02:00:00,2024-01-21T07:00:00Z,-7.3,-13.7,57,0.0,0.0,0.0,3,19.4
2024-01-21 03:00:00,2024-01-21T08:00:00Z,-7.3,-13.7,57,0.0,0.0,0.0,2,19.4
2024-01-21 04:00:00,2024-01-21T09:00:00Z,-7.6,-14.1,58,0.0,0.0,0.0,1,20.1
2024-01-21 05:00:00,2024-01-21T10:00:00Z,-7.8,-14.3,56,0.0,0.0,0.0,0,20.1
2024-01-21 06:00:00,2024-01-21T11:00:00Z,-8.0,-14.3,57,0.0,0.0,0.0,0,18.3
2024-01-21 07:00:00,2024-01-21T12:00:00Z,-8.3,-14.3,59,0.0,0.0,0.0,0,16.8
2024-01-21 08:00:00,2024-01-21T13:00:00Z,-7.2,-13.6,55,0.0,0.0,0.0,0,19.0
2024-01-21 09:00:00,2024-01-21T14:00:00Z,-6.4,-13.2,49,0.0,0.0,0.0,0,21.8
2024-01-21 10:00:00,2024-01-21T15:00:00Z,-5.6,-12.5,45,0.0,0.0,0.0,0,22.3
2024-01-21 11:00:00,2024-01-21T16:00:00Z,-4.4,-11.2,41,0.0,0.0,0.0,0,21.8
2024-01-21 12:00:00,2024-01-21T17:00:00Z,-3.5,-10.1,38,0.0,0.0,0.0,0,20.5
2024-01-21 13:00:00,2024-01-21T18:00:00Z,-2.5,-9.2,36,0.0,0.0,0.0,0,21.2
2024-01-21 14:00:00,2024-01-21T19:00:00Z,-2.0,-8.9,36,0.0,0.0,0.0,0,22.5
2024-01-21 15:00:00,2024-01-21T20:00:00Z,-2.1,-9.0,38,0.0,0.0,0.0,0,22.8
2024-01-21 16:00:00,2024-01-21T21:00:00Z,-2.8,-9.4,42,0.0,0.0,0.0,0,20.8
2024-01-21 17:00:00,2024-01-21T22:00:00Z,-4.3,-10.4,51,0.0,0.0,0.0,0,18.2
2024-01-21 18:00:00,2024-01-21T23:00:00Z,-5.0,-11.1,56,0.0,0.0,0.0,0,17.9
2024-01-21 19:00:00,2024-01-22T00:00:00Z,-5.5,-11.5,59,0.0,0.0,0.0,0,17.6
2024-01-21 20:00:00,2024-01-22T01:00:00Z,-4.8,-10.9,54,0.0,0.0,0.0,0,18.2
2024-01-21 21:00:00,2024-01-22T02:00:00Z,-5.3,-11.1,57,0.0,0.0,0.0,0,16.1
2024-01-21 22:00:00,2024-01-22T03:00:00Z,-5.7,-11.2,61,0.0,0.0,0.0,0,14.0
2024-01-21 23:00:00,2024-01-22T04:00:00Z,-6.1,-11.5,65,0.0,0.0,0.0,0,14.2
2024-01-22 00:00:00,2024-01-22T05:00:00Z,-6.3,-11.7,66,0.0,0.0,0.0,0,13.7
2024-01-22 01:00:00,2024-01-22T06:00:00Z,-6.5,-11.7,67,0.0,0.0,0.0,0,12.4
2024-01-22 02:00:00,2024-01-22T07:00:00Z,-6.6,-11.5,67,0.0,0.0,0.0,0,10.5
2024-01-22 03:00:00,2024-01-22T08:00:00Z,-6.6,-11.4,67,0.0,0.0,0.0,0,10.1
2024-01-22 04:00:00,2024-01-22T09:00:00Z,-6.7,-11.4,67,0.0,0.0,0.0,0,9.2
2024-01-22 05:00:00,2024-01-22T10:00:00Z,-6.9,-11.3,68,0.0,0.0,0.0,0,7.2
2024-01-22 06:00:00,2024-01-22T11:00:00Z,-7.1,-11.6,71,0.0,0.0,0.0,0,8.0
2024-01-22 07:00:00,2024-01-22T12:00:00Z,-7.3,-11.9,73,0.0,0.0,0.0,0,8.3
2024-01-22 08:00:00,2024-01-22T13:00:00Z,-6.4,-11.1,67,0.0,0.0,0.0,0,9.3
2024-01-22 09:00:00,2024-01-22T14:00:00Z,-4.2,-8.7,55,0.0,0.0,0.0,0,7.6
2024-01-22 10:00:00,2024-01-22T15:00:00Z,-2.6,-7.1,47,0.0,0.0,0.0,0,7.7
2024-01-22 11:00:00,2024-01-22T16:00:00Z,-0.8,-5.7,40,0.0,0.0,0.0,3,9.9
2024-01-22 12:00:00,2024-01-22T17:00:00Z,0.8,-4.4,35,0.0,0.0,0.0,3,12.0
2024-01-22 13:00:00,2024-01-22T18:00:00Z,1.9,-3.5,32,0.0,0.0,0.0,3,13.2
2024-01-22 14:00:00,2024-01-22T19:00:00Z,2.7,-3.1,29,0.0,0.0,0.0,2,15.9
2024-01-22 15:00:00,2024-01-22T20:00:00Z,2.9,-2.8,29,0.0,0.0,0.0,3,15.5
2024-01-22 16:00:00,2024-01-22T21:00:00Z,2.1,-3.3,35,0.0,0.0,0.0,3,13.6
2024-01-22 17:00:00,2024-01-22T22:00:00Z,0.4,-4.9,45,0.0,0.0,0.0,3,13.4
2024-01-22 18:00:00,2024-01-22T23:00:00Z,-0.1,-5.5,51,0.0,0.0,0.0,3,14.8
2024-01-22 19:00:00,2024-01-23T00:00:00Z,-0.7,-6.4,55,0.0,0.0,0.0,3,17.4
2024-01-22 20:00:00,2024-01-23T01:00:00Z,-2.6,-8.1,64,0.0,0.0,0.0,3,16.5
2024-01-22 21:00:00,2024-01-23T02:00:00Z,-2.3,-8.0,62,0.0,0.0,0.0,3,17.6
2024-01-22 22:00:00,2024-01-23T03:00:00Z,-2.9,-8.6,64,0.0,0.0,0.0,3,17.1
2024-01-22 23:00:00,2024-01-23T04:00:00Z,-2.1,-8.0,60,0.0,0.0,0.0,3,18.8
2024-01-23 00:00:00,2024-01-23T05:00:00Z,-1.7,-7.5,59,0.0,0.0,0.0,3,18.0
2024-01-23 01:00:00,2024-01-23T06:00:00Z,-1.1,-6.7,57,0.0,0.0,0.0,2,16.8
2024-01-23 02:00:00,2024-01-23T07:00:00Z,-1.5,-6.6,60,0.0,0.0,0.0,2,13.4
2024-01-23 03:00:00,2024-01-23T08:00:00Z,-1.1,-6.2,58,0.0,0.0,0.0,3,13.1
2024-01-23 04:00:00,2024-01-23T09:00:00Z,-0.7,-5.9,57,0.0,0.0,0.0,3,14.4
2024-01-23 05:00:00,2024-01-23T10:00:00Z,-0.5,-5.5,57,0.0,0.0,0.0,3,13.2
2024-01-23 06:00:00,2024-01-23T11:00:00Z,-1.0,-5.9,59,0.0,0.0,0.0,2,12.4
2024-01-23 07:00:00,2024-01-23T12:00:00Z,-0.9,-5.7,60,0.0,0.0,0.0,3,11.7
2024-01-23 08:00:00,2024-01-23T13:00:00Z,0.8,-3.7,52,0.0,0.0,0.0,3,9.5
2024-01-23 09:00:00,2024-01-23T14:00:00Z,1.8,-2.6,51,0.0,0.0,0.0,3,9.5
2024-01-23 10:00:00,2024-01-23T15:00:00Z,1.9,-2.3,55,0.3,0.3,0.0,51,8.6
2024-01-23 11:00:00,2024-01-23T16:00:00Z,1.2,-2.5,76,0.8,0.8,0.0,53,8.1
2024-01-23 12:00:00,2024-01-23T17:00:00Z,1.4,-2.0,81,0.7,0.7,0.0,53,7.2
2024-01-23 13:00:00,2024-01-23T18:00:00Z,2.0,-1.2,80,0.4,0.4,0.0,51,6.2
2024-01-23 14:00:00,2024-01-23T19:00:00Z,3.0,-0.2,74,0.0,0.0,0.0,3,6.1
2024-01-23 15:00:00,2024-01-23T20:00:00Z,3.5,0.2,67,0.0,0.0,0.0,3,6.0
2024-01-23 16:00:00,2024-01-23T21:00:00Z,2.9,0.0,71,0.0,0.0,0.0,3,3.7
2024-01-23 17:00:00,2024-01-23T22:00:00Z,2.5,-0.4,74,0.0,0.0,0.0,3,3.7
2024-01-23 18:00:00,2024-01-23T23:00:00Z,1.1,-2.1,82,0.0,0.0,0.0,3,5.4
2024-01-23 19:00:00,2024-01-24T00:00:00Z,-0.2,-3.5,88,0.0,0.0,0.0,3,5.5
2024-01-23 20:00:00,2024-01-24T01:00:00Z,0.3,-2.7,89,0.0,0.0,0.0,3,4.3
2024-01-23 21:00:00,2024-01-24T02:00:00Z,0.3,-2.6,89,0.0,0.0,0.0,3,4.2
2024-01-23 22:00:00,2024-01-24T03:00:00Z,-0.9,-4.1,94,0.0,0.0,0.0,3,5.4
2024-01-23 23:00:00,2024-01-24T04:00:00Z,-0.2,-3.1,92,0.0,0.0,0.0,3,4.0
2024-01-24 00:00:00,2024-01-24T05:00:00Z,-0.1,-3.3,92,0.0,0.0,0.0,3,5.8
2024-01-24 01:00:00,2024-01-24T06:00:00Z,-0.1,-3.2,90,0.0,0.0,0.0,3,5.0
2024-01-24 02:00:00,2024-01-24T07:00:00Z,0.1,-3.3,87,0.0,0.0,0.0,3,7.3
2024-01-24 03:00:00,2024-01-24T08:00:00Z,-0.0,-3.5,89,0.0,0.0,0.0,3,7.2
2024-01-24 04:00:00,2024-01-24T09:00:00Z,-0.2,-3.3,93,0.2,0.2,0.0,51,5.2
2024-01-24 05:00:00,2024-01-24T10:00:00Z,-0.6,-3.9,94,0.1,0.1,0.0,51,6.8
2024-01-24 06:00:00,2024-01-24T11:00:00Z,-0.0,-3.4,95,0.1,0.1,0.0,51,8.0
2024-01-24 07:00:00,2024-01-24T12:00:00Z,-0.3,-3.1,95,0.0,0.0,0.0,3,3.8
2024-01-24 08:00:00,2024-01-24T13:00:00Z,0.7,-2.2,94,0.1,0.1,0.0,51,4.7
2024-01-24 09:00:00,2024-01-24T14:00:00Z,2.0,-0.9,95,0.2,0.2,0.0,51,6.6
2024-01-24 10:00:00,2024-01-24T15:00:00Z,3.5,1.2,93,0.1,0.1,0.0,51,4.1
2024-01-24 11:00:00,2024-01-24T16:00:00Z,4.1,1.7,94,0.1,0.1,0.0,51,5.4
2024-01-24 12:00:00,2024-01-24T17:00:00Z,4.3,2.1,95,0.1,0.1,0.0,51,4.7
2024-01-24 13:00:00,2024-01-24T18:00:00Z,3.9,1.6,96,0.1,0.1,0.0,51,4.7
2024-01-24 14:00:00,2024-01-24T19:00:00Z,4.4,2.3,96,0.1,0.1,0.0,51,4.6
2024-01-24 15:00:00,2024-01-24T20:00:00Z,4.0,1.8,97,0.1,0.1,0.0,51,4.6
2024-01-24 16:00:00,2024-01-24T21:00:00Z,4.0,1.8,97,0.1,0.1,0.0,51,4.8
2024-01-24 17:00:00,2024-01-24T22:00:00Z,3.7,1.5,98,0.2,0.2,0.0,51,4.5
2024-01-24 18:00:00,2024-01-24T23:00:00Z,3.3,0.9,99,0.5,0.5,0.0,53,5.3
2024-01-24 19:00:00,2024-01-25T00:00:00Z,3.2,0.8,100,0.3,0.3,0.0,51,5.0
2024-01-24 20:00:00,2024-01-25T01:00:00Z,3.5,1.0,99,0.4,0.4,0.0,51,6.2
2024-01-24 21:00:00,2024-01-25T02:00:00Z,3.5,1.2,99,0.2,0.2,0.0,51,5.4
2024-01-24 22:00:00,2024-01-25T03:00:00Z,3.6,1.2,99,0.0,0.0,0.0,3,5.9
2024-01-24 23:00:00,2024-01-25T04:00:00Z,4.7,1.8,98,0.3,0.3,0.0,51,10.5
2024-01-25 00:00:00,2024-01-25T05:00:00Z,6.1,3.1,96,0.3,0.3,0.0,51,13.0
2024-01-25 01:00:00,2024-01-25T06:00:00Z,6.7,3.8,96,0.3,0.3,0.0,51,13.5
2024-01-25 02:00:00,2024-01-25T07:00:00Z,7.3,4.0,96,0.2,0.2,0.0,51,16.8
2024-01-25 03:00:00,2024-01-25T08:00:00Z,8.2,4.5,94,0.6,0.6,0.0,53,20.7
2024-01-25 04:00:00,2024-01-25T09:00:00Z,8.8,5.1,93,0.8,0.8,0.0,53,21.8
2024-01-25 05:00:00,2024-01-25T10:00:00Z,9.0,5.7,94,0.3,0.3,0.0,51,19.5
2024-01-25 06:00:00,2024-01-25T11:00:00Z,8.9,6.4,95,0.3,0.3,0.0,51,13.9
2024-01-25 07:00:00,2024-01-25T12:00:00Z,8.4,6.5,96,0.2,0.2,0.0,51,9.0
2024-01-25 08:00:00,2024-01-25T13:00:00Z,7.7,5.8,97,0.6,0.6,0.0,53,8.6
2024-01-25 09:00:00,2024-01-25T14:00:00Z,8.1,6.1,97,0.6,0.6,0.0,53,9.4
2024-01-25 10:00:00,2024-01-25T15:00:00Z,7.7,5.8,98,0.8,0.8,0.0,53,8.7
2024-01-25 11:00:00,2024-01-25T16:00:00Z,8.0,6.0,97,0.6,0.6,0.0,53,9.4
2024-01-25 12:00:00,2024-01-25T17:00:00Z,9.8,8.2,95,0.1,0.1,0.0,51,9.2
2024-01-25 13:00:00,2024-01-25T18:00:00Z,9.1,7.7,96,0.0,0.0,0.0,3,6.7
2024-01-25 14:00:00,2024-01-25T19:00:00Z,8.7,7.5,98,0.1,0.1,0.0,51,5.6
2024-01-25 15:00:00,2024-01-25T20:00:00Z,8.5,6.9,97,0.1,0.1,0.0,51,7.2
2024-01-25 16:00:00,2024-01-25T21:00:00Z,8.1,6.6,97,0.0,0.0,0.0,3,6.4
2024-01-25 17:00:00,2024-01-25T22:00:00Z,7.3,5.8,97,0.0,0.0,0.0,3,5.0
2024-01-25 18:00:00,2024-01-25T23:00:00Z,7.2,5.0,97,0.0,0.0,0.0,3,9.2
2024-01-25 19:00:00,2024-01-26T00:00:00Z,7.1,5.0,97,0.0,0.0,0.0,3,8.4
2024-01-25 20:00:00,2024-01-26T01:00:00Z,7.1,5.0,99,0.0,0.0,0.0,3,9.2
2024-01-25 21:00:00,2024-01-26T02:00:00Z,6.9,4.5,99,0.0,0.0,0.0,3,10.6
2024-01-25 22:00:00,2024-01-26T03:00:00Z,6.5,3.9,99,0.0,0.0,0.0,3,11.9
2024-01-25 23:00:00,2024-01-26T04:00:00Z,6.5,3.4,100,0.2,0.2,0.0,51,15.3
2024-01-26 00:00:00,2024-01-26T05:00:00Z,6.7,3.8,98,0.2,0.2,0.0,51,14.0
2024-01-26 01:00:00,2024-01-26T06:00:00Z,6.3,3.0,98,0.2,0.2,0.0,51,15.4
2024-01-26 02:00:00,2024-01-26T07:00:00Z,5.4,1.8,96,0.4,0.4,0.0,51,16.1
2024-01-26 03:00:00,2024-01-26T08:00:00Z,4.8,1.0,96,0.5,0.5,0.0,53,16.3
2024-01-26 04:00:00,2024-01-26T09:00:00Z,4.7,1.7,96,0.7,0.7,0.0,53,10.6
2024-01-26 05:00:00,2024-01-26T10:00:00Z,4.5,1.1,97,0.4,0.4,0.0,51,13.0
2024-01-26 06:00:00,2024-01-26T11:00:00Z,4.4,0.8,98,0.4,0.4,0.0,51,15.0
2024-01-26 07:00:00,2024-01-26T12:00:00Z,4.6,1.2,97,0.2,0.2,0.0,51,13.5
2024-01-26 08:00:00,2024-01-26T13:00:00Z,4.2,0.9,97,0.2,0.2,0.0,51,12.3
2024-01-26 09:00:00,2024-01-26T14:00:00Z,4.4,1.2,97,0.3,0.3,0.0,51,12.2
2024-01-26 10:00:00,2024-01-26T15:00:00Z,4.6,1.2,97,0.1,0.1,0.0,51,13.5
2024-01-26 11:00:00,2024-01-26T16:00:00Z,4.5,1.2,98,0.4,0.4,0.0,51,13.1
2024-01-26 12:00:00,2024-01-26T17:00:00Z,5.3,2.2,94,0.0,0.0,0.0,3,12.0
2024-01-26 13:00:00,2024-01-26T18:00:00Z,5.8,3.0,94,0.0,0.0,0.0,3,10.7
2024-01-26 14:00:00,2024-01-26T19:00:00Z,6.2,3.9,94,0.0,0.0,0.0,3,7.4
2024-01-26 15:00:00,2024-01-26T20:00:00Z,7.0,5.1,91,0.0,0.0,0.0,3,5.4
2024-01-26 16:00:00,2024-01-26T21:00:00Z,7.2,5.8,91,0.0,0.0,0.0,3,2.3
2024-01-26 17:00:00,2024-01-26T22:00:00Z,6.6,5.0,95,0.0,0.0,0.0,3,3.9
2024-01-26 18:00:00,2024-01-26T23:00:00Z,4.6,2.5,98,0.0,0.0,0.0,3,4.7
2024-01-26 19:00:00,2024-01-27T00:00:00Z,3.1,1.0,100,0.0,0.0,0.0,3,3.2
2024-01-26 20:00:00,2024-01-27T01:00:00Z,3.3,1.2,97,0.0,0.0,0.0,2,3.6
2024-01-26 21:00:00,2024-01-27T02:00:00Z,3.1,0.9,97,0.0,0.0,0.0,3,3.4
2024-01-26 22:00:00,2024-01-27T03:00:00Z,2.8,0.7,98,0.0,0.0,0.0,2,2.9
2024-01-26 23:00:00,2024-01-27T04:00:00Z,2.4,0.3,100,0.0,0.0,0.0,3,2.5
2024-01-27 00:00:00,2024-01-27T05:00:00Z,1.9,-0.2,100,0.0,0.0,0.0,3,2.3
2024-01-27 01:00:00,2024-01-27T06:00:00Z,1.9,-0.8,100,0.0,0.0,0.0,3,5.5
2024-01-27 02:00:00,2024-01-27T07:00:00Z,1.9,-1.1,99,0.0,0.0,0.0,3,7.9
2024-01-27 03:00:00,2024-01-27T08:00:00Z,1.9,-1.2,99,0.0,0.0,0.0,2,8.7
2024-01-27 04:00:00,2024-01-27T09:00:00Z,1.9,-1.4,98,0.0,0.0,0.0,3,9.7
2024-01-27 05:00:00,2024-01-27T10:00:00Z,2.6,-1.0,96,0.0,0.0,0.0,3,11.9
2024-01-27 06:00:00,2024-01-27T11:00:00Z,2.8,-0.6,93,0.0,0.0,0.0,3,10.8
2024-01-27 07:00:00,2024-01-27T12:00:00Z,2.8,-0.9,91,0.0,0.0,0.0,3,12.4
2024-01-27 08:00:00,2024-01-27T13:00:00Z,4.3,1.1,89,0.0,0.0,0.0,3,10.8
2024-01-27 09:00:00,2024-01-27T14:00:00Z,4.9,1.6,83,0.0,0.0,0.0,3,10.2
2024-01-27 10:00:00,2024-01-27T15:00:00Z,5.8,2.7,76,0.0,0.0,0.0,3,8.5
2024-01-27 11:00:00,2024-01-27T16:00:00Z,6.7,3.6,71,0.0,0.0,0.0,3,8.7
2024-01-27 12:00:00,2024-01-27T17:00:00Z,7.1,3.6,67,0.0,0.0,0.0,3,10.9
2024-01-27 13:00:00,2024-01-27T18:00:00Z,7.3,3.8,69,0.0,0.0,0.0,3,11.6
2024-01-27 14:00:00,2024-01-27T19:00:00Z,7.4,4.5,70,0.0,0.0,0.0,3,8.0
2024-01-27 15:00:00,2024-01-27T20:00:00Z,7.6,4.9,69,0.0,0.0,0.0,3,6.5
2024-01-27 16:00:00,2024-01-27T21:00:00Z,7.3,4.7,70,0.0,0.0,0.0,3,5.6
2024-01-27 17:00:00,2024-01-27T22:00:00Z,6.5,4.2,76,0.0,0.0,0.0,3,4.0
2024-01-27 18:00:00,2024-01-27T23:00:00Z,6.0,3.3,77,0.0,0.0,0.0,3,6.2
2024-01-27 19:00:00,2024-01-28T00:00:00Z,5.4,2.7,78,0.0,0.0,0.0,3,6.1
2024-01-27 20:00:00,2024-01-28T01:00:00Z,4.7,1.8,79,0.0,0.0,0.0,3,6.6
2024-01-27 21:00:00,2024-01-28T02:00:00Z,3.5,0.7,86,0.0,0.0,0.0,3,5.7
2024-01-27 22:00:00,2024-01-28T03:00:00Z,3.2,0.2,92,0.0,0.0,0.0,3,8.6
2024-01-27 23:00:00,2024-01-28T04:00:00Z,3.0,0.2,97,0.0,0.0,0.0,3,7.3
2024-01-28 00:00:00,2024-01-28T05:00:00Z,3.1,0.6,96,0.1,0.1,0.0,51,5.2
2024-01-28 01:00:00,2024-01-28T06:00:00Z,3.0,0.7,96,0.1,0.1,0.0,51,4.5
2024-01-28 02:00:00,2024-01-28T07:00:00Z,2.9,0.1,97,0.5,0.5,0.0,53,7.6
2024-01-28 03:00:00,2024-01-28T08:00:00Z,2.8,-0.4,97,1.0,1.0,0.0,55,10.0
2024-01-28 04:00:00,2024-01-28T09:00:00Z,2.6,-1.1,96,1.9,1.9,0.0,61,12.9
2024-01-28 05:00:00,2024-01-28T10:00:00Z,2.6,-1.0,96,2.4,2.4,0.0,61,12.4
2024-01-28 06:00:00,2024-01-28T11:00:00Z,2.5,-1.5,96,1.1,1.1,0.0,55,14.9
2024-01-28 07:00:00,2024-01-28T12:00:00Z,2.6,-1.0,96,2.8,2.8,0.0,63,11.9
2024-01-28 08:00:00,2024-01-28T13:00:00Z,2.8,-1.0,95,1.9,1.9,0.0,61,14.1
2024-01-28 09:00:00,2024-01-28T14:00:00Z,2.8,-1.6,95,3.2,3.2,0.0,63,17.4
2024-01-28 10:00:00,2024-01-28T15:00:00Z,2.7,-2.0,95,0.9,0.9,0.0,53,19.4
2024-01-28 11:00:00,2024-01-28T16:00:00Z,3.0,-3.1,90,0.1,0.1,0.0,51,29.0
2024-01-28 12:00:00,2024-01-28T17:00:00Z,3.1,-3.0,89,0.1,0.1,0.0,51,28.4
2024-01-28 13:00:00,2024-01-28T18:00:00Z,2.7,-2.5,93,0.5,0.5,0.0,53,22.7
2024-01-28 14:00:00,2024-01-28T19:00:00Z,2.4,-2.8,94,0.6,0.6,0.0,53,22.5
2024-01-28 15:00:00,2024-01-28T20:00:00Z,2.5,-2.7,93,0.6,0.6,0.0,53,22.2
2024-01-28 16:00:00,2024-01-28T21:00:00Z,2.5,-2.0,93,0.8,0.8,0.0,53,18.3
2024-01-28 17:00:00,2024-01-28T22:00:00Z,2.2,-2.7,95,1.1,1.1,0.0,55,20.6
2024-01-28 18:00:00,2024-01-28T23:00:00Z,1.9,-3.5,94,0.7,0.7,0.0,53,23.4
2024-01-28 19:00:00,2024-01-29T00:00:00Z,1.7,-3.9,94,0.3,0.3,0.0,51,24.6
2024-01-28 20:00:00,2024-01-29T01:00:00Z,1.9,-3.1,94,0.2,0.2,0.0,51,20.3
2024-01-28 21:00:00,2024-01-29T02:00:00Z,1.7,-3.2,94,0.1,0.1,0.0,51,20.0
2024-01-28 22:00:00,2024-01-29T03:00:00Z,1.7,-3.0,94,0.1,0.1,0.0,51,18.8
2024-01-28 23:00:00,2024-01-29T04:00:00Z,1.5,-3.3,93,0.0,0.0,0.0,3,18.4
2024-01-29 00:00:00,2024-01-29T05:00:00Z,1.4,-3.5,91,0.0,0.0,0.0,3,18.8
2024-01-29 01:00:00,2024-01-29T06:00:00Z,1.4,-3.5,90,0.0,0.0,0.0,3,19.1
2024-01-29 02:00:00,2024-01-29T07:00:00Z,1.4,-3.6,89,0.1,0.1,0.0,51,19.7
2024-01-29 03:00:00,2024-01-29T08:00:00Z,1.3,-3.5,89,0.2,0.2,0.0,51,17.9
2024-01-29 04:00:00,2024-01-29T09:00:00Z,1.3,-3.7,87,0.1,0.1,0.0,51,19.6
2024-01-29 05:00:00,2024-01-29T10:00:00Z,1.5,-3.7,85,0.0,0.0,0.0,3,20.4
2024-01-29 06:00:00,2024-01-29T11:00:00Z,1.5,-3.6,83,0.0,0.0,0.0,3,19.4
2024-01-29 07:00:00,2024-01-29T12:00:00Z,1.5,-3.8,80,0.0,0.0,0.0,3,20.7
2024-01-29 08:00:00,2024-01-29T13:00:00Z,1.8,-1.9,88,0.1,0.1,0.0,51,10.9
2024-01-29 09:00:00,2024-01-29T14:00:00Z,2.0,-2.0,87,0.0,0.0,0.0,3,13.0
2024-01-29 10:00:00,2024-01-29T15:00:00Z,2.5,-2.7,77,0.0,0.0,0.0,3,19.7
2024-01-29 11:00:00,2024-01-29T16:00:00Z,3.1,-2.6,69,0.1,0.1,0.0,51,22.7
2024-01-29 12:00:00,2024-01-29T17:00:00Z,3.8,-2.4,59,0.0,0.0,0.0,3,25.0
2024-01-29 13:00:00,2024-01-29T18:00:00Z,4.5,-2.0,53,0.0,0.0,0.0,3,26.0
2024-01-29 14:00:00,2024-01-29T19:00:00Z,4.9,-1.6,52,0.0,0.0,0.0,2,25.7
2024-01-29 15:00:00,2024-01-29T20:00:00Z,4.6,-1.6,52,0.0,0.0,0.0,1,23.6
2024-01-29 16:00:00,2024-01-29T21:00:00Z,4.1,-1.8,53,0.0,0.0,0.0,1,21.2
2024-01-29 17:00:00,2024-01-29T22:00:00Z,2.9,-2.0,56,0.0,0.0,0.0,2,14.4
2024-01-29 18:00:00,2024-01-29T23:00:00Z,1.3,-3.1,63,0.0,0.0,0.0,1,10.6
2024-01-29 19:00:00,2024-01-30T00:00:00Z,0.2,-4.0,69,0.0,0.0,0.0,1,10.2
2024-01-29 20:00:00,2024-01-30T01:00:00Z,1.2,-2.9,67,0.0,0.0,0.0,3,9.1
2024-01-29 21:00:00,2024-01-30T02:00:00Z,0.9,-3.4,69,0.0,0.0,0.0,2,11.0
2024-01-29 22:00:00,2024-01-30T03:00:00Z,-0.2,-4.5,76,0.0,0.0,0.0,0,10.9
2024-01-29 23:00:00,2024-01-30T04:00:00Z,-1.2,-5.6,81,0.0,0.0,0.0,0,11.8
2024-01-30 00:00:00,2024-01-30T05:00:00Z,-1.5,-6.0,81,0.0,0.0,0.0,0,12.1
2024-01-30 01:00:00,2024-01-30T06:00:00Z,-2.4,-6.9,82,0.0,0.0,0.0,0,11.2
2024-01-30 02:00:00,2024-01-30T07:00:00Z,-3.2,-7.6,84,0.0,0.0,0.0,0,10.9
2024-01-30 03:00:00,2024-01-30T08:00:00Z,-3.6,-8.2,85,0.0,0.0,0.0,0,11.7
2024-01-30 04:00:00,2024-01-30T09:00:00Z,-3.9,-8.5,85,0.0,0.0,0.0,0,11.9
2024-01-30 05:00:00,2024-01-30T10:00:00Z,-4.0,-8.7,86,0.0,0.0,0.0,0,11.9
2024-01-30 06:00:00,2024-01-30T11:00:00Z,-4.3,-8.8,87,0.0,0.0,0.0,0,10.5
2024-01-30 07:00:00,2024-01-30T12:00:00Z,-4.6,-8.9,89,0.0,0.0,0.0,0,9.8
2024-01-30 08:00:00,2024-01-30T13:00:00Z,-2.2,-6.2,80,0.0,0.0,0.0,0,7.6
2024-01-30 09:00:00,2024-01-30T14:00:00Z,-0.9,-4.6,73,0.0,0.0,0.0,2,6.1
2024-01-30 10:00:00,2024-01-30T15:00:00Z,1.0,-2.5,66,0.0,0.0,0.0,3,5.2
2024-01-30 11:00:00,2024-01-30T16:00:00Z,2.5,-1.0,55,0.0,0.0,0.0,3,4.3
2024-01-30 12:00:00,2024-01-30T17:00:00Z,3.3,-0.6,53,0.0,0.0,0.0,3,6.9
2024-01-30 13:00:00,2024-01-30T18:00:00Z,3.4,-0.5,53,0.0,0.0,0.0,3,7.8
2024-01-30 14:00:00,2024-01-30T19:00:00Z,3.2,-1.2,54,0.0,0.0,0.0,3,10.7
2024-01-30 15:00:00,2024-01-30T20:00:00Z,2.6,-2.0,56,0.0,0.0,0.0,3,12.0
2024-01-30 16:00:00,2024-01-30T21:00:00Z,2.2,-2.3,56,0.0,0.0,0.0,3,11.3
2024-01-30 17:00:00,2024-01-30T22:00:00Z,1.5,-2.7,60,0.0,0.0,0.0,3,9.3
2024-01-30 18:00:00,2024-01-30T23:00:00Z,0.9,-3.4,66,0.0,0.0,0.0,3,10.2
2024-01-30 19:00:00,2024-01-31T00:00:00Z,0.6,-3.8,70,0.0,0.0,0.0,3,11.5
2024-01-30 20:00:00,2024-01-31T01:00:00Z,0.5,-3.6,71,0.0,0.0,0.0,3,9.4
2024-01-30 21:00:00,2024-01-31T02:00:00Z,0.6,-3.7,73,0.0,0.0,0.0,3,11.5
2024-01-30 22:00:00,2024-01-31T03:00:00Z,0.7,-3.5,73,0.0,0.0,0.0,3,10.8
2024-01-30 23:00:00,2024-01-31T04:00:00Z,0.7,-3.5,73,0.0,0.0,0.0,3,10.3
2024-01-31 00:00:00,2024-01-31T05:00:00Z,0.5,-3.5,79,0.0,0.0,0.0,3,10.5
2024-01-31 01:00:00,2024-01-31T06:00:00Z,0.4,-3.8,83,0.1,0.0,0.07,71,11.6
2024-01-31 02:00:00,2024-01-31T07:00:00Z,0.3,-3.7,85,0.0,0.0,0.0,3,11.3
2024-01-31 03:00:00,2024-01-31T08:00:00Z,0.3,-3.7,85,0.0,0.0,0.0,3,10.9
2024-01-31 04:00:00,2024-01-31T09:00:00Z,0.2,-3.8,84,0.0,0.0,0.0,3,10.9
2024-01-31 05:00:00,2024-01-31T10:00:00Z,0.3,-3.5,83,0.0,0.0,0.0,3,9.1
2024-01-31 06:00:00,2024-01-31T11:00:00Z,0.3,-3.3,82,0.0,0.0,0.0,3,7.6
2024-01-31 07:00:00,2024-01-31T12:00:00Z,0.2,-3.5,80,0.0,0.0,0.0,3,8.4
2024-01-31 08:00:00,2024-01-31T13:00:00Z,0.3,-3.4,75,0.0,0.0,0.0,3,7.6
2024-01-31 09:00:00,2024-01-31T14:00:00Z,0.9,-3.2,71,0.0,0.0,0.0,3,9.3
2024-01-31 10:00:00,2024-01-31T15:00:00Z,1.9,-2.1,69,0.0,0.0,0.0,3,9.4
2024-01-31 11:00:00,2024-01-31T16:00:00Z,3.2,-0.5,64,0.0,0.0,0.0,3,7.9
2024-01-31 12:00:00,2024-01-31T17:00:00Z,3.4,-0.2,64,0.0,0.0,0.0,3,7.3
2024-01-31 13:00:00,2024-01-31T18:00:00Z,3.5,-0.2,64,0.0,0.0,0.0,3,7.9
2024-01-31 14:00:00,2024-01-31T19:00:00Z,3.5,0.1,64,0.0,0.0,0.0,3,6.2
2024-01-31 15:00:00,2024-01-31T20:00:00Z,3.3,-0.1,65,0.0,0.0,0.0,3,5.8
2024-01-31 16:00:00,2024-01-31T21:00:00Z,3.2,-0.1,65,0.0,0.0,0.0,3,5.1
2024-01-31 17:00:00,2024-01-31T22:00:00Z,2.8,-0.5,69,0.0,0.0,0.0,3,5.4
2024-01-31 18:00:00,2024-01-31T23:00:00Z,2.1,-1.7,72,0.0,0.0,0.0,3,8.8
2024-01-31 19:00:00,2024-02-01T00:00:00Z,1.1,-2.4,76,0.0,0.0,0.0,3,6.8
2024-01-31 20:00:00,2024-02-01T01:00:00Z,0.8,-2.6,77,0.0,0.0,0.0,1,6.2
2024-01-31 21:00:00,2024-02-01T02:00:00Z,-0.9,-4.2,87,0.0,0.0,0.0,1,5.4
2024-01-31 22:00:00,2024-02-01T03:00:00Z,-1.5,-4.9,90,0.0,0.0,0.0,0,6.0
2024-01-31 23:00:00,2024-02-01T04:00:00Z,-2.4,-5.8,92,0.0,0.0,0.0,0,5.5
2024-02-01 00:00:00,2024-02-01T05:00:00Z,-3.5,-7.3,93,0.0,0.0,0.0,0,7.4
2024-02-01 01:00:00,2024-02-01T06:00:00Z,-3.3,-6.7,96,0.0,0.0,0.0,3,5.1
2024-02-01 02:00:00,2024-02-01T07:00:00Z,-3.7,-7.2,95,0.0,0.0,0.0,2,5.3
2024-02-01 03:00:00,2024-02-01T08:00:00Z,-3.6,-7.1,94,0.0,0.0,0.0,1,5.2
2024-02-01 04:00:00,2024-02-01T09:00:00Z,-3.6,-7.1,94,0.0,0.0,0.0,1,5.7
2024-02-01 05:00:00,2024-02-01T10:00:00Z,-3.5,-7.2,94,0.0,0.0,0.0,2,6.6
2024-02-01 06:00:00,2024-02-01T11:00:00Z,-3.3,-7.1,94,0.0,0.0,0.0,1,7.5
2024-02-01 07:00:00,2024-02-01T12:00:00Z,-3.1,-7.0,95,0.0,0.0,0.0,1,8.4
2024-02-01 08:00:00,2024-02-01T13:00:00Z,-1.8,-5.8,94,0.0,0.0,0.0,2,10.2
2024-02-01 09:00:00,2024-02-01T14:00:00Z,0.6,-3.0,87,0.0,0.0,0.0,1,8.7
2024-02-01 10:00:00,2024-02-01T15:00:00Z,2.9,-0.9,79,0.0,0.0,0.0,2,11.3
2024-02-01 11:00:00,2024-02-01T16:00:00Z,5.1,1.1,73,0.0,0.0,0.0,2,13.6
2024-02-01 12:00:00,2024-02-01T17:00:00Z,6.7,2.5,67,0.0,0.0,0.0,2,15.0
2024-02-01 13:00:00,2024-02-01T18:00:00Z,7.4,2.7,61,0.0,0.0,0.0,3,18.5
2024-02-01 14:00:00,2024-02-01T19:00:00Z,7.6,2.9,59,0.0,0.0,0.0,3,17.7
2024-02-01 15:00:00,2024-02-01T20:00:00Z,8.0,3.5,57,0.0,0.0,0.0,3,16.2
2024-02-01 16:00:00,2024-02-01T21:00:00Z,7.8,4.1,59,0.0,0.0,0.0,3,10.6
2024-02-01 17:00:00,2024-02-01T22:00:00Z,5.7,2.8,70,0.0,0.0,0.0,3,6.1
2024-02-01 18:00:00,2024-02-01T23:00:00Z,2.7,-1.0,83,0.0,0.0,0.0,2,10.6
2024-02-01 19:00:00,2024-02-02T00:00:00Z,2.6,-1.1,83,0.0,0.0,0.0,3,10.4
2024-02-01 20:00:00,2024-02-02T01:00:00Z,4.0,0.9,72,0.0,0.0,0.0,3,6.0
2024-02-01 21:00:00,2024-02-02T02:00:00Z,4.1,1.2,74,0.0,0.0,0.0,3,5.5
2024-02-01 22:00:00,2024-02-02T03:00:00Z,3.7,0.7,80,0.5,0.5,0.0,53,6.5
2024-02-01 23:00:00,2024-02-02T04:00:00Z,3.1,0.4,86,0.1,0.1,0.0,51,5.1
2024-02-02 00:00:00,2024-02-02T05:00:00Z,2.8,0.2,89,0.5,0.5,0.0,53,4.7
2024-02-02 01:00:00,2024-02-02T06:00:00Z,2.7,0.3,92,0.3,0.3,0.0,51,3.7
2024-02-02 02:00:00,2024-02-02T07:00:00Z,2.6,-0.2,92,1.2,1.2,0.0,55,6.2
2024-02-02 03:00:00,2024-02-02T08:00:00Z,2.6,-0.3,93,0.5,0.5,0.0,53,7.3
2024-02-02 04:00:00,2024-02-02T09:00:00Z,2.6,-0.5,93,0.3,0.3,0.0,51,8.4
2024-02-02 05:00:00,2024-02-02T10:00:00Z,2.7,-0.3,94,0.1,0.1,0.0,51,7.9
2024-02-02 06:00:00,2024-02-02T11:00:00Z,2.6,-0.1,95,0.2,0.2,0.0,51,6.0
2024-02-02 07:00:00,2024-02-02T12:00:00Z,2.7,0.1,96,0.2,0.2,0.0,51,5.4
2024-02-02 08:00:00,2024-02-02T13:00:00Z,3.0,0.9,95,0.0,0.0,0.0,3,2.8
2024-02-02 09:00:00,2024-02-02T14:00:00Z,3.2,0.5,96,0.4,0.4,0.0,51,7.2
2024-02-02 10:00:00,2024-02-02T15:00:00Z,3.2,0.4,97,0.9,0.9,0.0,53,7.6
2024-02-02 11:00:00,2024-02-02T16:00:00Z,3.0,-0.8,94,0.4,0.4,0.0,51,13.7
2024-02-02 12:00:00,2024-02-02T17:00:00Z,2.6,-1.5,94,0.5,0.5,0.0,53,15.3
2024-02-02 13:00:00,2024-02-02T18:00:00Z,3.0,-1.6,89,0.3,0.3,0.0,51,18.4
2024-02-02 14:00:00,2024-02-02T19:00:00Z,3.9,-0.8,85,0.1,0.1,0.0,51,18.9
2024-02-02 15:00:00,2024-02-02T20:00:00Z,4.5,0.8,84,0.1,0.1,0.0,51,13.2
2024-02-02 16:00:00,2024-02-02T21:00:00Z,5.3,1.3,76,0.0,0.0,0.0,3,14.1
2024-02-02 17:00:00,2024-02-02T22:00:00Z,4.7,-0.3,66,0.0,0.0,0.0,0,18.7
2024-02-02 18:00:00,2024-02-02T23:00:00Z,3.6,-1.9,65,0.0,0.0,0.0,0,20.2
2024-02-02 19:00:00,2024-02-03T00:00:00Z,2.5,-3.2,65,0.0,0.0,0.0,0,21.3
2024-02-02 20:00:00,2024-02-03T01:00:00Z,1.7,-3.5,66,0.0,0.0,0.0,0,17.3
2024-02-02 21:00:00,2024-02-03T02:00:00Z,1.4,-4.0,64,0.0,0.0,0.0,0,17.8
2024-02-02 22:00:00,2024-02-03T03:00:00Z,1.4,-4.4,59,0.0,0.0,0.0,0,20.3
2024-02-02 23:00:00,2024-02-03T04:00:00Z,0.5,-5.8,59,0.0,0.0,0.0,0,23.0
2024-02-03 00:00:00,2024-02-03T05:00:00Z,-0.6,-6.9,64,0.0,0.0,0.0,0,23.5
2024-02-03 01:00:00,2024-02-03T06:00:00Z,-1.4,-7.6,67,0.0,0.0,0.0,1,22.4
2024-02-03 02:00:00,2024-02-03T07:00:00Z,-1.6,-7.6,70,0.0,0.0,0.0,1,20.8
2024-02-03 03:00:00,2024-02-03T08:00:00Z,-2.0,-7.7,72,0.0,0.0,0.0,0,19.2
2024-02-03 04:00:00,2024-02-03T09:00:00Z,-2.6,-8.2,74,0.0,0.0,0.0,1,18.4
2024-02-03 05:00:00,2024-02-03T10:00:00Z,-3.0,-8.8,72,0.0,0.0,0.0,0,19.1
2024-02-03 06:00:00,2024-02-03T11:00:00Z,-3.4,-9.2,69,0.0,0.0,0.0,0,18.0
2024-02-03 07:00:00,2024-02-03T12:00:00Z,-3.9,-9.4,69,0.0,0.0,0.0,0,15.9
2024-02-03 08:00:00,2024-02-03T13:00:00Z,-1.3,-6.1,65,0.0,0.0,0.0,0,12.7
2024-02-03 09:00:00,2024-02-03T14:00:00Z,-0.1,-5.5,58,0.0,0.0,0.0,0,16.2
2024-02-03 10:00:00,2024-02-03T15:00:00Z,1.2,-4.9,52,0.0,0.0,0.0,0,20.5
2024-02-03 11:00:00,2024-02-03T16:00:00Z,2.3,-3.5,48,0.0,0.0,0.0,0,19.2
2024-02-03 12:00:00,2024-02-03T17:00:00Z,3.4,-2.4,44,0.0,0.0,0.0,0,18.8
2024-02-03 13:00:00,2024-02-03T18:00:00Z,4.2,-1.6,42,0.0,0.0,0.0,0,18.4
2024-02-03 14:00:00,2024-02-03T19:00:00Z,4.8,-0.8,40,0.0,0.0,0.0,0,17.7
2024-02-03 15:00:00,2024-02-03T20:00:00Z,5.0,-0.5,39,0.0,0.0,0.0,0,16.2
2024-02-03 16:00:00,2024-02-03T21:00:00Z,4.5,-0.6,42,0.0,0.0,0.0,0,13.8
2024-02-03 17:00:00,2024-02-03T22:00:00Z,2.7,-2.0,48,0.0,0.0,0.0,0,11.4
2024-02-03 18:00:00,2024-02-03T23:00:00Z,1.2,-3.9,49,0.0,0.0,0.0,0,13.5
2024-02-03 19:00:00,2024-02-04T00:00:00Z,0.1,-5.0,49,0.0,0.0,0.0,0,13.5
2024-02-03 20:00:00,2024-02-04T01:00:00Z,-0.3,-5.1,53,0.0,0.0,0.0,2,11.6
2024-02-03 21:00:00,2024-02-04T02:00:00Z,-0.8,-5.6,56,0.0,0.0,0.0,0,11.1
2024-02-03 22:00:00,2024-02-04T03:00:00Z,-1.6,-6.4,59,0.0,0.0,0.0,0,11.5
2024-02-03 23:00:00,2024-02-04T04:00:00Z,-2.0,-7.0,60,0.0,0.0,0.0,1,12.1
2024-02-04 00:00:00,2024-02-04T05:00:00Z,-2.3,-7.4,59,0.0,0.0,0.0,0,13.0
2024-02-04 01:00:00,2024-02-04T06:00:00Z,-2.8,-8.2,60,0.0,0.0,0.0,0,14.4
2024-02-04 02:00:00,2024-02-04T07:00:00Z,-3.1,-8.5,61,0.0,0.0,0.0,0,14.8
2024-02-04 03:00:00,2024-02-04T08:00:00Z,-3.5,-8.8,63,0.0,0.0,0.0,0,14.8
2024-02-04 04:00:00,2024-02-04T09:00:00Z,-3.7,-9.1,66,0.0,0.0,0.0,0,15.1
2024-02-04 05:00:00,2024-02-04T10:00:00Z,-3.9,-9.3,68,0.0,0.0,0.0,0,14.8
2024-02-04 06:00:00,2024-02-04T11:00:00Z,-4.1,-9.5,69,0.0,0.0,0.0,0,15.2
2024-02-04 07:00:00,2024-02-04T12:00:00Z,-4.3,-9.7,70,0.0,0.0,0.0,0,15.2
2024-02-04 08:00:00,2024-02-04T13:00:00Z,-2.8,-7.7,66,0.0,0.0,0.0,0,12.1
2024-02-04 09:00:00,2024-02-04T14:00:00Z,-1.2,-6.1,61,0.0,0.0,0.0,0,12.4
2024-02-04 10:00:00,2024-02-04T15:00:00Z,0.8,-3.8,56,0.0,0.0,0.0,0,11.3
2024-02-04 11:00:00,2024-02-04T16:00:00Z,2.7,-1.9,52,0.0,0.0,0.0,0,11.8
2024-02-04 12:00:00,2024-02-04T17:00:00Z,4.4,-0.2,48,0.0,0.0,0.0,0,11.4
2024-02-04 13:00:00,2024-02-04T18:00:00Z,5.6,1.3,45,0.0,0.0,0.0,0,10.2
2024-02-04 14:00:00,2024-02-04T19:00:00Z,6.4,2.3,43,0.0,0.0,0.0,0,8.7
2024-02-04 15:00:00,2024-02-04T20:00:00Z,6.8,2.8,41,0.0,0.0,0.0,0,8.0
2024-02-04 16:00:00,2024-02-04T21:00:00Z,6.7,2.9,41,0.0,0.0,0.0,0,6.0
2024-02-04 17:00:00,2024-02-04T22:00:00Z,6.1,2.6,43,0.0,0.0,0.0,0,4.7
2024-02-04 18:00:00,2024-02-04T23:00:00Z,0.9,-3.3,64,0.0,0.0,0.0,0,9.5
2024-02-04 19:00:00,2024-02-05T00:00:00Z,1.1,-3.3,60,0.0,0.0,0.0,0,10.6
2024-02-04 20:00:00,2024-02-05T01:00:00Z,0.2,-4.1,61,0.0,0.0,0.0,0,9.7
2024-02-04 21:00:00,2024-02-05T02:00:00Z,-0.7,-5.2,64,0.0,0.0,0.0,0,10.7
2024-02-04 22:00:00,2024-02-05T03:00:00Z,-1.3,-5.8,65,0.0,0.0,0.0,0,10.2
2024-02-04 23:00:00,2024-02-05T04:00:00Z,-2.0,-6.5,65,0.0,0.0,0.0,0,10.2
2024-02-05 00:00:00,2024-02-05T05:00:00Z,-2.4,-7.3,64,0.0,0.0,0.0,0,12.1
2024-02-05 01:00:00,2024-02-05T06:00:00Z,-2.6,-7.8,65,0.0,0.0,0.0,0,14.3
2024-02-05 02:00:00,2024-02-05T07:00:00Z,-2.6,-8.1,65,0.0,0.0,0.0,0,16.6
2024-02-05 03:00:00,2024-02-05T08:00:00Z,-2.7,-8.3,65,0.0,0.0,0.0,0,16.9
2024-02-05 04:00:00,2024-02-05T09:00:00Z,-3.0,-8.6,64,0.0,0.0,0.0,0,16.2
2024-02-05 05:00:00,2024-02-05T10:00:00Z,-3.3,-8.8,63,0.0,0.0,0.0,0,15.5
2024-02-05 06:00:00,2024-02-05T11:00:00Z,-3.6,-8.9,65,0.0,0.0,0.0,0,14.0
2024-02-05 07:00:00,2024-02-05T12:00:00Z,-3.8,-9.1,65,0.0,0.0,0.0,0,14.4
2024-02-05 08:00:00,2024-02-05T13:00:00Z,-2.3,-7.7,61,0.0,0.0,0.0,0,14.8
2024-02-05 09:00:00,2024-02-05T14:00:00Z,-0.9,-6.4,56,0.0,0.0,0.0,0,16.2
2024-02-05 10:00:00,2024-02-05T15:00:00Z,0.9,-4.3,53,0.0,0.0,0.0,0,14.8
2024-02-05 11:00:00,2024-02-05T16:00:00Z,2.7,-2.2,48,0.0,0.0,0.0,1,13.4
2024-02-05 12:00:00,2024-02-05T17:00:00Z,4.3,-0.6,42,0.0,0.0,0.0,0,13.0
2024-02-05 13:00:00,2024-02-05T18:00:00Z,5.5,0.5,37,0.0,0.0,0.0,0,13.7
2024-02-05 14:00:00,2024-02-05T19:00:00Z,6.0,0.8,34,0.0,0.0,0.0,0,14.5
2024-02-05 15:00:00,2024-02-05T20:00:00Z,5.9,0.3,33,0.0,0.0,0.0,0,16.4
2024-02-05 16:00:00,2024-02-05T21:00:00Z,5.0,-1.1,34,0.0,0.0,0.0,0,19.5
2024-02-05 17:00:00,2024-02-05T22:00:00Z,3.3,-3.0,37,0.0,0.0,0.0,0,20.6
2024-02-05 18:00:00,2024-02-05T23:00:00Z,1.9,-5.0,38,0.0,0.0,0.0,1,24.0
2024-02-05 19:00:00,2024-02-06T00:00:00Z,0.9,-6.3,38,0.0,0.0,0.0,0,26.5
2024-02-05 20:00:00,2024-02-06T01:00:00Z,-0.8,-7.0,39,0.0,0.0,0.0,0,18.8
2024-02-05 21:00:00,2024-02-06T02:00:00Z,-1.2,-7.5,39,0.0,0.0,0.0,0,18.9
2024-02-05 22:00:00,2024-02-06T03:00:00Z,-1.7,-8.0,39,0.0,0.0,0.0,0,18.9
2024-02-05 23:00:00,2024-02-06T04:00:00Z,-2.4,-8.8,39,0.0,0.0,0.0,0,19.1
2024-02-06 00:00:00,2024-02-06T05:00:00Z,-3.3,-9.6,40,0.0,0.0,0.0,0,18.8
2024-02-06 01:00:00,2024-02-06T06:00:00Z,-4.0,-10.2,43,0.0,0.0,0.0,0,18.1
2024-02-06 02:00:00,2024-02-06T07:00:00Z,-4.5,-10.5,47,0.0,0.0,0.0,0,17.0
2024-02-06 03:00:00,2024-02-06T08:00:00Z,-4.9,-10.7,52,0.0,0.0,0.0,0,16.0
2024-02-06 04:00:00,2024-02-06T09:00:00Z,-5.2,-11.0,57,0.0,0.0,0.0,0,16.1
2024-02-06 05:00:00,2024-02-06T10:00:00Z,-5.4,-11.1,60,0.0,0.0,0.0,0,15.3
2024-02-06 06:00:00,2024-02-06T11:00:00Z,-5.5,-11.2,63,0.0,0.0,0.0,0,15.5
2024-02-06 07:00:00,2024-02-06T12:00:00Z,-5.3,-11.1,63,0.0,0.0,0.0,0,16.4
2024-02-06 08:00:00,2024-02-06T13:00:00Z,-3.6,-8.8,61,0.0,0.0,0.0,0,13.5
2024-02-06 09:00:00,2024-02-06T14:00:00Z,-1.8,-7.1,56,0.0,0.0,0.0,0,14.1
2024-02-06 10:00:00,2024-02-06T15:00:00Z,0.2,-5.1,51,0.0,0.0,0.0,0,14.4
2024-02-06 11:00:00,2024-02-06T16:00:00Z,1.7,-3.2,49,0.0,0.0,0.0,0,12.2
2024-02-06 12:00:00,2024-02-06T17:00:00Z,2.9,-1.7,46,0.0,0.0,0.0,0,11.2
2024-02-06 13:00:00,2024-02-06T18:00:00Z,3.9,-0.6,44,0.0,0.0,0.0,0,10.4
2024-02-06 14:00:00,2024-02-06T19:00:00Z,4.5,0.0,43,0.0,0.0,0.0,0,10.4
2024-02-06 15:00:00,2024-02-06T20:00:00Z,4.8,0.2,43,0.0,0.0,0.0,0,10.6
2024-02-06 16:00:00,2024-02-06T21:00:00Z,4.4,-0.3,44,0.0,0.0,0.0,0,11.3
2024-02-06 17:00:00,2024-02-06T22:00:00Z,2.6,-1.7,51,0.0,0.0,0.0,0,9.0
2024-02-06 18:00:00,2024-02-06T23:00:00Z,1.0,-3.8,54,0.0,0.0,0.0,0,11.9
2024-02-06 19:00:00,2024-02-07T00:00:00Z,0.0,-4.6,59,0.0,0.0,0.0,0,11.0
2024-02-06 20:00:00,2024-02-07T01:00:00Z,-1.0,-5.7,61,0.0,0.0,0.0,0,10.8
2024-02-06 21:00:00,2024-02-07T02:00:00Z,-1.5,-6.3,62,0.0,0.0,0.0,0,11.8
2024-02-06 22:00:00,2024-02-07T03:00:00Z,-2.0,-6.9,62,0.0,0.0,0.0,0,12.6
2024-02-06 23:00:00,2024-02-07T04:00:00Z,-2.3,-7.4,62,0.0,0.0,0.0,0,13.8
2024-02-07 00:00:00,2024-02-07T05:00:00Z,-2.4,-7.5,62,0.0,0.0,0.0,0,13.3
2024-02-07 01:00:00,2024-02-07T06:00:00Z,-2.8,-7.6,64,0.0,0.0,0.0,0,11.8
2024-02-07 02:00:00,2024-02-07T07:00:00Z,-3.0,-7.9,66,0.0,0.0,0.0,0,11.7
2024-02-07 03:00:00,2024-02-07T08:00:00Z,-3.3,-8.1,67,0.0,0.0,0.0,0,11.3
2024-02-07 04:00:00,2024-02-07T09:00:00Z,-3.7,-8.2,69,0.0,0.0,0.0,0,9.6
2024-02-07 05:00:00,2024-02-07T10:00:00Z,-4.0,-8.5,71,0.0,0.0,0.0,1,9.8
2024-02-07 06:00:00,2024-02-07T11:00:00Z,-4.1,-8.8,72,0.0,0.0,0.0,0,10.8
2024-02-07 07:00:00,2024-02-07T12:00:00Z,-4.2,-8.9,72,0.0,0.0,0.0,0,10.8
2024-02-07 08:00:00,2024-02-07T13:00:00Z,-2.6,-7.3,70,0.0,0.0,0.0,1,11.2
2024-02-07 09:00:00,2024-02-07T14:00:00Z,-0.4,-4.7,64,0.0,0.0,0.0,1,9.0
2024-02-07 10:00:00,2024-02-07T15:00:00Z,2.2,-2.0,57,0.0,0.0,0.0,2,9.4
2024-02-07 11:00:00,2024-02-07T16:00:00Z,4.3,0.0,50,0.0,0.0,0.0,0,9.7
2024-02-07 12:00:00,2024-02-07T17:00:00Z,5.6,1.6,47,0.0,0.0,0.0,1,8.4
2024-02-07 13:00:00,2024-02-07T18:00:00Z,6.4,2.8,45,0.0,0.0,0.0,1,6.5
2024-02-07 14:00:00,2024-02-07T19:00:00Z,7.1,3.4,43,0.0,0.0,0.0,1,6.2
2024-02-07 15:00:00,2024-02-07T20:00:00Z,7.3,3.7,41,0.0,0.0,0.0,1,5.8
2024-02-07 16:00:00,2024-02-07T21:00:00Z,7.1,3.4,40,0.0,0.0,0.0,1,5.4
2024-02-07 17:00:00,2024-02-07T22:00:00Z,6.4,2.8,41,0.0,0.0,0.0,1,5.0
2024-02-07 18:00:00,2024-02-07T23:00:00Z,4.9,1.2,46,0.0,0.0,0.0,1,5.9
2024-02-07 19:00:00,2024-02-08T00:00:00Z,1.7,-2.2,58,0.0,0.0,0.0,0,7.4
2024-02-07 20:00:00,2024-02-08T01:00:00Z,0.8,-3.1,61,0.0,0.0,0.0,2,6.8
2024-02-07 21:00:00,2024-02-08T02:00:00Z,-0.5,-4.1,66,0.0,0.0,0.0,1,4.7
2024-02-07 22:00:00,2024-02-08T03:00:00Z,-2.5,-6.2,78,0.0,0.0,0.0,0,5.9
2024-02-07 23:00:00,2024-02-08T04:00:00Z,-3.2,-7.0,83,0.0,0.0,0.0,0,6.8
2024-02-08 00:00:00,2024-02-08T05:00:00Z,-3.2,-6.7,83,0.0,0.0,0.0,0,4.3
2024-02-08 01:00:00,2024-02-08T06:00:00Z,-3.3,-7.0,83,0.0,0.0,0.0,0,5.4
2024-02-08 02:00:00,2024-02-08T07:00:00Z,-3.4,-7.1,81,0.0,0.0,0.0,1,5.7
2024-02-08 03:00:00,2024-02-08T08:00:00Z,-4.0,-7.9,84,0.0,0.0,0.0,0,6.9
2024-02-08 04:00:00,2024-02-08T09:00:00Z,-3.9,-7.6,82,0.0,0.0,0.0,0,5.0
2024-02-08 05:00:00,2024-02-08T10:00:00Z,-4.0,-7.8,81,0.0,0.0,0.0,0,5.8
2024-02-08 06:00:00,2024-02-08T11:00:00Z,-3.9,-7.9,78,0.0,0.0,0.0,1,6.5
2024-02-08 07:00:00,2024-02-08T12:00:00Z,-3.9,-7.9,75,0.0,0.0,0.0,1,6.5
2024-02-08 08:00:00,2024-02-08T13:00:00Z,-1.5,-5.5,68,0.0,0.0,0.0,1,6.9
2024-02-08 09:00:00,2024-02-08T14:00:00Z,1.3,-2.0,68,0.0,0.0,0.0,0,3.9
2024-02-08 10:00:00,2024-02-08T15:00:00Z,4.4,1.2,55,0.0,0.0,0.0,0,3.6
2024-02-08 11:00:00,2024-02-08T16:00:00Z,6.6,3.4,46,0.0,0.0,0.0,0,3.6
2024-02-08 12:00:00,2024-02-08T17:00:00Z,8.0,4.8,43,0.0,0.0,0.0,0,4.0
2024-02-08 13:00:00,2024-02-08T18:00:00Z,8.7,5.6,43,0.0,0.0,0.0,0,4.8
2024-02-08 14:00:00,2024-02-08T19:00:00Z,9.2,6.0,43,0.0,0.0,0.0,3,4.8
2024-02-08 15:00:00,2024-02-08T20:00:00Z,9.0,5.5,46,0.0,0.0,0.0,3,7.6
2024-02-08 16:00:00,2024-02-08T21:00:00Z,7.9,4.0,49,0.0,0.0,0.0,3,9.8
2024-02-08 17:00:00,2024-02-08T22:00:00Z,5.2,1.4,58,0.0,0.0,0.0,3,9.0
2024-02-08 18:00:00,2024-02-08T23:00:00Z,2.7,-1.1,73,0.0,0.0,0.0,3,9.6
2024-02-08 19:00:00,2024-02-09T00:00:00Z,1.8,-1.8,87,0.0,0.0,0.0,3,9.4
2024-02-08 20:00:00,2024-02-09T01:00:00Z,2.5,-1.0,86,0.0,0.0,0.0,3,10.0
2024-02-08 21:00:00,2024-02-09T02:00:00Z,2.3,-1.3,90,0.0,0.0,0.0,3,10.7
2024-02-08 22:00:00,2024-02-09T03:00:00Z,2.5,-1.0,91,0.0,0.0,0.0,3,10.7
2024-02-08 23:00:00,2024-02-09T04:00:00Z,2.3,-0.9,91,0.0,0.0,0.0,3,8.8
2024-02-09 00:00:00,2024-02-09T05:00:00Z,1.9,-1.5,91,0.0,0.0,0.0,3,9.4
2024-02-09 01:00:00,2024-02-09T06:00:00Z,0.9,-2.3,90,0.0,0.0,0.0,3,6.6
2024-02-09 02:00:00,2024-02-09T07:00:00Z,1.2,-2.5,86,0.0,0.0,0.0,3,9.7
2024-02-09 03:00:00,2024-02-09T08:00:00Z,1.3,-2.5,84,0.0,0.0,0.0,3,10.2
2024-02-09 04:00:00,2024-02-09T09:00:00Z,1.4,-1.7,83,0.0,0.0,0.0,3,5.4
2024-02-09 05:00:00,2024-02-09T10:00:00Z,1.1,-2.0,84,0.0,0.0,0.0,3,5.1
2024-02-09 06:00:00,2024-02-09T11:00:00Z,1.1,-2.4,83,0.0,0.0,0.0,3,7.6
2024-02-09 07:00:00,2024-02-09T12:00:00Z,1.7,-2.0,80,0.0,0.0,0.0,3,9.4
2024-02-09 08:00:00,2024-02-09T13:00:00Z,3.2,-0.4,83,0.0,0.0,0.0,3,10.8
2024-02-09 09:00:00,2024-02-09T14:00:00Z,4.6,1.4,84,0.0,0.0,0.0,3,9.7
2024-02-09 10:00:00,2024-02-09T15:00:00Z,6.4,3.1,81,0.0,0.0,0.0,3,12.0
2024-02-09 11:00:00,2024-02-09T16:00:00Z,8.4,5.2,73,0.0,0.0,0.0,0,11.8
2024-02-09 12:00:00,2024-02-09T17:00:00Z,9.9,6.5,67,0.0,0.0,0.0,1,14.0
2024-02-09 13:00:00,2024-02-09T18:00:00Z,10.4,6.9,66,0.0,0.0,0.0,1,14.8
2024-02-09 14:00:00,2024-02-09T19:00:00Z,9.7,6.4,72,0.0,0.0,0.0,2,14.5
2024-02-09 15:00:00,2024-02-09T20:00:00Z,9.3,6.1,77,0.0,0.0,0.0,0,14.4
2024-02-09 16:00:00,2024-02-09T21:00:00Z,8.7,5.7,81,0.0,0.0,0.0,0,12.5
2024-02-09 17:00:00,2024-02-09T22:00:00Z,6.8,4.2,88,0.0,0.0,0.0,0,9.4
2024-02-09 18:00:00,2024-02-09T23:00:00Z,4.8,2.1,94,0.0,0.0,0.0,1,8.9
2024-02-09 19:00:00,2024-02-10T00:00:00Z,2.9,-0.2,97,0.0,0.0,0.0,2,9.4
2024-02-09 20:00:00,2024-02-10T01:00:00Z,3.6,1.0,93,0.0,0.0,0.0,3,5.8
2024-02-09 21:00:00,2024-02-10T02:00:00Z,2.7,-0.5,95,0.0,0.0,0.0,2,9.1
2024-02-09 22:00:00,2024-02-10T03:00:00Z,2.7,-0.1,96,0.0,0.0,0.0,3,6.5
2024-02-09 23:00:00,2024-02-10T04:00:00Z,3.1,0.3,92,0.0,0.0,0.0,3,7.0
2024-02-10 00:00:00,2024-02-10T05:00:00Z,3.6,0.5,88,0.0,0.0,0.0,3,8.4
2024-02-10 01:00:00,2024-02-10T06:00:00Z,3.8,0.7,87,0.0,0.0,0.0,3,8.2
2024-02-10 02:00:00,2024-02-10T07:00:00Z,3.6,0.6,88,0.0,0.0,0.0,3,7.6
2024-02-10 03:00:00,2024-02-10T08:00:00Z,2.9,-0.1,89,0.0,0.0,0.0,3,7.1
2024-02-10 04:00:00,2024-02-10T09:00:00Z,2.2,-0.8,90,0.0,0.0,0.0,3,6.8
2024-02-10 05:00:00,2024-02-10T10:00:00Z,1.7,-1.3,92,0.0,0.0,0.0,3,6.8
2024-02-10 06:00:00,2024-02-10T11:00:00Z,1.8,-1.5,91,0.0,0.0,0.0,3,8.2
2024-02-10 07:00:00,2024-02-10T12:00:00Z,1.9,-1.5,91,0.0,0.0,0.0,3,9.7
2024-02-10 08:00:00,2024-02-10T13:00:00Z,3.5,0.3,87,0.0,0.0,0.0,3,9.6
2024-02-10 09:00:00,2024-02-10T14:00:00Z,6.2,3.5,82,0.0,0.0,0.0,3,7.9
2024-02-10 10:00:00,2024-02-10T15:00:00Z,9.2,7.1,76,0.0,0.0,0.0,3,6.4
2024-02-10 11:00:00,2024-02-10T16:00:00Z,11.7,9.4,71,0.0,0.0,0.0,3,10.0
2024-02-10 12:00:00,2024-02-10T17:00:00Z,13.2,10.4,66,0.0,0.0,0.0,3,13.8
2024-02-10 13:00:00,2024-02-10T18:00:00Z,13.5,10.8,66,0.0,0.0,0.0,3,13.5
2024-02-10 14:00:00,2024-02-10T19:00:00Z,15.0,12.2,63,0.0,0.0,0.0,3,15.6
2024-02-10 15:00:00,2024-02-10T20:00:00Z,14.4,12.0,67,0.0,0.0,0.0,3,13.8
2024-02-10 16:00:00,2024-02-10T21:00:00Z,14.2,11.6,69,0.0,0.0,0.0,3,14.9
2024-02-10 17:00:00,2024-02-10T22:00:00Z,13.1,10.6,73,0.0,0.0,0.0,3,13.6
2024-02-10 18:00:00,2024-02-10T23:00:00Z,11.1,8.8,82,0.0,0.0,0.0,3,12.4
2024-02-10 19:00:00,2024-02-11T00:00:00Z,10.1,7.8,87,0.0,0.0,0.0,3,12.3
2024-02-10 20:00:00,2024-02-11T01:00:00Z,9.8,7.5,87,0.2,0.2,0.0,51,11.6
2024-02-10 21:00:00,2024-02-11T02:00:00Z,9.1,7.1,91,0.0,0.0,0.0,3,9.6
2024-02-10 22:00:00,2024-02-11T03:00:00Z,8.5,6.4,92,0.0,0.0,0.0,3,9.7
2024-02-10 23:00:00,2024-02-11T04:00:00Z,7.9,5.9,90,0.0,0.0,0.0,3,7.5
2024-02-11 00:00:00,2024-02-11T05:00:00Z,6.2,4.0,93,0.0,0.0,0.0,3,6.8
2024-02-11 01:00:00,2024-02-11T06:00:00Z,6.2,4.0,93,0.0,0.0,0.0,3,6.9
2024-02-11 02:00:00,2024-02-11T07:00:00Z,6.2,3.5,92,0.0,0.0,0.0,3,10.2
2024-02-11 03:00:00,2024-02-11T08:00:00Z,6.2,2.9,91,0.0,0.0,0.0,3,14.1
2024-02-11 04:00:00,2024-02-11T09:00:00Z,5.6,1.7,86,0.0,0.0,0.0,3,16.1
2024-02-11 05:00:00,2024-02-11T10:00:00Z,4.3,0.3,83,0.0,0.0,0.0,3,15.1
2024-02-11 06:00:00,2024-02-11T11:00:00Z,3.6,-0.5,80,0.0,0.0,0.0,3,13.9
2024-02-11 07:00:00,2024-02-11T12:00:00Z,2.9,-1.2,79,0.0,0.0,0.0,3,13.1
2024-02-11 08:00:00,2024-02-11T13:00:00Z,4.6,0.7,75,0.0,0.0,0.0,3,12.1
2024-02-11 09:00:00,2024-02-11T14:00:00Z,5.8,2.3,71,0.0,0.0,0.0,3,10.4
2024-02-11 10:00:00,2024-02-11T15:00:00Z,7.0,2.8,63,0.0,0.0,0.0,3,14.3
2024-02-11 11:00:00,2024-02-11T16:00:00Z,7.2,3.1,60,0.0,0.0,0.0,3,13.1
2024-02-11 12:00:00,2024-02-11T17:00:00Z,7.7,3.8,58,0.0,0.0,0.0,3,12.0
2024-02-11 13:00:00,2024-02-11T18:00:00Z,8.0,4.4,58,0.0,0.0,0.0,3,10.3
2024-02-11 14:00:00,2024-02-11T19:00:00Z,8.2,4.6,57,0.0,0.0,0.0,3,10.2
2024-02-11 15:00:00,2024-02-11T20:00:00Z,8.1,4.6,57,0.0,0.0,0.0,3,9.8
2024-02-11 16:00:00,2024-02-11T21:00:00Z,8.0,4.6,57,0.0,0.0,0.0,3,8.6
2024-02-11 17:00:00,2024-02-11T22:00:00Z,7.3,4.2,61,0.0,0.0,0.0,3,7.1
2024-02-11 18:00:00,2024-02-11T23:00:00Z,6.7,3.5,62,0.0,0.0,0.0,3,7.1
2024-02-11 19:00:00,2024-02-12T00:00:00Z,6.3,3.3,62,0.0,0.0,0.0,3,5.4
2024-02-11 20:00:00,2024-02-12T01:00:00Z,4.8,1.4,64,0.0,0.0,0.0,2,7.1
2024-02-11 21:00:00,2024-02-12T02:00:00Z,4.5,1.0,65,0.0,0.0,0.0,3,7.5
2024-02-11 22:00:00,2024-02-12T03:00:00Z,4.4,0.8,65,0.0,0.0,0.0,3,8.0
2024-02-11 23:00:00,2024-02-12T04:00:00Z,4.2,0.4,64,0.0,0.0,0.0,3,9.8
2024-02-12 00:00:00,2024-02-12T05:00:00Z,3.5,-0.6,65,0.0,0.0,0.0,3,11.5
2024-02-12 01:00:00,2024-02-12T06:00:00Z,2.9,-1.1,67,0.0,0.0,0.0,0,10.1
2024-02-12 02:00:00,2024-02-12T07:00:00Z,0.9,-2.9,77,0.0,0.0,0.0,2,8.7
2024-02-12 03:00:00,2024-02-12T08:00:00Z,-0.8,-4.2,86,0.0,0.0,0.0,3,5.6
2024-02-12 04:00:00,2024-02-12T09:00:00Z,-1.4,-5.0,88,0.0,0.0,0.0,3,7.5
2024-02-12 05:00:00,2024-02-12T10:00:00Z,-2.0,-5.4,90,0.0,0.0,0.0,3,5.8
2024-02-12 06:00:00,2024-02-12T11:00:00Z,-2.4,-5.9,91,0.0,0.0,0.0,3,5.8
2024-02-12 07:00:00,2024-02-12T12:00:00Z,-2.4,-6.2,89,0.0,0.0,0.0,3,7.3
2024-02-12 08:00:00,2024-02-12T13:00:00Z,-0.4,-4.0,81,0.0,0.0,0.0,3,7.1
2024-02-12 09:00:00,2024-02-12T14:00:00Z,1.4,-1.9,75,0.0,0.0,0.0,3,5.9
2024-02-12 10:00:00,2024-02-12T15:00:00Z,3.5,0.4,67,0.0,0.0,0.0,3,4.8
2024-02-12 11:00:00,2024-02-12T16:00:00Z,5.3,2.5,62,0.0,0.0,0.0,3,3.2
2024-02-12 12:00:00,2024-02-12T17:00:00Z,6.8,4.1,58,0.0,0.0,0.0,3,3.2
2024-02-12 13:00:00,2024-02-12T18:00:00Z,7.8,5.2,56,0.0,0.0,0.0,3,2.9
2024-02-12 14:00:00,2024-02-12T19:00:00Z,8.5,5.6,55,0.0,0.0,0.0,3,4.9
2024-02-12 15:00:00,2024-02-12T20:00:00Z,8.5,5.4,57,0.0,0.0,0.0,3,6.5
2024-02-12 16:00:00,2024-02-12T21:00:00Z,7.4,3.9,62,0.0,0.0,0.0,3,9.8
2024-02-12 17:00:00,2024-02-12T22:00:00Z,5.9,2.5,69,0.0,0.0,0.0,3,9.1
2024-02-12 18:00:00,2024-02-12T23:00:00Z,4.7,1.6,72,0.0,0.0,0.0,3,7.3
2024-02-12 19:00:00,2024-02-13T00:00:00Z,4.4,1.1,71,0.0,0.0,0.0,3,7.6
2024-02-12 20:00:00,2024-02-13T01:00:00Z,3.3,0.2,80,0.0,0.0,0.0,3,7.2
2024-02-12 21:00:00,2024-02-13T02:00:00Z,3.3,-0.0,69,0.0,0.0,0.0,3,6.5
2024-02-12 22:00:00,2024-02-13T03:00:00Z,3.0,-0.8,67,0.0,0.0,0.0,3,8.6
2024-02-12 23:00:00,2024-02-13T04:00:00Z,2.4,-1.6,70,0.0,0.0,0.0,3,10.4
2024-02-13 00:00:00,2024-02-13T05:00:00Z,1.9,-2.0,72,0.1,0.1,0.0,51,9.7
2024-02-13 01:00:00,2024-02-13T06:00:00Z,1.5,-2.7,74,0.9,0.1,0.56,73,11.7
2024-02-13 02:00:00,2024-02-13T07:00:00Z,1.0,-3.7,76,2.4,0.0,1.68,75,14.8
2024-02-13 03:00:00,2024-02-13T08:00:00Z,0.5,-4.0,79,0.9,0.0,0.63,73,13.9
2024-02-13 04:00:00,2024-02-13T09:00:00Z,-0.2,-4.7,86,2.1,0.0,1.47,75,14.3
2024-02-13 05:00:00,2024-02-13T10:00:00Z,-0.6,-5.9,91,1.9,0.0,1.33,75,19.7
2024-02-13 06:00:00,2024-02-13T11:00:00Z,-0.7,-6.2,91,2.1,0.0,1.47,75,21.4
2024-02-13 07:00:00,2024-02-13T12:00:00Z,-0.9,-6.6,92,2.5,0.0,1.75,75,22.4
2024-02-13 08:00:00,2024-02-13T13:00:00Z,-0.4,-6.0,92,2.4,0.0,1.68,75,22.2
2024-02-13 09:00:00,2024-02-13T14:00:00Z,-0.4,-5.5,93,2.8,0.0,1.96,75,18.9
2024-02-13 10:00:00,2024-02-13T15:00:00Z,-0.3,-6.3,93,3.3,0.0,2.31,75,25.0
2024-02-13 11:00:00,2024-02-13T16:00:00Z,-0.1,-5.6,90,2.5,0.0,1.75,75,21.6
2024-02-13 12:00:00,2024-02-13T17:00:00Z,-0.2,-6.2,87,1.7,0.0,1.19,75,24.6
2024-02-13 13:00:00,2024-02-13T18:00:00Z,1.1,-5.2,78,0.5,0.0,0.35,73,26.4
2024-02-13 14:00:00,2024-02-13T19:00:00Z,2.3,-3.4,71,0.0,0.0,0.0,3,22.5
2024-02-13 15:00:00,2024-02-13T20:00:00Z,3.0,-1.9,66,0.0,0.0,0.0,2,16.5
2024-02-13 16:00:00,2024-02-13T21:00:00Z,2.9,-0.9,64,0.0,0.0,0.0,0,8.3
2024-02-13 17:00:00,2024-02-13T22:00:00Z,-0.6,-4.9,72,0.0,0.0,0.0,1,10.2
2024-02-13 18:00:00,2024-02-13T23:00:00Z,0.7,-4.3,68,0.0,0.0,0.0,0,15.0
2024-02-13 19:00:00,2024-02-14T00:00:00Z,0.6,-4.9,65,0.0,0.0,0.0,0,18.0
2024-02-13 20:00:00,2024-02-14T01:00:00Z,-0.3,-5.4,74,0.0,0.0,0.0,0,16.3
2024-02-13 21:00:00,2024-02-14T02:00:00Z,-0.9,-5.7,77,0.0,0.0,0.0,0,13.9
2024-02-13 22:00:00,2024-02-14T03:00:00Z,-1.8,-6.6,81,0.0,0.0,0.0,0,14.1
2024-02-13 23:00:00,2024-02-14T04:00:00Z,-2.2,-7.0,83,0.0,0.0,0.0,0,14.4
2024-02-14 00:00:00,2024-02-14T05:00:00Z,-2.5,-7.5,84,0.0,0.0,0.0,0,15.7
2024-02-14 01:00:00,2024-02-14T06:00:00Z,-2.5,-7.9,82,0.0,0.0,0.0,1,17.7
2024-02-14 02:00:00,2024-02-14T07:00:00Z,-2.6,-7.8,82,0.0,0.0,0.0,1,16.3
2024-02-14 03:00:00,2024-02-14T08:00:00Z,-2.5,-8.1,79,0.0,0.0,0.0,0,18.9
2024-02-14 04:00:00,2024-02-14T09:00:00Z,-3.0,-9.3,72,0.0,0.0,0.0,1,22.5
2024-02-14 05:00:00,2024-02-14T10:00:00Z,-3.8,-10.0,73,0.0,0.0,0.0,2,21.8
2024-02-14 06:00:00,2024-02-14T11:00:00Z,-4.2,-10.3,73,0.0,0.0,0.0,1,20.7
2024-02-14 07:00:00,2024-02-14T12:00:00Z,-4.6,-10.9,70,0.0,0.0,0.0,0,21.3
2024-02-14 08:00:00,2024-02-14T13:00:00Z,-3.4,-9.6,61,0.0,0.0,0.0,0,20.2
2024-02-14 09:00:00,2024-02-14T14:00:00Z,-3.0,-9.4,56,0.0,0.0,0.0,0,21.7
2024-02-14 10:00:00,2024-02-14T15:00:00Z,-2.7,-9.6,52,0.0,0.0,0.0,0,24.7
2024-02-14 11:00:00,2024-02-14T16:00:00Z,-2.2,-9.1,50,0.0,0.0,0.0,1,25.2
2024-02-14 12:00:00,2024-02-14T17:00:00Z,-1.7,-8.4,49,0.0,0.0,0.0,1,25.5
2024-02-14 13:00:00,2024-02-14T18:00:00Z,-1.1,-7.8,45,0.0,0.0,0.0,1,26.0
2024-02-14 14:00:00,2024-02-14T19:00:00Z,-0.5,-7.3,43,0.0,0.0,0.0,0,24.9
2024-02-14 15:00:00,2024-02-14T20:00:00Z,-0.4,-7.2,43,0.0,0.0,0.0,0,23.1
2024-02-14 16:00:00,2024-02-14T21:00:00Z,-0.7,-7.0,47,0.0,0.0,0.0,0,20.9
2024-02-14 17:00:00,2024-02-14T22:00:00Z,-1.5,-7.7,49,0.0,0.0,0.0,0,19.3
2024-02-14 18:00:00,2024-02-14T23:00:00Z,-2.8,-8.6,53,0.0,0.0,0.0,0,16.9
2024-02-14 19:00:00,2024-02-15T00:00:00Z,-3.6,-9.2,56,0.0,0.0,0.0,0,15.4
2024-02-14 20:00:00,2024-02-15T01:00:00Z,-2.9,-8.7,49,0.0,0.0,0.0,0,16.3
2024-02-14 21:00:00,2024-02-15T02:00:00Z,-3.1,-9.3,51,0.0,0.0,0.0,0,18.7
2024-02-14 22:00:00,2024-02-15T03:00:00Z,-3.1,-9.6,50,0.0,0.0,0.0,0,21.1
2024-02-14 23:00:00,2024-02-15T04:00:00Z,-3.4,-10.2,52,0.0,0.0,0.0,0,22.9
2024-02-15 00:00:00,2024-02-15T05:00:00Z,-3.9,-10.5,55,0.0,0.0,0.0,0,21.8
2024-02-15 01:00:00,2024-02-15T06:00:00Z,-4.4,-10.7,58,0.0,0.0,0.0,0,19.8
2024-02-15 02:00:00,2024-02-15T07:00:00Z,-4.7,-10.7,61,0.0,0.0,0.0,0,18.3
2024-02-15 03:00:00,2024-02-15T08:00:00Z,-5.0,-10.7,64,0.0,0.0,0.0,0,16.3
2024-02-15 04:00:00,2024-02-15T09:00:00Z,-5.2,-10.8,66,0.0,0.0,0.0,0,15.8
2024-02-15 05:00:00,2024-02-15T10:00:00Z,-5.4,-10.6,68,0.0,0.0,0.0,0,12.6
2024-02-15 06:00:00,2024-02-15T11:00:00Z,-5.7,-10.3,70,0.0,0.0,0.0,0,9.1
2024-02-15 07:00:00,2024-02-15T12:00:00Z,-6.0,-10.5,72,0.0,0.0,0.0,0,8.7
2024-02-15 08:00:00,2024-02-15T13:00:00Z,-5.9,-10.2,73,0.0,0.0,0.0,0,7.3
2024-02-15 09:00:00,2024-02-15T14:00:00Z,-3.4,-7.8,58,0.0,0.0,0.0,0,7.8
2024-02-15 10:00:00,2024-02-15T15:00:00Z,-2.0,-6.0,52,0.0,0.0,0.0,0,4.8
2024-02-15 11:00:00,2024-02-15T16:00:00Z,-0.6,-4.5,48,0.0,0.0,0.0,1,4.0
2024-02-15 12:00:00,2024-02-15T17:00:00Z,0.2,-3.3,48,0.0,0.0,0.0,3,4.7
2024-02-15 13:00:00,2024-02-15T18:00:00Z,0.7,-3.0,48,0.0,0.0,0.0,3,4.8
2024-02-15 14:00:00,2024-02-15T19:00:00Z,0.9,-3.5,49,0.0,0.0,0.0,3,8.6
2024-02-15 15:00:00,2024-02-15T20:00:00Z,0.7,-4.3,50,0.0,0.0,0.0,3,13.0
2024-02-15 16:00:00,2024-02-15T21:00:00Z,0.5,-4.6,56,0.0,0.0,0.0,3,13.8
2024-02-15 17:00:00,2024-02-15T22:00:00Z,0.0,-4.6,65,0.0,0.0,0.0,3,11.8
2024-02-15 18:00:00,2024-02-15T23:00:00Z,-0.3,-5.2,67,0.0,0.0,0.0,3,14.1
2024-02-15 19:00:00,2024-02-16T00:00:00Z,-0.1,-5.6,75,0.0,0.0,0.0,2,19.5
2024-02-15 20:00:00,2024-02-16T01:00:00Z,-0.6,-5.3,74,0.4,0.0,0.28,73,13.7
2024-02-15 21:00:00,2024-02-16T02:00:00Z,-1.2,-5.8,76,0.0,0.0,0.0,0,12.8
2024-02-15 22:00:00,2024-02-16T03:00:00Z,-2.1,-6.6,78,0.0,0.0,0.0,0,11.5
2024-02-15 23:00:00,2024-02-16T04:00:00Z,-1.8,-6.8,78,0.0,0.0,0.0,0,15.5
2024-02-16 00:00:00,2024-02-16T05:00:00Z,-0.9,-6.3,79,0.0,0.0,0.0,2,19.1
2024-02-16 01:00:00,2024-02-16T06:00:00Z,0.1,-5.6,79,0.0,0.0,0.0,1,21.3
2024-02-16 02:00:00,2024-02-16T07:00:00Z,0.8,-5.2,74,0.0,0.0,0.0,1,23.8
2024-02-16 03:00:00,2024-02-16T08:00:00Z,0.7,-5.7,66,0.0,0.0,0.0,0,25.0
2024-02-16 04:00:00,2024-02-16T09:00:00Z,0.1,-6.8,62,0.0,0.0,0.0,0,26.8
2024-02-16 05:00:00,2024-02-16T10:00:00Z,-1.1,-7.9,64,0.0,0.0,0.0,0,25.9
2024-02-16 06:00:00,2024-02-16T11:00:00Z,-2.0,-8.7,63,0.0,0.0,0.0,0,24.8
2024-02-16 07:00:00,2024-02-16T12:00:00Z,-2.7,-9.3,61,0.0,0.0,0.0,0,23.4
2024-02-16 08:00:00,2024-02-16T13:00:00Z,-0.8,-7.2,54,0.0,0.0,0.0,0,22.1
2024-02-16 09:00:00,2024-02-16T14:00:00Z,0.0,-6.5,53,0.0,0.0,0.0,0,23.3
2024-02-16 10:00:00,2024-02-16T15:00:00Z,0.5,-6.6,49,0.0,0.0,0.0,0,27.2
2024-02-16 11:00:00,2024-02-16T16:00:00Z,1.2,-6.0,46,0.0,0.0,0.0,0,27.7
2024-02-16 12:00:00,2024-02-16T17:00:00Z,2.1,-4.4,40,0.0,0.0,0.0,0,25.0
2024-02-16 13:00:00,2024-02-16T18:00:00Z,2.2,-3.9,42,0.0,0.0,0.0,0,22.5
2024-02-16 14:00:00,2024-02-16T19:00:00Z,2.5,-3.1,41,0.0,0.0,0.0,0,18.1
2024-02-16 15:00:00,2024-02-16T20:00:00Z,2.6,-2.9,41,0.0,0.0,0.0,0,15.8
2024-02-16 16:00:00,2024-02-16T21:00:00Z,2.5,-2.9,44,0.0,0.0,0.0,0,15.0
2024-02-16 17:00:00,2024-02-16T22:00:00Z,-0.6,-5.0,59,0.0,0.0,0.0,0,9.0
2024-02-16 18:00:00,2024-02-16T23:00:00Z,-2.6,-7.1,64,0.0,0.0,0.0,2,9.7
2024-02-16 19:00:00,2024-02-17T00:00:00Z,-3.9,-8.5,71,0.0,0.0,0.0,3,9.7
2024-02-16 20:00:00,2024-02-17T01:00:00Z,-2.5,-6.5,73,0.0,0.0,0.0,3,7.4
2024-02-16 21:00:00,2024-02-17T02:00:00Z,-1.4,-5.0,64,0.0,0.0,0.0,3,3.4
2024-02-16 22:00:00,2024-02-17T03:00:00Z,-2.0,-5.1,76,0.0,0.0,0.0,3,1.6
2024-02-16 23:00:00,2024-02-17T04:00:00Z,-1.8,-5.2,71,0.1,0.0,0.07,71,3.3
2024-02-17 00:00:00,2024-02-17T05:00:00Z,-1.8,-5.4,72,0.3,0.0,0.21,73,5.1
2024-02-17 01:00:00,2024-02-17T06:00:00Z,-2.0,-5.8,76,0.4,0.0,0.28,73,6.0
2024-02-17 02:00:00,2024-02-17T07:00:00Z,-2.2,-6.1,82,0.7,0.0,0.49,73,7.6
2024-02-17 03:00:00,2024-02-17T08:00:00Z,-2.5,-6.2,88,0.8,0.0,0.56,73,6.9
2024-02-17 04:00:00,2024-02-17T09:00:00Z,-2.5,-6.1,91,1.1,0.0,0.77,73,6.6
2024-02-17 05:00:00,2024-02-17T10:00:00Z,-2.6,-6.6,91,0.8,0.0,0.56,73,8.8
2024-02-17 06:00:00,2024-02-17T11:00:00Z,-2.5,-6.0,92,0.5,0.0,0.35,73,6.4
2024-02-17 07:00:00,2024-02-17T12:00:00Z,-2.3,-5.7,93,0.3,0.0,0.21,73,5.5
2024-02-17 08:00:00,2024-02-17T13:00:00Z,-2.1,-5.7,94,0.3,0.0,0.21,73,7.3
2024-02-17 09:00:00,2024-02-17T14:00:00Z,-1.4,-5.2,89,0.1,0.0,0.07,71,8.3
2024-02-17 10:00:00,2024-02-17T15:00:00Z,-0.5,-4.3,83,0.0,0.0,0.0,3,8.5
2024-02-17 11:00:00,2024-02-17T16:00:00Z,0.3,-4.0,74,0.1,0.0,0.07,71,11.5
2024-02-17 12:00:00,2024-02-17T17:00:00Z,0.8,-4.2,66,0.1,0.0,0.07,71,15.2
2024-02-17 13:00:00,2024-02-17T18:00:00Z,1.4,-4.3,55,0.1,0.0,0.07,71,19.5
2024-02-17 14:00:00,2024-02-17T19:00:00Z,1.3,-4.9,47,0.0,0.0,0.0,0,21.6
2024-02-17 15:00:00,2024-02-17T20:00:00Z,1.0,-5.4,47,0.0,0.0,0.0,3,22.2
2024-02-17 16:00:00,2024-02-17T21:00:00Z,0.2,-6.0,48,0.0,0.0,0.0,0,20.5
2024-02-17 17:00:00,2024-02-17T22:00:00Z,-0.8,-6.6,51,0.0,0.0,0.0,0,17.7
2024-02-17 18:00:00,2024-02-17T23:00:00Z,-2.1,-7.8,58,0.0,0.0,0.0,0,16.6
2024-02-17 19:00:00,2024-02-18T00:00:00Z,-3.2,-8.9,60,0.0,0.0,0.0,0,16.4
2024-02-17 20:00:00,2024-02-18T01:00:00Z,-3.7,-9.2,53,0.0,0.0,0.0,0,14.7
2024-02-17 21:00:00,2024-02-18T02:00:00Z,-4.5,-9.7,56,0.0,0.0,0.0,0,12.2
2024-02-17 22:00:00,2024-02-18T03:00:00Z,-5.0,-10.4,60,0.0,0.0,0.0,0,13.4
2024-02-17 23:00:00,2024-02-18T04:00:00Z,-5.5,-10.6,64,0.0,0.0,0.0,0,11.9
2024-02-18 00:00:00,2024-02-18T05:00:00Z,-6.1,-10.8,68,0.0,0.0,0.0,0,9.4
2024-02-18 01:00:00,2024-02-18T06:00:00Z,-6.5,-11.0,71,0.0,0.0,0.0,0,8.1
2024-02-18 02:00:00,2024-02-18T07:00:00Z,-6.6,-11.6,69,0.0,0.0,0.0,0,10.8
2024-02-18 03:00:00,2024-02-18T08:00:00Z,-6.9,-12.1,71,0.0,0.0,0.0,0,12.4
2024-02-18 04:00:00,2024-02-18T09:00:00Z,-7.1,-12.3,74,0.0,0.0,0.0,0,13.1
2024-02-18 05:00:00,2024-02-18T10:00:00Z,-7.0,-12.3,74,0.0,0.0,0.0,0,13.5
2024-02-18 06:00:00,2024-02-18T11:00:00Z,-6.9,-12.4,71,0.0,0.0,0.0,1,14.2
2024-02-18 07:00:00,2024-02-18T12:00:00Z,-6.8,-12.5,69,0.0,0.0,0.0,0,15.8
2024-02-18 08:00:00,2024-02-18T13:00:00Z,-5.7,-11.0,73,0.0,0.0,0.0,0,14.2
2024-02-18 09:00:00,2024-02-18T14:00:00Z,-4.0,-10.5,62,0.0,0.0,0.0,0,21.7
2024-02-18 10:00:00,2024-02-18T15:00:00Z,-2.6,-9.3,52,0.0,0.0,0.0,0,23.0
2024-02-18 11:00:00,2024-02-18T16:00:00Z,-1.3,-7.8,48,0.0,0.0,0.0,0,22.4
2024-02-18 12:00:00,2024-02-18T17:00:00Z,-0.1,-6.4,45,0.0,0.0,0.0,0,23.5
2024-02-18 13:00:00,2024-02-18T18:00:00Z,1.1,-5.4,43,0.0,0.0,0.0,0,25.5
2024-02-18 14:00:00,2024-02-18T19:00:00Z,2.3,-4.3,41,0.0,0.0,0.0,0,24.5
2024-02-18 15:00:00,2024-02-18T20:00:00Z,2.9,-3.5,43,0.0,0.0,0.0,0,21.9
2024-02-18 16:00:00,2024-02-18T21:00:00Z,2.7,-3.0,46,0.0,0.0,0.0,0,18.1
2024-02-18 17:00:00,2024-02-18T22:00:00Z,1.5,-4.1,49,0.0,0.0,0.0,0,17.3
2024-02-18 18:00:00,2024-02-18T23:00:00Z,0.2,-5.5,52,0.0,0.0,0.0,0,17.2
2024-02-18 19:00:00,2024-02-19T00:00:00Z,-0.8,-6.0,56,0.0,0.0,0.0,0,14.6
2024-02-18 20:00:00,2024-02-19T01:00:00Z,-1.8,-6.5,57,0.0,0.0,0.0,0,10.0
2024-02-18 21:00:00,2024-02-19T02:00:00Z,-2.7,-7.5,63,0.0,0.0,0.0,0,11.5
2024-02-18 22:00:00,2024-02-19T03:00:00Z,-2.7,-7.8,64,0.0,0.0,0.0,0,13.4
2024-02-18 23:00:00,2024-02-19T04:00:00Z,-2.3,-7.5,62,0.0,0.0,0.0,0,13.7
2024-02-19 00:00:00,2024-02-19T05:00:00Z,-1.2,-6.7,57,0.0,0.0,0.0,0,16.1
2024-02-19 01:00:00,2024-02-19T06:00:00Z,-1.3,-6.9,57,0.0,0.0,0.0,0,16.9
2024-02-19 02:00:00,2024-02-19T07:00:00Z,-1.9,-7.4,58,0.0,0.0,0.0,0,15.5
2024-02-19 03:00:00,2024-02-19T08:00:00Z,-2.8,-7.9,63,0.0,0.0,0.0,0,13.0
2024-02-19 04:00:00,2024-02-19T09:00:00Z,-3.6,-8.5,67,0.0,0.0,0.0,0,12.3
2024-02-19 05:00:00,2024-02-19T10:00:00Z,-3.9,-8.8,70,0.0,0.0,0.0,0,11.5
2024-02-19 06:00:00,2024-02-19T11:00:00Z,-4.1,-8.7,72,0.0,0.0,0.0,0,10.4
2024-02-19 07:00:00,2024-02-19T12:00:00Z,-4.1,-8.7,73,0.0,0.0,0.0,0,10.7
2024-02-19 08:00:00,2024-02-19T13:00:00Z,-1.3,-6.3,59,0.0,0.0,0.0,0,12.9
2024-02-19 09:00:00,2024-02-19T14:00:00Z,0.8,-5.8,38,0.0,0.0,0.0,0,21.9
2024-02-19 10:00:00,2024-02-19T15:00:00Z,1.7,-4.5,38,0.0,0.0,0.0,0,19.0
2024-02-19 11:00:00,2024-02-19T16:00:00Z,2.2,-3.4,40,0.0,0.0,0.0,0,17.0
2024-02-19 12:00:00,2024-02-19T17:00:00Z,2.7,-2.4,34,0.0,0.0,0.0,0,15.7
2024-02-19 13:00:00,2024-02-19T18:00:00Z,2.9,-2.2,31,0.0,0.0,0.0,0,15.1
2024-02-19 14:00:00,2024-02-19T19:00:00Z,3.0,-2.3,29,0.0,0.0,0.0,0,14.8
2024-02-19 15:00:00,2024-02-19T20:00:00Z,3.1,-2.4,28,0.0,0.0,0.0,0,13.8
2024-02-19 16:00:00,2024-02-19T21:00:00Z,2.8,-2.6,29,0.0,0.0,0.0,0,12.6
2024-02-19 17:00:00,2024-02-19T22:00:00Z,1.3,-3.2,37,0.0,0.0,0.0,0,7.4
2024-02-19 18:00:00,2024-02-19T23:00:00Z,-2.0,-6.5,45,0.0,0.0,0.0,0,7.8
2024-02-19 19:00:00,2024-02-20T00:00:00Z,-1.8,-7.0,42,0.0,0.0,0.0,0,12.0
2024-02-19 20:00:00,2024-02-20T01:00:00Z,-2.7,-7.5,49,0.0,0.0,0.0,0,9.9
2024-02-19 21:00:00,2024-02-20T02:00:00Z,-2.8,-8.3,48,0.0,0.0,0.0,0,14.4
2024-02-19 22:00:00,2024-02-20T03:00:00Z,-3.4,-8.9,50,0.0,0.0,0.0,0,13.9
2024-02-19 23:00:00,2024-02-20T04:00:00Z,-4.3,-9.5,54,0.0,0.0,0.0,0,12.2
2024-02-20 00:00:00,2024-02-20T05:00:00Z,-5.2,-9.9,59,0.0,0.0,0.0,0,9.4
2024-02-20 01:00:00,2024-02-20T06:00:00Z,-5.7,-10.7,59,0.0,0.0,0.0,0,10.5
2024-02-20 02:00:00,2024-02-20T07:00:00Z,-6.0,-11.2,58,0.0,0.0,0.0,0,11.4
2024-02-20 03:00:00,2024-02-20T08:00:00Z,-6.3,-11.5,57,0.0,0.0,0.0,0,11.9
2024-02-20 04:00:00,2024-02-20T09:00:00Z,-6.6,-12.0,56,0.0,0.0,0.0,0,13.0
2024-02-20 05:00:00,2024-02-20T10:00:00Z,-6.8,-12.3,54,0.0,0.0,0.0,0,13.2
2024-02-20 06:00:00,2024-02-20T11:00:00Z,-6.9,-12.2,53,0.0,0.0,0.0,0,11.4
2024-02-20 07:00:00,2024-02-20T12:00:00Z,-7.0,-12.1,54,0.0,0.0,0.0,0,10.1
2024-02-20 08:00:00,2024-02-20T13:00:00Z,-5.1,-10.1,46,0.0,0.0,0.0,0,9.4
2024-02-20 09:00:00,2024-02-20T14:00:00Z,-3.1,-8.0,37,0.0,0.0,0.0,0,8.9
2024-02-20 10:00:00,2024-02-20T15:00:00Z,-1.1,-5.9,30,0.0,0.0,0.0,0,7.7
2024-02-20 11:00:00,2024-02-20T16:00:00Z,0.2,-4.4,29,0.0,0.0,0.0,0,8.0
2024-02-20 12:00:00,2024-02-20T17:00:00Z,1.1,-2.7,29,0.0,0.0,0.0,0,6.2
2024-02-20 13:00:00,2024-02-20T18:00:00Z,1.5,-1.7,38,0.0,0.0,0.0,0,3.6
2024-02-20 14:00:00,2024-02-20T19:00:00Z,1.8,-1.5,39,0.0,0.0,0.0,0,2.9
2024-02-20 15:00:00,2024-02-20T20:00:00Z,1.8,-2.1,41,0.0,0.0,0.0,0,4.7
2024-02-20 16:00:00,2024-02-20T21:00:00Z,1.2,-3.2,45,0.0,0.0,0.0,0,8.5
2024-02-20 17:00:00,2024-02-20T22:00:00Z,-0.7,-5.4,55,0.0,0.0,0.0,1,10.7
2024-02-20 18:00:00,2024-02-20T23:00:00Z,-3.0,-7.2,63,0.0,0.0,0.0,0,7.3
2024-02-20 19:00:00,2024-02-21T00:00:00Z,-3.8,-7.9,70,0.0,0.0,0.0,0,6.8
2024-02-20 20:00:00,2024-02-21T01:00:00Z,-4.8,-9.0,76,0.0,0.0,0.0,0,7.5
2024-02-20 21:00:00,2024-02-21T02:00:00Z,-4.7,-9.0,76,0.0,0.0,0.0,1,7.7
2024-02-20 22:00:00,2024-02-21T03:00:00Z,-4.8,-8.8,76,0.0,0.0,0.0,1,6.2
2024-02-20 23:00:00,2024-02-21T04:00:00Z,-4.8,-8.8,75,0.0,0.0,0.0,0,6.2
2024-02-21 00:00:00,2024-02-21T05:00:00Z,-4.8,-8.7,74,0.0,0.0,0.0,1,5.2
2024-02-21 01:00:00,2024-02-21T06:00:00Z,-6.0,-9.8,82,0.0,0.0,0.0,3,4.5
2024-02-21 02:00:00,2024-02-21T07:00:00Z,-6.0,-9.7,84,0.0,0.0,0.0,3,4.4
2024-02-21 03:00:00,2024-02-21T08:00:00Z,-6.2,-10.0,84,0.0,0.0,0.0,3,5.0
2024-02-21 04:00:00,2024-02-21T09:00:00Z,-6.4,-10.3,84,0.0,0.0,0.0,3,5.1
2024-02-21 05:00:00,2024-02-21T10:00:00Z,-6.0,-10.0,82,0.0,0.0,0.0,0,5.8
2024-02-21 06:00:00,2024-02-21T11:00:00Z,-5.8,-10.1,79,0.0,0.0,0.0,0,7.8
2024-02-21 07:00:00,2024-02-21T12:00:00Z,-5.3,-9.7,76,0.0,0.0,0.0,0,8.4
2024-02-21 08:00:00,2024-02-21T13:00:00Z,-2.3,-6.4,71,0.0,0.0,0.0,1,8.1
2024-02-21 09:00:00,2024-02-21T14:00:00Z,0.8,-3.4,59,0.0,0.0,0.0,2,8.3
2024-02-21 10:00:00,2024-02-21T15:00:00Z,2.4,-2.4,56,0.0,0.0,0.0,3,13.5
2024-02-21 11:00:00,2024-02-21T16:00:00Z,2.7,-2.0,56,0.0,0.0,0.0,3,13.5
2024-02-21 12:00:00,2024-02-21T17:00:00Z,3.2,-1.4,56,0.0,0.0,0.0,3,13.0
2024-02-21 13:00:00,2024-02-21T18:00:00Z,3.6,-0.9,54,0.0,0.0,0.0,3,12.0
2024-02-21 14:00:00,2024-02-21T19:00:00Z,3.9,-0.6,53,0.0,0.0,0.0,3,12.4
2024-02-21 15:00:00,2024-02-21T20:00:00Z,3.6,-1.2,55,0.0,0.0,0.0,2,13.8
2024-02-21 16:00:00,2024-02-21T21:00:00Z,2.7,-2.2,59,0.0,0.0,0.0,0,14.8
2024-02-21 17:00:00,2024-02-21T22:00:00Z,1.6,-2.8,64,0.0,0.0,0.0,0,11.8
2024-02-21 18:00:00,2024-02-21T23:00:00Z,-0.7,-4.6,75,0.0,0.0,0.0,0,8.0
2024-02-21 19:00:00,2024-02-22T00:00:00Z,-1.7,-5.6,81,0.0,0.0,0.0,1,7.6
2024-02-21 20:00:00,2024-02-22T01:00:00Z,-3.3,-7.3,83,0.0,0.0,0.0,0,7.2
2024-02-21 21:00:00,2024-02-22T02:00:00Z,-3.5,-7.3,85,0.0,0.0,0.0,1,6.5
2024-02-21 22:00:00,2024-02-22T03:00:00Z,-3.9,-7.9,87,0.0,0.0,0.0,3,7.8
2024-02-21 23:00:00,2024-02-22T04:00:00Z,-4.1,-8.2,88,0.0,0.0,0.0,3,8.0
2024-02-22 00:00:00,2024-02-22T05:00:00Z,-2.5,-5.8,82,0.0,0.0,0.0,0,3.5
2024-02-22 01:00:00,2024-02-22T06:00:00Z,-3.5,-6.5,86,0.0,0.0,0.0,0,1.1
2024-02-22 02:00:00,2024-02-22T07:00:00Z,-5.2,-8.7,90,0.0,0.0,0.0,0,4.2
2024-02-22 03:00:00,2024-02-22T08:00:00Z,-5.4,-9.2,91,0.0,0.0,0.0,0,5.2
2024-02-22 04:00:00,2024-02-22T09:00:00Z,-4.7,-8.0,90,0.0,0.0,0.0,0,2.3
2024-02-22 05:00:00,2024-02-22T10:00:00Z,-4.5,-7.5,91,0.0,0.0,0.0,0,0.4
2024-02-22 06:00:00,2024-02-22T11:00:00Z,-4.7,-7.9,93,0.0,0.0,0.0,3,2.5
2024-02-22 07:00:00,2024-02-22T12:00:00Z,-5.5,-8.9,95,0.0,0.0,0.0,1,3.7
2024-02-22 08:00:00,2024-02-22T13:00:00Z,-2.1,-5.8,81,0.0,0.0,0.0,2,6.2
2024-02-22 09:00:00,2024-02-22T14:00:00Z,1.0,-2.9,68,0.0,0.0,0.0,1,7.8
2024-02-22 10:00:00,2024-02-22T15:00:00Z,3.1,-1.5,59,0.0,0.0,0.0,1,12.5
2024-02-22 11:00:00,2024-02-22T16:00:00Z,4.5,-0.5,53,0.0,0.0,0.0,0,15.9
2024-02-22 12:00:00,2024-02-22T17:00:00Z,5.4,0.9,54,0.0,0.0,0.0,1,15.9
2024-02-22 13:00:00,2024-02-22T18:00:00Z,5.9,1.3,59,0.0,0.0,0.0,3,16.6
2024-02-22 14:00:00,2024-02-22T19:00:00Z,5.6,0.8,64,0.0,0.0,0.0,3,18.1
2024-02-22 15:00:00,2024-02-22T20:00:00Z,4.5,-0.4,73,0.0,0.0,0.0,3,18.8
2024-02-22 16:00:00,2024-02-22T21:00:00Z,4.0,-0.8,76,0.0,0.0,0.0,3,18.5
2024-02-22 17:00:00,2024-02-22T22:00:00Z,2.8,-1.5,84,0.3,0.3,0.0,51,15.0
2024-02-22 18:00:00,2024-02-22T23:00:00Z,2.7,-1.3,87,0.0,0.0,0.0,3,13.4
2024-02-22 19:00:00,2024-02-23T00:00:00Z,2.8,-1.3,87,0.0,0.0,0.0,3,14.3
2024-02-22 20:00:00,2024-02-23T01:00:00Z,1.6,-2.3,94,0.1,0.1,0.0,51,12.6
2024-02-22 21:00:00,2024-02-23T02:00:00Z,1.9,-1.7,94,0.0,0.0,0.0,3,11.2
2024-02-22 22:00:00,2024-02-23T03:00:00Z,1.9,-1.4,94,0.1,0.1,0.0,51,9.7
2024-02-22 23:00:00,2024-02-23T04:00:00Z,1.9,-1.3,94,0.1,0.1,0.0,51,8.3
2024-02-23 00:00:00,2024-02-23T05:00:00Z,1.9,-1.3,94,0.7,0.7,0.0,53,8.2
2024-02-23 01:00:00,2024-02-23T06:00:00Z,1.4,-1.5,96,1.0,1.0,0.0,55,6.2
2024-02-23 02:00:00,2024-02-23T07:00:00Z,1.4,-1.5,96,0.4,0.4,0.0,51,6.0
2024-02-23 03:00:00,2024-02-23T08:00:00Z,1.4,-1.1,98,0.1,0.1,0.0,51,4.1
2024-02-23 04:00:00,2024-02-23T09:00:00Z,1.2,-1.5,98,0.4,0.4,0.0,51,4.5
2024-02-23 05:00:00,2024-02-23T10:00:00Z,1.1,-1.6,98,0.4,0.4,0.0,51,4.7
2024-02-23 06:00:00,2024-02-23T11:00:00Z,0.9,-1.8,99,0.2,0.2,0.0,51,4.4
2024-02-23 07:00:00,2024-02-23T12:00:00Z,0.5,-2.5,99,0.0,0.0,0.0,3,6.4
2024-02-23 08:00:00,2024-02-23T13:00:00Z,1.7,-1.9,98,0.0,0.0,0.0,3,11.7
2024-02-23 09:00:00,2024-02-23T14:00:00Z,3.3,0.2,96,0.0,0.0,0.0,3,9.5
2024-02-23 10:00:00,2024-02-23T15:00:00Z,4.1,1.2,93,0.0,0.0,0.0,3,9.4
2024-02-23 11:00:00,2024-02-23T16:00:00Z,5.0,2.4,91,0.0,0.0,0.0,3,7.4
2024-02-23 12:00:00,2024-02-23T17:00:00Z,6.3,3.7,86,0.0,0.0,0.0,3,8.1
2024-02-23 13:00:00,2024-02-23T18:00:00Z,6.9,3.7,82,0.0,0.0,0.0,3,11.7
2024-02-23 14:00:00,2024-02-23T19:00:00Z,6.7,3.9,82,0.1,0.1,0.0,51,9.1
2024-02-23 15:00:00,2024-02-23T20:00:00Z,6.0,2.9,85,0.1,0.1,0.0,51,10.6
2024-02-23 16:00:00,2024-02-23T21:00:00Z,6.1,2.9,83,0.0,0.0,0.0,3,11.3
2024-02-23 17:00:00,2024-02-23T22:00:00Z,5.8,3.7,86,0.0,0.0,0.0,3,4.4
2024-02-23 18:00:00,2024-02-23T23:00:00Z,3.7,1.0,92,0.0,0.0,0.0,3,6.8
2024-02-23 19:00:00,2024-02-24T00:00:00Z,4.7,2.2,88,0.0,0.0,0.0,3,5.9
2024-02-23 20:00:00,2024-02-24T01:00:00Z,3.0,-0.0,93,0.0,0.0,0.0,3,8.5
2024-02-23 21:00:00,2024-02-24T02:00:00Z,2.5,-0.7,92,0.0,0.0,0.0,3,8.8
2024-02-23 22:00:00,2024-02-24T03:00:00Z,1.8,-1.4,93,0.0,0.0,0.0,3,8.4
2024-02-23 23:00:00,2024-02-24T04:00:00Z,1.1,-2.1,93,0.0,0.0,0.0,3,7.5
2024-02-24 00:00:00,2024-02-24T05:00:00Z,1.0,-2.5,92,0.0,0.0,0.0,3,9.4
2024-02-24 01:00:00,2024-02-24T06:00:00Z,1.1,-2.7,89,0.0,0.0,0.0,3,10.7
2024-02-24 02:00:00,2024-02-24T07:00:00Z,1.2,-3.1,85,0.0,0.0,0.0,3,13.7
2024-02-24 03:00:00,2024-02-24T08:00:00Z,1.1,-3.6,85,0.0,0.0,0.0,0,16.0
2024-02-24 04:00:00,2024-02-24T09:00:00Z,0.5,-4.4,88,0.0,0.0,0.0,0,17.7
2024-02-24 05:00:00,2024-02-24T10:00:00Z,0.0,-5.1,90,0.0,0.0,0.0,3,18.9
2024-02-24 06:00:00,2024-02-24T11:00:00Z,-0.2,-5.2,90,0.0,0.0,0.0,3,17.9
2024-02-24 07:00:00,2024-02-24T12:00:00Z,0.2,-4.6,88,0.0,0.0,0.0,3,16.9
2024-02-24 08:00:00,2024-02-24T13:00:00Z,2.7,-2.0,79,0.0,0.0,0.0,3,16.9
2024-02-24 09:00:00,2024-02-24T14:00:00Z,3.3,-1.5,67,0.0,0.0,0.0,3,16.0
2024-02-24 10:00:00,2024-02-24T15:00:00Z,3.5,-2.2,55,0.0,0.0,0.0,3,19.6
2024-02-24 11:00:00,2024-02-24T16:00:00Z,3.4,-2.6,45,0.0,0.0,0.0,3,19.9
2024-02-24 12:00:00,2024-02-24T17:00:00Z,4.1,-2.0,36,0.0,0.0,0.0,0,19.5
2024-02-24 13:00:00,2024-02-24T18:00:00Z,4.6,-1.0,30,0.0,0.0,0.0,0,19.6
2024-02-24 14:00:00,2024-02-24T19:00:00Z,4.8,-1.0,27,0.0,0.0,0.0,1,18.7
2024-02-24 15:00:00,2024-02-24T20:00:00Z,4.6,-1.6,25,0.0,0.0,0.0,1,18.4
2024-02-24 16:00:00,2024-02-24T21:00:00Z,3.9,-2.1,23,0.0,0.0,0.0,0,16.9
2024-02-24 17:00:00,2024-02-24T22:00:00Z,2.6,-3.0,26,0.0,0.0,0.0,0,13.4
2024-02-24 18:00:00,2024-02-24T23:00:00Z,0.1,-5.3,31,0.0,0.0,0.0,0,12.0
2024-02-24 19:00:00,2024-02-25T00:00:00Z,-1.6,-7.4,31,0.0,0.0,0.0,0,14.9
2024-02-24 20:00:00,2024-02-25T01:00:00Z,-1.5,-7.8,28,0.0,0.0,0.0,0,17.6
2024-02-24 21:00:00,2024-02-25T02:00:00Z,-2.5,-8.4,31,0.0,0.0,0.0,0,15.3
2024-02-24 22:00:00,2024-02-25T03:00:00Z,-3.7,-9.3,36,0.0,0.0,0.0,0,13.5
2024-02-24 23:00:00,2024-02-25T04:00:00Z,-4.7,-10.6,38,0.0,0.0,0.0,0,15.0
2024-02-25 00:00:00,2024-02-25T05:00:00Z,-5.4,-11.2,40,0.0,0.0,0.0,0,14.0
2024-02-25 01:00:00,2024-02-25T06:00:00Z,-6.1,-11.5,43,0.0,0.0,0.0,0,11.9
2024-02-25 02:00:00,2024-02-25T07:00:00Z,-6.7,-11.7,47,0.0,0.0,0.0,0,9.3
2024-02-25 03:00:00,2024-02-25T08:00:00Z,-7.1,-11.9,51,0.0,0.0,0.0,0,7.8
2024-02-25 04:00:00,2024-02-25T09:00:00Z,-7.4,-11.8,54,0.0,0.0,0.0,0,5.6
2024-02-25 05:00:00,2024-02-25T10:00:00Z,-7.8,-11.9,60,0.0,0.0,0.0,0,4.0
2024-02-25 06:00:00,2024-02-25T11:00:00Z,-7.8,-11.9,59,0.0,0.0,0.0,0,4.0
2024-02-25 07:00:00,2024-02-25T12:00:00Z,-7.5,-11.8,56,0.0,0.0,0.0,0,4.5
2024-02-25 08:00:00,2024-02-25T13:00:00Z,-5.4,-9.3,50,0.0,0.0,0.0,0,2.4
2024-02-25 09:00:00,2024-02-25T14:00:00Z,-4.1,-7.8,47,0.0,0.0,0.0,0,0.8
2024-02-25 10:00:00,2024-02-25T15:00:00Z,-2.6,-6.7,47,0.0,0.0,0.0,0,4.4
2024-02-25 11:00:00,2024-02-25T16:00:00Z,-1.0,-5.0,45,0.0,0.0,0.0,0,6.4
2024-02-25 12:00:00,2024-02-25T17:00:00Z,0.6,-3.0,44,0.0,0.0,0.0,0,7.2
2024-02-25 13:00:00,2024-02-25T18:00:00Z,1.9,-1.8,43,0.0,0.0,0.0,0,8.9
2024-02-25 14:00:00,2024-02-25T19:00:00Z,2.9,-1.5,42,0.0,0.0,0.0,0,11.2
2024-02-25 15:00:00,2024-02-25T20:00:00Z,3.6,-1.4,40,0.0,0.0,0.0,0,12.8
2024-02-25 16:00:00,2024-02-25T21:00:00Z,2.4,-2.9,51,0.0,0.0,0.0,0,15.6
2024-02-25 17:00:00,2024-02-25T22:00:00Z,0.2,-4.9,66,0.0,0.0,0.0,0,15.3
2024-02-25 18:00:00,2024-02-25T23:00:00Z,-1.2,-5.9,78,0.0,0.0,0.0,0,13.4
2024-02-25 19:00:00,2024-02-26T00:00:00Z,-1.3,-5.8,85,0.0,0.0,0.0,0,12.4
2024-02-25 20:00:00,2024-02-26T01:00:00Z,-1.3,-5.7,82,0.0,0.0,0.0,2,11.4
2024-02-25 21:00:00,2024-02-26T02:00:00Z,-1.7,-6.3,75,0.0,0.0,0.0,2,11.7
2024-02-25 22:00:00,2024-02-26T03:00:00Z,-2.3,-7.1,75,0.0,0.0,0.0,3,12.9
2024-02-25 23:00:00,2024-02-26T04:00:00Z,-2.6,-7.5,74,0.0,0.0,0.0,3,13.2
2024-02-26 00:00:00,2024-02-26T05:00:00Z,-2.6,-7.7,71,0.0,0.0,0.0,3,14.3
2024-02-26 01:00:00,2024-02-26T06:00:00Z,-2.6,-7.5,69,0.0,0.0,0.0,3,12.8
2024-02-26 02:00:00,2024-02-26T07:00:00Z,-2.6,-7.6,70,0.0,0.0,0.0,3,13.0
2024-02-26 03:00:00,2024-02-26T08:00:00Z,-2.8,-7.1,75,0.0,0.0,0.0,3,8.7
2024-02-26 04:00:00,2024-02-26T09:00:00Z,-1.5,-5.8,72,0.0,0.0,0.0,3,9.6
2024-02-26 05:00:00,2024-02-26T10:00:00Z,-2.0,-6.2,77,0.0,0.0,0.0,3,9.4
2024-02-26 06:00:00,2024-02-26T11:00:00Z,-2.0,-6.1,78,0.0,0.0,0.0,3,8.6
2024-02-26 07:00:00,2024-02-26T12:00:00Z,-1.8,-6.0,78,0.0,0.0,0.0,1,9.5
2024-02-26 08:00:00,2024-02-26T13:00:00Z,0.1,-3.9,74,0.4,0.0,0.28,73,9.1
2024-02-26 09:00:00,2024-02-26T14:00:00Z,1.8,-2.0,70,0.1,0.1,0.0,51,8.7
2024-02-26 10:00:00,2024-02-26T15:00:00Z,3.2,-0.9,72,0.8,0.4,0.28,73,11.7
2024-02-26 11:00:00,2024-02-26T16:00:00Z,5.4,1.7,71,0.0,0.0,0.0,2,10.9
2024-02-26 12:00:00,2024-02-26T17:00:00Z,7.8,4.9,66,0.0,0.0,0.0,0,10.0
2024-02-26 13:00:00,2024-02-26T18:00:00Z,9.6,7.1,62,0.0,0.0,0.0,0,10.0
2024-02-26 14:00:00,2024-02-26T19:00:00Z,10.3,7.1,61,0.0,0.0,0.0,0,13.1
2024-02-26 15:00:00,2024-02-26T20:00:00Z,10.6,7.0,60,0.0,0.0,0.0,0,13.7
2024-02-26 16:00:00,2024-02-26T21:00:00Z,10.1,6.6,63,0.0,0.0,0.0,3,13.6
2024-02-26 17:00:00,2024-02-26T22:00:00Z,7.9,4.8,76,0.0,0.0,0.0,3,11.5
2024-02-26 18:00:00,2024-02-26T23:00:00Z,5.3,2.2,89,0.0,0.0,0.0,3,10.9
2024-02-26 19:00:00,2024-02-27T00:00:00Z,4.5,1.5,91,0.0,0.0,0.0,2,9.4
2024-02-26 20:00:00,2024-02-27T01:00:00Z,3.5,0.6,92,0.0,0.0,0.0,2,7.6
2024-02-26 21:00:00,2024-02-27T02:00:00Z,1.8,-1.5,95,0.0,0.0,0.0,1,9.3
2024-02-26 22:00:00,2024-02-27T03:00:00Z,1.2,-2.4,95,0.0,0.0,0.0,1,10.5
2024-02-26 23:00:00,2024-02-27T04:00:00Z,1.5,-1.8,95,0.0,0.0,0.0,2,9.2
2024-02-27 00:00:00,2024-02-27T05:00:00Z,3.3,0.7,92,0.0,0.0,0.0,3,5.7
2024-02-27 01:00:00,2024-02-27T06:00:00Z,0.0,-2.7,97,0.0,0.0,0.0,3,4.0
2024-02-27 02:00:00,2024-02-27T07:00:00Z,0.5,-2.4,99,0.0,0.0,0.0,3,5.6
2024-02-27 03:00:00,2024-02-27T08:00:00Z,-1.1,-4.5,100,0.0,0.0,0.0,0,7.7
2024-02-27 04:00:00,2024-02-27T09:00:00Z,-1.0,-4.3,99,0.0,0.0,0.0,3,6.5
2024-02-27 05:00:00,2024-02-27T10:00:00Z,-1.2,-4.9,98,0.0,0.0,0.0,3,9.4
2024-02-27 06:00:00,2024-02-27T11:00:00Z,-0.7,-4.2,99,0.0,0.0,0.0,2,9.0
2024-02-27 07:00:00,2024-02-27T12:00:00Z,1.1,-1.7,100,0.0,0.0,0.0,1,5.8
2024-02-27 08:00:00,2024-02-27T13:00:00Z,3.8,0.9,96,0.0,0.0,0.0,3,8.6
2024-02-27 09:00:00,2024-02-27T14:00:00Z,7.0,4.8,89,0.0,0.0,0.0,0,7.1
2024-02-27 10:00:00,2024-02-27T15:00:00Z,10.1,7.3,78,0.0,0.0,0.0,3,13.1
2024-02-27 11:00:00,2024-02-27T16:00:00Z,11.3,8.4,75,0.0,0.0,0.0,0,14.8
2024-02-27 12:00:00,2024-02-27T17:00:00Z,12.6,9.9,68,0.0,0.0,0.0,3,15.7
2024-02-27 13:00:00,2024-02-27T18:00:00Z,13.0,10.2,67,0.0,0.0,0.0,2,17.3
2024-02-27 14:00:00,2024-02-27T19:00:00Z,12.8,9.3,66,0.0,0.0,0.0,3,19.4
2024-02-27 15:00:00,2024-02-27T20:00:00Z,12.4,8.7,63,0.0,0.0,0.0,3,18.2
2024-02-27 16:00:00,2024-02-27T21:00:00Z,12.1,8.7,66,0.0,0.0,0.0,3,16.1
2024-02-27 17:00:00,2024-02-27T22:00:00Z,10.8,6.2,70,0.0,0.0,0.0,3,24.3
2024-02-27 18:00:00,2024-02-27T23:00:00Z,10.5,5.8,72,0.0,0.0,0.0,3,24.3
2024-02-27 19:00:00,2024-02-28T00:00:00Z,10.6,6.5,79,0.4,0.4,0.0,51,22.7
2024-02-27 20:00:00,2024-02-28T01:00:00Z,9.8,5.6,90,2.5,2.5,0.0,63,26.1
2024-02-27 21:00:00,2024-02-28T02:00:00Z,9.2,4.8,93,0.6,0.6,0.0,53,26.2
2024-02-27 22:00:00,2024-02-28T03:00:00Z,9.3,5.7,93,0.2,0.2,0.0,51,21.0
2024-02-27 23:00:00,2024-02-28T04:00:00Z,10.0,6.7,92,0.2,0.2,0.0,51,20.5
2024-02-28 00:00:00,2024-02-28T05:00:00Z,10.2,7.5,93,0.1,0.1,0.0,51,16.6
2024-02-28 01:00:00,2024-02-28T06:00:00Z,10.4,7.8,93,0.0,0.0,0.0,3,16.6
2024-02-28 02:00:00,2024-02-28T07:00:00Z,11.1,8.4,92,0.0,0.0,0.0,3,17.7
2024-02-28 03:00:00,2024-02-28T08:00:00Z,11.2,8.6,93,0.0,0.0,0.0,3,17.7
2024-02-28 04:00:00,2024-02-28T09:00:00Z,11.3,8.8,94,0.1,0.1,0.0,51,17.7
2024-02-28 05:00:00,2024-02-28T10:00:00Z,11.5,8.8,94,0.0,0.0,0.0,3,19.8
2024-02-28 06:00:00,2024-02-28T11:00:00Z,11.3,8.5,94,0.5,0.5,0.0,53,20.5
2024-02-28 07:00:00,2024-02-28T12:00:00Z,11.4,8.2,95,0.3,0.3,0.0,51,22.8
2024-02-28 08:00:00,2024-02-28T13:00:00Z,11.4,9.2,95,0.2,0.2,0.0,51,16.6
2024-02-28 09:00:00,2024-02-28T14:00:00Z,12.0,9.9,94,0.4,0.4,0.0,51,16.2
2024-02-28 10:00:00,2024-02-28T15:00:00Z,14.3,12.1,87,5.0,5.0,0.0,63,19.0
2024-02-28 11:00:00,2024-02-28T16:00:00Z,15.5,13.5,84,0.2,0.2,0.0,51,19.2
2024-02-28 12:00:00,2024-02-28T17:00:00Z,15.7,12.8,83,0.4,0.4,0.0,51,25.8
2024-02-28 13:00:00,2024-02-28T18:00:00Z,16.2,13.5,79,0.1,0.1,0.0,51,24.2
2024-02-28 14:00:00,2024-02-28T19:00:00Z,16.1,13.2,78,1.6,1.6,0.0,61,24.6
2024-02-28 15:00:00,2024-02-28T20:00:00Z,14.4,11.7,87,3.9,3.9,0.0,63,23.0
2024-02-28 16:00:00,2024-02-28T21:00:00Z,14.6,11.5,82,0.2,0.2,0.0,51,25.0
2024-02-28 17:00:00,2024-02-28T22:00:00Z,14.0,10.8,85,0.6,0.6,0.0,53,25.6
2024-02-28 18:00:00,2024-02-28T23:00:00Z,13.7,10.2,86,0.3,0.3,0.0,51,26.3
2024-02-28 19:00:00,2024-02-29T00:00:00Z,13.4,9.8,90,0.6,0.6,0.0,53,28.1
2024-02-28 20:00:00,2024-02-29T01:00:00Z,14.4,11.1,91,1.7,1.7,0.0,61,29.0
2024-02-28 21:00:00,2024-02-29T02:00:00Z,14.1,10.5,93,1.4,1.4,0.0,61,31.0
2024-02-28 22:00:00,2024-02-29T03:00:00Z,9.4,4.0,88,0.6,0.6,0.0,53,32.9
2024-02-28 23:00:00,2024-02-29T04:00:00Z,5.4,-0.9,71,0.1,0.1,0.0,51,29.1
2024-02-29 00:00:00,2024-02-29T05:00:00Z,3.6,-3.7,59,0.0,0.0,0.0,0,31.9
2024-02-29 01:00:00,2024-02-29T06:00:00Z,-0.3,-7.2,49,0.0,0.0,0.0,0,25.0
2024-02-29 02:00:00,2024-02-29T07:00:00Z,-1.8,-9.0,45,0.0,0.0,0.0,0,25.8
2024-02-29 03:00:00,2024-02-29T08:00:00Z,-2.5,-9.0,45,0.0,0.0,0.0,0,20.7
2024-02-29 04:00:00,2024-02-29T09:00:00Z,-2.9,-9.3,45,0.0,0.0,0.0,0,19.7
2024-02-29 05:00:00,2024-02-29T10:00:00Z,-3.2,-9.6,43,0.0,0.0,0.0,0,19.3
2024-02-29 06:00:00,2024-02-29T11:00:00Z,-3.5,-9.7,44,0.0,0.0,0.0,0,18.7
2024-02-29 07:00:00,2024-02-29T12:00:00Z,-3.3,-9.5,45,0.0,0.0,0.0,0,18.4
2024-02-29 08:00:00,2024-02-29T13:00:00Z,-1.0,-8.6,41,0.0,0.0,0.0,2,28.8
2024-02-29 09:00:00,2024-02-29T14:00:00Z,-0.4,-7.4,41,0.0,0.0,0.0,2,24.1
2024-02-29 10:00:00,2024-02-29T15:00:00Z,0.5,-6.8,40,0.0,0.0,0.0,3,26.5
2024-02-29 11:00:00,2024-02-29T16:00:00Z,0.8,-6.5,37,0.0,0.0,0.0,3,26.7
2024-02-29 12:00:00,2024-02-29T17:00:00Z,1.3,-5.8,37,0.0,0.0,0.0,3,25.2
2024-02-29 13:00:00,2024-02-29T18:00:00Z,2.2,-4.9,34,0.0,0.0,0.0,1,25.2
2024-02-29 14:00:00,2024-02-29T19:00:00Z,3.3,-3.8,29,0.0,0.0,0.0,1,28.1
2024-02-29 15:00:00,2024-02-29T20:00:00Z,3.2,-3.6,28,0.0,0.0,0.0,0,22.6
2024-02-29 16:00:00,2024-02-29T21:00:00Z,3.4,-3.0,27,0.0,0.0,0.0,0,20.0
2024-02-29 17:00:00,2024-02-29T22:00:00Z,2.7,-3.1,30,0.0,0.0,0.0,0,15.6
2024-02-29 18:00:00,2024-02-29T23:00:00Z,0.5,-4.1,38,0.0,0.0,0.0,0,7.9
2024-02-29 19:00:00,2024-03-01T00:00:00Z,-1.6,-5.7,51,0.0,0.0,0.0,0,6.0
2024-02-29 20:00:00,2024-03-01T01:00:00Z,-1.4,-5.9,54,0.0,0.0,0.0,0,8.7
2024-02-29 21:00:00,2024-03-01T02:00:00Z,-1.9,-6.4,52,0.0,0.0,0.0,0,8.7
2024-02-29 22:00:00,2024-03-01T03:00:00Z,-2.2,-6.8,52,0.0,0.0,0.0,0,9.0
2024-02-29 23:00:00,2024-03-01T04:00:00Z,-2.7,-7.3,54,0.0,0.0,0.0,0,9.3
2024-03-01 00:00:00,2024-03-01T05:00:00Z,-3.2,-8.1,55,0.0,0.0,0.0,0,10.7
2024-03-01 01:00:00,2024-03-01T06:00:00Z,-3.7,-8.5,54,0.0,0.0,0.0,0,9.8
2024-03-01 02:00:00,2024-03-01T07:00:00Z,-4.2,-8.5,57,0.0,0.0,0.0,0,6.8
2024-03-01 03:00:00,2024-03-01T08:00:00Z,-4.5,-8.7,60,0.0,0.0,0.0,0,6.1
2024-03-01 04:00:00,2024-03-01T09:00:00Z,-5.2,-9.5,67,0.0,0.0,0.0,0,7.3
2024-03-01 05:00:00,2024-03-01T10:00:00Z,-5.5,-9.9,72,0.0,0.0,0.0,0,7.8
2024-03-01 06:00:00,2024-03-01T11:00:00Z,-5.4,-9.5,74,0.0,0.0,0.0,0,6.0
2024-03-01 07:00:00,2024-03-01T12:00:00Z,-4.2,-7.9,73,0.0,0.0,0.0,0,4.3
2024-03-01 08:00:00,2024-03-01T13:00:00Z,-1.6,-5.5,60,0.0,0.0,0.0,0,5.2
2024-03-01 09:00:00,2024-03-01T14:00:00Z,0.2,-3.8,46,0.0,0.0,0.0,0,4.5
2024-03-01 10:00:00,2024-03-01T15:00:00Z,1.8,-2.3,44,0.0,0.0,0.0,0,6.1
2024-03-01 11:00:00,2024-03-01T16:00:00Z,3.5,-0.4,43,0.0,0.0,0.0,0,8.4
2024-03-01 12:00:00,2024-03-01T17:00:00Z,4.7,1.0,43,0.0,0.0,0.0,0,10.5
2024-03-01 13:00:00,2024-03-01T18:00:00Z,5.2,1.3,43,0.0,0.0,0.0,0,12.3
2024-03-01 14:00:00,2024-03-01T19:00:00Z,5.1,0.4,46,0.0,0.0,0.0,0,15.7
2024-03-01 15:00:00,2024-03-01T20:00:00Z,4.4,-1.2,47,0.0,0.0,0.0,3,19.0
2024-03-01 16:00:00,2024-03-01T21:00:00Z,4.0,-1.6,49,0.0,0.0,0.0,3,18.8
2024-03-01 17:00:00,2024-03-01T22:00:00Z,3.1,-2.3,54,0.0,0.0,0.0,3,17.3
2024-03-01 18:00:00,2024-03-01T23:00:00Z,1.7,-3.3,61,0.0,0.0,0.0,3,15.3
2024-03-01 19:00:00,2024-03-02T00:00:00Z,1.5,-3.5,64,0.0,0.0,0.0,3,15.5
2024-03-01 20:00:00,2024-03-02T01:00:00Z,1.8,-3.0,69,0.0,0.0,0.0,3,15.4
2024-03-01 21:00:00,2024-03-02T02:00:00Z,1.8,-2.9,71,0.0,0.0,0.0,3,14.8
2024-03-01 22:00:00,2024-03-02T03:00:00Z,1.5,-2.7,76,0.0,0.0,0.0,3,11.6
2024-03-01 23:00:00,2024-03-02T04:00:00Z,1.3,-2.4,82,0.0,0.0,0.0,3,9.0
2024-03-02 00:00:00,2024-03-02T05:00:00Z,1.4,-1.8,85,0.0,0.0,0.0,3,6.8
2024-03-02 01:00:00,2024-03-02T06:00:00Z,2.4,-0.7,81,0.0,0.0,0.0,3,6.2
2024-03-02 02:00:00,2024-03-02T07:00:00Z,2.7,-0.3,80,0.0,0.0,0.0,3,5.3
2024-03-02 03:00:00,2024-03-02T08:00:00Z,2.5,-0.2,84,0.0,0.0,0.0,3,4.1
2024-03-02 04:00:00,2024-03-02T09:00:00Z,2.4,-0.2,87,0.0,0.0,0.0,3,3.7
2024-03-02 05:00:00,2024-03-02T10:00:00Z,2.6,0.0,87,0.1,0.1,0.0,51,3.5
2024-03-02 06:00:00,2024-03-02T11:00:00Z,2.8,-0.0,90,0.1,0.1,0.0,51,6.3
2024-03-02 07:00:00,2024-03-02T12:00:00Z,3.0,-0.1,92,0.1,0.1,0.0,51,8.4
2024-03-02 08:00:00,2024-03-02T13:00:00Z,4.4,1.5,94,0.4,0.4,0.0,51,9.4
2024-03-02 09:00:00,2024-03-02T14:00:00Z,5.2,2.5,96,0.5,0.5,0.0,53,9.7
2024-03-02 10:00:00,2024-03-02T15:00:00Z,6.4,3.3,94,0.5,0.5,0.0,53,13.7
2024-03-02 11:00:00,2024-03-02T16:00:00Z,7.6,4.4,92,0.9,0.9,0.0,53,15.3
2024-03-02 12:00:00,2024-03-02T17:00:00Z,8.2,5.1,92,1.7,1.7,0.0,61,15.8
2024-03-02 13:00:00,2024-03-02T18:00:00Z,8.0,5.6,94,2.8,2.8,0.0,63,11.7
2024-03-02 14:00:00,2024-03-02T19:00:00Z,8.3,5.6,94,3.0,3.0,0.0,63,13.9
2024-03-02 15:00:00,2024-03-02T20:00:00Z,8.5,5.3,95,2.9,2.9,0.0,63,17.8
2024-03-02 16:00:00,2024-03-02T21:00:00Z,9.1,5.0,94,5.4,5.4,0.0,63,24.7
2024-03-02 17:00:00,2024-03-02T22:00:00Z,9.6,5.6,93,4.2,4.2,0.0,63,24.5
2024-03-02 18:00:00,2024-03-02T23:00:00Z,9.4,5.8,94,4.2,4.2,0.0,63,21.5
2024-03-02 19:00:00,2024-03-03T00:00:00Z,8.9,5.6,95,1.3,1.3,0.0,61,19.7
2024-03-02 20:00:00,2024-03-03T01:00:00Z,8.8,7.6,99,0.0,0.0,0.0,3,5.6
2024-03-02 21:00:00,2024-03-03T02:00:00Z,8.3,7.2,99,0.0,0.0,0.0,3,4.3
2024-03-02 22:00:00,2024-03-03T03:00:00Z,8.2,6.7,99,0.0,0.0,0.0,3,6.8
2024-03-02 23:00:00,2024-03-03T04:00:00Z,7.6,5.3,98,0.0,0.0,0.0,3,11.5
2024-03-03 00:00:00,2024-03-03T05:00:00Z,7.5,4.7,97,0.0,0.0,0.0,3,13.5
2024-03-03 01:00:00,2024-03-03T06:00:00Z,7.3,4.2,95,0.0,0.0,0.0,3,14.6
2024-03-03 02:00:00,2024-03-03T07:00:00Z,6.7,3.3,95,0.0,0.0,0.0,1,16.3
2024-03-03 03:00:00,2024-03-03T08:00:00Z,6.5,3.0,95,0.0,0.0,0.0,2,16.3
2024-03-03 04:00:00,2024-03-03T09:00:00Z,6.4,3.2,94,0.0,0.0,0.0,0,14.3
2024-03-03 05:00:00,2024-03-03T10:00:00Z,6.0,2.8,94,0.0,0.0,0.0,0,13.2
2024-03-03 06:00:00,2024-03-03T11:00:00Z,5.6,2.6,95,0.0,0.0,0.0,0,12.3
2024-03-03 07:00:00,2024-03-03T12:00:00Z,5.5,2.5,94,0.0,0.0,0.0,0,11.8
2024-03-03 08:00:00,2024-03-03T13:00:00Z,7.5,5.1,92,0.0,0.0,0.0,0,10.1
2024-03-03 09:00:00,2024-03-03T14:00:00Z,9.7,7.6,85,0.0,0.0,0.0,0,9.7
2024-03-03 10:00:00,2024-03-03T15:00:00Z,12.1,10.0,76,0.0,0.0,0.0,0,10.7
2024-03-03 11:00:00,2024-03-03T16:00:00Z,14.1,12.1,67,0.0,0.0,0.0,0,12.0
2024-03-03 12:00:00,2024-03-03T17:00:00Z,15.7,14.4,61,0.0,0.0,0.0,0,10.6
2024-03-03 13:00:00,2024-03-03T18:00:00Z,16.9,15.5,57,0.0,0.0,0.0,0,11.5
2024-03-03 14:00:00,2024-03-03T19:00:00Z,17.6,15.8,54,0.0,0.0,0.0,0,11.9
2024-03-03 15:00:00,2024-03-03T20:00:00Z,17.8,15.6,52,0.0,0.0,0.0,0,10.9
2024-03-03 16:00:00,2024-03-03T21:00:00Z,17.3,15.2,53,0.0,0.0,0.0,0,10.4
2024-03-03 17:00:00,2024-03-03T22:00:00Z,15.7,14.4,63,0.0,0.0,0.0,0,6.9
2024-03-03 18:00:00,2024-03-03T23:00:00Z,13.0,11.0,69,0.0,0.0,0.0,0,9.0
2024-03-03 19:00:00,2024-03-04T00:00:00Z,13.7,12.2,65,0.0,0.0,0.0,1,5.2
2024-03-03 20:00:00,2024-03-04T01:00:00Z,11.1,10.1,78,0.0,0.0,0.0,1,2.3
2024-03-03 21:00:00,2024-03-04T02:00:00Z,9.4,6.7,86,0.0,0.0,0.0,1,12.8
2024-03-03 22:00:00,2024-03-04T03:00:00Z,8.4,5.7,86,0.0,0.0,0.0,0,11.9
2024-03-03 23:00:00,2024-03-04T04:00:00Z,7.2,4.5,89,0.0,0.0,0.0,1,10.8
2024-03-04 00:00:00,2024-03-04T05:00:00Z,6.3,3.5,92,0.0,0.0,0.0,1,11.1
2024-03-04 01:00:00,2024-03-04T06:00:00Z,5.8,3.1,92,0.0,0.0,0.0,0,9.6
2024-03-04 02:00:00,2024-03-04T07:00:00Z,5.0,2.3,94,0.0,0.0,0.0,0,8.2
2024-03-04 03:00:00,2024-03-04T08:00:00Z,4.4,1.7,95,0.0,0.0,0.0,0,8.2
2024-03-04 04:00:00,2024-03-04T09:00:00Z,3.9,1.2,95,0.0,0.0,0.0,0,8.0
2024-03-04 05:00:00,2024-03-04T10:00:00Z,3.4,0.8,96,0.0,0.0,0.0,0,7.0
2024-03-04 06:00:00,2024-03-04T11:00:00Z,3.1,0.2,96,0.0,0.0,0.0,0,8.3
2024-03-04 07:00:00,2024-03-04T12:00:00Z,3.3,0.2,96,0.0,0.0,0.0,0,10.2
2024-03-04 08:00:00,2024-03-04T13:00:00Z,7.1,4.7,87,0.0,0.0,0.0,0,8.8
2024-03-04 09:00:00,2024-03-04T14:00:00Z,9.7,7.7,82,0.0,0.0,0.0,1,8.3
2024-03-04 10:00:00,2024-03-04T15:00:00Z,11.8,9.9,78,0.0,0.0,0.0,3,9.0
2024-03-04 11:00:00,2024-03-04T16:00:00Z,13.1,10.8,74,0.0,0.0,0.0,3,12.7
2024-03-04 12:00:00,2024-03-04T17:00:00Z,13.7,10.9,72,0.0,0.0,0.0,3,17.4
2024-03-04 13:00:00,2024-03-04T18:00:00Z,13.4,10.1,71,0.0,0.0,0.0,3,19.3
2024-03-04 14:00:00,2024-03-04T19:00:00Z,12.9,9.5,71,0.0,0.0,0.0,3,19.7
2024-03-04 15:00:00,2024-03-04T20:00:00Z,12.3,8.9,72,0.0,0.0,0.0,3,18.6
2024-03-04 16:00:00,2024-03-04T21:00:00Z,10.7,7.3,77,0.0,0.0,0.0,3,17.9
2024-03-04 17:00:00,2024-03-04T22:00:00Z,9.0,5.5,83,0.0,0.0,0.0,3,17.1
2024-03-04 18:00:00,2024-03-04T23:00:00Z,7.8,4.7,87,0.0,0.0,0.0,1,14.0
2024-03-04 19:00:00,2024-03-05T00:00:00Z,6.5,3.7,92,0.0,0.0,0.0,1,11.4
2024-03-04 20:00:00,2024-03-05T01:00:00Z,4.7,1.9,96,0.0,0.0,0.0,2,9.5
2024-03-04 21:00:00,2024-03-05T02:00:00Z,3.9,1.3,96,0.0,0.0,0.0,3,7.4
2024-03-04 22:00:00,2024-03-05T03:00:00Z,3.4,0.9,97,0.0,0.0,0.0,3,6.0
2024-03-04 23:00:00,2024-03-05T04:00:00Z,3.2,0.6,97,0.0,0.0,0.0,3,6.3
2024-03-05 00:00:00,2024-03-05T05:00:00Z,4.9,2.0,91,0.0,0.0,0.0,3,9.6
2024-03-05 01:00:00,2024-03-05T06:00:00Z,5.3,2.3,90,0.0,0.0,0.0,3,10.9
2024-03-05 02:00:00,2024-03-05T07:00:00Z,5.4,2.3,91,0.0,0.0,0.0,3,11.3
2024-03-05 03:00:00,2024-03-05T08:00:00Z,5.4,2.3,91,0.1,0.1,0.0,51,11.6
2024-03-05 04:00:00,2024-03-05T09:00:00Z,5.4,2.1,92,0.2,0.2,0.0,51,12.7
2024-03-05 05:00:00,2024-03-05T10:00:00Z,5.2,1.9,94,0.2,0.2,0.0,51,13.0
2024-03-05 06:00:00,2024-03-05T11:00:00Z,4.9,1.4,97,0.5,0.5,0.0,53,14.3
2024-03-05 07:00:00,2024-03-05T12:00:00Z,4.8,1.5,98,1.3,1.3,0.0,61,13.2
2024-03-05 08:00:00,2024-03-05T13:00:00Z,4.4,-0.1,96,3.2,3.2,0.0,63,20.5
2024-03-05 09:00:00,2024-03-05T14:00:00Z,4.3,0.5,97,4.1,4.1,0.0,63,16.5
2024-03-05 10:00:00,2024-03-05T15:00:00Z,4.6,0.2,96,1.2,1.2,0.0,55,20.1
2024-03-05 11:00:00,2024-03-05T16:00:00Z,4.8,0.6,96,0.9,0.9,0.0,53,19.2
2024-03-05 12:00:00,2024-03-05T17:00:00Z,5.1,0.7,97,0.5,0.5,0.0,53,21.2
2024-03-05 13:00:00,2024-03-05T18:00:00Z,5.7,1.7,96,0.5,0.5,0.0,53,19.2
2024-03-05 14:00:00,2024-03-05T19:00:00Z,5.8,2.3,97,1.4,1.4,0.0,61,16.1
2024-03-05 15:00:00,2024-03-05T20:00:00Z,6.1,2.8,97,2.3,2.3,0.0,61,15.5
2024-03-05 16:00:00,2024-03-05T21:00:00Z,6.8,4.0,97,3.0,3.0,0.0,63,12.6
2024-03-05 17:00:00,2024-03-05T22:00:00Z,7.3,5.4,98,1.7,1.7,0.0,61,7.6
2024-03-05 18:00:00,2024-03-05T23:00:00Z,7.0,5.9,100,0.2,0.2,0.0,51,2.3
2024-03-05 19:00:00,2024-03-06T00:00:00Z,6.9,5.3,99,0.0,0.0,0.0,3,5.4
2024-03-05 20:00:00,2024-03-06T01:00:00Z,6.5,4.5,97,0.0,0.0,0.0,3,7.1
2024-03-05 21:00:00,2024-03-06T02:00:00Z,6.7,4.2,96,0.0,0.0,0.0,3,10.5
2024-03-05 22:00:00,2024-03-06T03:00:00Z,6.6,4.2,96,0.0,0.0,0.0,3,9.4
2024-03-05 23:00:00,2024-03-06T04:00:00Z,5.8,3.6,97,0.0,0.0,0.0,1,7.1
2024-03-06 00:00:00,2024-03-06T05:00:00Z,4.8,2.0,97,0.0,0.0,0.0,3,9.8
2024-03-06 01:00:00,2024-03-06T06:00:00Z,3.9,1.1,98,0.0,0.0,0.0,3,8.5
2024-03-06 02:00:00,2024-03-06T07:00:00Z,3.5,0.9,98,0.0,0.0,0.0,3,6.6
2024-03-06 03:00:00,2024-03-06T08:00:00Z,3.5,1.2,98,0.0,0.0,0.0,3,4.4
2024-03-06 04:00:00,2024-03-06T09:00:00Z,4.1,2.0,98,0.0,0.0,0.0,3,4.7
2024-03-06 05:00:00,2024-03-06T10:00:00Z,4.1,1.3,98,0.0,0.0,0.0,3,9.0
2024-03-06 06:00:00,2024-03-06T11:00:00Z,4.2,1.8,99,0.0,0.0,0.0,3,6.4
2024-03-06 07:00:00,2024-03-06T12:00:00Z,4.1,2.1,99,0.0,0.0,0.0,3,3.9
2024-03-06 08:00:00,2024-03-06T13:00:00Z,6.3,4.8,95,0.0,0.0,0.0,3,2.5
2024-03-06 09:00:00,2024-03-06T14:00:00Z,7.8,6.0,91,0.0,0.0,0.0,3,5.5
2024-03-06 10:00:00,2024-03-06T15:00:00Z,8.7,7.0,88,0.0,0.0,0.0,3,6.7
2024-03-06 11:00:00,2024-03-06T16:00:00Z,9.1,6.8,88,0.0,0.0,0.0,3,11.3
2024-03-06 12:00:00,2024-03-06T17:00:00Z,9.0,7.0,88,0.0,0.0,0.0,3,9.0
2024-03-06 13:00:00,2024-03-06T18:00:00Z,9.1,7.6,87,0.3,0.3,0.0,51,4.8
2024-03-06 14:00:00,2024-03-06T19:00:00Z,8.9,7.4,91,1.3,1.3,0.0,61,6.3
2024-03-06 15:00:00,2024-03-06T20:00:00Z,8.7,6.9,94,2.3,2.3,0.0,61,8.5
2024-03-06 16:00:00,2024-03-06T21:00:00Z,8.5,6.2,97,1.3,1.3,0.0,61,12.1
2024-03-06 17:00:00,2024-03-06T22:00:00Z,7.7,4.6,97,2.8,2.8,0.0,63,16.8
2024-03-06 18:00:00,2024-03-06T23:00:00Z,6.8,3.1,98,5.0,5.0,0.0,63,19.1
2024-03-06 19:00:00,2024-03-07T00:00:00Z,6.8,2.8,97,8.9,8.9,0.0,65,21.0
2024-03-06 20:00:00,2024-03-07T01:00:00Z,6.7,2.7,98,4.4,4.4,0.0,63,21.1
2024-03-06 21:00:00,2024-03-07T02:00:00Z,6.6,3.1,98,3.8,3.8,0.0,63,17.8
2024-03-06 22:00:00,2024-03-07T03:00:00Z,6.9,3.7,97,1.0,1.0,0.0,55,16.3
2024-03-06 23:00:00,2024-03-07T04:00:00Z,7.3,4.4,98,0.8,0.8,0.0,53,14.0
2024-03-07 00:00:00,2024-03-07T05:00:00Z,7.5,5.0,98,0.6,0.6,0.0,53,12.2
2024-03-07 01:00:00,2024-03-07T06:00:00Z,7.8,5.3,98,0.6,0.6,0.0,53,12.6
2024-03-07 02:00:00,2024-03-07T07:00:00Z,8.4,5.4,97,0.2,0.2,0.0,51,16.6
2024-03-07 03:00:00,2024-03-07T08:00:00Z,8.4,5.0,96,0.2,0.2,0.0,51,19.1
2024-03-07 04:00:00,2024-03-07T09:00:00Z,7.7,3.6,95,0.5,0.5,0.0,53,22.9
2024-03-07 05:00:00,2024-03-07T10:00:00Z,7.2,3.3,94,1.0,1.0,0.0,55,20.9
2024-03-07 06:00:00,2024-03-07T11:00:00Z,6.9,2.6,94,0.6,0.6,0.0,53,23.1
2024-03-07 07:00:00,2024-03-07T12:00:00Z,7.0,2.5,91,0.1,0.1,0.0,51,23.1
2024-03-07 08:00:00,2024-03-07T13:00:00Z,8.4,4.0,85,0.0,0.0,0.0,3,23.5
2024-03-07 09:00:00,2024-03-07T14:00:00Z,9.0,4.5,80,0.0,0.0,0.0,3,23.4
2024-03-07 10:00:00,2024-03-07T15:00:00Z,9.3,5.2,78,0.0,0.0,0.0,3,20.6
2024-03-07 11:00:00,2024-03-07T16:00:00Z,11.3,6.2,69,0.0,0.0,0.0,3,27.4
2024-03-07 12:00:00,2024-03-07T17:00:00Z,11.1,6.5,67,0.0,0.0,0.0,3,23.4
2024-03-07 13:00:00,2024-03-07T18:00:00Z,11.2,6.3,65,0.0,0.0,0.0,3,25.4
2024-03-07 14:00:00,2024-03-07T19:00:00Z,11.2,6.8,64,0.0,0.0,0.0,3,21.3
2024-03-07 15:00:00,2024-03-07T20:00:00Z,11.3,6.9,63,0.0,0.0,0.0,3,21.4
2024-03-07 16:00:00,2024-03-07T21:00:00Z,11.8,6.9,60,0.0,0.0,0.0,3,23.6
2024-03-07 17:00:00,2024-03-07T22:00:00Z,11.2,6.8,61,0.0,0.0,0.0,3,20.6
2024-03-07 18:00:00,2024-03-07T23:00:00Z,10.1,6.0,63,0.0,0.0,0.0,3,17.7
2024-03-07 19:00:00,2024-03-08T00:00:00Z,9.0,4.8,65,0.0,0.0,0.0,3,17.6
2024-03-07 20:00:00,2024-03-08T01:00:00Z,7.3,2.0,66,0.0,0.0,0.0,3,23.4
2024-03-07 21:00:00,2024-03-08T02:00:00Z,6.2,0.8,69,0.0,0.0,0.0,0,23.1
2024-03-07 22:00:00,2024-03-08T03:00:00Z,5.0,-0.4,73,0.0,0.0,0.0,0,22.7
2024-03-07 23:00:00,2024-03-08T04:00:00Z,4.2,-1.1,74,0.0,0.0,0.0,0,21.6
2024-03-08 00:00:00,2024-03-08T05:00:00Z,3.6,-1.6,74,0.0,0.0,0.0,0,20.6
2024-03-08 01:00:00,2024-03-08T06:00:00Z,3.1,-1.9,74,0.0,0.0,0.0,0,18.6
2024-03-08 02:00:00,2024-03-08T07:00:00Z,2.5,-2.4,75,0.0,0.0,0.0,0,17.3
2024-03-08 03:00:00,2024-03-08T08:00:00Z,1.8,-2.7,78,0.0,0.0,0.0,0,14.9
2024-03-08 04:00:00,2024-03-08T09:00:00Z,1.1,-3.1,80,0.0,0.0,0.0,0,12.6
2024-03-08 05:00:00,2024-03-08T10:00:00Z,0.5,-3.5,83,0.0,0.0,0.0,0,10.8
2024-03-08 06:00:00,2024-03-08T11:00:00Z,0.0,-4.2,85,0.0,0.0,0.0,0,12.1
2024-03-08 07:00:00,2024-03-08T12:00:00Z,0.4,-4.2,83,0.0,0.0,0.0,3,14.8
2024-03-08 08:00:00,2024-03-08T13:00:00Z,3.0,-1.3,74,0.0,0.0,0.0,2,13.8
2024-03-08 09:00:00,2024-03-08T14:00:00Z,5.6,0.8,59,0.0,0.0,0.0,3,16.1
2024-03-08 10:00:00,2024-03-08T15:00:00Z,7.3,2.8,51,0.0,0.0,0.0,3,14.1
2024-03-08 11:00:00,2024-03-08T16:00:00Z,8.8,5.7,48,0.0,0.0,0.0,3,8.9
2024-03-08 12:00:00,2024-03-08T17:00:00Z,9.9,7.3,46,0.0,0.0,0.0,3,7.8
2024-03-08 13:00:00,2024-03-08T18:00:00Z,10.9,8.8,44,0.0,0.0,0.0,2,5.9
2024-03-08 14:00:00,2024-03-08T19:00:00Z,11.4,9.1,43,0.0,0.0,0.0,1,6.0
2024-03-08 15:00:00,2024-03-08T20:00:00Z,11.8,8.5,39,0.0,0.0,0.0,3,6.9
2024-03-08 16:00:00,2024-03-08T21:00:00Z,11.1,7.2,40,0.0,0.0,0.0,3,9.9
2024-03-08 17:00:00,2024-03-08T22:00:00Z,8.9,5.1,57,0.0,0.0,0.0,3,12.4
2024-03-08 18:00:00,2024-03-08T23:00:00Z,5.9,2.1,66,0.0,0.0,0.0,3,11.5
2024-03-08 19:00:00,2024-03-09T00:00:00Z,4.2,0.4,71,0.0,0.0,0.0,3,11.3
2024-03-08 20:00:00,2024-03-09T01:00:00Z,3.9,-0.2,71,0.0,0.0,0.0,3,12.9
2024-03-08 21:00:00,2024-03-09T02:00:00Z,3.8,-0.4,74,0.0,0.0,0.0,3,13.8
2024-03-08 22:00:00,2024-03-09T03:00:00Z,3.8,0.2,77,0.0,0.0,0.0,3,10.5
2024-03-08 23:00:00,2024-03-09T04:00:00Z,3.3,-0.1,81,0.0,0.0,0.0,3,9.4
2024-03-09 00:00:00,2024-03-09T05:00:00Z,3.3,0.1,82,0.0,0.0,0.0,3,8.1
2024-03-09 01:00:00,2024-03-09T06:00:00Z,3.2,-0.2,83,0.0,0.0,0.0,3,9.4
2024-03-09 02:00:00,2024-03-09T07:00:00Z,2.9,-0.1,85,0.0,0.0,0.0,3,7.1
2024-03-09 03:00:00,2024-03-09T08:00:00Z,2.9,-0.5,87,0.0,0.0,0.0,3,9.7
2024-03-09 04:00:00,2024-03-09T09:00:00Z,2.9,-0.7,86,0.0,0.0,0.0,3,11.1
2024-03-09 05:00:00,2024-03-09T10:00:00Z,2.9,-0.9,84,0.0,0.0,0.0,3,12.3
2024-03-09 06:00:00,2024-03-09T11:00:00Z,3.1,-1.1,80,0.0,0.0,0.0,3,14.3
2024-03-09 07:00:00,2024-03-09T12:00:00Z,3.3,-1.3,78,0.0,0.0,0.0,3,16.9
2024-03-09 08:00:00,2024-03-09T13:00:00Z,3.9,-0.9,74,0.0,0.0,0.0,3,18.1
2024-03-09 09:00:00,2024-03-09T14:00:00Z,4.3,-0.8,73,0.0,0.0,0.0,3,20.5
2024-03-09 10:00:00,2024-03-09T15:00:00Z,4.7,-0.7,73,0.0,0.0,0.0,3,22.1
2024-03-09 11:00:00,2024-03-09T16:00:00Z,5.1,-0.6,72,0.0,0.0,0.0,3,24.9
2024-03-09 12:00:00,2024-03-09T17:00:00Z,4.8,-0.5,76,0.0,0.0,0.0,3,22.9
2024-03-09 13:00:00,2024-03-09T18:00:00Z,4.8,-0.7,79,0.2,0.2,0.0,51,24.9
2024-03-09 14:00:00,2024-03-09T19:00:00Z,5.0,-0.4,81,0.1,0.1,0.0,51,24.3
2024-03-09 15:00:00,2024-03-09T20:00:00Z,4.7,-0.4,90,0.8,0.8,0.0,53,24.0
2024-03-09 16:00:00,2024-03-09T21:00:00Z,4.9,0.3,92,1.6,1.6,0.0,61,21.2
2024-03-09 17:00:00,2024-03-09T22:00:00Z,5.2,0.5,92,1.9,1.9,0.0,61,22.7
2024-03-09 18:00:00,2024-03-09T23:00:00Z,5.5,0.3,92,2.5,2.5,0.0,63,26.0
2024-03-09 19:00:00,2024-03-10T00:00:00Z,5.7,-0.1,93,1.4,1.4,0.0,61,31.1
2024-03-09 20:00:00,2024-03-10T01:00:00Z,6.3,1.5,94,5.6,5.6,0.0,63,25.1
2024-03-09 21:00:00,2024-03-10T02:00:00Z,6.6,1.0,95,7.3,7.3,0.0,63,30.9
2024-03-09 22:00:00,2024-03-10T03:00:00Z,6.9,2.7,96,9.6,9.6,0.0,65,22.5
2024-03-09 23:00:00,2024-03-10T04:00:00Z,7.2,5.5,95,16.1,16.1,0.0,65,5.5
2024-03-10 00:00:00,2024-03-10T05:00:00Z,8.0,4.9,98,2.6,2.6,0.0,63,16.9
2024-03-10 01:00:00,2024-03-10T06:00:00Z,8.9,7.0,97,0.0,0.0,0.0,3,9.9
2024-03-10 03:00:00,2024-03-10T07:00:00Z,8.8,7.0,97,0.0,0.0,0.0,3,9.3
2024-03-10 04:00:00,2024-03-10T08:00:00Z,7.0,3.7,98,0.1,0.1,0.0,51,16.6
2024-03-10 05:00:00,2024-03-10T09:00:00Z,5.7,1.9,95,0.0,0.0,0.0,2,17.2
2024-03-10 06:00:00,2024-03-10T10:00:00Z,4.9,0.8,93,0.0,0.0,0.0,3,17.9
2024-03-10 07:00:00,2024-03-10T11:00:00Z,4.9,0.9,91,0.2,0.2,0.0,51,17.1
2024-03-10 08:00:00,2024-03-10T12:00:00Z,5.4,1.2,88,0.1,0.1,0.0,51,18.2
2024-03-10 09:00:00,2024-03-10T13:00:00Z,6.8,2.2,83,0.0,0.0,0.0,3,22.1
2024-03-10 10:00:00,2024-03-10T14:00:00Z,7.3,2.5,76,0.0,0.0,0.0,3,22.0
2024-03-10 11:00:00,2024-03-10T15:00:00Z,7.3,2.4,67,0.0,0.0,0.0,2,20.7
2024-03-10 12:00:00,2024-03-10T16:00:00Z,9.8,3.9,50,0.0,0.0,0.0,2,27.3
2024-03-10 13:00:00,2024-03-10T17:00:00Z,10.0,4.3,48,0.0,0.0,0.0,3,24.1
2024-03-10 14:00:00,2024-03-10T18:00:00Z,9.2,3.3,48,0.0,0.0,0.0,3,24.6
2024-03-10 15:00:00,2024-03-10T19:00:00Z,7.4,1.3,57,0.1,0.1,0.0,51,26.4
2024-03-10 16:00:00,2024-03-10T20:00:00Z,7.0,0.5,57,0.1,0.1,0.0,51,28.9
2024-03-10 17:00:00,2024-03-10T21:00:00Z,6.1,-0.5,49,0.1,0.1,0.0,51,26.5
2024-03-10 18:00:00,2024-03-10T22:00:00Z,5.9,0.1,48,0.0,0.0,0.0,3,20.6
2024-03-10 19:00:00,2024-03-10T23:00:00Z,5.3,-1.6,43,0.0,0.0,0.0,3,27.0
2024-03-10 20:00:00,2024-03-11T00:00:00Z,3.7,-3.3,53,0.0,0.0,0.0,3,28.3
2024-03-10 21:00:00,2024-03-11T01:00:00Z,2.9,-3.5,53,0.0,0.0,0.0,0,24.3
2024-03-10 22:00:00,2024-03-11T02:00:00Z,2.0,-4.7,57,0.0,0.0,0.0,0,26.3
2024-03-10 23:00:00,2024-03-11T03:00:00Z,1.5,-5.4,54,0.0,0.0,0.0,1,26.4
2024-03-11 00:00:00,2024-03-11T04:00:00Z,1.2,-5.8,53,0.0,0.0,0.0,2,26.9
2024-03-11 01:00:00,2024-03-11T05:00:00Z,1.0,-5.8,51,0.0,0.0,0.0,3,25.8
2024-03-11 02:00:00,2024-03-11T06:00:00Z,0.6,-6.4,52,0.0,0.0,0.0,3,26.8
2024-03-11 03:00:00,2024-03-11T07:00:00Z,0.8,-6.6,51,0.0,0.0,0.0,3,29.1
2024-03-11 04:00:00,2024-03-11T08:00:00Z,0.7,-6.6,51,0.0,0.0,0.0,2,28.6
2024-03-11 05:00:00,2024-03-11T09:00:00Z,0.5,-7.2,51,0.0,0.0,0.0,3,31.7
2024-03-11 06:00:00,2024-03-11T10:00:00Z,0.4,-7.2,51,0.0,0.0,0.0,1,30.1
2024-03-11 07:00:00,2024-03-11T11:00:00Z,0.4,-6.9,52,0.0,0.0,0.0,1,28.6
2024-03-11 08:00:00,2024-03-11T12:00:00Z,0.5,-6.6,55,0.0,0.0,0.0,1,27.9
2024-03-11 09:00:00,2024-03-11T13:00:00Z,3.1,-5.7,49,0.0,0.0,0.0,1,40.1
2024-03-11 10:00:00,2024-03-11T14:00:00Z,4.0,-5.7,45,0.0,0.0,0.0,1,46.1
2024-03-11 11:00:00,2024-03-11T15:00:00Z,4.2,-4.9,44,0.0,0.0,0.0,3,42.2
2024-03-11 12:00:00,2024-03-11T16:00:00Z,5.1,-3.4,40,0.0,0.0,0.0,1,37.9
2024-03-11 13:00:00,2024-03-11T17:00:00Z,7.1,-0.5,34,0.0,0.0,0.0,0,36.0
2024-03-11 14:00:00,2024-03-11T18:00:00Z,7.8,0.5,33,0.0,0.0,0.0,0,34.7
2024-03-11 15:00:00,2024-03-11T19:00:00Z,8.7,0.9,29,0.0,0.0,0.0,0,36.3
2024-03-11 16:00:00,2024-03-11T20:00:00Z,8.9,0.7,26,0.0,0.0,0.0,0,35.8
2024-03-11 17:00:00,2024-03-11T21:00:00Z,8.8,0.7,25,0.0,0.0,0.0,0,33.2
2024-03-11 18:00:00,2024-03-11T22:00:00Z,8.0,0.7,28,0.0,0.0,0.0,0,27.5
2024-03-11 19:00:00,2024-03-11T23:00:00Z,6.5,-0.0,29,0.0,0.0,0.0,0,22.2
2024-03-11 20:00:00,2024-03-12T00:00:00Z,5.6,-0.2,30,0.0,0.0,0.0,0,16.9
2024-03-11 21:00:00,2024-03-12T01:00:00Z,5.7,0.2,32,0.0,0.0,0.0,0,15.3
2024-03-11 22:00:00,2024-03-12T02:00:00Z,5.1,-0.7,35,0.0,0.0,0.0,0,18.2
2024-03-11 23:00:00,2024-03-12T03:00:00Z,4.9,-1.4,37,0.0,0.0,0.0,0,21.6
2024-03-12 00:00:00,2024-03-12T04:00:00Z,4.5,-1.6,38,0.0,0.0,0.0,0,20.3
2024-03-12 01:00:00,2024-03-12T05:00:00Z,4.0,-1.9,39,0.0,0.0,0.0,0,18.6
2024-03-12 02:00:00,2024-03-12T06:00:00Z,3.5,-1.8,41,0.0,0.0,0.0,0,15.0
2024-03-12 03:00:00,2024-03-12T07:00:00Z,2.5,-2.6,47,0.0,0.0,0.0,0,13.7
2024-03-12 04:00:00,2024-03-12T08:00:00Z,2.2,-3.0,48,0.0,0.0,0.0,0,14.8
2024-03-12 05:00:00,2024-03-12T09:00:00Z,2.0,-3.2,49,0.0,0.0,0.0,0,14.8
2024-03-12 06:00:00,2024-03-12T10:00:00Z,2.1,-3.0,51,0.0,0.0,0.0,1,14.8
2024-03-12 07:00:00,2024-03-12T11:00:00Z,2.6,-2.7,53,0.0,0.0,0.0,2,16.4
2024-03-12 08:00:00,2024-03-12T12:00:00Z,3.3,-2.3,56,0.0,0.0,0.0,1,19.0
2024-03-12 09:00:00,2024-03-12T13:00:00Z,6.8,2.4,56,0.0,0.0,0.0,0,14.2
2024-03-12 10:00:00,2024-03-12T14:00:00Z,9.5,5.1,50,0.0,0.0,0.0,1,14.6
2024-03-12 11:00:00,2024-03-12T15:00:00Z,11.4,6.6,45,0.0,0.0,0.0,1,18.2
2024-03-12 12:00:00,2024-03-12T16:00:00Z,12.8,8.9,44,0.0,0.0,0.0,1,17.2
2024-03-12 13:00:00,2024-03-12T17:00:00Z,14.1,10.6,43,0.0,0.0,0.0,0,18.3
2024-03-12 14:00:00,2024-03-12T18:00:00Z,15.3,11.5,40,0.0,0.0,0.0,0,20.2
2024-03-12 15:00:00,2024-03-12T19:00:00Z,16.0,11.8,39,0.0,0.0,0.0,0,20.7
2024-03-12 16:00:00,2024-03-12T20:00:00Z,16.4,11.6,37,0.0,0.0,0.0,1,21.4
2024-03-12 17:00:00,2024-03-12T21:00:00Z,16.3,11.6,38,0.0,0.0,0.0,0,19.8
2024-03-12 18:00:00,2024-03-12T22:00:00Z,15.1,11.5,44,0.0,0.0,0.0,1,13.6
2024-03-12 19:00:00,2024-03-12T23:00:00Z,11.7,8.8,54,0.0,0.0,0.0,3,8.6
2024-03-12 20:00:00,2024-03-13T00:00:00Z,9.4,6.8,66,0.0,0.0,0.0,3,7.7
2024-03-12 21:00:00,2024-03-13T01:00:00Z,9.2,6.6,66,0.0,0.0,0.0,3,7.0
2024-03-12 22:00:00,2024-03-13T02:00:00Z,7.6,5.2,74,0.0,0.0,0.0,2,5.7
2024-03-12 23:00:00,2024-03-13T03:00:00Z,5.5,2.8,82,0.0,0.0,0.0,0,7.0
2024-03-13 00:00:00,2024-03-13T04:00:00Z,5.4,2.5,78,0.0,0.0,0.0,0,7.6
2024-03-13 01:00:00,2024-03-13T05:00:00Z,5.3,2.2,72,0.0,0.0,0.0,1,7.2
2024-03-13 02:00:00,2024-03-13T06:00:00Z,5.1,1.8,70,0.0,0.0,0.0,0,7.6
2024-03-13 03:00:00,2024-03-13T07:00:00Z,4.1,1.1,75,0.0,0.0,0.0,1,6.0
2024-03-13 04:00:00,2024-03-13T08:00:00Z,2.9,0.0,82,0.0,0.0,0.0,2,5.1
2024-03-13 05:00:00,2024-03-13T09:00:00Z,2.1,-0.8,87,0.0,0.0,0.0,0,5.0
2024-03-13 06:00:00,2024-03-13T10:00:00Z,1.7,-1.1,87,0.0,0.0,0.0,2,4.0
2024-03-13 07:00:00,2024-03-13T11:00:00Z,2.1,-0.6,85,0.0,0.0,0.0,3,3.3
2024-03-13 08:00:00,2024-03-13T12:00:00Z,2.7,-0.2,84,0.0,0.0,0.0,3,6.0
2024-03-13 09:00:00,2024-03-13T13:00:00Z,6.5,3.9,72,0.0,0.0,0.0,3,4.7
2024-03-13 10:00:00,2024-03-13T14:00:00Z,9.3,7.3,63,0.0,0.0,0.0,3,2.3
2024-03-13 11:00:00,2024-03-13T15:00:00Z,11.9,9.5,56,0.0,0.0,0.0,3,5.6
2024-03-13 12:00:00,2024-03-13T16:00:00Z,14.0,11.4,49,0.0,0.0,0.0,3,10.5
2024-03-13 13:00:00,2024-03-13T17:00:00Z,14.8,11.8,45,0.0,0.0,0.0,3,14.3
2024-03-13 14:00:00,2024-03-13T18:00:00Z,14.8,11.8,46,0.0,0.0,0.0,3,15.2
2024-03-13 15:00:00,2024-03-13T19:00:00Z,14.8,11.8,50,0.0,0.0,0.0,1,14.0
2024-03-13 16:00:00,2024-03-13T20:00:00Z,14.6,11.4,54,0.0,0.0,0.0,0,15.0
2024-03-13 17:00:00,2024-03-13T21:00:00Z,13.5,10.2,59,0.0,0.0,0.0,1,14.9
2024-03-13 18:00:00,2024-03-13T22:00:00Z,11.5,8.7,67,0.0,0.0,0.0,0,11.8
2024-03-13 19:00:00,2024-03-13T23:00:00Z,9.4,6.3,73,0.0,0.0,0.0,0,12.7
2024-03-13 20:00:00,2024-03-14T00:00:00Z,8.0,5.5,81,0.0,0.0,0.0,0,9.0
2024-03-13 21:00:00,2024-03-14T01:00:00Z,6.8,4.4,83,0.0,0.0,0.0,0,6.3
2024-03-13 22:00:00,2024-03-14T02:00:00Z,5.8,3.1,87,0.0,0.0,0.0,0,8.2
2024-03-13 23:00:00,2024-03-14T03:00:00Z,7.6,5.2,79,0.0,0.0,0.0,0,6.5
2024-03-14 00:00:00,2024-03-14T04:00:00Z,7.5,5.3,80,0.0,0.0,0.0,0,5.6
2024-03-14 01:00:00,2024-03-14T05:00:00Z,6.0,3.4,85,0.0,0.0,0.0,0,7.3
2024-03-14 02:00:00,2024-03-14T06:00:00Z,4.8,2.5,89,0.0,0.0,0.0,0,5.1
2024-03-14 03:00:00,2024-03-14T07:00:00Z,4.1,1.1,90,0.0,0.0,0.0,0,8.6
2024-03-14 04:00:00,2024-03-14T08:00:00Z,4.3,1.7,88,0.0,0.0,0.0,2,5.9
2024-03-14 05:00:00,2024-03-14T09:00:00Z,3.9,1.3,89,0.0,0.0,0.0,0,5.5
2024-03-14 06:00:00,2024-03-14T10:00:00Z,3.3,0.7,92,0.0,0.0,0.0,0,5.5
2024-03-14 07:00:00,2024-03-14T11:00:00Z,3.4,0.7,90,0.0,0.0,0.0,3,6.4
2024-03-14 08:00:00,2024-03-14T12:00:00Z,6.0,3.2,83,0.0,0.0,0.0,3,8.0
2024-03-14 09:00:00,2024-03-14T13:00:00Z,9.0,6.7,77,0.0,0.0,0.0,3,7.2
2024-03-14 10:00:00,2024-03-14T14:00:00Z,13.1,11.7,66,0.0,0.0,0.0,1,4.4
2024-03-14 11:00:00,2024-03-14T15:00:00Z,16.0,14.2,52,0.0,0.0,0.0,1,5.8
2024-03-14 12:00:00,2024-03-14T16:00:00Z,18.0,16.8,41,0.0,0.0,0.0,0,4.9
2024-03-14 13:00:00,2024-03-14T17:00:00Z,19.1,18.1,38,0.0,0.0,0.0,0,5.8
2024-03-14 14:00:00,2024-03-14T18:00:00Z,19.7,18.6,37,0.0,0.0,0.0,3,7.3
2024-03-14 15:00:00,2024-03-14T19:00:00Z,20.1,19.0,39,0.0,0.0,0.0,2,6.5
2024-03-14 16:00:00,2024-03-14T20:00:00Z,20.2,18.6,42,0.0,0.0,0.0,3,6.6
2024-03-14 17:00:00,2024-03-14T21:00:00Z,19.0,16.4,48,0.0,0.0,0.0,3,14.0
2024-03-14 18:00:00,2024-03-14T22:00:00Z,14.9,12.1,56,0.0,0.0,0.0,3,12.3
2024-03-14 19:00:00,2024-03-14T23:00:00Z,12.0,9.1,64,0.0,0.0,0.0,3,12.0
2024-03-14 20:00:00,2024-03-15T00:00:00Z,9.7,6.8,70,0.0,0.0,0.0,3,10.5
2024-03-14 21:00:00,2024-03-15T01:00:00Z,9.5,6.4,66,0.0,0.0,0.0,3,10.3
2024-03-14 22:00:00,2024-03-15T02:00:00Z,8.9,5.8,66,0.0,0.0,0.0,3,10.1
2024-03-14 23:00:00,2024-03-15T03:00:00Z,8.6,5.5,68,0.0,0.0,0.0,3,9.8
2024-03-15 00:00:00,2024-03-15T04:00:00Z,9.2,6.1,64,0.0,0.0,0.0,3,9.5
2024-03-15 01:00:00,2024-03-15T05:00:00Z,10.4,7.0,57,0.0,0.0,0.0,3,11.0
2024-03-15 02:00:00,2024-03-15T06:00:00Z,11.9,8.4,51,0.0,0.0,0.0,3,11.6
2024-03-15 03:00:00,2024-03-15T07:00:00Z,12.7,9.2,51,0.0,0.0,0.0,3,12.7
2024-03-15 04:00:00,2024-03-15T08:00:00Z,12.8,9.8,54,0.0,0.0,0.0,3,9.7
2024-03-15 05:00:00,2024-03-15T09:00:00Z,11.8,9.7,60,0.0,0.0,0.0,3,5.1
2024-03-15 06:00:00,2024-03-15T10:00:00Z,11.1,8.2,64,0.0,0.0,0.0,3,10.2
2024-03-15 07:00:00,2024-03-15T11:00:00Z,11.7,9.1,66,0.0,0.0,0.0,3,10.1
2024-03-15 08:00:00,2024-03-15T12:00:00Z,11.8,9.4,69,0.0,0.0,0.0,3,10.2
2024-03-15 09:00:00,2024-03-15T13:00:00Z,13.9,10.8,71,0.0,0.0,0.0,3,18.8
2024-03-15 10:00:00,2024-03-15T14:00:00Z,16.6,13.6,65,0.0,0.0,0.0,3,20.9
2024-03-15 11:00:00,2024-03-15T15:00:00Z,17.1,15.3,69,0.0,0.0,0.0,3,15.5
2024-03-15 12:00:00,2024-03-15T16:00:00Z,18.3,16.3,67,0.0,0.0,0.0,3,18.1
2024-03-15 13:00:00,2024-03-15T17:00:00Z,20.3,17.8,55,0.0,0.0,0.0,3,20.9
2024-03-15 14:00:00,2024-03-15T18:00:00Z,19.7,16.7,54,0.0,0.0,0.0,3,20.8
2024-03-15 15:00:00,2024-03-15T19:00:00Z,19.9,16.7,49,0.0,0.0,0.0,3,21.4
2024-03-15 16:00:00,2024-03-15T20:00:00Z,18.7,14.6,45,0.0,0.0,0.0,3,22.1
2024-03-15 17:00:00,2024-03-15T21:00:00Z,17.2,12.8,45,0.0,0.0,0.0,3,21.7
2024-03-15 18:00:00,2024-03-15T22:00:00Z,15.8,12.2,50,0.0,0.0,0.0,3,17.1
2024-03-15 19:00:00,2024-03-15T23:00:00Z,14.0,10.2,53,0.0,0.0,0.0,3,16.9
2024-03-15 20:00:00,2024-03-16T00:00:00Z,11.7,8.7,68,0.0,0.0,0.0,3,13.7
2024-03-15 21:00:00,2024-03-16T01:00:00Z,9.3,6.4,74,0.0,0.0,0.0,2,11.3
2024-03-15 22:00:00,2024-03-16T02:00:00Z,8.7,5.9,78,0.0,0.0,0.0,3,10.5
2024-03-15 23:00:00,2024-03-16T03:00:00Z,7.4,4.8,84,0.0,0.0,0.0,2,9.1
2024-03-16 00:00:00,2024-03-16T04:00:00Z,6.9,3.9,86,0.0,0.0,0.0,1,11.4
2024-03-16 01:00:00,2024-03-16T05:00:00Z,6.0,3.1,89,0.0,0.0,0.0,1,10.4
2024-03-16 02:00:00,2024-03-16T06:00:00Z,5.6,2.8,89,0.0,0.0,0.0,3,8.8
2024-03-16 03:00:00,2024-03-16T07:00:00Z,6.0,3.4,84,0.0,0.0,0.0,3,7.8
2024-03-16 04:00:00,2024-03-16T08:00:00Z,6.6,4.1,79,0.0,0.0,0.0,1,6.3
2024-03-16 05:00:00,2024-03-16T09:00:00Z,5.3,2.7,84,0.0,0.0,0.0,0,6.5
2024-03-16 06:00:00,2024-03-16T10:00:00Z,4.3,1.2,83,0.0,0.0,0.0,1,8.5
2024-03-16 07:00:00,2024-03-16T11:00:00Z,4.0,0.7,81,0.0,0.0,0.0,1,9.2
2024-03-16 08:00:00,2024-03-16T12:00:00Z,4.7,1.5,80,0.0,0.0,0.0,0,9.5
2024-03-16 09:00:00,2024-03-16T13:00:00Z,7.1,4.2,73,0.0,0.0,0.0,0,8.2
2024-03-16 10:00:00,2024-03-16T14:00:00Z,9.1,6.4,67,0.0,0.0,0.0,0,7.2
2024-03-16 11:00:00,2024-03-16T15:00:00Z,10.5,8.2,59,0.0,0.0,0.0,1,5.4
2024-03-16 12:00:00,2024-03-16T16:00:00Z,11.6,8.5,51,0.0,0.0,0.0,3,11.5
2024-03-16 13:00:00,2024-03-16T17:00:00Z,12.0,8.0,47,0.0,0.0,0.0,3,13.5
2024-03-16 14:00:00,2024-03-16T18:00:00Z,13.1,8.5,41,0.0,0.0,0.0,2,17.1
2024-03-16 15:00:00,2024-03-16T19:00:00Z,13.4,9.2,38,0.0,0.0,0.0,0,13.8
2024-03-16 16:00:00,2024-03-16T20:00:00Z,12.4,8.6,60,0.0,0.0,0.0,0,18.5
2024-03-16 17:00:00,2024-03-16T21:00:00Z,11.7,8.0,66,0.0,0.0,0.0,2,17.7
2024-03-16 18:00:00,2024-03-16T22:00:00Z,10.8,8.6,73,0.0,0.0,0.0,2,8.4
2024-03-16 19:00:00,2024-03-16T23:00:00Z,9.2,7.2,80,0.0,0.0,0.0,0,7.1
2024-03-16 20:00:00,2024-03-17T00:00:00Z,8.4,5.8,68,0.0,0.0,0.0,0,6.5
2024-03-16 21:00:00,2024-03-17T01:00:00Z,9.3,5.0,49,0.0,0.0,0.0,0,13.9
2024-03-16 22:00:00,2024-03-17T02:00:00Z,8.3,4.2,52,0.0,0.0,0.0,0,12.4
2024-03-16 23:00:00,2024-03-17T03:00:00Z,7.4,2.8,58,0.0,0.0,0.0,0,16.1
2024-03-17 00:00:00,2024-03-17T04:00:00Z,7.0,2.8,64,0.0,0.0,0.0,2,14.7
2024-03-17 01:00:00,2024-03-17T05:00:00Z,6.5,2.3,72,0.0,0.0,0.0,3,16.2
2024-03-17 02:00:00,2024-03-17T06:00:00Z,7.1,3.0,71,0.0,0.0,0.0,3,16.1
2024-03-17 03:00:00,2024-03-17T07:00:00Z,7.5,3.8,70,0.1,0.1,0.0,51,12.9
2024-03-17 04:00:00,2024-03-17T08:00:00Z,7.6,3.8,76,0.6,0.6,0.0,53,15.6
2024-03-17 05:00:00,2024-03-17T09:00:00Z,8.3,4.3,78,0.0,0.0,0.0,3,18.7
2024-03-17 06:00:00,2024-03-17T10:00:00Z,8.6,4.7,78,0.0,0.0,0.0,2,18.4
2024-03-17 07:00:00,2024-03-17T11:00:00Z,8.2,4.4,80,0.0,0.0,0.0,0,17.4
2024-03-17 08:00:00,2024-03-17T12:00:00Z,8.7,4.8,77,0.0,0.0,0.0,0,18.4
2024-03-17 09:00:00,2024-03-17T13:00:00Z,9.5,6.5,73,0.0,0.0,0.0,3,11.9
2024-03-17 10:00:00,2024-03-17T14:00:00Z,10.1,6.9,69,0.0,0.0,0.0,1,13.5
2024-03-17 11:00:00,2024-03-17T15:00:00Z,12.0,7.4,55,0.0,0.0,0.0,0,20.3
2024-03-17 12:00:00,2024-03-17T16:00:00Z,13.3,8.4,45,0.0,0.0,0.0,0,25.2
2024-03-17 13:00:00,2024-03-17T17:00:00Z,13.8,8.9,40,0.0,0.0,0.0,0,26.0
2024-03-17 14:00:00,2024-03-17T18:00:00Z,14.6,9.2,35,0.0,0.0,0.0,1,28.4
2024-03-17 15:00:00,2024-03-17T19:00:00Z,14.2,8.4,35,0.0,0.0,0.0,2,27.0
2024-03-17 16:00:00,2024-03-17T20:00:00Z,14.0,7.8,33,0.0,0.0,0.0,1,25.6
2024-03-17 17:00:00,2024-03-17T21:00:00Z,13.2,6.9,34,0.0,0.0,0.0,2,25.9
2024-03-17 18:00:00,2024-03-17T22:00:00Z,12.3,7.0,39,0.0,0.0,0.0,0,20.3
2024-03-17 19:00:00,2024-03-17T23:00:00Z,10.6,5.8,43,0.0,0.0,0.0,0,16.2
2024-03-17 20:00:00,2024-03-18T00:00:00Z,8.7,4.7,48,0.0,0.0,0.0,3,10.8
2024-03-17 21:00:00,2024-03-18T01:00:00Z,9.1,5.3,45,0.0,0.0,0.0,3,8.8
2024-03-17 22:00:00,2024-03-18T02:00:00Z,6.7,3.4,60,0.0,0.0,0.0,3,8.0
2024-03-17 23:00:00,2024-03-18T03:00:00Z,6.5,2.7,56,0.0,0.0,0.0,3,9.7
2024-03-18 00:00:00,2024-03-18T04:00:00Z,7.0,2.5,49,0.0,0.0,0.0,3,13.7
2024-03-18 01:00:00,2024-03-18T05:00:00Z,6.4,1.5,46,0.0,0.0,0.0,3,15.1
2024-03-18 02:00:00,2024-03-18T06:00:00Z,6.0,1.3,48,0.0,0.0,0.0,3,13.8
2024-03-18 03:00:00,2024-03-18T07:00:00Z,5.5,1.1,50,0.0,0.0,0.0,3,11.8
2024-03-18 04:00:00,2024-03-18T08:00:00Z,5.1,0.7,52,0.0,0.0,0.0,3,11.9
2024-03-18 05:00:00,2024-03-18T09:00:00Z,5.1,0.7,51,0.0,0.0,0.0,3,11.8
2024-03-18 06:00:00,2024-03-18T10:00:00Z,4.9,-0.1,48,0.0,0.0,0.0,3,15.0
2024-03-18 07:00:00,2024-03-18T11:00:00Z,3.9,-1.0,51,0.0,0.0,0.0,1,14.3
2024-03-18 08:00:00,2024-03-18T12:00:00Z,3.2,-1.1,62,0.0,0.0,0.0,0,11.7
2024-03-18 09:00:00,2024-03-18T13:00:00Z,5.2,0.9,57,0.0,0.0,0.0,2,12.6
2024-03-18 10:00:00,2024-03-18T14:00:00Z,6.2,1.1,45,0.0,0.0,0.0,2,16.1
2024-03-18 11:00:00,2024-03-18T15:00:00Z,7.1,1.6,40,0.0,0.0,0.0,2,19.0
2024-03-18 12:00:00,2024-03-18T16:00:00Z,7.5,1.9,38,0.0,0.0,0.0,3,19.3
2024-03-18 13:00:00,2024-03-18T17:00:00Z,7.5,1.8,38,0.0,0.0,0.0,3,18.9
2024-03-18 14:00:00,2024-03-18T18:00:00Z,7.8,2.2,37,0.0,0.0,0.0,3,18.3
2024-03-18 15:00:00,2024-03-18T19:00:00Z,8.1,2.4,35,0.0,0.0,0.0,3,18.4
2024-03-18 16:00:00,2024-03-18T20:00:00Z,8.1,2.3,33,0.0,0.0,0.0,3,19.3
2024-03-18 17:00:00,2024-03-18T21:00:00Z,7.7,1.8,34,0.0,0.0,0.0,3,20.0
2024-03-18 18:00:00,2024-03-18T22:00:00Z,7.0,1.0,34,0.0,0.0,0.0,3,20.0
2024-03-18 19:00:00,2024-03-18T23:00:00Z,5.9,0.3,38,0.0,0.0,0.0,3,18.1
2024-03-18 20:00:00,2024-03-19T00:00:00Z,5.0,-0.6,39,0.0,0.0,0.0,2,17.6
2024-03-18 21:00:00,2024-03-19T01:00:00Z,3.1,-2.6,41,0.0,0.0,0.0,0,17.8
2024-03-18 22:00:00,2024-03-19T02:00:00Z,2.3,-3.2,44,0.0,0.0,0.0,0,16.2
2024-03-18 23:00:00,2024-03-19T03:00:00Z,1.7,-3.8,48,0.0,0.0,0.0,1,16.4
2024-03-19 00:00:00,2024-03-19T04:00:00Z,1.3,-4.3,50,0.0,0.0,0.0,0,17.4
2024-03-19 01:00:00,2024-03-19T05:00:00Z,0.9,-4.6,54,0.0,0.0,0.0,0,16.6
2024-03-19 02:00:00,2024-03-19T06:00:00Z,0.4,-4.9,58,0.0,0.0,0.0,0,15.3
2024-03-19 03:00:00,2024-03-19T07:00:00Z,0.0,-5.2,60,0.0,0.0,0.0,0,15.5
2024-03-19 04:00:00,2024-03-19T08:00:00Z,-0.1,-5.4,62,0.0,0.0,0.0,0,16.0
2024-03-19 05:00:00,2024-03-19T09:00:00Z,-0.1,-5.4,62,0.0,0.0,0.0,0,16.5
2024-03-19 06:00:00,2024-03-19T10:00:00Z,-0.2,-5.4,64,0.0,0.0,0.0,0,15.8
2024-03-19 07:00:00,2024-03-19T11:00:00Z,-0.3,-5.4,64,0.0,0.0,0.0,1,15.2
2024-03-19 08:00:00,2024-03-19T12:00:00Z,0.4,-5.0,58,0.0,0.0,0.0,2,16.9
2024-03-19 09:00:00,2024-03-19T13:00:00Z,1.4,-5.1,49,0.0,0.0,0.0,2,23.6
2024-03-19 10:00:00,2024-03-19T14:00:00Z,2.4,-4.7,44,0.0,0.0,0.0,1,26.7
2024-03-19 11:00:00,2024-03-19T15:00:00Z,3.9,-3.1,38,0.0,0.0,0.0,2,27.0
2024-03-19 12:00:00,2024-03-19T16:00:00Z,5.1,-1.2,35,0.0,0.0,0.0,2,26.3
2024-03-19 13:00:00,2024-03-19T17:00:00Z,5.6,-0.8,35,0.0,0.0,0.0,3,26.0
2024-03-19 14:00:00,2024-03-19T18:00:00Z,5.9,-0.8,35,0.0,0.0,0.0,3,24.4
2024-03-19 15:00:00,2024-03-19T19:00:00Z,6.5,0.1,35,0.0,0.0,0.0,2,24.9
2024-03-19 16:00:00,2024-03-19T20:00:00Z,5.9,-0.7,36,0.0,0.0,0.0,3,24.2
2024-03-19 17:00:00,2024-03-19T21:00:00Z,5.5,-1.2,37,0.0,0.0,0.0,3,24.3
2024-03-19 18:00:00,2024-03-19T22:00:00Z,5.5,-1.1,36,0.0,0.0,0.0,3,23.6
2024-03-19 19:00:00,2024-03-19T23:00:00Z,4.9,-0.7,42,0.0,0.0,0.0,3,17.7
2024-03-19 20:00:00,2024-03-20T00:00:00Z,4.1,-0.6,50,0.1,0.1,0.0,51,13.1
2024-03-19 21:00:00,2024-03-20T01:00:00Z,3.4,-2.0,55,0.1,0.1,0.0,51,17.7
2024-03-19 22:00:00,2024-03-20T02:00:00Z,2.0,-1.5,75,0.3,0.2,0.07,71,7.3
2024-03-19 23:00:00,2024-03-20T03:00:00Z,1.9,-1.2,80,0.0,0.0,0.0,3,5.4
2024-03-20 00:00:00,2024-03-20T04:00:00Z,0.8,-2.4,86,0.0,0.0,0.0,1,6.5
2024-03-20 01:00:00,2024-03-20T05:00:00Z,0.6,-2.8,86,0.0,0.0,0.0,2,7.2
2024-03-20 02:00:00,2024-03-20T06:00:00Z,1.6,-2.1,78,0.0,0.0,0.0,3,9.0
2024-03-20 03:00:00,2024-03-20T07:00:00Z,2.3,-1.9,70,0.0,0.0,0.0,3,11.7
2024-03-20 04:00:00,2024-03-20T08:00:00Z,1.4,-3.1,70,0.0,0.0,0.0,1,12.5
2024-03-20 05:00:00,2024-03-20T09:00:00Z,1.4,-3.4,69,0.0,0.0,0.0,2,14.8
2024-03-20 06:00:00,2024-03-20T10:00:00Z,2.0,-2.9,67,0.0,0.0,0.0,0,15.3
2024-03-20 07:00:00,2024-03-20T11:00:00Z,1.6,-3.4,67,0.0,0.0,0.0,0,16.4
2024-03-20 08:00:00,2024-03-20T12:00:00Z,2.3,-2.8,65,0.0,0.0,0.0,0,17.1
2024-03-20 09:00:00,2024-03-20T13:00:00Z,5.1,1.0,61,0.0,0.0,0.0,3,11.2
2024-03-20 10:00:00,2024-03-20T14:00:00Z,6.5,3.0,56,0.0,0.0,0.0,3,8.0
2024-03-20 11:00:00,2024-03-20T15:00:00Z,7.6,4.3,54,0.0,0.0,0.0,3,7.3
2024-03-20 12:00:00,2024-03-20T16:00:00Z,8.9,5.5,51,0.0,0.0,0.0,3,8.3
2024-03-20 13:00:00,2024-03-20T17:00:00Z,10.0,6.2,50,0.0,0.0,0.0,3,12.9
2024-03-20 14:00:00,2024-03-20T18:00:00Z,8.6,5.7,63,0.6,0.6,0.0,53,7.4
2024-03-20 15:00:00,2024-03-20T19:00:00Z,10.3,7.8,56,0.0,0.0,0.0,3,4.7
2024-03-20 16:00:00,2024-03-20T20:00:00Z,9.5,6.7,60,0.1,0.1,0.0,51,6.9
2024-03-20 17:00:00,2024-03-20T21:00:00Z,9.4,6.4,64,0.0,0.0,0.0,3,9.2
2024-03-20 18:00:00,2024-03-20T22:00:00Z,8.7,4.5,65,0.0,0.0,0.0,3,17.0
2024-03-20 19:00:00,2024-03-20T23:00:00Z,6.6,0.3,63,0.6,0.6,0.0,53,28.0
2024-03-20 20:00:00,2024-03-21T00:00:00Z,5.2,-1.4,55,0.0,0.0,0.0,1,27.7
2024-03-20 21:00:00,2024-03-21T01:00:00Z,3.2,-4.0,45,0.0,0.0,0.0,0,28.8
2024-03-20 22:00:00,2024-03-21T02:00:00Z,2.1,-5.3,36,0.0,0.0,0.0,0,27.5
2024-03-20 23:00:00,2024-03-21T03:00:00Z,0.4,-6.3,36,0.0,0.0,0.0,0,22.0
2024-03-21 00:00:00,2024-03-21T04:00:00Z,-0.5,-6.9,39,0.0,0.0,0.0,0,20.1
2024-03-21 01:00:00,2024-03-21T05:00:00Z,-1.3,-7.5,41,0.0,0.0,0.0,0,18.7
2024-03-21 02:00:00,2024-03-21T06:00:00Z,-2.0,-8.1,43,0.0,0.0,0.0,0,17.9
2024-03-21 03:00:00,2024-03-21T07:00:00Z,-2.9,-8.7,47,0.0,0.0,0.0,0,16.0
2024-03-21 04:00:00,2024-03-21T08:00:00Z,-3.3,-9.0,49,0.0,0.0,0.0,0,15.5
2024-03-21 05:00:00,2024-03-21T09:00:00Z,-3.7,-9.5,51,0.0,0.0,0.0,0,15.9
2024-03-21 06:00:00,2024-03-21T10:00:00Z,-4.1,-9.8,52,0.0,0.0,0.0,0,15.9
2024-03-21 07:00:00,2024-03-21T11:00:00Z,-4.3,-10.1,54,0.0,0.0,0.0,0,16.5
2024-03-21 08:00:00,2024-03-21T12:00:00Z,-3.5,-9.7,51,0.0,0.0,0.0,0,19.5
2024-03-21 09:00:00,2024-03-21T13:00:00Z,-1.3,-8.4,44,0.0,0.0,0.0,1,25.4
2024-03-21 10:00:00,2024-03-21T14:00:00Z,-0.4,-7.4,44,0.0,0.0,0.0,3,25.4
2024-03-21 11:00:00,2024-03-21T15:00:00Z,0.4,-6.6,41,0.0,0.0,0.0,3,25.1
2024-03-21 12:00:00,2024-03-21T16:00:00Z,1.4,-5.8,38,0.0,0.0,0.0,2,26.8
2024-03-21 13:00:00,2024-03-21T17:00:00Z,2.6,-4.0,35,0.0,0.0,0.0,2,27.2
2024-03-21 14:00:00,2024-03-21T18:00:00Z,4.0,-2.5,28,0.0,0.0,0.0,1,28.7
2024-03-21 15:00:00,2024-03-21T19:00:00Z,4.2,-2.3,27,0.0,0.0,0.0,0,25.4
2024-03-21 16:00:00,2024-03-21T20:00:00Z,4.5,-2.1,26,0.0,0.0,0.0,0,24.3
2024-03-21 17:00:00,2024-03-21T21:00:00Z,4.3,-2.7,26,0.0,0.0,0.0,1,24.0
2024-03-21 18:00:00,2024-03-21T22:00:00Z,3.4,-3.4,27,0.0,0.0,0.0,0,22.5
2024-03-21 19:00:00,2024-03-21T23:00:00Z,1.8,-4.2,32,0.0,0.0,0.0,0,17.2
2024-03-21 20:00:00,2024-03-22T00:00:00Z,0.6,-5.3,35,0.0,0.0,0.0,0,16.1
2024-03-21 21:00:00,2024-03-22T01:00:00Z,-0.5,-5.6,41,0.0,0.0,0.0,0,11.3
2024-03-21 22:00:00,2024-03-22T02:00:00Z,-1.4,-6.3,46,0.0,0.0,0.0,0,10.1
2024-03-21 23:00:00,2024-03-22T03:00:00Z,-2.1,-6.8,49,0.0,0.0,0.0,0,9.6
2024-03-22 00:00:00,2024-03-22T04:00:00Z,-2.4,-7.6,49,0.0,0.0,0.0,0,12.4
2024-03-22 01:00:00,2024-03-22T05:00:00Z,-2.7,-8.3,48,0.0,0.0,0.0,0,14.9
2024-03-22 02:00:00,2024-03-22T06:00:00Z,-3.3,-8.8,50,0.0,0.0,0.0,0,14.3
2024-03-22 03:00:00,2024-03-22T07:00:00Z,-3.9,-9.1,53,0.0,0.0,0.0,0,12.7
2024-03-22 04:00:00,2024-03-22T08:00:00Z,-4.3,-9.4,55,0.0,0.0,0.0,0,11.5
2024-03-22 05:00:00,2024-03-22T09:00:00Z,-4.6,-9.5,56,0.0,0.0,0.0,0,10.0
2024-03-22 06:00:00,2024-03-22T10:00:00Z,-5.3,-9.5,62,0.0,0.0,0.0,0,5.6
2024-03-22 07:00:00,2024-03-22T11:00:00Z,-5.2,-9.4,66,0.0,0.0,0.0,0,5.8
2024-03-22 08:00:00,2024-03-22T12:00:00Z,-3.7,-8.0,62,0.0,0.0,0.0,0,7.3
2024-03-22 09:00:00,2024-03-22T13:00:00Z,-1.6,-6.2,48,0.0,0.0,0.0,0,8.4
2024-03-22 10:00:00,2024-03-22T14:00:00Z,-0.3,-4.3,46,0.0,0.0,0.0,1,4.3
2024-03-22 11:00:00,2024-03-22T15:00:00Z,1.0,-2.1,46,0.0,0.0,0.0,0,2.3
2024-03-22 12:00:00,2024-03-22T16:00:00Z,2.4,0.2,44,0.0,0.0,0.0,3,2.0
2024-03-22 13:00:00,2024-03-22T17:00:00Z,3.5,0.3,44,0.0,0.0,0.0,0,5.2
2024-03-22 14:00:00,2024-03-22T18:00:00Z,4.7,1.9,44,0.0,0.0,0.0,0,8.8
2024-03-22 15:00:00,2024-03-22T19:00:00Z,5.1,1.5,44,0.0,0.0,0.0,0,11.7
2024-03-22 16:00:00,2024-03-22T20:00:00Z,4.8,-0.3,40,0.0,0.0,0.0,1,15.9
2024-03-22 17:00:00,2024-03-22T21:00:00Z,4.1,-1.6,45,0.0,0.0,0.0,3,18.2
2024-03-22 18:00:00,2024-03-22T22:00:00Z,2.8,-2.7,53,0.0,0.0,0.0,2,17.6
2024-03-22 19:00:00,2024-03-22T23:00:00Z,2.5,-2.5,61,0.0,0.0,0.0,2,16.1
2024-03-22 20:00:00,2024-03-23T00:00:00Z,2.6,-1.9,68,0.0,0.0,0.0,3,13.4
2024-03-22 21:00:00,2024-03-23T01:00:00Z,2.4,-1.5,67,0.0,0.0,0.0,3,9.4
2024-03-22 22:00:00,2024-03-23T02:00:00Z,2.6,-1.3,68,0.0,0.0,0.0,3,9.4
2024-03-22 23:00:00,2024-03-23T03:00:00Z,2.8,-1.0,69,0.0,0.0,0.0,3,9.2
2024-03-23 00:00:00,2024-03-23T04:00:00Z,2.7,-0.9,72,0.0,0.0,0.0,3,8.7
2024-03-23 01:00:00,2024-03-23T05:00:00Z,2.6,-1.4,73,0.0,0.0,0.0,3,11.2
2024-03-23 02:00:00,2024-03-23T06:00:00Z,2.2,-1.8,75,0.6,0.6,0.0,53,11.5
2024-03-23 03:00:00,2024-03-23T07:00:00Z,2.6,-1.5,81,1.4,1.4,0.0,61,13.0
2024-03-23 04:00:00,2024-03-23T08:00:00Z,2.8,-1.0,88,0.8,0.8,0.0,53,12.1
2024-03-23 05:00:00,2024-03-23T09:00:00Z,3.1,-0.3,91,1.4,1.4,0.0,61,10.6
2024-03-23 06:00:00,2024-03-23T10:00:00Z,3.8,0.4,94,2.6,2.6,0.0,63,12.0
2024-03-23 07:00:00,2024-03-23T11:00:00Z,4.6,1.5,96,2.1,2.1,0.0,61,11.0
2024-03-23 08:00:00,2024-03-23T12:00:00Z,5.8,2.6,97,3.4,3.4,0.0,63,14.1
2024-03-23 09:00:00,2024-03-23T13:00:00Z,5.0,2.5,97,3.8,3.8,0.0,63,8.1
2024-03-23 10:00:00,2024-03-23T14:00:00Z,6.4,4.3,94,5.0,5.0,0.0,63,7.1
2024-03-23 11:00:00,2024-03-23T15:00:00Z,7.7,5.4,95,5.4,5.4,0.0,63,10.5
2024-03-23 12:00:00,2024-03-23T16:00:00Z,8.4,6.5,96,3.6,3.6,0.0,63,9.3
2024-03-23 13:00:00,2024-03-23T17:00:00Z,8.5,5.8,96,4.4,4.4,0.0,63,15.1
2024-03-23 14:00:00,2024-03-23T18:00:00Z,8.3,5.7,96,8.1,8.1,0.0,65,13.1
2024-03-23 15:00:00,2024-03-23T19:00:00Z,7.9,4.0,97,12.2,12.2,0.0,65,22.1
2024-03-23 16:00:00,2024-03-23T20:00:00Z,6.9,1.8,96,8.7,8.7,0.0,65,28.5
2024-03-23 17:00:00,2024-03-23T21:00:00Z,5.3,-0.7,94,1.7,1.7,0.0,61,32.0
2024-03-23 18:00:00,2024-03-23T22:00:00Z,5.0,-1.3,89,0.4,0.4,0.0,51,32.6
2024-03-23 19:00:00,2024-03-23T23:00:00Z,4.3,-1.4,89,0.0,0.0,0.0,3,27.6
2024-03-23 20:00:00,2024-03-24T00:00:00Z,4.0,-1.4,88,0.0,0.0,0.0,3,24.5
2024-03-23 21:00:00,2024-03-24T01:00:00Z,2.7,-3.1,84,0.0,0.0,0.0,2,25.3
2024-03-23 22:00:00,2024-03-24T02:00:00Z,1.4,-5.5,77,0.0,0.0,0.0,3,30.6
2024-03-23 23:00:00,2024-03-24T03:00:00Z,0.5,-6.8,68,0.0,0.0,0.0,3,31.6
2024-03-24 00:00:00,2024-03-24T04:00:00Z,-0.3,-8.0,62,0.0,0.0,0.0,0,32.3
2024-03-24 01:00:00,2024-03-24T05:00:00Z,-1.0,-8.4,57,0.0,0.0,0.0,0,29.1
2024-03-24 02:00:00,2024-03-24T06:00:00Z,-1.4,-8.3,52,0.0,0.0,0.0,0,25.3
2024-03-24 03:00:00,2024-03-24T07:00:00Z,-1.8,-8.4,48,0.0,0.0,0.0,0,22.4
2024-03-24 04:00:00,2024-03-24T08:00:00Z,-2.0,-8.2,45,0.0,0.0,0.0,0,19.1
2024-03-24 05:00:00,2024-03-24T09:00:00Z,-2.4,-8.4,44,0.0,0.0,0.0,0,17.0
2024-03-24 06:00:00,2024-03-24T10:00:00Z,-2.7,-8.4,44,0.0,0.0,0.0,0,15.5
2024-03-24 07:00:00,2024-03-24T11:00:00Z,-3.1,-9.0,46,0.0,0.0,0.0,0,17.0
2024-03-24 08:00:00,2024-03-24T12:00:00Z,-2.3,-7.7,50,0.0,0.0,0.0,0,14.1
2024-03-24 09:00:00,2024-03-24T13:00:00Z,-0.1,-5.8,45,0.0,0.0,0.0,0,16.9
2024-03-24 10:00:00,2024-03-24T14:00:00Z,1.3,-4.7,43,0.0,0.0,0.0,0,18.6
2024-03-24 11:00:00,2024-03-24T15:00:00Z,2.5,-3.9,37,0.0,0.0,0.0,0,23.8
2024-03-24 12:00:00,2024-03-24T16:00:00Z,3.9,-1.4,37,0.0,0.0,0.0,0,21.0
2024-03-24 13:00:00,2024-03-24T17:00:00Z,5.0,0.2,35,0.0,0.0,0.0,0,20.6
2024-03-24 14:00:00,2024-03-24T18:00:00Z,6.3,1.8,36,0.0,0.0,0.0,0,18.7
2024-03-24 15:00:00,2024-03-24T19:00:00Z,7.3,2.6,31,0.0,0.0,0.0,0,18.0
2024-03-24 16:00:00,2024-03-24T20:00:00Z,7.4,2.3,32,0.0,0.0,0.0,0,17.0
2024-03-24 17:00:00,2024-03-24T21:00:00Z,7.6,2.2,32,0.0,0.0,0.0,0,15.8
2024-03-24 18:00:00,2024-03-24T22:00:00Z,6.7,1.0,30,0.0,0.0,0.0,0,16.6
2024-03-24 19:00:00,2024-03-24T23:00:00Z,4.9,-0.1,34,0.0,0.0,0.0,0,12.1
2024-03-24 20:00:00,2024-03-25T00:00:00Z,3.3,-1.9,37,0.0,0.0,0.0,0,13.3
2024-03-24 21:00:00,2024-03-25T01:00:00Z,2.2,-3.6,40,0.0,0.0,0.0,0,17.7
2024-03-24 22:00:00,2024-03-25T02:00:00Z,1.1,-4.8,41,0.0,0.0,0.0,0,17.7
2024-03-24 23:00:00,2024-03-25T03:00:00Z,0.3,-5.1,46,0.0,0.0,0.0,0,14.7
2024-03-25 00:00:00,2024-03-25T04:00:00Z,-0.4,-5.7,51,0.0,0.0,0.0,0,14.2
2024-03-25 01:00:00,2024-03-25T05:00:00Z,-1.0,-6.1,54,0.0,0.0,0.0,0,13.2
2024-03-25 02:00:00,2024-03-25T06:00:00Z,-1.4,-6.4,58,0.0,0.0,0.0,0,12.2
2024-03-25 03:00:00,2024-03-25T07:00:00Z,-1.7,-6.8,59,0.0,0.0,0.0,0,13.0
2024-03-25 04:00:00,2024-03-25T08:00:00Z,-1.9,-7.1,59,0.0,0.0,0.0,0,13.4
2024-03-25 05:00:00,2024-03-25T09:00:00Z,-2.1,-7.4,59,0.0,0.0,0.0,0,14.6
2024-03-25 06:00:00,2024-03-25T10:00:00Z,-2.1,-7.5,58,0.0,0.0,0.0,0,14.8
2024-03-25 07:00:00,2024-03-25T11:00:00Z,-2.0,-7.4,57,0.0,0.0,0.0,0,15.0
2024-03-25 08:00:00,2024-03-25T12:00:00Z,-0.6,-5.8,58,0.0,0.0,0.0,0,14.8
2024-03-25 09:00:00,2024-03-25T13:00:00Z,1.6,-3.7,53,0.0,0.0,0.0,0,15.9
2024-03-25 10:00:00,2024-03-25T14:00:00Z,3.5,-2.3,46,0.0,0.0,0.0,0,18.9
2024-03-25 11:00:00,2024-03-25T15:00:00Z,5.0,-0.2,45,0.0,0.0,0.0,0,19.0
2024-03-25 12:00:00,2024-03-25T16:00:00Z,6.6,1.9,41,0.0,0.0,0.0,0,19.0
2024-03-25 13:00:00,2024-03-25T17:00:00Z,7.9,3.9,39,0.0,0.0,0.0,0,17.3
2024-03-25 14:00:00,2024-03-25T18:00:00Z,8.9,5.4,38,0.0,0.0,0.0,0,15.0
2024-03-25 15:00:00,2024-03-25T19:00:00Z,9.6,6.1,41,0.0,0.0,0.0,0,13.9
2024-03-25 16:00:00,2024-03-25T20:00:00Z,9.5,5.6,43,0.0,0.0,0.0,0,13.4
2024-03-25 17:00:00,2024-03-25T21:00:00Z,9.4,5.4,45,0.0,0.0,0.0,0,10.9
2024-03-25 18:00:00,2024-03-25T22:00:00Z,8.6,4.4,48,0.0,0.0,0.0,0,12.3
2024-03-25 19:00:00,2024-03-25T23:00:00Z,6.4,2.5,56,0.0,0.0,0.0,0,10.2
2024-03-25 20:00:00,2024-03-26T00:00:00Z,4.8,0.5,57,0.0,0.0,0.0,0,12.4
2024-03-25 21:00:00,2024-03-26T01:00:00Z,4.5,0.5,58,0.0,0.0,0.0,0,10.1
2024-03-25 22:00:00,2024-03-26T02:00:00Z,3.8,-0.6,60,0.0,0.0,0.0,0,12.8
2024-03-25 23:00:00,2024-03-26T03:00:00Z,3.5,-1.3,60,0.0,0.0,0.0,0,15.0
2024-03-26 00:00:00,2024-03-26T04:00:00Z,2.5,-2.7,56,0.0,0.0,0.0,0,16.3
2024-03-26 01:00:00,2024-03-26T05:00:00Z,1.4,-4.0,55,0.0,0.0,0.0,0,16.5
2024-03-26 02:00:00,2024-03-26T06:00:00Z,0.7,-4.4,55,0.0,0.0,0.0,0,14.5
2024-03-26 03:00:00,2024-03-26T07:00:00Z,0.1,-4.6,58,0.0,0.0,0.0,0,11.2
2024-03-26 04:00:00,2024-03-26T08:00:00Z,-0.3,-5.3,61,0.0,0.0,0.0,0,13.5
2024-03-26 05:00:00,2024-03-26T09:00:00Z,-0.5,-5.6,60,0.0,0.0,0.0,0,14.4
2024-03-26 06:00:00,2024-03-26T10:00:00Z,-0.6,-5.9,59,0.0,0.0,0.0,2,15.3
2024-03-26 07:00:00,2024-03-26T11:00:00Z,-0.4,-5.8,59,0.0,0.0,0.0,2,15.6
2024-03-26 08:00:00,2024-03-26T12:00:00Z,1.2,-3.8,59,0.0,0.0,0.0,3,14.5
2024-03-26 09:00:00,2024-03-26T13:00:00Z,4.0,-0.7,52,0.0,0.0,0.0,3,13.2
2024-03-26 10:00:00,2024-03-26T14:00:00Z,6.0,1.3,54,0.0,0.0,0.0,3,15.5
2024-03-26 11:00:00,2024-03-26T15:00:00Z,8.0,3.7,55,0.0,0.0,0.0,3,16.9
2024-03-26 12:00:00,2024-03-26T16:00:00Z,8.6,4.7,57,0.0,0.0,0.0,3,12.2
2024-03-26 13:00:00,2024-03-26T17:00:00Z,9.0,5.3,57,0.0,0.0,0.0,3,11.8
2024-03-26 14:00:00,2024-03-26T18:00:00Z,9.2,6.2,59,0.0,0.0,0.0,3,8.0
2024-03-26 15:00:00,2024-03-26T19:00:00Z,8.7,5.5,61,0.0,0.0,0.0,3,8.7
2024-03-26 16:00:00,2024-03-26T20:00:00Z,8.3,4.9,64,0.0,0.0,0.0,3,10.7
2024-03-26 17:00:00,2024-03-26T21:00:00Z,8.7,5.4,64,0.0,0.0,0.0,3,10.5
2024-03-26 18:00:00,2024-03-26T22:00:00Z,8.8,5.5,64,0.0,0.0,0.0,3,10.9
2024-03-26 19:00:00,2024-03-26T23:00:00Z,8.3,5.8,68,0.0,0.0,0.0,3,5.5
2024-03-26 20:00:00,2024-03-27T00:00:00Z,7.7,3.9,69,0.0,0.0,0.0,3,13.6
2024-03-26 21:00:00,2024-03-27T01:00:00Z,5.5,2.5,76,0.0,0.0,0.0,3,8.0
2024-03-26 22:00:00,2024-03-27T02:00:00Z,5.4,2.8,79,0.0,0.0,0.0,3,5.8
2024-03-26 23:00:00,2024-03-27T03:00:00Z,5.4,3.2,81,0.0,0.0,0.0,3,2.8
2024-03-27 00:00:00,2024-03-27T04:00:00Z,5.2,1.9,82,0.0,0.0,0.0,3,10.8
2024-03-27 01:00:00,2024-03-27T05:00:00Z,4.6,0.8,76,0.0,0.0,0.0,3,12.8
2024-03-27 02:00:00,2024-03-27T06:00:00Z,4.2,1.3,79,0.0,0.0,0.0,3,6.1
2024-03-27 03:00:00,2024-03-27T07:00:00Z,4.0,1.1,81,0.0,0.0,0.0,3,6.4
2024-03-27 04:00:00,2024-03-27T08:00:00Z,3.9,1.1,82,0.0,0.0,0.0,3,5.6
2024-03-27 05:00:00,2024-03-27T09:00:00Z,4.0,1.3,81,0.0,0.0,0.0,3,4.8
2024-03-27 06:00:00,2024-03-27T10:00:00Z,4.2,1.6,80,0.0,0.0,0.0,3,4.3
2024-03-27 07:00:00,2024-03-27T11:00:00Z,4.3,1.7,80,0.0,0.0,0.0,3,4.7
2024-03-27 08:00:00,2024-03-27T12:00:00Z,4.8,2.3,79,0.0,0.0,0.0,3,4.2
2024-03-27 09:00:00,2024-03-27T13:00:00Z,5.2,2.7,76,0.0,0.0,0.0,3,3.8
2024-03-27 10:00:00,2024-03-27T14:00:00Z,5.7,3.1,76,0.0,0.0,0.0,3,5.0
2024-03-27 11:00:00,2024-03-27T15:00:00Z,6.4,4.1,75,0.0,0.0,0.0,3,3.6
2024-03-27 12:00:00,2024-03-27T16:00:00Z,7.6,5.9,73,0.0,0.0,0.0,3,1.0
2024-03-27 13:00:00,2024-03-27T17:00:00Z,7.9,6.2,73,0.0,0.0,0.0,3,1.1
2024-03-27 14:00:00,2024-03-27T18:00:00Z,8.7,6.6,72,0.0,0.0,0.0,3,4.1
2024-03-27 15:00:00,2024-03-27T19:00:00Z,8.9,6.6,73,0.0,0.0,0.0,3,6.8
2024-03-27 16:00:00,2024-03-27T20:00:00Z,9.3,7.3,74,0.0,0.0,0.0,3,4.7
2024-03-27 17:00:00,2024-03-27T21:00:00Z,9.6,7.7,74,0.0,0.0,0.0,3,5.2
2024-03-27 18:00:00,2024-03-27T22:00:00Z,9.4,7.5,76,0.0,0.0,0.0,3,5.1
2024-03-27 19:00:00,2024-03-27T23:00:00Z,9.0,7.8,85,0.0,0.0,0.0,3,2.7
2024-03-27 20:00:00,2024-03-28T00:00:00Z,8.6,7.3,85,0.0,0.0,0.0,3,2.5
2024-03-27 21:00:00,2024-03-28T01:00:00Z,6.2,4.5,97,0.0,0.0,0.0,3,3.8
2024-03-27 22:00:00,2024-03-28T02:00:00Z,7.2,5.4,96,0.0,0.0,0.0,3,5.8
2024-03-27 23:00:00,2024-03-28T03:00:00Z,7.2,5.4,95,0.0,0.0,0.0,3,5.9
2024-03-28 00:00:00,2024-03-28T04:00:00Z,7.1,5.8,97,0.3,0.3,0.0,51,2.5
2024-03-28 01:00:00,2024-03-28T05:00:00Z,6.9,5.4,98,1.8,1.8,0.0,61,4.3
2024-03-28 02:00:00,2024-03-28T06:00:00Z,6.8,5.6,98,1.7,1.7,0.0,61,2.3
2024-03-28 03:00:00,2024-03-28T07:00:00Z,6.8,5.4,98,1.0,1.0,0.0,55,3.4
2024-03-28 04:00:00,2024-03-28T08:00:00Z,6.7,4.9,98,1.1,1.1,0.0,55,6.6
2024-03-28 05:00:00,2024-03-28T09:00:00Z,6.7,4.4,97,2.5,2.5,0.0,63,9.2
2024-03-28 06:00:00,2024-03-28T10:00:00Z,6.6,5.0,97,3.1,3.1,0.0,63,4.4
2024-03-28 07:00:00,2024-03-28T11:00:00Z,6.3,5.0,98,1.6,1.6,0.0,61,2.1
2024-03-28 08:00:00,2024-03-28T12:00:00Z,6.6,4.4,97,0.5,0.5,0.0,53,8.6
2024-03-28 09:00:00,2024-03-28T13:00:00Z,8.1,6.9,96,0.3,0.3,0.0,51,3.8
2024-03-28 10:00:00,2024-03-28T14:00:00Z,8.3,6.6,95,0.8,0.8,0.0,53,7.3
2024-03-28 11:00:00,2024-03-28T15:00:00Z,8.9,6.1,92,0.5,0.5,0.0,53,14.4
2024-03-28 12:00:00,2024-03-28T16:00:00Z,8.8,6.2,91,0.4,0.4,0.0,51,13.4
2024-03-28 13:00:00,2024-03-28T17:00:00Z,8.6,5.8,91,0.6,0.6,0.0,53,14.1
2024-03-28 14:00:00,2024-03-28T18:00:00Z,8.6,5.3,90,0.8,0.8,0.0,53,17.7
2024-03-28 15:00:00,2024-03-28T19:00:00Z,9.7,6.3,81,0.5,0.5,0.0,53,17.3
2024-03-28 16:00:00,2024-03-28T20:00:00Z,9.1,6.7,91,0.3,0.3,0.0,51,12.3
2024-03-28 17:00:00,2024-03-28T21:00:00Z,8.8,6.2,92,0.5,0.5,0.0,53,13.3
2024-03-28 18:00:00,2024-03-28T22:00:00Z,8.5,5.9,91,0.4,0.4,0.0,51,12.4
2024-03-28 19:00:00,2024-03-28T23:00:00Z,7.9,5.1,91,0.5,0.5,0.0,53,13.5
2024-03-28 20:00:00,2024-03-29T00:00:00Z,7.4,4.5,91,0.5,0.5,0.0,53,12.8
2024-03-28 21:00:00,2024-03-29T01:00:00Z,6.3,3.2,94,0.7,0.7,0.0,53,13.1
2024-03-28 22:00:00,2024-03-29T02:00:00Z,6.3,3.0,93,0.4,0.4,0.0,51,14.4
2024-03-28 23:00:00,2024-03-29T03:00:00Z,5.7,1.6,92,0.3,0.3,0.0,51,18.9
2024-03-29 00:00:00,2024-03-29T04:00:00Z,4.8,-0.0,84,0.3,0.3,0.0,51,20.9
2024-03-29 01:00:00,2024-03-29T05:00:00Z,4.1,-1.4,71,0.1,0.1,0.0,51,22.7
2024-03-29 02:00:00,2024-03-29T06:00:00Z,4.2,-1.4,56,0.0,0.0,0.0,3,20.3
2024-03-29 03:00:00,2024-03-29T07:00:00Z,4.8,-1.6,44,0.0,0.0,0.0,3,23.4
2024-03-29 04:00:00,2024-03-29T08:00:00Z,4.9,-1.5,37,0.0,0.0,0.0,3,22.3
2024-03-29 05:00:00,2024-03-29T09:00:00Z,4.5,-2.1,34,0.0,0.0,0.0,3,22.7
2024-03-29 06:00:00,2024-03-29T10:00:00Z,3.8,-2.8,37,0.0,0.0,0.0,3,23.2
2024-03-29 07:00:00,2024-03-29T11:00:00Z,3.3,-3.1,42,0.0,0.0,0.0,3,22.7
2024-03-29 08:00:00,2024-03-29T12:00:00Z,3.6,-2.5,48,0.0,0.0,0.0,3,21.4
2024-03-29 09:00:00,2024-03-29T13:00:00Z,5.8,-0.3,48,0.0,0.0,0.0,2,23.0
2024-03-29 10:00:00,2024-03-29T14:00:00Z,7.4,1.1,43,0.0,0.0,0.0,1,24.4
2024-03-29 11:00:00,2024-03-29T15:00:00Z,8.9,2.8,38,0.0,0.0,0.0,0,26.3
2024-03-29 12:00:00,2024-03-29T16:00:00Z,9.8,4.0,36,0.0,0.0,0.0,0,27.8
2024-03-29 13:00:00,2024-03-29T17:00:00Z,10.4,5.0,36,0.0,0.0,0.0,0,27.7
2024-03-29 14:00:00,2024-03-29T18:00:00Z,11.2,5.7,33,0.0,0.0,0.0,0,27.6
2024-03-29 15:00:00,2024-03-29T19:00:00Z,11.8,5.1,31,0.0,0.0,0.0,2,31.8
2024-03-29 16:00:00,2024-03-29T20:00:00Z,10.9,3.5,34,0.0,0.0,0.0,2,32.2
2024-03-29 17:00:00,2024-03-29T21:00:00Z,10.0,2.7,36,0.0,0.0,0.0,1,31.4
2024-03-29 18:00:00,2024-03-29T22:00:00Z,8.7,1.5,39,0.0,0.0,0.0,0,31.1
2024-03-29 19:00:00,2024-03-29T23:00:00Z,7.1,0.6,43,0.0,0.0,0.0,0,25.5
2024-03-29 20:00:00,2024-03-30T00:00:00Z,5.7,-0.5,45,0.0,0.0,0.0,0,23.7
2024-03-29 21:00:00,2024-03-30T01:00:00Z,4.6,-1.6,46,0.0,0.0,0.0,0,22.8
2024-03-29 22:00:00,2024-03-30T02:00:00Z,3.7,-1.9,50,0.0,0.0,0.0,0,18.9
2024-03-29 23:00:00,2024-03-30T03:00:00Z,3.2,-2.0,53,0.0,0.0,0.0,0,16.3
2024-03-30 00:00:00,2024-03-30T04:00:00Z,2.8,-2.1,56,0.0,0.0,0.0,0,14.2
2024-03-30 01:00:00,2024-03-30T05:00:00Z,2.4,-2.3,58,0.0,0.0,0.0,1,12.9
2024-03-30 02:00:00,2024-03-30T06:00:00Z,2.3,-3.0,59,0.0,0.0,0.0,2,17.4
2024-03-30 03:00:00,2024-03-30T07:00:00Z,2.5,-2.4,58,0.0,0.0,0.0,3,14.7
2024-03-30 04:00:00,2024-03-30T08:00:00Z,2.6,-2.2,59,0.0,0.0,0.0,3,14.1
2024-03-30 05:00:00,2024-03-30T09:00:00Z,2.6,-2.4,60,0.0,0.0,0.0,2,15.6
2024-03-30 06:00:00,2024-03-30T10:00:00Z,2.5,-2.7,60,0.0,0.0,0.0,0,17.2
2024-03-30 07:00:00,2024-03-30T11:00:00Z,1.8,-3.7,63,0.0,0.0,0.0,0,18.7
2024-03-30 08:00:00,2024-03-30T12:00:00Z,2.5,-3.4,58,0.0,0.0,0.0,0,21.5
2024-03-30 09:00:00,2024-03-30T13:00:00Z,4.7,-1.6,50,0.0,0.0,0.0,0,24.1
2024-03-30 10:00:00,2024-03-30T14:00:00Z,5.8,-0.1,48,0.0,0.0,0.0,3,22.1
2024-03-30 11:00:00,2024-03-30T15:00:00Z,7.4,2.2,46,0.0,0.0,0.0,2,21.6
2024-03-30 12:00:00,2024-03-30T16:00:00Z,9.2,4.7,43,0.0,0.0,0.0,3,21.3
2024-03-30 13:00:00,2024-03-30T17:00:00Z,10.9,6.6,40,0.0,0.0,0.0,3,22.2
2024-03-30 14:00:00,2024-03-30T18:00:00Z,12.3,8.1,38,0.0,0.0,0.0,3,21.8
2024-03-30 15:00:00,2024-03-30T19:00:00Z,13.2,8.2,36,0.0,0.0,0.0,3,22.7
2024-03-30 16:00:00,2024-03-30T20:00:00Z,13.6,7.8,34,0.0,0.0,0.0,3,23.4
2024-03-30 17:00:00,2024-03-30T21:00:00Z,13.0,7.6,39,0.0,0.0,0.0,3,22.0
2024-03-30 18:00:00,2024-03-30T22:00:00Z,12.1,7.2,44,0.0,0.0,0.0,3,18.6
2024-03-30 19:00:00,2024-03-30T23:00:00Z,11.3,6.7,45,0.0,0.0,0.0,3,16.2
2024-03-30 20:00:00,2024-03-31T00:00:00Z,10.7,6.5,50,0.0,0.0,0.0,3,14.4
2024-03-30 21:00:00,2024-03-31T01:00:00Z,10.3,5.6,57,0.0,0.0,0.0,3,19.5
2024-03-30 22:00:00,2024-03-31T02:00:00Z,9.2,5.7,66,0.0,0.0,0.0,3,12.6
2024-03-30 23:00:00,2024-03-31T03:00:00Z,8.7,5.1,72,0.0,0.0,0.0,3,14.8
2024-03-31 00:00:00,2024-03-31T04:00:00Z,8.2,4.9,78,0.0,0.0,0.0,3,13.8
2024-03-31 01:00:00,2024-03-31T05:00:00Z,8.0,4.9,81,0.0,0.0,0.0,3,12.6
2024-03-31 02:00:00,2024-03-31T06:00:00Z,7.8,4.8,83,0.2,0.2,0.0,51,12.6
2024-03-31 03:00:00,2024-03-31T07:00:00Z,7.6,4.7,82,0.0,0.0,0.0,1,11.1
2024-03-31 04:00:00,2024-03-31T08:00:00Z,6.1,2.9,86,0.0,0.0,0.0,0,11.7
2024-03-31 05:00:00,2024-03-31T09:00:00Z,5.0,1.5,82,0.0,0.0,0.0,1,11.7
2024-03-31 06:00:00,2024-03-31T10:00:00Z,4.1,0.4,78,0.0,0.0,0.0,1,11.3
2024-03-31 07:00:00,2024-03-31T11:00:00Z,3.7,-0.3,72,0.0,0.0,0.0,1,12.2
2024-03-31 08:00:00,2024-03-31T12:00:00Z,5.0,0.9,68,0.0,0.0,0.0,1,12.8
2024-03-31 09:00:00,2024-03-31T13:00:00Z,8.5,4.5,55,0.0,0.0,0.0,2,12.8
2024-03-31 10:00:00,2024-03-31T14:00:00Z,10.4,6.3,47,0.0,0.0,0.0,3,12.7
2024-03-31 11:00:00,2024-03-31T15:00:00Z,11.1,7.0,48,0.0,0.0,0.0,3,14.3
2024-03-31 12:00:00,2024-03-31T16:00:00Z,12.3,8.6,48,0.0,0.0,0.0,2,18.8
2024-03-31 13:00:00,2024-03-31T17:00:00Z,14.1,10.2,39,0.0,0.0,0.0,3,19.3
2024-03-31 14:00:00,2024-03-31T18:00:00Z,14.0,9.4,40,0.0,0.0,0.0,0,17.7
2024-03-31 15:00:00,2024-03-31T19:00:00Z,14.7,11.2,40,0.0,0.0,0.0,0,18.6
2024-03-31 16:00:00,2024-03-31T20:00:00Z,14.9,10.5,39,0.0,0.0,0.0,3,19.9
2024-03-31 17:00:00,2024-03-31T21:00:00Z,14.6,9.8,40,0.0,0.0,0.0,3,19.3
2024-03-31 18:00:00,2024-03-31T22:00:00Z,13.9,9.9,44,0.0,0.0,0.0,3,14.6
2024-03-31 19:00:00,2024-03-31T23:00:00Z,11.6,8.7,53,0.0,0.0,0.0,3,7.6
2024-03-31 20:00:00,2024-04-01T00:00:00Z,9.7,6.7,61,0.0,0.0,0.0,3,9.2
2024-03-31 21:00:00,2024-04-01T01:00:00Z,9.2,5.3,59,0.0,0.0,0.0,3,13.4
2024-03-31 22:00:00,2024-04-01T02:00:00Z,7.9,4.4,64,0.0,0.0,0.0,3,11.4
2024-03-31 23:00:00,2024-04-01T03:00:00Z,6.8,3.7,69,0.0,0.0,0.0,3,8.4
2024-04-01 00:00:00,2024-04-01T04:00:00Z,6.1,3.0,72,0.0,0.0,0.0,3,7.9
2024-04-01 01:00:00,2024-04-01T05:00:00Z,5.2,2.3,75,0.0,0.0,0.0,3,6.3
2024-04-01 02:00:00,2024-04-01T06:00:00Z,5.3,2.2,72,0.0,0.0,0.0,3,7.3
2024-04-01 03:00:00,2024-04-01T07:00:00Z,4.9,1.7,71,0.0,0.0,0.0,3,7.9
2024-04-01 04:00:00,2024-04-01T08:00:00Z,5.0,1.4,71,0.0,0.0,0.0,3,10.3
2024-04-01 05:00:00,2024-04-01T09:00:00Z,5.1,1.7,71,0.0,0.0,0.0,3,8.8
2024-04-01 06:00:00,2024-04-01T10:00:00Z,5.2,1.8,69,0.0,0.0,0.0,3,8.5
2024-04-01 07:00:00,2024-04-01T11:00:00Z,4.9,1.6,71,0.0,0.0,0.0,3,8.1
2024-04-01 08:00:00,2024-04-01T12:00:00Z,5.5,2.3,70,0.0,0.0,0.0,3,7.7
2024-04-01 09:00:00,2024-04-01T13:00:00Z,7.3,4.5,67,0.1,0.1,0.0,51,5.8
2024-04-01 10:00:00,2024-04-01T14:00:00Z,7.9,5.5,70,0.4,0.4,0.0,51,5.4
2024-04-01 11:00:00,2024-04-01T15:00:00Z,7.7,5.3,82,0.7,0.7,0.0,53,7.9
2024-04-01 12:00:00,2024-04-01T16:00:00Z,8.6,6.1,85,0.5,0.5,0.0,53,10.7
2024-04-01 13:00:00,2024-04-01T17:00:00Z,8.2,5.4,88,0.6,0.6,0.0,53,13.0
2024-04-01 14:00:00,2024-04-01T18:00:00Z,9.6,7.2,81,0.3,0.3,0.0,51,10.5
2024-04-01 15:00:00,2024-04-01T19:00:00Z,9.5,7.5,79,0.1,0.1,0.0,51,7.1
2024-04-01 16:00:00,2024-04-01T20:00:00Z,10.9,9.4,72,0.0,0.0,0.0,3,3.8
2024-04-01 17:00:00,2024-04-01T21:00:00Z,10.9,9.5,72,0.0,0.0,0.0,3,2.5
2024-04-01 18:00:00,2024-04-01T22:00:00Z,10.9,9.8,72,0.0,0.0,0.0,2,0.8
2024-04-01 19:00:00,2024-04-01T23:00:00Z,9.6,8.2,85,0.0,0.0,0.0,0,4.7
2024-04-01 20:00:00,2024-04-02T00:00:00Z,7.7,5.9,86,0.0,0.0,0.0,0,4.4
2024-04-01 21:00:00,2024-04-02T01:00:00Z,9.1,7.2,74,0.0,0.0,0.0,3,4.5
2024-04-01 22:00:00,2024-04-02T02:00:00Z,8.8,6.9,77,0.0,0.0,0.0,3,4.4
2024-04-01 23:00:00,2024-04-02T03:00:00Z,8.5,6.4,79,0.0,0.0,0.0,3,6.0
2024-04-02 00:00:00,2024-04-02T04:00:00Z,8.2,6.4,82,0.0,0.0,0.0,3,4.6
2024-04-02 01:00:00,2024-04-02T05:00:00Z,7.7,6.1,90,0.0,0.0,0.0,3,4.6
2024-04-02 02:00:00,2024-04-02T06:00:00Z,6.9,5.3,92,0.0,0.0,0.0,3,3.9
2024-04-02 03:00:00,2024-04-02T07:00:00Z,5.5,3.3,95,0.0,0.0,0.0,3,6.1
2024-04-02 04:00:00,2024-04-02T08:00:00Z,6.6,4.8,92,0.0,0.0,0.0,3,4.7
2024-04-02 05:00:00,2024-04-02T09:00:00Z,6.6,4.1,93,0.0,0.0,0.0,3,9.4
2024-04-02 06:00:00,2024-04-02T10:00:00Z,6.5,4.1,94,0.7,0.7,0.0,53,9.2
2024-04-02 07:00:00,2024-04-02T11:00:00Z,6.2,3.5,95,0.5,0.5,0.0,53,10.6
2024-04-02 08:00:00,2024-04-02T12:00:00Z,6.2,3.4,95,1.3,1.3,0.0,61,11.9
2024-04-02 09:00:00,2024-04-02T13:00:00Z,6.4,3.4,94,0.8,0.8,0.0,53,12.4
2024-04-02 10:00:00,2024-04-02T14:00:00Z,6.0,2.8,89,0.7,0.7,0.0,53,12.9
2024-04-02 11:00:00,2024-04-02T15:00:00Z,5.8,2.3,91,0.4,0.4,0.0,51,15.3
2024-04-02 12:00:00,2024-04-02T16:00:00Z,5.9,2.4,92,0.7,0.7,0.0,53,15.1
2024-04-02 13:00:00,2024-04-02T17:00:00Z,6.0,1.8,92,1.7,1.7,0.0,61,19.6
2024-04-02 14:00:00,2024-04-02T18:00:00Z,6.2,2.3,93,1.8,1.8,0.0,61,18.8
2024-04-02 15:00:00,2024-04-02T19:00:00Z,6.8,3.0,94,1.9,1.9,0.0,61,19.1
2024-04-02 16:00:00,2024-04-02T20:00:00Z,6.9,3.7,92,2.6,2.6,0.0,63,14.4
2024-04-02 17:00:00,2024-04-02T21:00:00Z,6.5,2.8,92,2.5,2.5,0.0,63,17.4
2024-04-02 18:00:00,2024-04-02T22:00:00Z,6.3,2.0,91,0.8,0.8,0.0,53,20.9
2024-04-02 19:00:00,2024-04-02T23:00:00Z,6.0,1.7,92,0.2,0.2,0.0,51,20.5
2024-04-02 20:00:00,2024-04-03T00:00:00Z,5.7,1.4,92,0.3,0.3,0.0,51,20.8
2024-04-02 21:00:00,2024-04-03T01:00:00Z,5.6,1.4,92,0.6,0.6,0.0,53,19.3
2024-04-02 22:00:00,2024-04-03T02:00:00Z,5.5,1.4,91,0.1,0.1,0.0,51,18.7
2024-04-02 23:00:00,2024-04-03T03:00:00Z,5.4,1.1,90,0.0,0.0,0.0,3,19.7
2024-04-03 00:00:00,2024-04-03T04:00:00Z,5.3,0.8,89,0.0,0.0,0.0,3,20.7
2024-04-03 01:00:00,2024-04-03T05:00:00Z,5.2,0.7,89,0.0,0.0,0.0,3,20.3
2024-04-03 02:00:00,2024-04-03T06:00:00Z,5.0,0.2,89,0.0,0.0,0.0,3,22.1
2024-04-03 03:00:00,2024-04-03T07:00:00Z,4.6,0.6,89,0.0,0.0,0.0,3,16.3
2024-04-03 04:00:00,2024-04-03T08:00:00Z,4.6,0.3,87,0.1,0.1,0.0,51,18.3
2024-04-03 05:00:00,2024-04-03T09:00:00Z,4.5,-0.4,87,0.3,0.3,0.0,51,21.7
2024-04-03 06:00:00,2024-04-03T10:00:00Z,4.3,-1.0,90,0.6,0.6,0.0,53,24.4
2024-04-03 07:00:00,2024-04-03T11:00:00Z,4.4,-0.4,90,1.8,1.8,0.0,61,21.6
2024-04-03 08:00:00,2024-04-03T12:00:00Z,4.6,-0.9,91,1.3,1.3,0.0,61,26.5
2024-04-03 09:00:00,2024-04-03T13:00:00Z,4.8,-0.4,91,0.6,0.6,0.0,53,25.1
2024-04-03 10:00:00,2024-04-03T14:00:00Z,4.8,-0.6,91,1.7,1.7,0.0,61,26.9
2024-04-03 11:00:00,2024-04-03T15:00:00Z,4.6,-1.6,90,0.9,0.9,0.0,53,32.0
2024-04-03 12:00:00,2024-04-03T16:00:00Z,4.6,-0.7,88,0.9,0.9,0.0,53,25.3
2024-04-03 13:00:00,2024-04-03T17:00:00Z,4.7,-0.8,88,3.3,3.3,0.0,63,26.5
2024-04-03 14:00:00,2024-04-03T18:00:00Z,4.8,-1.5,89,2.5,2.5,0.0,63,32.3
2024-04-03 15:00:00,2024-04-03T19:00:00Z,5.3,-1.6,89,0.8,0.8,0.0,53,36.5
2024-04-03 16:00:00,2024-04-03T20:00:00Z,5.6,-0.7,90,0.6,0.6,0.0,53,33.9
2024-04-03 17:00:00,2024-04-03T21:00:00Z,5.4,-1.2,92,1.3,1.3,0.0,61,35.5
2024-04-03 18:00:00,2024-04-03T22:00:00Z,5.8,-1.0,93,1.4,1.4,0.0,61,37.2
2024-04-03 19:00:00,2024-04-03T23:00:00Z,5.7,-0.5,93,3.0,3.0,0.0,63,33.6
2024-04-03 20:00:00,2024-04-04T00:00:00Z,5.7,-0.4,94,2.7,2.7,0.0,63,33.0
2024-04-03 21:00:00,2024-04-04T01:00:00Z,3.3,-4.0,93,0.5,0.5,0.0,53,38.5
2024-04-03 22:00:00,2024-04-04T02:00:00Z,3.4,-4.3,92,0.1,0.1,0.0,51,40.8
2024-04-03 23:00:00,2024-04-04T03:00:00Z,3.5,-4.7,93,0.8,0.8,0.0,53,44.4
2024-04-04 00:00:00,2024-04-04T04:00:00Z,3.7,-4.2,93,1.1,1.1,0.0,55,42.5
2024-04-04 01:00:00,2024-04-04T05:00:00Z,3.8,-3.1,92,2.4,2.4,0.0,61,35.9
2024-04-04 02:00:00,2024-04-04T06:00:00Z,4.1,-1.4,93,0.7,0.7,0.0,53,26.5
2024-04-04 03:00:00,2024-04-04T07:00:00Z,3.7,-1.4,94,0.5,0.5,0.0,53,24.0
2024-04-04 04:00:00,2024-04-04T08:00:00Z,3.3,-1.4,94,1.2,1.2,0.0,55,20.3
2024-04-04 05:00:00,2024-04-04T09:00:00Z,2.9,-2.8,93,0.9,0.9,0.0,53,26.6
2024-04-04 06:00:00,2024-04-04T10:00:00Z,2.4,-3.1,92,0.1,0.1,0.0,51,23.9
2024-04-04 07:00:00,2024-04-04T11:00:00Z,2.2,-2.8,91,0.0,0.0,0.0,3,20.1
2024-04-04 08:00:00,2024-04-04T12:00:00Z,2.4,-2.9,90,0.2,0.2,0.0,51,22.3
2024-04-04 09:00:00,2024-04-04T13:00:00Z,2.6,-2.3,88,0.0,0.0,0.0,3,19.9
2024-04-04 10:00:00,2024-04-04T14:00:00Z,3.5,-1.8,81,0.0,0.0,0.0,3,22.6
2024-04-04 11:00:00,2024-04-04T15:00:00Z,4.8,-0.4,71,0.0,0.0,0.0,3,20.4
2024-04-04 12:00:00,2024-04-04T16:00:00Z,5.6,0.9,65,0.0,0.0,0.0,3,17.2
2024-04-04 13:00:00,2024-04-04T17:00:00Z,6.7,1.9,60,0.0,0.0,0.0,3,17.6
2024-04-04 14:00:00,2024-04-04T18:00:00Z,7.1,2.4,59,0.0,0.0,0.0,3,17.6
2024-04-04 15:00:00,2024-04-04T19:00:00Z,7.2,2.5,58,0.0,0.0,0.0,3,17.1
2024-04-04 16:00:00,2024-04-04T20:00:00Z,8.1,3.4,54,0.0,0.0,0.0,3,17.1
2024-04-04 17:00:00,2024-04-04T21:00:00Z,8.0,3.7,54,0.0,0.0,0.0,3,13.7
2024-04-04 18:00:00,2024-04-04T22:00:00Z,7.3,3.1,55,0.0,0.0,0.0,1,13.0
2024-04-04 19:00:00,2024-04-04T23:00:00Z,6.0,2.1,60,0.0,0.0,0.0,1,11.3
2024-04-04 20:00:00,2024-04-05T00:00:00Z,3.7,-0.4,69,0.0,0.0,0.0,3,12.1
2024-04-04 21:00:00,2024-04-05T01:00:00Z,4.7,1.3,67,0.0,0.0,0.0,3,8.2
2024-04-04 22:00:00,2024-04-05T02:00:00Z,2.9,-0.1,83,0.1,0.1,0.0,51,5.9
2024-04-04 23:00:00,2024-04-05T03:00:00Z,2.8,-1.1,76,0.1,0.1,0.0,51,11.2
2024-04-05 00:00:00,2024-04-05T04:00:00Z,1.2,-2.7,83,0.0,0.0,0.0,3,10.6
2024-04-05 01:00:00,2024-04-05T05:00:00Z,1.7,-1.8,80,0.0,0.0,0.0,3,7.6
2024-04-05 02:00:00,2024-04-05T06:00:00Z,1.3,-2.3,80,0.0,0.0,0.0,3,8.2
2024-04-05 03:00:00,2024-04-05T07:00:00Z,1.1,-2.4,81,0.0,0.0,0.0,3,7.5
2024-04-05 04:00:00,2024-04-05T08:00:00Z,0.7,-2.9,85,0.0,0.0,0.0,3,8.7
2024-04-05 05:00:00,2024-04-05T09:00:00Z,1.3,-2.8,83,0.0,0.0,0.0,3,12.6
2024-04-05 06:00:00,2024-04-05T10:00:00Z,1.1,-2.9,84,0.0,0.0,0.0,1,11.5
2024-04-05 07:00:00,2024-04-05T11:00:00Z,0.8,-3.4,86,0.0,0.0,0.0,1,13.0
2024-04-05 08:00:00,2024-04-05T12:00:00Z,2.7,-2.5,71,0.0,0.0,0.0,0,19.2
2024-04-05 09:00:00,2024-04-05T13:00:00Z,4.7,-0.6,59,0.0,0.0,0.0,1,19.5
2024-04-05 10:00:00,2024-04-05T14:00:00Z,6.2,-0.2,49,0.0,0.0,0.0,1,25.5
2024-04-05 11:00:00,2024-04-05T15:00:00Z,6.9,0.4,46,0.0,0.0,0.0,3,26.9
2024-04-05 12:00:00,2024-04-05T16:00:00Z,7.2,0.6,45,0.0,0.0,0.0,2,26.9
2024-04-05 13:00:00,2024-04-05T17:00:00Z,8.1,2.0,42,0.0,0.0,0.0,2,27.2
2024-04-05 14:00:00,2024-04-05T18:00:00Z,8.5,2.4,40,0.0,0.0,0.0,2,26.3
2024-04-05 15:00:00,2024-04-05T19:00:00Z,8.4,1.9,40,0.0,0.0,0.0,2,26.0
2024-04-05 16:00:00,2024-04-05T20:00:00Z,8.4,1.8,40,0.0,0.0,0.0,3,26.7
2024-04-05 17:00:00,2024-04-05T21:00:00Z,7.8,1.3,40,0.0,0.0,0.0,2,25.5
2024-04-05 18:00:00,2024-04-05T22:00:00Z,7.4,0.8,41,0.0,0.0,0.0,0,26.1
2024-04-05 19:00:00,2024-04-05T23:00:00Z,6.2,0.7,50,0.0,0.0,0.0,0,19.7
2024-04-05 20:00:00,2024-04-06T00:00:00Z,4.9,-0.2,55,0.0,0.0,0.0,0,17.1
2024-04-05 21:00:00,2024-04-06T01:00:00Z,4.3,-0.5,57,0.0,0.0,0.0,1,15.5
2024-04-05 22:00:00,2024-04-06T02:00:00Z,3.6,-1.3,61,0.0,0.0,0.0,1,16.1
2024-04-05 23:00:00,2024-04-06T03:00:00Z,3.2,-1.7,63,0.0,0.0,0.0,1,16.2
2024-04-06 00:00:00,2024-04-06T04:00:00Z,2.9,-1.9,66,0.0,0.0,0.0,2,15.5
2024-04-06 01:00:00,2024-04-06T05:00:00Z,2.8,-2.1,68,0.0,0.0,0.0,3,16.9
2024-04-06 02:00:00,2024-04-06T06:00:00Z,3.3,-1.9,68,0.0,0.0,0.0,3,18.5
2024-04-06 03:00:00,2024-04-06T07:00:00Z,3.3,-1.8,69,0.0,0.0,0.0,2,18.6
2024-04-06 04:00:00,2024-04-06T08:00:00Z,2.8,-2.0,73,0.0,0.0,0.0,2,17.1
2024-04-06 05:00:00,2024-04-06T09:00:00Z,2.9,-1.8,74,0.0,0.0,0.0,3,16.4
2024-04-06 06:00:00,2024-04-06T10:00:00Z,2.6,-1.9,78,0.0,0.0,0.0,3,15.5
2024-04-06 07:00:00,2024-04-06T11:00:00Z,3.6,-0.9,76,0.0,0.0,0.0,1,15.5
2024-04-06 08:00:00,2024-04-06T12:00:00Z,4.6,-0.4,72,0.0,0.0,0.0,2,19.0
2024-04-06 09:00:00,2024-04-06T13:00:00Z,6.0,0.5,63,0.1,0.1,0.0,51,22.6
2024-04-06 10:00:00,2024-04-06T14:00:00Z,6.7,0.6,57,0.1,0.1,0.0,51,25.8
2024-04-06 11:00:00,2024-04-06T15:00:00Z,7.4,1.0,49,0.0,0.0,0.0,3,26.8
2024-04-06 12:00:00,2024-04-06T16:00:00Z,8.8,2.3,42,0.0,0.0,0.0,3,26.8
2024-04-06 13:00:00,2024-04-06T17:00:00Z,9.2,2.7,40,0.0,0.0,0.0,3,26.5
2024-04-06 14:00:00,2024-04-06T18:00:00Z,10.0,3.8,39,0.0,0.0,0.0,3,24.8
2024-04-06 15:00:00,2024-04-06T19:00:00Z,10.5,4.3,37,0.0,0.0,0.0,3,24.8
2024-04-06 16:00:00,2024-04-06T20:00:00Z,10.4,4.1,38,0.0,0.0,0.0,3,25.5
2024-04-06 17:00:00,2024-04-06T21:00:00Z,9.9,3.8,40,0.0,0.0,0.0,3,23.8
2024-04-06 18:00:00,2024-04-06T22:00:00Z,9.1,3.8,46,0.0,0.0,0.0,0,19.7
2024-04-06 19:00:00,2024-04-06T23:00:00Z,7.8,3.1,50,0.0,0.0,0.0,2,16.1
2024-04-06 20:00:00,2024-04-07T00:00:00Z,6.1,1.9,55,0.0,0.0,0.0,0,11.9
2024-04-06 21:00:00,2024-04-07T01:00:00Z,6.1,2.3,57,0.0,0.0,0.0,1,9.7
2024-04-06 22:00:00,2024-04-07T02:00:00Z,5.1,1.5,64,0.0,0.0,0.0,1,8.5
2024-04-06 23:00:00,2024-04-07T03:00:00Z,3.9,0.0,70,0.0,0.0,0.0,0,10.5
2024-04-07 00:00:00,2024-04-07T04:00:00Z,2.9,-0.9,74,0.0,0.0,0.0,0,10.0
2024-04-07 01:00:00,2024-04-07T05:00:00Z,2.4,-1.6,75,0.0,0.0,0.0,0,11.0
2024-04-07 02:00:00,2024-04-07T06:00:00Z,2.3,-2.0,72,0.0,0.0,0.0,0,12.2
2024-04-07 03:00:00,2024-04-07T07:00:00Z,1.9,-2.3,71,0.0,0.0,0.0,0,11.9
2024-04-07 04:00:00,2024-04-07T08:00:00Z,1.7,-2.7,72,0.0,0.0,0.0,1,12.4
2024-04-07 05:00:00,2024-04-07T09:00:00Z,1.3,-2.8,74,0.0,0.0,0.0,1,11.0
2024-04-07 06:00:00,2024-04-07T10:00:00Z,1.1,-3.0,77,0.0,0.0,0.0,1,10.9
2024-04-07 07:00:00,2024-04-07T11:00:00Z,1.1,-3.1,79,0.0,0.0,0.0,0,12.1
2024-04-07 08:00:00,2024-04-07T12:00:00Z,3.3,-1.4,72,0.0,0.0,0.0,0,16.3
2024-04-07 09:00:00,2024-04-07T13:00:00Z,6.4,2.5,60,0.0,0.0,0.0,0,11.3
2024-04-07 10:00:00,2024-04-07T14:00:00Z,8.1,2.8,51,0.1,0.1,0.0,51,19.9
2024-04-07 11:00:00,2024-04-07T15:00:00Z,8.5,3.2,48,0.0,0.0,0.0,3,19.9
2024-04-07 12:00:00,2024-04-07T16:00:00Z,9.4,3.9,45,0.0,0.0,0.0,3,21.1
2024-04-07 13:00:00,2024-04-07T17:00:00Z,10.2,4.8,43,0.0,0.0,0.0,3,20.8
2024-04-07 14:00:00,2024-04-07T18:00:00Z,11.3,5.8,39,0.0,0.0,0.0,3,20.6
2024-04-07 15:00:00,2024-04-07T19:00:00Z,12.6,6.9,36,0.0,0.0,0.0,3,22.0
2024-04-07 16:00:00,2024-04-07T20:00:00Z,13.3,7.6,34,0.0,0.0,0.0,1,22.1
2024-04-07 17:00:00,2024-04-07T21:00:00Z,12.4,6.7,35,0.0,0.0,0.0,0,22.4
2024-04-07 18:00:00,2024-04-07T22:00:00Z,11.4,6.2,38,0.0,0.0,0.0,0,19.1
2024-04-07 19:00:00,2024-04-07T23:00:00Z,9.8,5.4,42,0.0,0.0,0.0,0,13.4
2024-04-07 20:00:00,2024-04-08T00:00:00Z,8.1,3.6,44,0.0,0.0,0.0,0,12.7
2024-04-07 21:00:00,2024-04-08T01:00:00Z,5.8,2.3,61,0.0,0.0,0.0,0,8.3
2024-04-07 22:00:00,2024-04-08T02:00:00Z,6.3,3.7,64,0.0,0.0,0.0,0,3.3
2024-04-07 23:00:00,2024-04-08T03:00:00Z,5.7,3.2,68,0.0,0.0,0.0,0,2.9
2024-04-08 00:00:00,2024-04-08T04:00:00Z,3.4,0.2,73,0.0,0.0,0.0,0,6.1
2024-04-08 01:00:00,2024-04-08T05:00:00Z,2.8,-0.7,74,0.0,0.0,0.0,0,7.7
2024-04-08 02:00:00,2024-04-08T06:00:00Z,2.1,-1.4,79,0.0,0.0,0.0,0,7.8
2024-04-08 03:00:00,2024-04-08T07:00:00Z,1.8,-1.8,78,0.0,0.0,0.0,0,8.3
2024-04-08 04:00:00,2024-04-08T08:00:00Z,1.8,-2.1,72,0.0,0.0,0.0,0,9.6
2024-04-08 05:00:00,2024-04-08T09:00:00Z,1.8,-2.2,70,0.0,0.0,0.0,0,9.6
2024-04-08 06:00:00,2024-04-08T10:00:00Z,1.1,-2.6,74,0.0,0.0,0.0,0,7.6
2024-04-08 07:00:00,2024-04-08T11:00:00Z,1.0,-2.4,79,0.0,0.0,0.0,0,6.2
2024-04-08 08:00:00,2024-04-08T12:00:00Z,3.4,0.1,75,0.0,0.0,0.0,2,6.9
2024-04-08 09:00:00,2024-04-08T13:00:00Z,7.9,5.6,67,0.0,0.0,0.0,2,3.9
2024-04-08 10:00:00,2024-04-08T14:00:00Z,11.2,8.4,46,0.0,0.0,0.0,2,4.5
2024-04-08 11:00:00,2024-04-08T15:00:00Z,13.1,11.1,38,0.0,0.0,0.0,3,4.5
2024-04-08 12:00:00,2024-04-08T16:00:00Z,14.4,12.9,36,0.0,0.0,0.0,2,5.4
2024-04-08 13:00:00,2024-04-08T17:00:00Z,15.5,14.0,33,0.0,0.0,0.0,3,7.5
2024-04-08 14:00:00,2024-04-08T18:00:00Z,16.3,14.3,31,0.0,0.0,0.0,3,7.4
2024-04-08 15:00:00,2024-04-08T19:00:00Z,16.9,14.4,31,0.0,0.0,0.0,3,6.3
2024-04-08 16:00:00,2024-04-08T20:00:00Z,16.9,13.7,34,0.0,0.0,0.0,3,8.2
2024-04-08 17:00:00,2024-04-08T21:00:00Z,14.7,11.4,49,0.0,0.0,0.0,2,13.0
2024-04-08 18:00:00,2024-04-08T22:00:00Z,12.7,9.6,59,0.0,0.0,0.0,3,12.6
2024-04-08 19:00:00,2024-04-08T23:00:00Z,10.9,8.6,70,0.0,0.0,0.0,3,8.0
2024-04-08 20:00:00,2024-04-09T00:00:00Z,10.1,7.7,77,0.0,0.0,0.0,3,9.7
2024-04-08 21:00:00,2024-04-09T01:00:00Z,8.6,6.8,86,0.0,0.0,0.0,3,6.3
2024-04-08 22:00:00,2024-04-09T02:00:00Z,7.1,4.5,88,0.0,0.0,0.0,3,9.7
2024-04-08 23:00:00,2024-04-09T03:00:00Z,6.7,3.8,83,0.0,0.0,0.0,3,10.2
2024-04-09 00:00:00,2024-04-09T04:00:00Z,6.3,3.2,80,0.0,0.0,0.0,2,10.1
2024-04-09 01:00:00,2024-04-09T05:00:00Z,7.2,4.6,75,0.0,0.0,0.0,1,6.8
2024-04-09 02:00:00,2024-04-09T06:00:00Z,6.9,4.2,79,0.0,0.0,0.0,1,7.6
2024-04-09 03:00:00,2024-04-09T07:00:00Z,6.5,4.0,81,0.0,0.0,0.0,1,6.5
2024-04-09 04:00:00,2024-04-09T08:00:00Z,5.2,2.5,87,0.0,0.0,0.0,0,8.2
2024-04-09 05:00:00,2024-04-09T09:00:00Z,6.1,3.5,81,0.0,0.0,0.0,3,6.3
2024-04-09 06:00:00,2024-04-09T10:00:00Z,4.5,2.0,87,0.0,0.0,0.0,3,5.8
2024-04-09 07:00:00,2024-04-09T11:00:00Z,5.3,2.7,87,0.0,0.0,0.0,2,7.3
2024-04-09 08:00:00,2024-04-09T12:00:00Z,8.4,6.0,79,0.0,0.0,0.0,3,8.3
2024-04-09 09:00:00,2024-04-09T13:00:00Z,13.7,11.8,63,0.0,0.0,0.0,3,7.4
2024-04-09 10:00:00,2024-04-09T14:00:00Z,16.2,14.5,54,0.0,0.0,0.0,3,6.3
2024-04-09 11:00:00,2024-04-09T15:00:00Z,18.4,18.0,51,0.0,0.0,0.0,3,4.7
2024-04-09 12:00:00,2024-04-09T16:00:00Z,19.9,20.5,47,0.0,0.0,0.0,3,3.0
2024-04-09 13:00:00,2024-04-09T17:00:00Z,21.0,22.2,46,0.0,0.0,0.0,3,2.5
2024-04-09 14:00:00,2024-04-09T18:00:00Z,21.9,22.2,43,0.0,0.0,0.0,3,6.4
2024-04-09 15:00:00,2024-04-09T19:00:00Z,22.5,21.8,38,0.0,0.0,0.0,3,7.5
2024-04-09 16:00:00,2024-04-09T20:00:00Z,22.9,21.5,34,0.0,0.0,0.0,2,6.8
2024-04-09 17:00:00,2024-04-09T21:00:00Z,22.4,20.5,36,0.0,0.0,0.0,3,6.7
2024-04-09 18:00:00,2024-04-09T22:00:00Z,19.3,17.3,56,0.0,0.0,0.0,3,14.8
2024-04-09 19:00:00,2024-04-09T23:00:00Z,14.3,10.9,60,0.0,0.0,0.0,2,17.8
2024-04-09 20:00:00,2024-04-10T00:00:00Z,12.6,9.2,59,0.0,0.0,0.0,2,14.8
2024-04-09 21:00:00,2024-04-10T01:00:00Z,13.6,10.1,53,0.0,0.0,0.0,3,14.4
2024-04-09 22:00:00,2024-04-10T02:00:00Z,13.1,10.0,54,0.0,0.0,0.0,3,11.9
2024-04-09 23:00:00,2024-04-10T03:00:00Z,12.2,9.6,57,0.0,0.0,0.0,3,8.4
2024-04-10 00:00:00,2024-04-10T04:00:00Z,11.5,9.1,61,0.0,0.0,0.0,3,6.8
2024-04-10 01:00:00,2024-04-10T05:00:00Z,10.9,8.6,63,0.0,0.0,0.0,3,6.3
2024-04-10 02:00:00,2024-04-10T06:00:00Z,9.8,7.6,70,0.0,0.0,0.0,3,5.6
2024-04-10 03:00:00,2024-04-10T07:00:00Z,8.2,5.3,79,0.0,0.0,0.0,3,11.2
2024-04-10 04:00:00,2024-04-10T08:00:00Z,7.8,5.1,83,0.0,0.0,0.0,3,10.3
2024-04-10 05:00:00,2024-04-10T09:00:00Z,7.7,5.4,84,0.0,0.0,0.0,3,7.2
2024-04-10 06:00:00,2024-04-10T10:00:00Z,7.8,5.4,82,0.0,0.0,0.0,3,8.0
2024-04-10 07:00:00,2024-04-10T11:00:00Z,7.8,5.5,82,0.0,0.0,0.0,3,7.2
2024-04-10 08:00:00,2024-04-10T12:00:00Z,8.9,6.7,79,0.0,0.0,0.0,3,7.7
2024-04-10 09:00:00,2024-04-10T13:00:00Z,11.4,9.2,75,0.0,0.0,0.0,3,9.8
2024-04-10 10:00:00,2024-04-10T14:00:00Z,13.3,10.9,71,0.0,0.0,0.0,3,13.2
2024-04-10 11:00:00,2024-04-10T15:00:00Z,14.4,12.4,69,0.0,0.0,0.0,3,14.0
2024-04-10 12:00:00,2024-04-10T16:00:00Z,14.7,12.3,71,0.0,0.0,0.0,3,16.1
2024-04-10 13:00:00,2024-04-10T17:00:00Z,14.6,12.2,75,0.0,0.0,0.0,3,16.3
2024-04-10 14:00:00,2024-04-10T18:00:00Z,15.1,13.1,76,0.6,0.6,0.0,53,15.5
2024-04-10 15:00:00,2024-04-10T19:00:00Z,15.0,13.5,80,0.7,0.7,0.0,53,12.9
2024-04-10 16:00:00,2024-04-10T20:00:00Z,15.3,14.0,77,0.0,0.0,0.0,3,11.8
2024-04-10 17:00:00,2024-04-10T21:00:00Z,15.2,14.1,77,0.0,0.0,0.0,2,10.0
2024-04-10 18:00:00,2024-04-10T22:00:00Z,15.2,14.2,78,0.0,0.0,0.0,3,9.7
2024-04-10 19:00:00,2024-04-10T23:00:00Z,13.4,12.6,85,0.0,0.0,0.0,1,7.2
2024-04-10 20:00:00,2024-04-11T00:00:00Z,11.8,10.9,93,0.0,0.0,0.0,3,7.2
2024-04-10 21:00:00,2024-04-11T01:00:00Z,10.8,9.9,94,0.0,0.0,0.0,3,5.8
2024-04-10 22:00:00,2024-04-11T02:00:00Z,10.5,8.8,87,0.0,0.0,0.0,3,8.9
2024-04-10 23:00:00,2024-04-11T03:00:00Z,9.4,7.6,89,0.0,0.0,0.0,3,8.4
2024-04-11 00:00:00,2024-04-11T04:00:00Z,8.8,6.9,90,0.0,0.0,0.0,3,7.9
2024-04-11 01:00:00,2024-04-11T05:00:00Z,8.6,6.6,88,0.0,0.0,0.0,3,8.2
2024-04-11 02:00:00,2024-04-11T06:00:00Z,8.2,5.8,89,0.0,0.0,0.0,3,10.4
2024-04-11 03:00:00,2024-04-11T07:00:00Z,8.4,6.3,90,0.0,0.0,0.0,3,8.4
2024-04-11 04:00:00,2024-04-11T08:00:00Z,8.7,6.4,92,0.0,0.0,0.0,3,11.0
2024-04-11 05:00:00,2024-04-11T09:00:00Z,8.5,6.1,94,0.0,0.0,0.0,3,12.2
2024-04-11 06:00:00,2024-04-11T10:00:00Z,8.5,6.7,94,0.0,0.0,0.0,3,7.9
2024-04-11 07:00:00,2024-04-11T11:00:00Z,8.5,6.3,94,0.2,0.2,0.0,51,10.5
2024-04-11 08:00:00,2024-04-11T12:00:00Z,9.0,6.9,94,0.4,0.4,0.0,51,10.9
2024-04-11 09:00:00,2024-04-11T13:00:00Z,8.7,6.6,94,0.7,0.7,0.0,53,10.6
2024-04-11 10:00:00,2024-04-11T14:00:00Z,10.3,7.6,91,0.0,0.0,0.0,3,16.8
2024-04-11 11:00:00,2024-04-11T15:00:00Z,11.1,8.7,91,0.0,0.0,0.0,3,16.2
2024-04-11 12:00:00,2024-04-11T16:00:00Z,14.4,12.2,79,0.0,0.0,0.0,3,17.2
2024-04-11 13:00:00,2024-04-11T17:00:00Z,16.3,14.4,74,0.0,0.0,0.0,3,16.5
2024-04-11 14:00:00,2024-04-11T18:00:00Z,16.5,14.7,76,0.0,0.0,0.0,3,19.9
2024-04-11 15:00:00,2024-04-11T19:00:00Z,15.0,12.6,82,0.0,0.0,0.0,3,20.4
2024-04-11 16:00:00,2024-04-11T20:00:00Z,14.0,11.2,85,0.1,0.1,0.0,51,22.1
2024-04-11 17:00:00,2024-04-11T21:00:00Z,13.5,11.5,90,0.1,0.1,0.0,51,17.4
2024-04-11 18:00:00,2024-04-11T22:00:00Z,13.1,10.8,94,1.6,1.6,0.0,61,20.4
2024-04-11 19:00:00,2024-04-11T23:00:00Z,12.9,9.7,93,7.6,7.6,0.0,65,25.6
2024-04-11 20:00:00,2024-04-12T00:00:00Z,12.5,9.1,94,4.5,4.5,0.0,63,26.1
2024-04-11 21:00:00,2024-04-12T01:00:00Z,13.1,10.1,96,1.6,1.6,0.0,61,26.1
2024-04-11 22:00:00,2024-04-12T02:00:00Z,13.4,10.2,95,0.7,0.7,0.0,53,26.9
2024-04-11 23:00:00,2024-04-12T03:00:00Z,13.3,9.7,94,0.6,0.6,0.0,53,30.2
2024-04-12 00:00:00,2024-04-12T04:00:00Z,12.9,9.7,96,0.2,0.2,0.0,51,26.5
2024-04-12 01:00:00,2024-04-12T05:00:00Z,13.0,9.1,96,1.3,1.3,0.0,61,31.4
2024-04-12 02:00:00,2024-04-12T06:00:00Z,13.0,8.9,96,1.9,1.9,0.0,61,32.8
2024-04-12 03:00:00,2024-04-12T07:00:00Z,13.0,8.5,96,7.7,7.7,0.0,65,35.6
2024-04-12 04:00:00,2024-04-12T08:00:00Z,14.2,9.8,96,1.5,1.5,0.0,61,38.3
2024-04-12 05:00:00,2024-04-12T09:00:00Z,14.3,9.7,92,0.1,0.1,0.0,51,38.1
2024-04-12 06:00:00,2024-04-12T10:00:00Z,14.1,9.7,92,0.3,0.3,0.0,51,36.3
2024-04-12 07:00:00,2024-04-12T11:00:00Z,13.9,10.6,95,0.0,0.0,0.0,3,28.7
2024-04-12 08:00:00,2024-04-12T12:00:00Z,14.1,11.0,94,0.0,0.0,0.0,3,28.0
2024-04-12 09:00:00,2024-04-12T13:00:00Z,16.6,14.4,89,0.0,0.0,0.0,3,26.0
2024-04-12 10:00:00,2024-04-12T14:00:00Z,16.7,15.0,89,0.2,0.2,0.0,51,23.2
2024-04-12 11:00:00,2024-04-12T15:00:00Z,17.5,16.2,88,2.0,2.0,0.0,61,22.3
2024-04-12 12:00:00,2024-04-12T16:00:00Z,18.4,16.2,79,0.5,0.5,0.0,53,25.7
2024-04-12 13:00:00,2024-04-12T17:00:00Z,16.1,12.9,82,3.7,3.7,0.0,63,28.4
2024-04-12 14:00:00,2024-04-12T18:00:00Z,15.2,10.4,71,0.1,0.1,0.0,51,32.5
2024-04-12 15:00:00,2024-04-12T19:00:00Z,15.2,10.4,65,0.0,0.0,0.0,1,30.6
2024-04-12 16:00:00,2024-04-12T20:00:00Z,16.4,11.2,55,0.0,0.0,0.0,1,32.5
2024-04-12 17:00:00,2024-04-12T21:00:00Z,16.4,10.9,49,0.0,0.0,0.0,0,29.9
2024-04-12 18:00:00,2024-04-12T22:00:00Z,16.0,10.5,46,0.0,0.0,0.0,0,28.8
2024-04-12 19:00:00,2024-04-12T23:00:00Z,14.5,9.8,51,0.0,0.0,0.0,0,22.7
2024-04-12 20:00:00,2024-04-13T00:00:00Z,13.2,9.1,54,0.0,0.0,0.0,0,18.0
2024-04-12 21:00:00,2024-04-13T01:00:00Z,13.0,8.3,54,0.0,0.0,0.0,0,21.9
2024-04-12 22:00:00,2024-04-13T02:00:00Z,12.3,7.9,55,0.0,0.0,0.0,0,20.0
2024-04-12 23:00:00,2024-04-13T03:00:00Z,11.9,7.0,57,0.0,0.0,0.0,0,23.8
2024-04-13 00:00:00,2024-04-13T04:00:00Z,11.4,6.8,60,0.0,0.0,0.0,0,21.4
2024-04-13 01:00:00,2024-04-13T05:00:00Z,10.7,5.9,63,0.0,0.0,0.0,0,23.4
2024-04-13 02:00:00,2024-04-13T06:00:00Z,10.1,5.2,67,0.0,0.0,0.0,1,24.5
2024-04-13 03:00:00,2024-04-13T07:00:00Z,9.6,4.7,73,0.0,0.0,0.0,2,25.3
2024-04-13 04:00:00,2024-04-13T08:00:00Z,9.2,4.0,72,0.0,0.0,0.0,0,26.5
2024-04-13 05:00:00,2024-04-13T09:00:00Z,7.9,2.3,68,0.0,0.0,0.0,3,26.4
2024-04-13 06:00:00,2024-04-13T10:00:00Z,7.0,1.1,69,0.0,0.0,0.0,2,27.3
2024-04-13 07:00:00,2024-04-13T11:00:00Z,6.9,1.3,69,0.0,0.0,0.0,3,25.8
2024-04-13 08:00:00,2024-04-13T12:00:00Z,7.3,1.5,68,0.0,0.0,0.0,3,27.1
2024-04-13 09:00:00,2024-04-13T13:00:00Z,7.8,2.1,69,0.1,0.1,0.0,51,27.4
2024-04-13 10:00:00,2024-04-13T14:00:00Z,7.6,1.8,71,0.2,0.2,0.0,51,28.2
2024-04-13 11:00:00,2024-04-13T15:00:00Z,7.5,1.4,73,0.4,0.4,0.0,51,30.7
2024-04-13 12:00:00,2024-04-13T16:00:00Z,8.2,2.2,67,0.1,0.1,0.0,51,29.9
2024-04-13 13:00:00,2024-04-13T17:00:00Z,7.8,1.2,72,0.4,0.4,0.0,51,33.8
2024-04-13 14:00:00,2024-04-13T18:00:00Z,7.7,1.7,72,0.3,0.3,0.0,51,30.1
2024-04-13 15:00:00,2024-04-13T19:00:00Z,8.1,2.1,72,0.4,0.4,0.0,51,30.5
2024-04-13 16:00:00,2024-04-13T20:00:00Z,8.7,2.7,66,0.2,0.2,0.0,51,29.5
2024-04-13 17:00:00,2024-04-13T21:00:00Z,9.0,3.7,62,0.0,0.0,0.0,3,23.8
2024-04-13 18:00:00,2024-04-13T22:00:00Z,10.1,4.7,53,0.0,0.0,0.0,3,23.8
2024-04-13 19:00:00,2024-04-13T23:00:00Z,10.3,4.8,51,0.0,0.0,0.0,3,23.5
2024-04-13 20:00:00,2024-04-14T00:00:00Z,10.0,4.5,49,0.0,0.0,0.0,1,23.1
2024-04-13 21:00:00,2024-04-14T01:00:00Z,8.9,3.0,47,0.0,0.0,0.0,0,24.1
2024-04-13 22:00:00,2024-04-14T02:00:00Z,8.5,3.1,49,0.0,0.0,0.0,0,20.6
2024-04-13 23:00:00,2024-04-14T03:00:00Z,8.3,3.2,50,0.0,0.0,0.0,0,18.5
2024-04-14 00:00:00,2024-04-14T04:00:00Z,8.2,2.9,51,0.0,0.0,0.0,0,20.1
2024-04-14 01:00:00,2024-04-14T05:00:00Z,8.0,2.7,52,0.0,0.0,0.0,0,20.5
2024-04-14 02:00:00,2024-04-14T06:00:00Z,7.6,2.4,54,0.0,0.0,0.0,0,20.3
2024-04-14 03:00:00,2024-04-14T07:00:00Z,7.2,1.8,55,0.0,0.0,0.0,0,21.0
2024-04-14 04:00:00,2024-04-14T08:00:00Z,6.8,1.4,57,0.0,0.0,0.0,3,21.2
2024-04-14 05:00:00,2024-04-14T09:00:00Z,6.3,1.6,59,0.0,0.0,0.0,3,16.0
2024-04-14 06:00:00,2024-04-14T10:00:00Z,5.6,1.2,63,0.0,0.0,0.0,2,14.4
2024-04-14 07:00:00,2024-04-14T11:00:00Z,5.5,1.1,65,0.0,0.0,0.0,3,14.5
2024-04-14 08:00:00,2024-04-14T12:00:00Z,7.1,2.9,65,0.0,0.0,0.0,1,15.5
2024-04-14 09:00:00,2024-04-14T13:00:00Z,10.3,6.7,60,0.0,0.0,0.0,3,13.2
2024-04-14 10:00:00,2024-04-14T14:00:00Z,13.0,9.5,54,0.0,0.0,0.0,3,14.3
2024-04-14 11:00:00,2024-04-14T15:00:00Z,15.3,11.7,46,0.0,0.0,0.0,3,18.4
2024-04-14 12:00:00,2024-04-14T16:00:00Z,16.7,13.3,42,0.0,0.0,0.0,3,17.7
2024-04-14 13:00:00,2024-04-14T17:00:00Z,17.2,12.9,41,0.5,0.5,0.0,53,22.1
2024-04-14 14:00:00,2024-04-14T18:00:00Z,16.6,13.2,51,0.8,0.8,0.0,53,17.0
2024-04-14 15:00:00,2024-04-14T19:00:00Z,19.8,16.3,37,0.0,0.0,0.0,3,21.3
2024-04-14 16:00:00,2024-04-14T20:00:00Z,20.8,16.8,37,0.0,0.0,0.0,3,22.7
2024-04-14 17:00:00,2024-04-14T21:00:00Z,20.9,17.3,39,0.0,0.0,0.0,1,18.7
2024-04-14 18:00:00,2024-04-14T22:00:00Z,20.6,17.2,40,0.0,0.0,0.0,3,17.6
2024-04-14 19:00:00,2024-04-14T23:00:00Z,19.2,15.8,42,0.0,0.0,0.0,3,16.9
2024-04-14 20:00:00,2024-04-15T00:00:00Z,18.8,14.9,44,0.0,0.0,0.0,3,20.5
2024-04-14 21:00:00,2024-04-15T01:00:00Z,14.5,11.6,57,0.0,0.0,0.0,3,13.3
2024-04-14 22:00:00,2024-04-15T02:00:00Z,16.2,11.8,50,0.0,0.0,0.0,3,22.4
2024-04-14 23:00:00,2024-04-15T03:00:00Z,16.6,12.7,59,0.0,0.0,0.0,3,23.5
2024-04-15 00:00:00,2024-04-15T04:00:00Z,15.9,12.8,68,0.0,0.0,0.0,3,20.6
2024-04-15 01:00:00,2024-04-15T05:00:00Z,14.3,12.9,78,0.0,0.0,0.0,1,10.8
2024-04-15 02:00:00,2024-04-15T06:00:00Z,12.7,11.3,86,0.0,0.0,0.0,2,10.6
2024-04-15 03:00:00,2024-04-15T07:00:00Z,12.0,10.5,90,0.0,0.0,0.0,0,11.7
2024-04-15 04:00:00,2024-04-15T08:00:00Z,11.6,10.5,92,0.0,0.0,0.0,0,8.3
2024-04-15 05:00:00,2024-04-15T09:00:00Z,11.0,9.8,93,0.0,0.0,0.0,0,8.0
2024-04-15 06:00:00,2024-04-15T10:00:00Z,10.2,9.1,94,0.0,0.0,0.0,0,6.5
2024-04-15 07:00:00,2024-04-15T11:00:00Z,10.9,9.5,93,0.0,0.0,0.0,0,9.0
2024-04-15 08:00:00,2024-04-15T12:00:00Z,13.5,12.5,86,0.0,0.0,0.0,0,9.4
2024-04-15 09:00:00,2024-04-15T13:00:00Z,17.1,16.3,79,0.0,0.0,0.0,3,12.8
2024-04-15 10:00:00,2024-04-15T14:00:00Z,19.6,18.1,64,0.0,0.0,0.0,3,15.1
2024-04-15 11:00:00,2024-04-15T15:00:00Z,21.4,20.5,47,0.0,0.0,0.0,1,11.5
2024-04-15 12:00:00,2024-04-15T16:00:00Z,22.8,21.6,36,0.0,0.0,0.0,2,11.9
2024-04-15 13:00:00,2024-04-15T17:00:00Z,22.7,19.4,35,0.0,0.0,0.0,2,18.7
2024-04-15 14:00:00,2024-04-15T18:00:00Z,22.3,18.8,36,0.0,0.0,0.0,1,19.8
2024-04-15 15:00:00,2024-04-15T19:00:00Z,22.6,19.1,36,0.0,0.0,0.0,1,23.0
2024-04-15 16:00:00,2024-04-15T20:00:00Z,22.7,18.9,37,0.0,0.0,0.0,1,20.9
2024-04-15 17:00:00,2024-04-15T21:00:00Z,23.1,19.8,38,0.0,0.0,0.0,1,18.9
2024-04-15 18:00:00,2024-04-15T22:00:00Z,22.1,19.3,43,0.0,0.0,0.0,0,17.2
2024-04-15 19:00:00,2024-04-15T23:00:00Z,20.3,18.2,49,0.0,0.0,0.0,0,13.2
2024-04-15 20:00:00,2024-04-16T00:00:00Z,17.1,15.7,59,0.0,0.0,0.0,0,8.2
2024-04-15 21:00:00,2024-04-16T01:00:00Z,16.7,14.1,54,0.0,0.0,0.0,0,13.0
2024-04-15 22:00:00,2024-04-16T02:00:00Z,15.5,11.2,48,0.0,0.0,0.0,0,20.3
2024-04-15 23:00:00,2024-04-16T03:00:00Z,13.5,8.5,48,0.0,0.0,0.0,0,22.3
2024-04-16 00:00:00,2024-04-16T04:00:00Z,12.1,7.4,46,0.0,0.0,0.0,0,18.4
2024-04-16 01:00:00,2024-04-16T05:00:00Z,10.6,7.0,51,0.0,0.0,0.0,0,10.8
2024-04-16 02:00:00,2024-04-16T06:00:00Z,8.8,6.0,61,0.0,0.0,0.0,0,6.8
2024-04-16 03:00:00,2024-04-16T07:00:00Z,8.4,5.5,64,0.0,0.0,0.0,0,7.4
2024-04-16 04:00:00,2024-04-16T08:00:00Z,7.9,4.9,63,0.0,0.0,0.0,0,7.8
2024-04-16 05:00:00,2024-04-16T09:00:00Z,7.1,4.1,65,0.0,0.0,0.0,0,7.4
2024-04-16 06:00:00,2024-04-16T10:00:00Z,6.8,3.4,65,0.0,0.0,0.0,0,9.1
2024-04-16 07:00:00,2024-04-16T11:00:00Z,7.5,3.9,63,0.0,0.0,0.0,0,11.2
2024-04-16 08:00:00,2024-04-16T12:00:00Z,9.7,6.2,61,0.0,0.0,0.0,0,12.7
2024-04-16 09:00:00,2024-04-16T13:00:00Z,12.8,8.8,52,0.0,0.0,0.0,0,16.4
2024-04-16 10:00:00,2024-04-16T14:00:00Z,14.5,10.4,44,0.0,0.0,0.0,0,17.4
2024-04-16 11:00:00,2024-04-16T15:00:00Z,15.8,12.5,37,0.0,0.0,0.0,0,15.6
2024-04-16 12:00:00,2024-04-16T16:00:00Z,16.8,14.2,35,0.0,0.0,0.0,0,15.3
2024-04-16 13:00:00,2024-04-16T17:00:00Z,17.7,15.5,34,0.0,0.0,0.0,0,14.8
2024-04-16 14:00:00,2024-04-16T18:00:00Z,18.7,16.4,31,0.0,0.0,0.0,0,14.9
2024-04-16 15:00:00,2024-04-16T19:00:00Z,19.4,16.5,28,0.0,0.0,0.0,0,15.8
2024-04-16 16:00:00,2024-04-16T20:00:00Z,19.5,16.0,29,0.0,0.0,0.0,0,15.7
2024-04-16 17:00:00,2024-04-16T21:00:00Z,19.4,15.4,30,0.0,0.0,0.0,0,14.2
2024-04-16 18:00:00,2024-04-16T22:00:00Z,18.9,15.9,35,0.0,0.0,0.0,0,9.5
2024-04-16 19:00:00,2024-04-16T23:00:00Z,16.3,14.8,59,0.0,0.0,0.0,0,6.6
2024-04-16 20:00:00,2024-04-17T00:00:00Z,17.5,14.8,37,0.0,0.0,0.0,1,6.8
2024-04-16 21:00:00,2024-04-17T01:00:00Z,14.2,12.0,48,0.0,0.0,0.0,0,4.3
2024-04-16 22:00:00,2024-04-17T02:00:00Z,12.9,11.0,57,0.0,0.0,0.0,0,3.9
2024-04-16 23:00:00,2024-04-17T03:00:00Z,12.4,10.9,60,0.0,0.0,0.0,0,1.6
2024-04-17 00:00:00,2024-04-17T04:00:00Z,8.6,6.2,76,0.0,0.0,0.0,0,7.6
2024-04-17 01:00:00,2024-04-17T05:00:00Z,8.9,6.2,72,0.0,0.0,0.0,0,8.4
2024-04-17 02:00:00,2024-04-17T06:00:00Z,7.8,5.3,73,0.0,0.0,0.0,0,6.4
2024-04-17 03:00:00,2024-04-17T07:00:00Z,7.6,4.6,71,0.0,0.0,0.0,0,8.7
2024-04-17 04:00:00,2024-04-17T08:00:00Z,7.7,4.0,66,0.0,0.0,0.0,0,12.7
2024-04-17 05:00:00,2024-04-17T09:00:00Z,7.5,3.6,63,0.0,0.0,0.0,0,12.9
2024-04-17 06:00:00,2024-04-17T10:00:00Z,6.8,3.1,62,0.0,0.0,0.0,1,10.2
2024-04-17 07:00:00,2024-04-17T11:00:00Z,6.8,3.1,65,0.0,0.0,0.0,3,11.8
2024-04-17 08:00:00,2024-04-17T12:00:00Z,8.5,4.4,64,0.0,0.0,0.0,3,15.6
2024-04-17 09:00:00,2024-04-17T13:00:00Z,11.3,7.8,60,0.0,0.0,0.0,3,13.9
2024-04-17 10:00:00,2024-04-17T14:00:00Z,12.8,9.5,58,0.0,0.0,0.0,3,13.7
2024-04-17 11:00:00,2024-04-17T15:00:00Z,14.5,11.7,55,0.0,0.0,0.0,3,15.4
2024-04-17 12:00:00,2024-04-17T16:00:00Z,15.0,11.8,52,0.0,0.0,0.0,3,15.6
2024-04-17 13:00:00,2024-04-17T17:00:00Z,15.5,12.5,51,0.0,0.0,0.0,3,16.4
2024-04-17 14:00:00,2024-04-17T18:00:00Z,13.6,9.9,57,0.0,0.0,0.0,3,17.4
2024-04-17 15:00:00,2024-04-17T19:00:00Z,12.5,9.0,63,0.0,0.0,0.0,3,15.9
2024-04-17 16:00:00,2024-04-17T20:00:00Z,11.8,8.6,68,0.4,0.4,0.0,51,15.1
2024-04-17 17:00:00,2024-04-17T21:00:00Z,10.5,7.3,77,0.7,0.7,0.0,53,16.4
2024-04-17 18:00:00,2024-04-17T22:00:00Z,9.9,6.8,80,0.1,0.1,0.0,51,14.8
2024-04-17 19:00:00,2024-04-17T23:00:00Z,9.6,7.2,81,0.0,0.0,0.0,3,10.3
2024-04-17 20:00:00,2024-04-18T00:00:00Z,9.3,6.7,82,0.1,0.1,0.0,51,11.3
2024-04-17 21:00:00,2024-04-18T01:00:00Z,8.6,5.9,88,0.0,0.0,0.0,3,12.7
2024-04-17 22:00:00,2024-04-18T02:00:00Z,8.4,5.9,93,0.9,0.9,0.0,53,12.0
2024-04-17 23:00:00,2024-04-18T03:00:00Z,8.1,5.3,95,0.6,0.6,0.0,53,14.6
2024-04-18 00:00:00,2024-04-18T04:00:00Z,8.1,5.5,95,0.2,0.2,0.0,51,12.6
2024-04-18 01:00:00,2024-04-18T05:00:00Z,8.0,5.0,93,0.2,0.2,0.0,51,14.9
2024-04-18 02:00:00,2024-04-18T06:00:00Z,7.9,4.8,93,0.1,0.1,0.0,51,16.0
2024-04-18 03:00:00,2024-04-18T07:00:00Z,8.0,4.4,94,0.2,0.2,0.0,51,19.0
2024-04-18 04:00:00,2024-04-18T08:00:00Z,7.9,4.2,94,0.2,0.2,0.0,51,20.3
2024-04-18 05:00:00,2024-04-18T09:00:00Z,8.0,4.3,92,0.1,0.1,0.0,51,19.8
2024-04-18 06:00:00,2024-04-18T10:00:00Z,7.9,4.0,93,0.1,0.1,0.0,51,20.8
2024-04-18 07:00:00,2024-04-18T11:00:00Z,7.6,3.6,93,0.2,0.2,0.0,51,21.7
2024-04-18 08:00:00,2024-04-18T12:00:00Z,7.8,3.6,91,0.1,0.1,0.0,51,22.1
2024-04-18 09:00:00,2024-04-18T13:00:00Z,7.3,3.0,88,0.1,0.1,0.0,51,22.2
2024-04-18 10:00:00,2024-04-18T14:00:00Z,7.6,3.6,87,0.1,0.1,0.0,51,20.2
2024-04-18 11:00:00,2024-04-18T15:00:00Z,7.4,3.3,85,0.2,0.2,0.0,51,19.9
2024-04-18 12:00:00,2024-04-18T16:00:00Z,7.5,3.3,82,0.2,0.2,0.0,51,19.6
2024-04-18 13:00:00,2024-04-18T17:00:00Z,8.0,3.1,78,0.1,0.1,0.0,51,24.3
2024-04-18 14:00:00,2024-04-18T18:00:00Z,8.2,3.8,77,0.0,0.0,0.0,3,20.7
2024-04-18 15:00:00,2024-04-18T19:00:00Z,8.1,3.7,75,0.0,0.0,0.0,3,20.2
2024-04-18 16:00:00,2024-04-18T20:00:00Z,8.2,3.7,72,0.0,0.0,0.0,3,20.4
2024-04-18 17:00:00,2024-04-18T21:00:00Z,8.2,3.2,72,0.0,0.0,0.0,1,23.2
2024-04-18 18:00:00,2024-04-18T22:00:00Z,8.4,4.3,70,0.0,0.0,0.0,3,17.6
2024-04-18 19:00:00,2024-04-18T23:00:00Z,8.1,4.5,70,0.0,0.0,0.0,3,13.3
2024-04-18 20:00:00,2024-04-19T00:00:00Z,7.9,4.2,74,0.0,0.0,0.0,0,14.8
2024-04-18 21:00:00,2024-04-19T01:00:00Z,7.1,3.7,75,0.0,0.0,0.0,0,12.2
2024-04-18 22:00:00,2024-04-19T02:00:00Z,5.8,3.2,83,0.0,0.0,0.0,3,7.2
2024-04-18 23:00:00,2024-04-19T03:00:00Z,5.1,2.8,89,0.0,0.0,0.0,3,5.2
2024-04-19 00:00:00,2024-04-19T04:00:00Z,5.0,2.3,88,0.0,0.0,0.0,3,7.7
2024-04-19 01:00:00,2024-04-19T05:00:00Z,4.7,1.4,87,0.0,0.0,0.0,1,11.2
2024-04-19 02:00:00,2024-04-19T06:00:00Z,4.3,1.4,88,0.0,0.0,0.0,1,8.2
2024-04-19 03:00:00,2024-04-19T07:00:00Z,3.8,1.1,91,0.0,0.0,0.0,0,7.0
2024-04-19 04:00:00,2024-04-19T08:00:00Z,3.5,0.9,92,0.0,0.0,0.0,1,6.0
2024-04-19 05:00:00,2024-04-19T09:00:00Z,3.4,0.4,92,0.0,0.0,0.0,3,8.0
2024-04-19 06:00:00,2024-04-19T10:00:00Z,3.4,0.3,91,0.0,0.0,0.0,2,9.0
2024-04-19 07:00:00,2024-04-19T11:00:00Z,4.2,1.0,88,0.0,0.0,0.0,0,9.5
2024-04-19 08:00:00,2024-04-19T12:00:00Z,6.3,3.3,81,0.0,0.0,0.0,2,9.3
2024-04-19 09:00:00,2024-04-19T13:00:00Z,8.7,5.6,69,0.0,0.0,0.0,3,10.1
2024-04-19 10:00:00,2024-04-19T14:00:00Z,10.4,7.9,64,0.0,0.0,0.0,3,7.0
2024-04-19 11:00:00,2024-04-19T15:00:00Z,12.0,10.1,60,0.0,0.0,0.0,3,9.7
2024-04-19 12:00:00,2024-04-19T16:00:00Z,12.9,10.3,56,0.0,0.0,0.0,3,14.3
2024-04-19 13:00:00,2024-04-19T17:00:00Z,12.3,8.7,55,0.0,0.0,0.0,3,18.1
2024-04-19 14:00:00,2024-04-19T18:00:00Z,11.9,8.4,64,0.0,0.0,0.0,3,19.2
2024-04-19 15:00:00,2024-04-19T19:00:00Z,12.2,9.3,67,0.0,0.0,0.0,3,18.5
2024-04-19 16:00:00,2024-04-19T20:00:00Z,11.6,8.1,71,0.0,0.0,0.0,3,18.2
2024-04-19 17:00:00,2024-04-19T21:00:00Z,10.3,6.5,73,0.0,0.0,0.0,3,18.9
2024-04-19 18:00:00,2024-04-19T22:00:00Z,9.4,6.1,76,0.0,0.0,0.0,3,14.8
2024-04-19 19:00:00,2024-04-19T23:00:00Z,8.6,5.4,79,0.0,0.0,0.0,3,13.7
2024-04-19 20:00:00,2024-04-20T00:00:00Z,8.1,5.4,83,0.0,0.0,0.0,3,10.6
2024-04-19 21:00:00,2024-04-20T01:00:00Z,7.6,5.0,84,0.0,0.0,0.0,3,9.6
2024-04-19 22:00:00,2024-04-20T02:00:00Z,7.9,5.5,84,0.0,0.0,0.0,3,8.6
2024-04-19 23:00:00,2024-04-20T03:00:00Z,7.9,5.8,86,0.0,0.0,0.0,3,6.7
2024-04-20 00:00:00,2024-04-20T04:00:00Z,8.0,5.7,87,0.0,0.0,0.0,3,8.7
2024-04-20 01:00:00,2024-04-20T05:00:00Z,8.0,6.1,88,0.0,0.0,0.0,3,6.6
2024-04-20 02:00:00,2024-04-20T06:00:00Z,8.1,6.2,88,0.0,0.0,0.0,3,6.9
2024-04-20 03:00:00,2024-04-20T07:00:00Z,8.3,6.4,87,0.0,0.0,0.0,3,6.3
2024-04-20 04:00:00,2024-04-20T08:00:00Z,8.3,6.4,88,0.3,0.3,0.0,51,6.5
2024-04-20 05:00:00,2024-04-20T09:00:00Z,8.3,6.6,90,0.1,0.1,0.0,51,6.3
2024-04-20 06:00:00,2024-04-20T10:00:00Z,8.4,6.8,91,0.1,0.1,0.0,51,5.8
2024-04-20 07:00:00,2024-04-20T11:00:00Z,8.5,6.7,94,0.7,0.7,0.0,53,8.4
2024-04-20 08:00:00,2024-04-20T12:00:00Z,9.1,7.7,93,0.2,0.2,0.0,51,6.0
2024-04-20 09:00:00,2024-04-20T13:00:00Z,9.4,7.8,94,0.3,0.3,0.0,51,8.3
2024-04-20 10:00:00,2024-04-20T14:00:00Z,10.9,9.4,90,0.0,0.0,0.0,3,8.9
2024-04-20 11:00:00,2024-04-20T15:00:00Z,14.1,12.4,71,0.0,0.0,0.0,2,9.1
2024-04-20 12:00:00,2024-04-20T16:00:00Z,15.7,14.9,57,0.0,0.0,0.0,2,8.1
2024-04-20 13:00:00,2024-04-20T17:00:00Z,17.1,15.9,48,0.0,0.0,0.0,0,12.0
2024-04-20 14:00:00,2024-04-20T18:00:00Z,18.2,16.1,40,0.0,0.0,0.0,0,15.7
2024-04-20 15:00:00,2024-04-20T19:00:00Z,18.9,15.3,36,0.0,0.0,0.0,1,22.3
2024-04-20 16:00:00,2024-04-20T20:00:00Z,18.4,13.2,37,0.0,0.0,0.0,2,27.5
2024-04-20 17:00:00,2024-04-20T21:00:00Z,17.9,12.1,31,0.0,0.0,0.0,1,25.9
2024-04-20 18:00:00,2024-04-20T22:00:00Z,16.8,11.9,38,0.0,0.0,0.0,1,21.9
2024-04-20 19:00:00,2024-04-20T23:00:00Z,14.9,9.8,40,0.0,0.0,0.0,0,22.1
2024-04-20 20:00:00,2024-04-21T00:00:00Z,12.7,8.2,44,0.0,0.0,0.0,0,17.2
2024-04-20 21:00:00,2024-04-21T01:00:00Z,10.9,5.4,46,0.0,0.0,0.0,0,23.0
2024-04-20 22:00:00,2024-04-21T02:00:00Z,9.0,2.9,49,0.0,0.0,0.0,0,25.5
2024-04-20 23:00:00,2024-04-21T03:00:00Z,7.6,1.9,49,0.0,0.0,0.0,0,22.1
2024-04-21 00:00:00,2024-04-21T04:00:00Z,6.3,0.7,48,0.0,0.0,0.0,0,20.4
2024-04-21 01:00:00,2024-04-21T05:00:00Z,5.4,-0.0,48,0.0,0.0,0.0,0,18.2
2024-04-21 02:00:00,2024-04-21T06:00:00Z,4.5,-0.2,51,0.0,0.0,0.0,0,13.2
2024-04-21 03:00:00,2024-04-21T07:00:00Z,3.5,-0.2,58,0.0,0.0,0.0,0,7.3
2024-04-21 04:00:00,2024-04-21T08:00:00Z,3.1,-0.7,62,0.0,0.0,0.0,0,8.5
2024-04-21 05:00:00,2024-04-21T09:00:00Z,2.4,-1.0,67,0.0,0.0,0.0,3,6.0
2024-04-21 06:00:00,2024-04-21T10:00:00Z,2.0,-1.4,72,0.0,0.0,0.0,3,6.2
2024-04-21 07:00:00,2024-04-21T11:00:00Z,3.2,-0.5,72,0.0,0.0,0.0,3,9.2
2024-04-21 08:00:00,2024-04-21T12:00:00Z,5.1,0.9,60,0.0,0.0,0.0,3,11.6
2024-04-21 09:00:00,2024-04-21T13:00:00Z,7.2,3.3,48,0.0,0.0,0.0,3,8.9
2024-04-21 10:00:00,2024-04-21T14:00:00Z,8.0,4.2,46,0.0,0.0,0.0,3,8.8
2024-04-21 11:00:00,2024-04-21T15:00:00Z,8.7,4.2,42,0.0,0.0,0.0,3,13.0
2024-04-21 12:00:00,2024-04-21T16:00:00Z,9.1,4.0,40,0.0,0.0,0.0,3,16.6
2024-04-21 13:00:00,2024-04-21T17:00:00Z,9.8,4.4,37,0.0,0.0,0.0,3,18.1
2024-04-21 14:00:00,2024-04-21T18:00:00Z,10.6,4.9,37,0.0,0.0,0.0,3,20.9
2024-04-21 15:00:00,2024-04-21T19:00:00Z,10.7,5.1,37,0.0,0.0,0.0,3,20.5
2024-04-21 16:00:00,2024-04-21T20:00:00Z,10.8,5.1,35,0.0,0.0,0.0,3,20.6
2024-04-21 17:00:00,2024-04-21T21:00:00Z,10.9,5.3,36,0.0,0.0,0.0,3,20.1
2024-04-21 18:00:00,2024-04-21T22:00:00Z,10.2,5.0,38,0.0,0.0,0.0,3,17.7
2024-04-21 19:00:00,2024-04-21T23:00:00Z,9.3,4.7,42,0.0,0.0,0.0,3,13.7
2024-04-21 20:00:00,2024-04-22T00:00:00Z,7.9,3.9,48,0.0,0.0,0.0,3,10.0
2024-04-21 21:00:00,2024-04-22T01:00:00Z,6.5,3.1,53,0.0,0.0,0.0,3,6.6
2024-04-21 22:00:00,2024-04-22T02:00:00Z,5.9,2.2,57,0.0,0.0,0.0,1,8.4
2024-04-21 23:00:00,2024-04-22T03:00:00Z,5.0,1.0,60,0.0,0.0,0.0,2,10.4
2024-04-22 00:00:00,2024-04-22T04:00:00Z,4.8,0.2,58,0.0,0.0,0.0,0,13.7
2024-04-22 01:00:00,2024-04-22T05:00:00Z,4.0,0.1,61,0.0,0.0,0.0,3,9.4
2024-04-22 02:00:00,2024-04-22T06:00:00Z,3.3,-0.4,66,0.0,0.0,0.0,3,8.6
2024-04-22 03:00:00,2024-04-22T07:00:00Z,3.1,-0.8,68,0.0,0.0,0.0,1,9.8
2024-04-22 04:00:00,2024-04-22T08:00:00Z,2.6,-1.3,69,0.0,0.0,0.0,0,9.5
2024-04-22 05:00:00,2024-04-22T09:00:00Z,2.2,-1.7,70,0.0,0.0,0.0,0,9.3
2024-04-22 06:00:00,2024-04-22T10:00:00Z,1.9,-2.0,71,0.0,0.0,0.0,0,9.4
2024-04-22 07:00:00,2024-04-22T11:00:00Z,2.9,-1.0,68,0.0,0.0,0.0,0,10.2
2024-04-22 08:00:00,2024-04-22T12:00:00Z,5.4,1.4,61,0.0,0.0,0.0,0,11.1
2024-04-22 09:00:00,2024-04-22T13:00:00Z,8.2,3.8,52,0.0,0.0,0.0,0,13.9
2024-04-22 10:00:00,2024-04-22T14:00:00Z,9.6,5.0,43,0.0,0.0,0.0,0,15.9
2024-04-22 11:00:00,2024-04-22T15:00:00Z,10.7,7.0,38,0.0,0.0,0.0,0,15.3
2024-04-22 12:00:00,2024-04-22T16:00:00Z,11.5,8.7,38,0.0,0.0,0.0,0,14.3
2024-04-22 13:00:00,2024-04-22T17:00:00Z,12.5,10.4,37,0.0,0.0,0.0,0,11.7
2024-04-22 14:00:00,2024-04-22T18:00:00Z,13.3,11.5,36,0.0,0.0,0.0,0,10.5
2024-04-22 15:00:00,2024-04-22T19:00:00Z,13.8,11.4,34,0.0,0.0,0.0,0,10.0
2024-04-22 16:00:00,2024-04-22T20:00:00Z,13.9,10.4,33,0.0,0.0,0.0,0,11.6
2024-04-22 17:00:00,2024-04-22T21:00:00Z,13.9,9.8,32,0.0,0.0,0.0,1,10.7
2024-04-22 18:00:00,2024-04-22T22:00:00Z,13.6,9.7,33,0.0,0.0,0.0,0,9.3
2024-04-22 19:00:00,2024-04-22T23:00:00Z,11.5,9.3,64,0.0,0.0,0.0,0,6.4
2024-04-22 20:00:00,2024-04-23T00:00:00Z,10.8,7.3,40,0.0,0.0,0.0,0,6.8
2024-04-22 21:00:00,2024-04-23T01:00:00Z,7.7,3.3,66,0.0,0.0,0.0,0,17.4
2024-04-22 22:00:00,2024-04-23T02:00:00Z,6.7,2.9,67,0.0,0.0,0.0,0,12.4
2024-04-22 23:00:00,2024-04-23T03:00:00Z,5.8,2.5,69,0.0,0.0,0.0,0,8.8
2024-04-23 00:00:00,2024-04-23T04:00:00Z,4.1,0.8,78,0.0,0.0,0.0,0,8.4
2024-04-23 01:00:00,2024-04-23T05:00:00Z,5.5,2.5,67,0.0,0.0,0.0,0,6.0
2024-04-23 02:00:00,2024-04-23T06:00:00Z,3.7,0.6,76,0.0,0.0,0.0,0,6.9
2024-04-23 03:00:00,2024-04-23T07:00:00Z,3.0,-0.4,80,0.0,0.0,0.0,0,8.2
2024-04-23 04:00:00,2024-04-23T08:00:00Z,2.1,-1.4,84,0.0,0.0,0.0,0,9.1
2024-04-23 05:00:00,2024-04-23T09:00:00Z,1.9,-1.5,85,0.0,0.0,0.0,0,8.4
2024-04-23 06:00:00,2024-04-23T10:00:00Z,1.4,-2.2,87,0.0,0.0,0.0,0,9.4
2024-04-23 07:00:00,2024-04-23T11:00:00Z,4.0,1.2,79,0.0,0.0,0.0,0,5.0
2024-04-23 08:00:00,2024-04-23T12:00:00Z,6.7,4.1,69,0.0,0.0,0.0,0,4.7
2024-04-23 09:00:00,2024-04-23T13:00:00Z,9.6,7.2,59,0.0,0.0,0.0,0,4.1
2024-04-23 10:00:00,2024-04-23T14:00:00Z,12.3,9.8,53,0.0,0.0,0.0,0,7.9
2024-04-23 11:00:00,2024-04-23T15:00:00Z,13.7,10.9,45,0.0,0.0,0.0,0,14.1
2024-04-23 12:00:00,2024-04-23T16:00:00Z,14.1,11.3,44,0.0,0.0,0.0,0,17.3
2024-04-23 13:00:00,2024-04-23T17:00:00Z,14.2,11.0,41,0.0,0.0,0.0,0,21.2
2024-04-23 14:00:00,2024-04-23T18:00:00Z,13.9,9.8,38,0.0,0.0,0.0,0,25.1
2024-04-23 15:00:00,2024-04-23T19:00:00Z,14.0,9.2,36,0.0,0.0,0.0,0,26.2
2024-04-23 16:00:00,2024-04-23T20:00:00Z,13.6,8.2,35,0.0,0.0,0.0,0,26.5
2024-04-23 17:00:00,2024-04-23T21:00:00Z,12.6,6.5,39,0.0,0.0,0.0,1,26.0
2024-04-23 18:00:00,2024-04-23T22:00:00Z,10.5,4.6,51,0.0,0.0,0.0,3,26.4
2024-04-23 19:00:00,2024-04-23T23:00:00Z,9.1,4.2,63,0.0,0.0,0.0,1,21.3
2024-04-23 20:00:00,2024-04-24T00:00:00Z,8.1,2.8,60,0.0,0.0,0.0,3,22.4
2024-04-23 21:00:00,2024-04-24T01:00:00Z,8.1,3.3,60,0.0,0.0,0.0,3,19.1
2024-04-23 22:00:00,2024-04-24T02:00:00Z,7.8,3.4,59,0.0,0.0,0.0,3,15.8
2024-04-23 23:00:00,2024-04-24T03:00:00Z,8.4,4.2,53,0.0,0.0,0.0,3,13.9
2024-04-24 00:00:00,2024-04-24T04:00:00Z,8.2,4.2,54,0.0,0.0,0.0,3,12.0
2024-04-24 01:00:00,2024-04-24T05:00:00Z,8.1,4.2,54,0.0,0.0,0.0,3,11.5
2024-04-24 02:00:00,2024-04-24T06:00:00Z,7.9,4.3,58,0.0,0.0,0.0,3,10.2
2024-04-24 03:00:00,2024-04-24T07:00:00Z,7.8,4.2,61,0.0,0.0,0.0,3,10.7
2024-04-24 04:00:00,2024-04-24T08:00:00Z,7.9,4.5,61,0.0,0.0,0.0,3,9.7
2024-04-24 05:00:00,2024-04-24T09:00:00Z,7.9,4.7,61,0.0,0.0,0.0,3,8.6
2024-04-24 06:00:00,2024-04-24T10:00:00Z,7.8,4.6,63,0.0,0.0,0.0,3,9.1
2024-04-24 07:00:00,2024-04-24T11:00:00Z,8.6,5.0,63,0.0,0.0,0.0,3,12.1
2024-04-24 08:00:00,2024-04-24T12:00:00Z,9.2,6.2,66,0.0,0.0,0.0,3,9.7
2024-04-24 09:00:00,2024-04-24T13:00:00Z,10.3,7.5,64,0.0,0.0,0.0,3,9.0
2024-04-24 10:00:00,2024-04-24T14:00:00Z,12.7,10.1,60,0.0,0.0,0.0,1,9.8
2024-04-24 11:00:00,2024-04-24T15:00:00Z,15.9,14.2,55,0.0,0.0,0.0,0,11.2
2024-04-24 12:00:00,2024-04-24T16:00:00Z,18.1,16.7,45,0.0,0.0,0.0,0,13.4
2024-04-24 13:00:00,2024-04-24T17:00:00Z,19.2,17.3,41,0.0,0.0,0.0,1,17.3
2024-04-24 14:00:00,2024-04-24T18:00:00Z,19.7,17.3,38,0.0,0.0,0.0,2,19.1
2024-04-24 15:00:00,2024-04-24T19:00:00Z,16.7,12.6,52,1.4,1.4,0.0,61,29.3
2024-04-24 16:00:00,2024-04-24T20:00:00Z,16.9,12.4,45,0.1,0.1,0.0,51,21.9
2024-04-24 17:00:00,2024-04-24T21:00:00Z,17.3,13.7,46,0.0,0.0,0.0,0,17.4
2024-04-24 18:00:00,2024-04-24T22:00:00Z,15.9,11.1,49,0.0,0.0,0.0,1,24.9
2024-04-24 19:00:00,2024-04-24T23:00:00Z,14.4,11.4,57,0.0,0.0,0.0,0,14.3
2024-04-24 20:00:00,2024-04-25T00:00:00Z,12.5,9.9,66,0.0,0.0,0.0,0,11.4
2024-04-24 21:00:00,2024-04-25T01:00:00Z,12.5,8.9,53,0.0,0.0,0.0,0,14.3
2024-04-24 22:00:00,2024-04-25T02:00:00Z,11.4,7.1,55,0.0,0.0,0.0,0,17.8
2024-04-24 23:00:00,2024-04-25T03:00:00Z,10.3,6.1,57,0.0,0.0,0.0,3,16.7
2024-04-25 00:00:00,2024-04-25T04:00:00Z,9.0,4.5,63,0.0,0.0,0.0,0,18.5
2024-04-25 01:00:00,2024-04-25T05:00:00Z,6.9,1.6,62,0.0,0.0,0.0,0,21.4
2024-04-25 02:00:00,2024-04-25T06:00:00Z,5.7,0.6,63,0.0,0.0,0.0,1,19.7
2024-04-25 03:00:00,2024-04-25T07:00:00Z,5.0,-0.5,59,0.0,0.0,0.0,1,21.1
2024-04-25 04:00:00,2024-04-25T08:00:00Z,4.0,-1.2,56,0.0,0.0,0.0,0,17.1
2024-04-25 05:00:00,2024-04-25T09:00:00Z,3.1,-1.9,54,0.0,0.0,0.0,0,14.5
2024-04-25 06:00:00,2024-04-25T10:00:00Z,2.3,-2.7,55,0.0,0.0,0.0,0,14.5
2024-04-25 07:00:00,2024-04-25T11:00:00Z,2.4,-2.6,56,0.0,0.0,0.0,1,14.9
2024-04-25 08:00:00,2024-04-25T12:00:00Z,3.3,-1.9,50,0.0,0.0,0.0,1,16.1
2024-04-25 09:00:00,2024-04-25T13:00:00Z,5.9,0.8,43,0.0,0.0,0.0,1,15.1
2024-04-25 10:00:00,2024-04-25T14:00:00Z,7.3,2.8,41,0.0,0.0,0.0,2,11.8
2024-04-25 11:00:00,2024-04-25T15:00:00Z,8.5,5.1,39,0.0,0.0,0.0,2,8.0
2024-04-25 12:00:00,2024-04-25T16:00:00Z,9.5,6.7,38,0.0,0.0,0.0,1,6.6
2024-04-25 13:00:00,2024-04-25T17:00:00Z,10.5,8.5,37,0.0,0.0,0.0,1,6.5
2024-04-25 14:00:00,2024-04-25T18:00:00Z,11.4,9.4,35,0.0,0.0,0.0,1,6.2
2024-04-25 15:00:00,2024-04-25T19:00:00Z,12.0,9.6,33,0.0,0.0,0.0,1,7.4
2024-04-25 16:00:00,2024-04-25T20:00:00Z,11.3,8.1,40,0.0,0.0,0.0,0,12.4
2024-04-25 17:00:00,2024-04-25T21:00:00Z,10.2,5.9,48,0.0,0.0,0.0,2,15.0
2024-04-25 18:00:00,2024-04-25T22:00:00Z,9.4,5.0,49,0.0,0.0,0.0,1,14.9
2024-04-25 19:00:00,2024-04-25T23:00:00Z,7.8,3.3,54,0.0,0.0,0.0,1,15.5
2024-04-25 20:00:00,2024-04-26T00:00:00Z,5.9,1.7,60,0.0,0.0,0.0,2,13.0
2024-04-25 21:00:00,2024-04-26T01:00:00Z,5.4,1.9,69,0.0,0.0,0.0,3,9.4
2024-04-25 22:00:00,2024-04-26T02:00:00Z,4.3,1.5,80,0.0,0.0,0.0,0,5.7
2024-04-25 23:00:00,2024-04-26T03:00:00Z,4.5,1.6,79,0.0,0.0,0.0,0,6.5
2024-04-26 00:00:00,2024-04-26T04:00:00Z,5.2,2.9,76,0.0,0.0,0.0,0,2.9
2024-04-26 01:00:00,2024-04-26T05:00:00Z,4.9,2.6,78,0.0,0.0,0.0,0,2.7
2024-04-26 02:00:00,2024-04-26T06:00:00Z,3.5,0.8,84,0.0,0.0,0.0,0,4.8
2024-04-26 03:00:00,2024-04-26T07:00:00Z,1.6,-1.6,91,0.0,0.0,0.0,0,7.9
2024-04-26 04:00:00,2024-04-26T08:00:00Z,1.3,-1.9,92,0.0,0.0,0.0,0,7.7
2024-04-26 05:00:00,2024-04-26T09:00:00Z,1.2,-1.7,94,0.0,0.0,0.0,0,5.8
2024-04-26 06:00:00,2024-04-26T10:00:00Z,1.4,-1.6,94,0.0,0.0,0.0,0,6.4
2024-04-26 07:00:00,2024-04-26T11:00:00Z,2.8,-0.1,87,0.0,0.0,0.0,0,6.2
2024-04-26 08:00:00,2024-04-26T12:00:00Z,5.1,2.7,80,0.0,0.0,0.0,0,4.1
2024-04-26 09:00:00,2024-04-26T13:00:00Z,7.8,5.1,60,0.0,0.0,0.0,0,4.8
2024-04-26 10:00:00,2024-04-26T14:00:00Z,9.8,7.4,53,0.0,0.0,0.0,0,4.5
2024-04-26 11:00:00,2024-04-26T15:00:00Z,11.5,10.1,48,0.0,0.0,0.0,0,4.7
2024-04-26 12:00:00,2024-04-26T16:00:00Z,12.8,12.1,46,0.0,0.0,0.0,0,5.5
2024-04-26 13:00:00,2024-04-26T17:00:00Z,14.1,13.7,43,0.0,0.0,0.0,2,5.4
2024-04-26 14:00:00,2024-04-26T18:00:00Z,14.2,12.0,41,0.0,0.0,0.0,3,9.4
2024-04-26 15:00:00,2024-04-26T19:00:00Z,12.3,7.7,47,0.0,0.0,0.0,3,18.4
2024-04-26 16:00:00,2024-04-26T20:00:00Z,12.6,8.1,42,0.0,0.0,0.0,2,16.7
2024-04-26 17:00:00,2024-04-26T21:00:00Z,12.4,7.6,40,0.0,0.0,0.0,1,17.5
2024-04-26 18:00:00,2024-04-26T22:00:00Z,10.6,5.6,46,0.0,0.0,0.0,0,18.7
2024-04-26 19:00:00,2024-04-26T23:00:00Z,8.9,4.7,52,0.0,0.0,0.0,0,14.0
2024-04-26 20:00:00,2024-04-27T00:00:00Z,7.1,3.7,63,0.0,0.0,0.0,0,9.5
2024-04-26 21:00:00,2024-04-27T01:00:00Z,6.6,2.9,70,0.0,0.0,0.0,0,12.0
2024-04-26 22:00:00,2024-04-27T02:00:00Z,6.1,2.5,72,0.0,0.0,0.0,0,11.7
2024-04-26 23:00:00,2024-04-27T03:00:00Z,5.4,1.6,71,0.0,0.0,0.0,0,12.2
2024-04-27 00:00:00,2024-04-27T04:00:00Z,4.8,1.3,67,0.0,0.0,0.0,0,8.4
2024-04-27 01:00:00,2024-04-27T05:00:00Z,4.0,0.8,73,0.0,0.0,0.0,2,7.0
2024-04-27 02:00:00,2024-04-27T06:00:00Z,3.3,0.4,81,0.0,0.0,0.0,3,6.1
2024-04-27 03:00:00,2024-04-27T07:00:00Z,2.5,-0.6,88,0.0,0.0,0.0,3,7.1
2024-04-27 04:00:00,2024-04-27T08:00:00Z,1.9,-1.4,90,0.0,0.0,0.0,2,8.7
2024-04-27 05:00:00,2024-04-27T09:00:00Z,3.9,1.1,83,0.0,0.0,0.0,3,6.0
2024-04-27 06:00:00,2024-04-27T10:00:00Z,3.9,1.2,84,0.0,0.0,0.0,1,5.2
2024-04-27 07:00:00,2024-04-27T11:00:00Z,4.2,1.9,82,0.0,0.0,0.0,3,2.5
2024-04-27 08:00:00,2024-04-27T12:00:00Z,6.4,4.1,74,0.0,0.0,0.0,3,3.6
2024-04-27 09:00:00,2024-04-27T13:00:00Z,9.0,6.1,58,0.0,0.0,0.0,3,6.5
2024-04-27 10:00:00,2024-04-27T14:00:00Z,10.7,7.4,54,0.0,0.0,0.0,3,9.7
2024-04-27 11:00:00,2024-04-27T15:00:00Z,12.5,9.5,49,0.0,0.0,0.0,3,14.1
2024-04-27 12:00:00,2024-04-27T16:00:00Z,13.4,10.1,42,0.0,0.0,0.0,3,17.9
2024-04-27 13:00:00,2024-04-27T17:00:00Z,13.4,9.2,38,0.0,0.0,0.0,3,20.1
2024-04-27 14:00:00,2024-04-27T18:00:00Z,13.8,9.1,35,0.0,0.0,0.0,3,24.3
2024-04-27 15:00:00,2024-04-27T19:00:00Z,13.2,7.7,38,0.0,0.0,0.0,3,26.3
2024-04-27 16:00:00,2024-04-27T20:00:00Z,12.3,6.3,40,0.0,0.0,0.0,3,25.8
2024-04-27 17:00:00,2024-04-27T21:00:00Z,11.4,5.7,43,0.0,0.0,0.0,3,23.9
2024-04-27 18:00:00,2024-04-27T22:00:00Z,10.5,5.3,48,0.0,0.0,0.0,3,21.1
2024-04-27 19:00:00,2024-04-27T23:00:00Z,9.5,5.1,59,0.0,0.0,0.0,3,17.1
2024-04-27 20:00:00,2024-04-28T00:00:00Z,9.0,5.1,63,0.0,0.0,0.0,3,14.9
2024-04-27 21:00:00,2024-04-28T01:00:00Z,9.1,5.2,56,0.0,0.0,0.0,3,13.3
2024-04-27 22:00:00,2024-04-28T02:00:00Z,8.4,5.0,66,0.3,0.3,0.0,51,11.9
2024-04-27 23:00:00,2024-04-28T03:00:00Z,8.0,4.7,72,0.0,0.0,0.0,3,12.0
2024-04-28 00:00:00,2024-04-28T04:00:00Z,8.0,4.9,75,0.0,0.0,0.0,3,10.9
2024-04-28 01:00:00,2024-04-28T05:00:00Z,8.3,5.4,76,0.0,0.0,0.0,3,10.3
2024-04-28 02:00:00,2024-04-28T06:00:00Z,8.4,5.7,78,0.0,0.0,0.0,3,9.5
2024-04-28 03:00:00,2024-04-28T07:00:00Z,8.5,6.5,78,0.0,0.0,0.0,3,5.6
2024-04-28 04:00:00,2024-04-28T08:00:00Z,8.7,6.3,78,0.0,0.0,0.0,3,8.0
2024-04-28 05:00:00,2024-04-28T09:00:00Z,8.7,6.7,80,0.0,0.0,0.0,3,6.1
2024-04-28 06:00:00,2024-04-28T10:00:00Z,8.6,6.9,83,0.0,0.0,0.0,3,4.7
2024-04-28 07:00:00,2024-04-28T11:00:00Z,9.2,7.5,84,0.0,0.0,0.0,2,5.8
2024-04-28 08:00:00,2024-04-28T12:00:00Z,10.8,9.1,77,0.0,0.0,0.0,3,5.7
2024-04-28 09:00:00,2024-04-28T13:00:00Z,12.4,11.1,76,0.0,0.0,0.0,3,5.7
2024-04-28 10:00:00,2024-04-28T14:00:00Z,14.4,13.2,71,0.0,0.0,0.0,3,7.4
2024-04-28 11:00:00,2024-04-28T15:00:00Z,16.3,16.5,68,0.0,0.0,0.0,3,6.6
2024-04-28 12:00:00,2024-04-28T16:00:00Z,18.2,19.2,65,0.0,0.0,0.0,3,7.2
2024-04-28 13:00:00,2024-04-28T17:00:00Z,20.1,21.5,62,0.0,0.0,0.0,3,8.9
2024-04-28 14:00:00,2024-04-28T18:00:00Z,21.8,23.0,59,0.0,0.0,0.0,3,11.3
2024-04-28 15:00:00,2024-04-28T19:00:00Z,22.1,22.5,59,0.0,0.0,0.0,3,14.4
2024-04-28 16:00:00,2024-04-28T20:00:00Z,21.1,20.4,61,0.0,0.0,0.0,3,16.7
2024-04-28 17:00:00,2024-04-28T21:00:00Z,19.7,18.7,67,0.0,0.0,0.0,3,14.7
2024-04-28 18:00:00,2024-04-28T22:00:00Z,18.6,18.2,73,0.0,0.0,0.0,3,10.5
2024-04-28 19:00:00,2024-04-28T23:00:00Z,17.8,18.7,76,0.0,0.0,0.0,3,1.9
2024-04-28 20:00:00,2024-04-29T00:00:00Z,17.3,18.0,81,0.4,0.4,0.0,51,4.7
2024-04-28 21:00:00,2024-04-29T01:00:00Z,16.8,17.5,90,0.1,0.1,0.0,51,6.9
2024-04-28 22:00:00,2024-04-29T02:00:00Z,17.7,18.7,86,0.0,0.0,0.0,3,4.9
2024-04-28 23:00:00,2024-04-29T03:00:00Z,16.9,17.9,92,0.0,0.0,0.0,2,6.0
2024-04-29 00:00:00,2024-04-29T04:00:00Z,16.7,17.1,92,0.0,0.0,0.0,3,9.3
2024-04-29 01:00:00,2024-04-29T05:00:00Z,16.2,16.3,93,0.0,0.0,0.0,3,10.7
2024-04-29 02:00:00,2024-04-29T06:00:00Z,15.5,15.7,94,0.0,0.0,0.0,3,9.1
2024-04-29 03:00:00,2024-04-29T07:00:00Z,15.2,15.1,93,0.0,0.0,0.0,3,9.7
2024-04-29 04:00:00,2024-04-29T08:00:00Z,15.1,14.9,93,0.0,0.0,0.0,3,9.7
2024-04-29 05:00:00,2024-04-29T09:00:00Z,14.8,14.8,93,0.0,0.0,0.0,2,8.5
2024-04-29 06:00:00,2024-04-29T10:00:00Z,14.3,14.3,93,0.0,0.0,0.0,3,6.6
2024-04-29 07:00:00,2024-04-29T11:00:00Z,15.3,15.5,92,0.0,0.0,0.0,0,7.6
2024-04-29 08:00:00,2024-04-29T12:00:00Z,17.5,18.6,88,0.0,0.0,0.0,1,5.4
2024-04-29 09:00:00,2024-04-29T13:00:00Z,20.2,21.9,80,0.0,0.0,0.0,2,4.0
2024-04-29 10:00:00,2024-04-29T14:00:00Z,22.3,24.3,73,0.0,0.0,0.0,2,5.4
2024-04-29 11:00:00,2024-04-29T15:00:00Z,24.1,27.5,67,0.0,0.0,0.0,2,3.3
2024-04-29 12:00:00,2024-04-29T16:00:00Z,25.5,29.9,63,0.1,0.1,0.0,51,2.0
2024-04-29 13:00:00,2024-04-29T17:00:00Z,26.4,30.3,61,0.0,0.0,0.0,1,4.1
2024-04-29 14:00:00,2024-04-29T18:00:00Z,27.4,31.0,56,0.1,0.1,0.0,51,5.9
2024-04-29 15:00:00,2024-04-29T19:00:00Z,25.4,27.2,62,1.2,1.2,0.0,55,10.2
2024-04-29 16:00:00,2024-04-29T20:00:00Z,25.4,26.6,64,0.2,0.2,0.0,51,11.5
2024-04-29 17:00:00,2024-04-29T21:00:00Z,23.6,23.8,64,0.1,0.1,0.0,51,13.9
2024-04-29 18:00:00,2024-04-29T22:00:00Z,21.1,22.5,77,5.9,5.9,0.0,63,7.7
2024-04-29 19:00:00,2024-04-29T23:00:00Z,20.2,21.6,82,0.0,0.0,0.0,1,7.7
2024-04-29 20:00:00,2024-04-30T00:00:00Z,17.7,18.0,87,0.0,0.0,0.0,1,10.7
2024-04-29 21:00:00,2024-04-30T01:00:00Z,14.5,13.3,88,0.0,0.0,0.0,1,13.2
2024-04-29 22:00:00,2024-04-30T02:00:00Z,13.8,12.5,92,0.0,0.0,0.0,1,14.1
2024-04-29 23:00:00,2024-04-30T03:00:00Z,13.0,11.6,94,0.0,0.0,0.0,3,14.1
2024-04-30 00:00:00,2024-04-30T04:00:00Z,12.6,11.5,96,0.0,0.0,0.0,3,12.1
2024-04-30 01:00:00,2024-04-30T05:00:00Z,12.0,10.9,97,0.0,0.0,0.0,3,10.7
2024-04-30 02:00:00,2024-04-30T06:00:00Z,11.6,10.5,98,0.0,0.0,0.0,3,10.5
2024-04-30 03:00:00,2024-04-30T07:00:00Z,11.4,10.3,99,0.0,0.0,0.0,3,10.1
2024-04-30 04:00:00,2024-04-30T08:00:00Z,11.3,10.0,99,0.0,0.0,0.0,3,10.8
2024-04-30 05:00:00,2024-04-30T09:00:00Z,11.1,9.8,99,0.0,0.0,0.0,3,11.1
2024-04-30 06:00:00,2024-04-30T10:00:00Z,10.9,9.2,98,0.0,0.0,0.0,3,13.0
2024-04-30 07:00:00,2024-04-30T11:00:00Z,11.1,9.3,95,0.0,0.0,0.0,3,12.9
2024-04-30 08:00:00,2024-04-30T12:00:00Z,11.7,9.8,90,0.0,0.0,0.0,3,13.4
2024-04-30 09:00:00,2024-04-30T13:00:00Z,12.7,10.6,85,0.0,0.0,0.0,3,14.8
2024-04-30 10:00:00,2024-04-30T14:00:00Z,14.1,12.7,81,0.0,0.0,0.0,3,11.5
2024-04-30 11:00:00,2024-04-30T15:00:00Z,15.9,15.1,77,0.0,0.0,0.0,3,9.3
2024-04-30 12:00:00,2024-04-30T16:00:00Z,17.7,17.2,73,0.0,0.0,0.0,3,9.3
2024-04-30 13:00:00,2024-04-30T17:00:00Z,20.1,20.3,65,0.0,0.0,0.0,3,10.1
2024-04-30 14:00:00,2024-04-30T18:00:00Z,21.2,21.5,61,0.0,0.0,0.0,3,13.9
2024-04-30 15:00:00,2024-04-30T19:00:00Z,21.1,21.3,61,0.0,0.0,0.0,3,13.1
2024-04-30 16:00:00,2024-04-30T20:00:00Z,19.3,17.5,61,0.0,0.0,0.0,3,15.6
2024-04-30 17:00:00,2024-04-30T21:00:00Z,19.4,18.1,61,0.0,0.0,0.0,3,12.8
2024-04-30 18:00:00,2024-04-30T22:00:00Z,18.2,16.4,64,0.0,0.0,0.0,3,14.7
2024-04-30 19:00:00,2024-04-30T23:00:00Z,15.7,13.5,71,0.0,0.0,0.0,3,15.8
2024-04-30 20:00:00,2024-05-01T00:00:00Z,13.0,10.9,79,0.0,0.0,0.0,3,13.4
2024-04-30 21:00:00,2024-05-01T01:00:00Z,10.1,7.6,87,0.0,0.0,0.0,3,13.6
2024-04-30 22:00:00,2024-05-01T02:00:00Z,10.1,8.0,89,1.7,1.7,0.0,61,10.9
2024-04-30 23:00:00,2024-05-01T03:00:00Z,10.2,8.1,91,1.0,1.0,0.0,55,12.0
2024-05-01 00:00:00,2024-05-01T04:00:00Z,9.8,8.5,94,0.0,0.0,0.0,3,7.1
2024-05-01 01:00:00,2024-05-01T05:00:00Z,9.7,8.2,94,0.0,0.0,0.0,3,8.2
2024-05-01 02:00:00,2024-05-01T06:00:00Z,9.7,8.5,96,0.4,0.4,0.0,51,6.7
2024-05-01 03:00:00,2024-05-01T07:00:00Z,9.9,9.0,95,0.6,0.6,0.0,53,4.6
2024-05-01 04:00:00,2024-05-01T08:00:00Z,10.0,9.2,94,0.0,0.0,0.0,3,3.6
2024-05-01 05:00:00,2024-05-01T09:00:00Z,9.7,9.0,96,0.0,0.0,0.0,3,2.5
2024-05-01 06:00:00,2024-05-01T10:00:00Z,9.5,8.8,96,0.0,0.0,0.0,2,2.5
2024-05-01 07:00:00,2024-05-01T11:00:00Z,10.2,9.4,95,0.0,0.0,0.0,3,4.0
2024-05-01 08:00:00,2024-05-01T12:00:00Z,11.6,11.3,94,0.0,0.0,0.0,3,2.9
2024-05-01 09:00:00,2024-05-01T13:00:00Z,15.0,15.2,83,0.0,0.0,0.0,1,3.3
2024-05-01 10:00:00,2024-05-01T14:00:00Z,17.4,18.3,78,0.0,0.0,0.0,0,2.0
2024-05-01 11:00:00,2024-05-01T15:00:00Z,19.8,21.4,67,0.0,0.0,0.0,1,4.1
2024-05-01 12:00:00,2024-05-01T16:00:00Z,22.1,22.5,52,0.0,0.0,0.0,1,10.0
2024-05-01 13:00:00,2024-05-01T17:00:00Z,23.5,22.9,44,0.0,0.0,0.0,1,14.1
2024-05-01 14:00:00,2024-05-01T18:00:00Z,23.6,22.2,41,0.0,0.0,0.0,2,11.0
2024-05-01 15:00:00,2024-05-01T19:00:00Z,23.9,22.7,41,0.0,0.0,0.0,2,7.9
2024-05-01 16:00:00,2024-05-01T20:00:00Z,23.1,21.8,49,0.0,0.0,0.0,3,13.4
2024-05-01 17:00:00,2024-05-01T21:00:00Z,18.2,15.9,67,0.0,0.0,0.0,3,19.9
2024-05-01 18:00:00,2024-05-01T22:00:00Z,16.6,15.1,72,0.0,0.0,0.0,0,13.7
2024-05-01 19:00:00,2024-05-01T23:00:00Z,14.9,12.4,75,0.0,0.0,0.0,0,18.2
2024-05-01 20:00:00,2024-05-02T00:00:00Z,12.0,9.6,86,0.0,0.0,0.0,0,15.9
2024-05-01 21:00:00,2024-05-02T01:00:00Z,10.2,8.1,90,0.0,0.0,0.0,0,12.5
2024-05-01 22:00:00,2024-05-02T02:00:00Z,9.9,7.7,92,0.0,0.0,0.0,1,12.2
2024-05-01 23:00:00,2024-05-02T03:00:00Z,9.6,7.9,93,0.0,0.0,0.0,2,8.9
2024-05-02 00:00:00,2024-05-02T04:00:00Z,9.5,7.9,93,0.0,0.0,0.0,3,8.2
2024-05-02 01:00:00,2024-05-02T05:00:00Z,9.5,7.7,93,0.0,0.0,0.0,3,9.4
2024-05-02 02:00:00,2024-05-02T06:00:00Z,9.9,8.1,92,0.0,0.0,0.0,3,9.3
2024-05-02 03:00:00,2024-05-02T07:00:00Z,9.5,8.2,95,0.0,0.0,0.0,3,6.3
2024-05-02 04:00:00,2024-05-02T08:00:00Z,9.7,8.4,95,0.0,0.0,0.0,3,7.2
2024-05-02 05:00:00,2024-05-02T09:00:00Z,10.1,8.7,95,0.0,0.0,0.0,3,8.3
2024-05-02 06:00:00,2024-05-02T10:00:00Z,10.4,9.0,95,0.0,0.0,0.0,3,9.5
2024-05-02 07:00:00,2024-05-02T11:00:00Z,10.9,9.8,95,0.0,0.0,0.0,3,7.6
2024-05-02 08:00:00,2024-05-02T12:00:00Z,12.2,11.1,91,0.0,0.0,0.0,3,9.5
2024-05-02 09:00:00,2024-05-02T13:00:00Z,13.5,12.3,85,0.0,0.0,0.0,3,10.7
2024-05-02 10:00:00,2024-05-02T14:00:00Z,16.4,15.5,77,0.0,0.0,0.0,2,11.5
2024-05-02 11:00:00,2024-05-02T15:00:00Z,19.1,18.9,71,0.0,0.0,0.0,2,11.0
2024-05-02 12:00:00,2024-05-02T16:00:00Z,22.1,23.6,63,0.0,0.0,0.0,0,12.1
2024-05-02 13:00:00,2024-05-02T17:00:00Z,24.4,26.5,58,0.0,0.0,0.0,0,11.6
2024-05-02 14:00:00,2024-05-02T18:00:00Z,26.5,28.0,43,0.1,0.1,0.0,51,9.4
2024-05-02 15:00:00,2024-05-02T19:00:00Z,26.4,27.3,43,0.3,0.3,0.0,51,5.5
2024-05-02 16:00:00,2024-05-02T20:00:00Z,26.4,27.8,43,0.0,0.0,0.0,0,3.0
2024-05-02 17:00:00,2024-05-02T21:00:00Z,27.0,24.2,29,0.0,0.0,0.0,0,15.3
2024-05-02 18:00:00,2024-05-02T22:00:00Z,26.4,23.2,31,0.0,0.0,0.0,0,18.7
2024-05-02 19:00:00,2024-05-02T23:00:00Z,23.4,21.0,43,0.0,0.0,0.0,0,16.6
2024-05-02 20:00:00,2024-05-03T00:00:00Z,20.7,17.0,44,0.0,0.0,0.0,0,21.0
2024-05-02 21:00:00,2024-05-03T01:00:00Z,20.9,16.2,33,0.0,0.0,0.0,0,22.2
2024-05-02 22:00:00,2024-05-03T02:00:00Z,18.6,14.2,42,0.0,0.0,0.0,0,22.4
2024-05-02 23:00:00,2024-05-03T03:00:00Z,16.8,12.9,46,0.0,0.0,0.0,0,18.4
2024-05-03 00:00:00,2024-05-03T04:00:00Z,15.6,12.0,51,0.0,0.0,0.0,0,16.5
2024-05-03 01:00:00,2024-05-03T05:00:00Z,14.5,11.4,58,0.0,0.0,0.0,0,14.9
2024-05-03 02:00:00,2024-05-03T06:00:00Z,13.2,10.7,67,0.0,0.0,0.0,1,12.0
2024-05-03 03:00:00,2024-05-03T07:00:00Z,11.9,10.0,83,0.0,0.0,0.0,3,11.8
2024-05-03 04:00:00,2024-05-03T08:00:00Z,11.0,9.4,93,0.0,0.0,0.0,3,11.3
2024-05-03 05:00:00,2024-05-03T09:00:00Z,10.4,8.5,95,0.0,0.0,0.0,3,11.7
2024-05-03 06:00:00,2024-05-03T10:00:00Z,9.9,7.8,95,0.0,0.0,0.0,3,13.1
2024-05-03 07:00:00,2024-05-03T11:00:00Z,10.4,7.5,86,0.0,0.0,0.0,3,16.7
2024-05-03 08:00:00,2024-05-03T12:00:00Z,11.0,7.8,77,0.0,0.0,0.0,3,16.8
2024-05-03 09:00:00,2024-05-03T13:00:00Z,13.3,10.5,69,0.0,0.0,0.0,3,14.6
2024-05-03 10:00:00,2024-05-03T14:00:00Z,13.8,11.0,64,0.0,0.0,0.0,3,13.9
2024-05-03 11:00:00,2024-05-03T15:00:00Z,15.2,12.6,58,0.0,0.0,0.0,3,15.0
2024-05-03 12:00:00,2024-05-03T16:00:00Z,16.6,15.3,55,0.0,0.0,0.0,3,13.9
2024-05-03 13:00:00,2024-05-03T17:00:00Z,16.5,15.2,57,0.0,0.0,0.0,3,12.0
2024-05-03 14:00:00,2024-05-03T18:00:00Z,16.2,14.0,58,0.0,0.0,0.0,3,12.9
2024-05-03 15:00:00,2024-05-03T19:00:00Z,15.7,13.0,61,0.0,0.0,0.0,3,15.1
2024-05-03 16:00:00,2024-05-03T20:00:00Z,15.0,11.8,60,0.0,0.0,0.0,3,17.2
2024-05-03 17:00:00,2024-05-03T21:00:00Z,14.1,10.7,60,0.0,0.0,0.0,3,17.1
2024-05-03 18:00:00,2024-05-03T22:00:00Z,13.4,9.9,60,0.0,0.0,0.0,3,16.3
2024-05-03 19:00:00,2024-05-03T23:00:00Z,12.3,9.2,63,0.0,0.0,0.0,3,13.9
2024-05-03 20:00:00,2024-05-04T00:00:00Z,11.2,8.8,69,0.0,0.0,0.0,3,9.5
2024-05-03 21:00:00,2024-05-04T01:00:00Z,10.0,8.0,75,0.0,0.0,0.0,3,6.5
2024-05-03 22:00:00,2024-05-04T02:00:00Z,9.5,7.9,81,0.0,0.0,0.0,3,4.3
2024-05-03 23:00:00,2024-05-04T03:00:00Z,8.8,7.2,88,0.0,0.0,0.0,3,4.9
2024-05-04 00:00:00,2024-05-04T04:00:00Z,9.0,7.6,86,0.0,0.0,0.0,3,4.5
2024-05-04 01:00:00,2024-05-04T05:00:00Z,8.2,6.8,92,0.0,0.0,0.0,3,4.1
2024-05-04 02:00:00,2024-05-04T06:00:00Z,8.1,6.7,94,0.0,0.0,0.0,1,4.4
2024-05-04 03:00:00,2024-05-04T07:00:00Z,7.6,6.2,96,0.0,0.0,0.0,2,4.6
2024-05-04 04:00:00,2024-05-04T08:00:00Z,7.3,5.7,97,0.0,0.0,0.0,2,5.2
2024-05-04 05:00:00,2024-05-04T09:00:00Z,7.5,6.1,97,0.0,0.0,0.0,3,4.2
2024-05-04 06:00:00,2024-05-04T10:00:00Z,7.7,6.2,97,0.0,0.0,0.0,3,5.4
2024-05-04 07:00:00,2024-05-04T11:00:00Z,8.8,7.2,91,0.0,0.0,0.0,3,6.6
2024-05-04 08:00:00,2024-05-04T12:00:00Z,10.5,8.6,78,0.0,0.0,0.0,3,8.0
2024-05-04 09:00:00,2024-05-04T13:00:00Z,12.0,9.9,70,0.0,0.0,0.0,3,8.5
2024-05-04 10:00:00,2024-05-04T14:00:00Z,13.6,11.4,64,0.0,0.0,0.0,3,9.7
2024-05-04 11:00:00,2024-05-04T15:00:00Z,15.3,14.1,60,0.0,0.0,0.0,3,10.6
2024-05-04 12:00:00,2024-05-04T16:00:00Z,16.9,14.7,52,0.0,0.0,0.0,3,16.7
2024-05-04 13:00:00,2024-05-04T17:00:00Z,16.0,13.2,53,0.0,0.0,0.0,3,20.3
2024-05-04 14:00:00,2024-05-04T18:00:00Z,14.9,10.8,54,0.0,0.0,0.0,3,20.6
2024-05-04 15:00:00,2024-05-04T19:00:00Z,13.4,9.7,59,0.0,0.0,0.0,3,17.8
2024-05-04 16:00:00,2024-05-04T20:00:00Z,12.7,9.2,61,0.0,0.0,0.0,3,15.7
2024-05-04 17:00:00,2024-05-04T21:00:00Z,12.1,9.0,66,0.0,0.0,0.0,3,14.7
2024-05-04 18:00:00,2024-05-04T22:00:00Z,11.4,8.6,72,0.0,0.0,0.0,3,13.1
2024-05-04 19:00:00,2024-05-04T23:00:00Z,10.8,8.1,76,0.0,0.0,0.0,3,12.3
2024-05-04 20:00:00,2024-05-05T00:00:00Z,10.4,7.8,79,0.0,0.0,0.0,3,12.2
2024-05-04 21:00:00,2024-05-05T01:00:00Z,10.0,7.5,78,0.0,0.0,0.0,3,10.7
2024-05-04 22:00:00,2024-05-05T02:00:00Z,9.6,6.9,80,0.0,0.0,0.0,3,12.3
2024-05-04 23:00:00,2024-05-05T03:00:00Z,9.2,6.3,82,0.0,0.0,0.0,3,13.2
2024-05-05 00:00:00,2024-05-05T04:00:00Z,9.1,5.9,80,0.0,0.0,0.0,3,14.4
2024-05-05 01:00:00,2024-05-05T05:00:00Z,8.8,5.6,81,0.0,0.0,0.0,3,14.6
2024-05-05 02:00:00,2024-05-05T06:00:00Z,8.6,5.5,81,0.0,0.0,0.0,3,13.9
2024-05-05 03:00:00,2024-05-05T07:00:00Z,8.7,5.1,79,0.0,0.0,0.0,3,16.4
2024-05-05 04:00:00,2024-05-05T08:00:00Z,8.7,5.2,81,0.0,0.0,0.0,3,16.7
2024-05-05 05:00:00,2024-05-05T09:00:00Z,8.5,5.1,85,0.2,0.2,0.0,51,16.3
2024-05-05 06:00:00,2024-05-05T10:00:00Z,8.3,5.0,87,0.1,0.1,0.0,51,16.1
2024-05-05 07:00:00,2024-05-05T11:00:00Z,8.5,5.0,86,0.0,0.0,0.0,3,17.7
2024-05-05 08:00:00,2024-05-05T12:00:00Z,8.8,5.3,85,0.0,0.0,0.0,3,18.0
2024-05-05 09:00:00,2024-05-05T13:00:00Z,9.0,5.4,87,0.1,0.1,0.0,51,19.1
2024-05-05 10:00:00,2024-05-05T14:00:00Z,9.5,5.8,85,0.2,0.2,0.0,51,20.6
2024-05-05 11:00:00,2024-05-05T15:00:00Z,10.2,6.5,82,0.1,0.1,0.0,51,20.6
2024-05-05 12:00:00,2024-05-05T16:00:00Z,11.1,7.3,79,0.3,0.3,0.0,51,21.7
2024-05-05 13:00:00,2024-05-05T17:00:00Z,10.3,6.9,84,0.4,0.4,0.0,51,18.8
2024-05-05 14:00:00,2024-05-05T18:00:00Z,10.0,7.0,90,1.6,1.6,0.0,61,17.9
2024-05-05 15:00:00,2024-05-05T19:00:00Z,10.1,6.9,92,1.3,1.3,0.0,61,19.5
2024-05-05 16:00:00,2024-05-05T20:00:00Z,10.2,7.2,93,0.8,0.8,0.0,53,19.4
2024-05-05 17:00:00,2024-05-05T21:00:00Z,10.5,7.8,93,0.7,0.7,0.0,53,17.6
2024-05-05 18:00:00,2024-05-05T22:00:00Z,11.0,9.1,90,0.2,0.2,0.0,51,12.2
2024-05-05 19:00:00,2024-05-05T23:00:00Z,11.1,9.1,91,0.0,0.0,0.0,3,12.5
2024-05-05 20:00:00,2024-05-06T00:00:00Z,10.9,9.6,94,0.0,0.0,0.0,3,8.7
2024-05-05 21:00:00,2024-05-06T01:00:00Z,10.7,9.8,96,1.4,1.4,0.0,61,5.9
2024-05-05 22:00:00,2024-05-06T02:00:00Z,10.8,10.2,96,2.5,2.5,0.0,63,4.3
2024-05-05 23:00:00,2024-05-06T03:00:00Z,10.9,10.6,97,0.2,0.2,0.0,51,3.2
2024-05-06 00:00:00,2024-05-06T04:00:00Z,11.0,10.9,97,0.1,0.1,0.0,51,1.8
2024-05-06 01:00:00,2024-05-06T05:00:00Z,10.9,10.5,98,0.1,0.1,0.0,51,4.2
2024-05-06 02:00:00,2024-05-06T06:00:00Z,11.0,10.7,98,0.0,0.0,0.0,3,3.6
2024-05-06 03:00:00,2024-05-06T07:00:00Z,11.0,10.8,98,0.0,0.0,0.0,3,3.0
2024-05-06 04:00:00,2024-05-06T08:00:00Z,11.0,10.6,99,0.0,0.0,0.0,3,4.2
2024-05-06 05:00:00,2024-05-06T09:00:00Z,11.0,10.5,99,0.0,0.0,0.0,3,5.2
2024-05-06 06:00:00,2024-05-06T10:00:00Z,11.1,10.5,98,0.0,0.0,0.0,3,5.7
2024-05-06 07:00:00,2024-05-06T11:00:00Z,11.5,11.1,97,0.0,0.0,0.0,3,5.2
2024-05-06 08:00:00,2024-05-06T12:00:00Z,12.5,12.3,97,0.0,0.0,0.0,3,5.5
2024-05-06 09:00:00,2024-05-06T13:00:00Z,13.6,14.0,94,0.0,0.0,0.0,3,2.3
2024-05-06 10:00:00,2024-05-06T14:00:00Z,15.4,16.3,90,0.0,0.0,0.0,3,2.2
2024-05-06 11:00:00,2024-05-06T15:00:00Z,16.6,17.5,87,0.0,0.0,0.0,3,4.0
2024-05-06 12:00:00,2024-05-06T16:00:00Z,19.0,20.0,81,0.0,0.0,0.0,3,5.8
2024-05-06 13:00:00,2024-05-06T17:00:00Z,20.5,21.5,74,0.1,0.1,0.0,51,6.5
2024-05-06 14:00:00,2024-05-06T18:00:00Z,21.0,21.8,71,0.2,0.2,0.0,51,7.6
2024-05-06 15:00:00,2024-05-06T19:00:00Z,21.2,21.9,71,0.1,0.1,0.0,51,8.5
2024-05-06 16:00:00,2024-05-06T20:00:00Z,21.7,22.3,68,0.1,0.1,0.0,51,8.5
2024-05-06 17:00:00,2024-05-06T21:00:00Z,21.5,22.1,71,0.0,0.0,0.0,3,10.0
2024-05-06 18:00:00,2024-05-06T22:00:00Z,20.8,21.6,75,0.1,0.1,0.0,51,9.3
2024-05-06 19:00:00,2024-05-06T23:00:00Z,19.4,20.0,83,0.1,0.1,0.0,51,10.8
2024-05-06 20:00:00,2024-05-07T00:00:00Z,17.5,18.1,90,0.0,0.0,0.0,3,9.4
2024-05-06 21:00:00,2024-05-07T01:00:00Z,16.5,17.1,94,0.0,0.0,0.0,3,8.7
2024-05-06 22:00:00,2024-05-07T02:00:00Z,16.3,17.0,95,0.0,0.0,0.0,3,7.9
2024-05-06 23:00:00,2024-05-07T03:00:00Z,15.9,16.4,95,0.0,0.0,0.0,3,8.2
2024-05-07 00:00:00,2024-05-07T04:00:00Z,15.6,15.7,94,0.0,0.0,0.0,3,9.5
2024-05-07 01:00:00,2024-05-07T05:00:00Z,14.9,14.8,94,0.0,0.0,0.0,3,9.7
2024-05-07 02:00:00,2024-05-07T06:00:00Z,14.1,13.8,93,0.0,0.0,0.0,3,8.7
2024-05-07 03:00:00,2024-05-07T07:00:00Z,13.5,12.6,90,0.0,0.0,0.0,3,9.9
2024-05-07 04:00:00,2024-05-07T08:00:00Z,12.8,11.1,84,0.0,0.0,0.0,2,11.9
2024-05-07 05:00:00,2024-05-07T09:00:00Z,11.8,10.0,86,0.0,0.0,0.0,1,11.5
2024-05-07 06:00:00,2024-05-07T10:00:00Z,11.3,9.1,85,0.0,0.0,0.0,0,12.6
2024-05-07 07:00:00,2024-05-07T11:00:00Z,12.1,9.6,75,0.0,0.0,0.0,0,13.0
2024-05-07 08:00:00,2024-05-07T12:00:00Z,13.9,11.6,65,0.0,0.0,0.0,0,11.2
2024-05-07 09:00:00,2024-05-07T13:00:00Z,16.8,14.1,53,0.0,0.0,0.0,0,13.3
2024-05-07 10:00:00,2024-05-07T14:00:00Z,19.5,17.8,48,0.0,0.0,0.0,0,11.8
2024-05-07 11:00:00,2024-05-07T15:00:00Z,21.3,20.8,44,0.0,0.0,0.0,0,9.7
2024-05-07 12:00:00,2024-05-07T16:00:00Z,22.4,23.2,40,0.0,0.0,0.0,0,5.3
2024-05-07 13:00:00,2024-05-07T17:00:00Z,23.3,24.9,38,0.0,0.0,0.0,0,2.5
2024-05-07 14:00:00,2024-05-07T18:00:00Z,24.0,25.0,36,0.0,0.0,0.0,0,5.9
2024-05-07 15:00:00,2024-05-07T19:00:00Z,24.5,24.7,35,0.0,0.0,0.0,0,8.4
2024-05-07 16:00:00,2024-05-07T20:00:00Z,25.0,24.3,34,0.0,0.0,0.0,1,8.9
2024-05-07 17:00:00,2024-05-07T21:00:00Z,25.0,23.4,33,0.0,0.0,0.0,0,7.9
2024-05-07 18:00:00,2024-05-07T22:00:00Z,24.5,23.2,35,0.0,0.0,0.0,1,5.2
2024-05-07 19:00:00,2024-05-07T23:00:00Z,23.0,22.8,47,0.0,0.0,0.0,3,3.6
2024-05-07 20:00:00,2024-05-08T00:00:00Z,18.2,15.8,57,0.0,0.0,0.0,3,15.5
2024-05-07 21:00:00,2024-05-08T01:00:00Z,17.6,14.6,52,0.0,0.0,0.0,3,16.0
2024-05-07 22:00:00,2024-05-08T02:00:00Z,16.8,14.6,59,0.0,0.0,0.0,3,12.4
2024-05-07 23:00:00,2024-05-08T03:00:00Z,16.7,15.1,65,0.0,0.0,0.0,3,11.5
2024-05-08 00:00:00,2024-05-08T04:00:00Z,17.4,16.2,70,0.0,0.0,0.0,3,12.1
2024-05-08 01:00:00,2024-05-08T05:00:00Z,16.8,16.2,78,0.0,0.0,0.0,2,10.8
2024-05-08 02:00:00,2024-05-08T06:00:00Z,15.8,15.8,86,0.0,0.0,0.0,3,7.5
2024-05-08 03:00:00,2024-05-08T07:00:00Z,15.3,15.5,90,0.0,0.0,0.0,3,7.1
2024-05-08 04:00:00,2024-05-08T08:00:00Z,15.3,15.4,93,0.0,0.0,0.0,3,8.1
2024-05-08 05:00:00,2024-05-08T09:00:00Z,15.4,15.6,94,0.2,0.2,0.0,51,8.6
2024-05-08 06:00:00,2024-05-08T10:00:00Z,16.0,16.4,95,0.0,0.0,0.0,3,9.4
2024-05-08 07:00:00,2024-05-08T11:00:00Z,16.9,16.8,93,0.3,0.3,0.0,51,13.6
2024-05-08 08:00:00,2024-05-08T12:00:00Z,18.0,17.9,89,0.1,0.1,0.0,51,15.0
2024-05-08 09:00:00,2024-05-08T13:00:00Z,20.6,21.3,85,0.0,0.0,0.0,3,15.0
2024-05-08 10:00:00,2024-05-08T14:00:00Z,23.1,23.9,75,0.2,0.2,0.0,51,15.5
2024-05-08 11:00:00,2024-05-08T15:00:00Z,24.5,24.9,69,0.0,0.0,0.0,3,18.5
2024-05-08 12:00:00,2024-05-08T16:00:00Z,26.2,27.2,61,0.0,0.0,0.0,3,20.3
2024-05-08 13:00:00,2024-05-08T17:00:00Z,27.3,27.0,49,0.0,0.0,0.0,1,23.4
2024-05-08 14:00:00,2024-05-08T18:00:00Z,28.5,28.4,44,0.0,0.0,0.0,1,21.5
2024-05-08 15:00:00,2024-05-08T19:00:00Z,29.6,28.6,36,0.0,0.0,0.0,0,22.5
2024-05-08 16:00:00,2024-05-08T20:00:00Z,29.6,27.5,34,0.0,0.0,0.0,0,23.8
2024-05-08 17:00:00,2024-05-08T21:00:00Z,28.9,25.7,35,0.0,0.0,0.0,2,25.8
2024-05-08 18:00:00,2024-05-08T22:00:00Z,27.8,24.9,37,0.0,0.0,0.0,2,23.7
2024-05-08 19:00:00,2024-05-08T23:00:00Z,26.2,22.7,34,0.0,0.0,0.0,3,22.1
2024-05-08 20:00:00,2024-05-09T00:00:00Z,24.0,20.3,35,0.0,0.0,0.0,3,21.6
2024-05-08 21:00:00,2024-05-09T01:00:00Z,24.0,20.6,35,0.0,0.0,0.0,2,19.3
2024-05-08 22:00:00,2024-05-09T02:00:00Z,21.7,19.4,44,0.0,0.0,0.0,0,14.1
2024-05-08 23:00:00,2024-05-09T03:00:00Z,19.3,16.8,50,0.0,0.0,0.0,3,14.8
2024-05-09 00:00:00,2024-05-09T04:00:00Z,16.8,15.6,64,0.0,0.0,0.0,3,8.0
2024-05-09 01:00:00,2024-05-09T05:00:00Z,15.1,14.1,72,0.0,0.0,0.0,3,6.7
2024-05-09 02:00:00,2024-05-09T06:00:00Z,15.2,13.5,67,0.0,0.0,0.0,3,10.4
2024-05-09 03:00:00,2024-05-09T07:00:00Z,14.7,13.2,70,0.0,0.0,0.0,3,8.9
2024-05-09 04:00:00,2024-05-09T08:00:00Z,14.0,12.4,75,0.0,0.0,0.0,3,10.2
2024-05-09 05:00:00,2024-05-09T09:00:00Z,13.9,11.6,73,0.0,0.0,0.0,3,14.0
2024-05-09 06:00:00,2024-05-09T10:00:00Z,13.4,10.8,73,0.0,0.0,0.0,3,15.0
2024-05-09 07:00:00,2024-05-09T11:00:00Z,13.7,11.3,71,0.0,0.0,0.0,3,14.0
2024-05-09 08:00:00,2024-05-09T12:00:00Z,14.5,12.0,67,0.0,0.0,0.0,3,14.3
2024-05-09 09:00:00,2024-05-09T13:00:00Z,16.6,14.1,60,0.0,0.0,0.0,3,15.0
2024-05-09 10:00:00,2024-05-09T14:00:00Z,17.9,15.6,55,0.0,0.0,0.0,3,13.6
2024-05-09 11:00:00,2024-05-09T15:00:00Z,19.5,18.3,50,0.0,0.0,0.0,3,13.3
2024-05-09 12:00:00,2024-05-09T16:00:00Z,19.6,17.4,50,0.0,0.0,0.0,3,13.4
2024-05-09 13:00:00,2024-05-09T17:00:00Z,18.7,16.3,50,0.0,0.0,0.0,3,12.8
2024-05-09 14:00:00,2024-05-09T18:00:00Z,18.9,16.9,47,0.0,0.0,0.0,3,9.2
2024-05-09 15:00:00,2024-05-09T19:00:00Z,19.5,17.7,45,0.0,0.0,0.0,3,8.9
2024-05-09 16:00:00,2024-05-09T20:00:00Z,19.8,17.9,43,0.0,0.0,0.0,3,6.9
2024-05-09 17:00:00,2024-05-09T21:00:00Z,19.5,17.7,42,0.0,0.0,0.0,3,6.6
2024-05-09 18:00:00,2024-05-09T22:00:00Z,18.2,16.6,49,0.0,0.0,0.0,3,6.6
2024-05-09 19:00:00,2024-05-09T23:00:00Z,17.2,15.6,54,0.0,0.0,0.0,3,7.1
2024-05-09 20:00:00,2024-05-10T00:00:00Z,16.5,14.7,55,0.0,0.0,0.0,3,7.7
2024-05-09 21:00:00,2024-05-10T01:00:00Z,16.1,13.8,57,0.0,0.0,0.0,3,10.7
2024-05-09 22:00:00,2024-05-10T02:00:00Z,15.2,13.2,62,0.0,0.0,0.0,3,9.7
2024-05-09 23:00:00,2024-05-10T03:00:00Z,14.6,12.9,65,0.0,0.0,0.0,3,8.3
2024-05-10 00:00:00,2024-05-10T04:00:00Z,14.2,12.5,69,0.0,0.0,0.0,3,9.4
2024-05-10 01:00:00,2024-05-10T05:00:00Z,12.1,9.0,78,0.0,0.0,0.0,3,18.2
2024-05-10 02:00:00,2024-05-10T06:00:00Z,11.0,7.9,82,0.0,0.0,0.0,3,17.9
2024-05-10 03:00:00,2024-05-10T07:00:00Z,10.3,7.0,81,0.3,0.3,0.0,51,17.4
2024-05-10 04:00:00,2024-05-10T08:00:00Z,9.7,7.1,89,0.8,0.8,0.0,53,14.5
2024-05-10 05:00:00,2024-05-10T09:00:00Z,9.4,6.3,90,1.3,1.3,0.0,61,17.6
2024-05-10 06:00:00,2024-05-10T10:00:00Z,9.1,5.7,91,0.9,0.9,0.0,53,19.0
2024-05-10 07:00:00,2024-05-10T11:00:00Z,8.9,5.1,91,0.8,0.8,0.0,53,21.1
2024-05-10 08:00:00,2024-05-10T12:00:00Z,8.7,4.8,90,1.1,1.1,0.0,55,22.1
2024-05-10 09:00:00,2024-05-10T13:00:00Z,8.9,5.2,89,0.6,0.6,0.0,53,20.5
2024-05-10 10:00:00,2024-05-10T14:00:00Z,8.9,5.4,89,0.6,0.6,0.0,53,19.3
2024-05-10 11:00:00,2024-05-10T15:00:00Z,9.3,5.5,84,0.4,0.4,0.0,51,20.1
2024-05-10 12:00:00,2024-05-10T16:00:00Z,9.5,6.1,81,0.4,0.4,0.0,51,17.5
2024-05-10 13:00:00,2024-05-10T17:00:00Z,9.7,6.5,80,0.9,0.9,0.0,53,16.1
2024-05-10 14:00:00,2024-05-10T18:00:00Z,10.7,6.9,75,0.5,0.5,0.0,53,19.6
2024-05-10 15:00:00,2024-05-10T19:00:00Z,10.2,6.3,74,0.1,0.1,0.0,51,19.9
2024-05-10 16:00:00,2024-05-10T20:00:00Z,9.7,6.0,72,0.2,0.2,0.0,51,16.8
2024-05-10 17:00:00,2024-05-10T21:00:00Z,9.6,6.2,66,0.0,0.0,0.0,3,12.5
2024-05-10 18:00:00,2024-05-10T22:00:00Z,9.5,6.7,71,0.0,0.0,0.0,3,9.8
2024-05-10 19:00:00,2024-05-10T23:00:00Z,9.6,7.1,72,0.0,0.0,0.0,3,8.4
2024-05-10 20:00:00,2024-05-11T00:00:00Z,9.2,7.3,76,0.0,0.0,0.0,3,5.1
2024-05-10 21:00:00,2024-05-11T01:00:00Z,9.6,8.5,84,0.8,0.8,0.0,53,2.2
2024-05-10 22:00:00,2024-05-11T02:00:00Z,9.1,7.8,89,0.9,0.9,0.0,53,4.1
2024-05-10 23:00:00,2024-05-11T03:00:00Z,8.9,8.0,92,0.2,0.2,0.0,51,1.8
2024-05-11 00:00:00,2024-05-11T04:00:00Z,8.5,7.2,90,0.0,0.0,0.0,2,3.3
2024-05-11 01:00:00,2024-05-11T05:00:00Z,8.2,6.7,90,0.0,0.0,0.0,2,4.4
2024-05-11 02:00:00,2024-05-11T06:00:00Z,8.3,6.4,93,0.0,0.0,0.0,3,8.2
2024-05-11 03:00:00,2024-05-11T07:00:00Z,8.0,6.4,95,0.0,0.0,0.0,0,6.4
2024-05-11 04:00:00,2024-05-11T08:00:00Z,7.2,5.5,97,0.0,0.0,0.0,0,6.3
2024-05-11 05:00:00,2024-05-11T09:00:00Z,6.8,4.9,97,0.0,0.0,0.0,1,6.5
2024-05-11 06:00:00,2024-05-11T10:00:00Z,6.6,4.4,97,0.0,0.0,0.0,1,7.9
2024-05-11 07:00:00,2024-05-11T11:00:00Z,7.4,5.3,96,0.0,0.0,0.0,1,9.1
2024-05-11 08:00:00,2024-05-11T12:00:00Z,9.5,7.9,91,0.0,0.0,0.0,0,7.6
2024-05-11 09:00:00,2024-05-11T13:00:00Z,11.6,8.7,63,0.0,0.0,0.0,0,11.3
2024-05-11 10:00:00,2024-05-11T14:00:00Z,13.0,10.6,53,0.0,0.0,0.0,2,9.4
2024-05-11 11:00:00,2024-05-11T15:00:00Z,14.1,12.7,49,0.0,0.0,0.0,3,8.7
2024-05-11 12:00:00,2024-05-11T16:00:00Z,15.1,13.4,45,0.0,0.0,0.0,3,12.6
2024-05-11 13:00:00,2024-05-11T17:00:00Z,15.9,13.4,40,0.0,0.0,0.0,3,12.8
2024-05-11 14:00:00,2024-05-11T18:00:00Z,14.9,11.8,48,0.0,0.0,0.0,3,15.5
2024-05-11 15:00:00,2024-05-11T19:00:00Z,13.1,9.0,60,0.0,0.0,0.0,3,20.2
2024-05-11 16:00:00,2024-05-11T20:00:00Z,13.5,9.7,56,0.0,0.0,0.0,3,17.8
2024-05-11 17:00:00,2024-05-11T21:00:00Z,13.1,9.2,55,0.0,0.0,0.0,3,16.9
2024-05-11 18:00:00,2024-05-11T22:00:00Z,12.2,8.4,59,0.0,0.0,0.0,3,16.6
2024-05-11 19:00:00,2024-05-11T23:00:00Z,11.0,7.2,64,0.0,0.0,0.0,3,16.6
2024-05-11 20:00:00,2024-05-12T00:00:00Z,10.0,6.5,71,0.0,0.0,0.0,3,15.8
2024-05-11 21:00:00,2024-05-12T01:00:00Z,9.5,5.8,71,0.0,0.0,0.0,3,15.9
2024-05-11 22:00:00,2024-05-12T02:00:00Z,9.2,5.8,73,0.0,0.0,0.0,3,14.1
2024-05-11 23:00:00,2024-05-12T03:00:00Z,9.2,6.2,74,0.0,0.0,0.0,3,12.4
2024-05-12 00:00:00,2024-05-12T04:00:00Z,9.1,6.3,76,0.0,0.0,0.0,3,10.6
2024-05-12 01:00:00,2024-05-12T05:00:00Z,9.1,6.6,77,0.0,0.0,0.0,3,9.1
2024-05-12 02:00:00,2024-05-12T06:00:00Z,8.9,6.6,80,0.1,0.1,0.0,51,8.2
2024-05-12 03:00:00,2024-05-12T07:00:00Z,8.8,6.5,81,0.0,0.0,0.0,3,8.8
2024-05-12 04:00:00,2024-05-12T08:00:00Z,8.9,6.4,80,0.0,0.0,0.0,3,9.6
2024-05-12 05:00:00,2024-05-12T09:00:00Z,8.9,6.3,79,0.0,0.0,0.0,3,9.8
2024-05-12 06:00:00,2024-05-12T10:00:00Z,8.7,6.3,82,0.3,0.3,0.0,51,9.3
2024-05-12 07:00:00,2024-05-12T11:00:00Z,8.8,6.4,85,0.4,0.4,0.0,51,10.5
2024-05-12 08:00:00,2024-05-12T12:00:00Z,8.7,6.5,89,1.1,1.1,0.0,55,10.1
2024-05-12 09:00:00,2024-05-12T13:00:00Z,8.7,6.8,86,1.1,1.1,0.0,55,6.5
2024-05-12 10:00:00,2024-05-12T14:00:00Z,8.8,7.3,84,1.6,1.6,0.0,61,3.7
2024-05-12 11:00:00,2024-05-12T15:00:00Z,9.5,7.9,83,1.5,1.5,0.0,61,5.0
2024-05-12 12:00:00,2024-05-12T16:00:00Z,9.8,7.5,78,0.6,0.6,0.0,53,8.7
2024-05-12 13:00:00,2024-05-12T17:00:00Z,10.3,7.8,81,0.2,0.2,0.0,51,11.8
2024-05-12 14:00:00,2024-05-12T18:00:00Z,10.6,7.8,78,0.0,0.0,0.0,3,13.8
2024-05-12 15:00:00,2024-05-12T19:00:00Z,12.4,10.6,68,0.1,0.1,0.0,51,11.5
2024-05-12 16:00:00,2024-05-12T20:00:00Z,12.7,10.1,62,0.1,0.1,0.0,51,10.2
2024-05-12 17:00:00,2024-05-12T21:00:00Z,12.8,10.1,63,0.0,0.0,0.0,2,11.3
2024-05-12 18:00:00,2024-05-12T22:00:00Z,12.6,10.2,63,0.0,0.0,0.0,2,9.6
2024-05-12 19:00:00,2024-05-12T23:00:00Z,12.0,9.5,64,0.0,0.0,0.0,2,9.4
2024-05-12 20:00:00,2024-05-13T00:00:00Z,9.7,6.9,80,0.0,0.0,0.0,0,12.6
2024-05-12 21:00:00,2024-05-13T01:00:00Z,9.6,7.5,80,0.0,0.0,0.0,1,8.4
2024-05-12 22:00:00,2024-05-13T02:00:00Z,9.0,7.3,86,0.0,0.0,0.0,0,6.3
2024-05-12 23:00:00,2024-05-13T03:00:00Z,8.3,6.6,91,0.0,0.0,0.0,0,6.1
2024-05-13 00:00:00,2024-05-13T04:00:00Z,7.9,6.0,91,0.0,0.0,0.0,0,7.4
2024-05-13 01:00:00,2024-05-13T05:00:00Z,7.5,5.2,92,0.0,0.0,0.0,0,9.4
2024-05-13 02:00:00,2024-05-13T06:00:00Z,7.0,4.7,93,0.0,0.0,0.0,0,8.7
2024-05-13 03:00:00,2024-05-13T07:00:00Z,6.5,4.3,94,0.0,0.0,0.0,0,7.4
2024-05-13 04:00:00,2024-05-13T08:00:00Z,6.1,4.0,96,0.0,0.0,0.0,0,6.5
2024-05-13 05:00:00,2024-05-13T09:00:00Z,5.8,3.8,96,0.0,0.0,0.0,0,6.0
2024-05-13 06:00:00,2024-05-13T10:00:00Z,5.7,3.8,97,0.0,0.0,0.0,0,5.3
2024-05-13 07:00:00,2024-05-13T11:00:00Z,7.4,5.5,93,0.0,0.0,0.0,0,6.7
2024-05-13 08:00:00,2024-05-13T12:00:00Z,9.6,8.0,85,0.0,0.0,0.0,0,6.5
2024-05-13 09:00:00,2024-05-13T13:00:00Z,12.4,10.3,76,0.0,0.0,0.0,1,10.9
2024-05-13 10:00:00,2024-05-13T14:00:00Z,14.3,12.3,69,0.0,0.0,0.0,3,12.4
2024-05-13 11:00:00,2024-05-13T15:00:00Z,15.2,13.2,65,0.0,0.0,0.0,3,11.8
2024-05-13 12:00:00,2024-05-13T16:00:00Z,16.2,14.1,61,0.0,0.0,0.0,3,11.4
2024-05-13 13:00:00,2024-05-13T17:00:00Z,17.2,14.9,57,0.0,0.0,0.0,3,12.7
2024-05-13 14:00:00,2024-05-13T18:00:00Z,18.3,15.9,52,0.0,0.0,0.0,3,13.4
2024-05-13 15:00:00,2024-05-13T19:00:00Z,18.5,16.4,51,0.0,0.0,0.0,3,11.8
2024-05-13 16:00:00,2024-05-13T20:00:00Z,19.0,17.2,50,0.0,0.0,0.0,3,9.5
2024-05-13 17:00:00,2024-05-13T21:00:00Z,18.7,16.3,55,0.0,0.0,0.0,3,14.8
2024-05-13 18:00:00,2024-05-13T22:00:00Z,16.4,13.5,69,0.0,0.0,0.0,0,21.5
2024-05-13 19:00:00,2024-05-13T23:00:00Z,14.7,12.4,77,0.0,0.0,0.0,0,16.6
2024-05-13 20:00:00,2024-05-14T00:00:00Z,13.0,9.9,79,0.0,0.0,0.0,0,20.4
2024-05-13 21:00:00,2024-05-14T01:00:00Z,12.0,10.6,88,0.0,0.0,0.0,0,9.8
2024-05-13 22:00:00,2024-05-14T02:00:00Z,11.5,10.2,93,0.0,0.0,0.0,0,9.6
2024-05-13 23:00:00,2024-05-14T03:00:00Z,12.4,10.7,87,0.0,0.0,0.0,0,11.6
2024-05-14 00:00:00,2024-05-14T04:00:00Z,12.4,10.5,83,0.0,0.0,0.0,1,11.9
2024-05-14 01:00:00,2024-05-14T05:00:00Z,11.6,9.8,85,0.0,0.0,0.0,3,10.7
2024-05-14 02:00:00,2024-05-14T06:00:00Z,10.9,9.2,87,0.0,0.0,0.0,3,9.5
2024-05-14 03:00:00,2024-05-14T07:00:00Z,10.4,9.0,91,0.0,0.0,0.0,3,7.5
2024-05-14 04:00:00,2024-05-14T08:00:00Z,9.9,8.6,93,0.0,0.0,0.0,3,6.0
2024-05-14 05:00:00,2024-05-14T09:00:00Z,9.4,8.2,94,0.0,0.0,0.0,0,5.9
2024-05-14 06:00:00,2024-05-14T10:00:00Z,9.1,7.9,95,0.0,0.0,0.0,2,5.8
2024-05-14 07:00:00,2024-05-14T11:00:00Z,11.3,9.8,90,0.0,0.0,0.0,2,9.4
2024-05-14 08:00:00,2024-05-14T12:00:00Z,13.6,12.2,79,0.0,0.0,0.0,2,9.0
2024-05-14 09:00:00,2024-05-14T13:00:00Z,16.1,14.8,71,0.0,0.0,0.0,3,10.3
2024-05-14 10:00:00,2024-05-14T14:00:00Z,18.3,17.5,66,0.0,0.0,0.0,3,10.0
2024-05-14 11:00:00,2024-05-14T15:00:00Z,20.5,20.7,62,0.0,0.0,0.0,3,12.0
2024-05-14 12:00:00,2024-05-14T16:00:00Z,21.5,21.4,59,0.0,0.0,0.0,3,15.1
2024-05-14 13:00:00,2024-05-14T17:00:00Z,19.8,18.4,66,0.0,0.0,0.0,3,16.3
2024-05-14 14:00:00,2024-05-14T18:00:00Z,19.7,19.2,72,0.7,0.7,0.0,53,14.2
2024-05-14 15:00:00,2024-05-14T19:00:00Z,21.5,21.2,68,0.0,0.0,0.0,3,15.0
2024-05-14 16:00:00,2024-05-14T20:00:00Z,20.6,19.6,73,0.1,0.1,0.0,51,20.0
2024-05-14 17:00:00,2024-05-14T21:00:00Z,19.3,18.8,78,1.5,1.5,0.0,61,16.2
2024-05-14 18:00:00,2024-05-14T22:00:00Z,17.0,16.7,88,0.2,0.2,0.0,51,13.2
2024-05-14 19:00:00,2024-05-14T23:00:00Z,16.5,15.4,82,0.0,0.0,0.0,3,14.7
2024-05-14 20:00:00,2024-05-15T00:00:00Z,16.9,15.1,79,0.0,0.0,0.0,3,19.5
2024-05-14 21:00:00,2024-05-15T01:00:00Z,16.2,15.1,90,0.7,0.7,0.0,53,18.2
2024-05-14 22:00:00,2024-05-15T02:00:00Z,15.7,15.0,91,1.2,1.2,0.0,55,13.9
2024-05-14 23:00:00,2024-05-15T03:00:00Z,15.7,15.4,90,0.0,0.0,0.0,3,11.3
2024-05-15 00:00:00,2024-05-15T04:00:00Z,14.7,14.4,94,0.1,0.1,0.0,51,10.5
2024-05-15 01:00:00,2024-05-15T05:00:00Z,14.0,13.5,93,0.1,0.1,0.0,51,10.2
2024-05-15 02:00:00,2024-05-15T06:00:00Z,13.5,13.2,94,0.2,0.2,0.0,51,7.8
2024-05-15 03:00:00,2024-05-15T07:00:00Z,13.3,13.3,94,0.1,0.1,0.0,51,4.6
2024-05-15 04:00:00,2024-05-15T08:00:00Z,13.0,13.1,95,0.2,0.2,0.0,51,4.3
2024-05-15 05:00:00,2024-05-15T09:00:00Z,13.0,12.8,94,0.5,0.5,0.0,53,5.8
2024-05-15 06:00:00,2024-05-15T10:00:00Z,12.9,12.5,94,0.2,0.2,0.0,51,6.9
2024-05-15 07:00:00,2024-05-15T11:00:00Z,13.1,12.8,95,0.1,0.1,0.0,51,6.9
2024-05-15 08:00:00,2024-05-15T12:00:00Z,13.9,13.7,92,0.0,0.0,0.0,3,7.3
2024-05-15 09:00:00,2024-05-15T13:00:00Z,14.1,14.0,96,1.0,1.0,0.0,55,8.0
2024-05-15 10:00:00,2024-05-15T14:00:00Z,14.7,14.7,95,1.1,1.1,0.0,55,8.2
2024-05-15 11:00:00,2024-05-15T15:00:00Z,15.1,14.5,92,1.2,1.2,0.0,55,11.9
2024-05-15 12:00:00,2024-05-15T16:00:00Z,16.5,15.3,83,0.5,0.5,0.0,53,16.2
2024-05-15 13:00:00,2024-05-15T17:00:00Z,17.3,16.0,77,0.2,0.2,0.0,51,16.3
2024-05-15 14:00:00,2024-05-15T18:00:00Z,18.1,16.1,68,0.1,0.1,0.0,51,17.9
2024-05-15 15:00:00,2024-05-15T19:00:00Z,18.2,15.9,68,0.2,0.2,0.0,51,20.0
2024-05-15 16:00:00,2024-05-15T20:00:00Z,17.1,14.6,77,0.5,0.5,0.0,53,23.3
2024-05-15 17:00:00,2024-05-15T21:00:00Z,16.7,14.5,81,0.1,0.1,0.0,51,23.0
2024-05-15 18:00:00,2024-05-15T22:00:00Z,16.0,13.9,85,0.1,0.1,0.0,51,21.8
2024-05-15 19:00:00,2024-05-15T23:00:00Z,14.9,12.9,88,0.1,0.1,0.0,51,20.4
2024-05-15 20:00:00,2024-05-16T00:00:00Z,14.1,11.8,91,0.1,0.1,0.0,51,21.1
2024-05-15 21:00:00,2024-05-16T01:00:00Z,14.3,12.2,96,0.4,0.4,0.0,51,22.0
2024-05-15 22:00:00,2024-05-16T02:00:00Z,14.5,12.3,94,0.2,0.2,0.0,51,22.9
2024-05-15 23:00:00,2024-05-16T03:00:00Z,14.7,12.4,93,0.1,0.1,0.0,51,23.1
2024-05-16 00:00:00,2024-05-16T04:00:00Z,14.5,12.0,92,0.1,0.1,0.0,51,24.3
2024-05-16 01:00:00,2024-05-16T05:00:00Z,14.4,11.7,92,0.1,0.1,0.0,51,25.2
2024-05-16 02:00:00,2024-05-16T06:00:00Z,14.3,11.7,92,0.2,0.2,0.0,51,24.4
2024-05-16 03:00:00,2024-05-16T07:00:00Z,14.1,11.5,92,0.1,0.1,0.0,51,24.3
2024-05-16 04:00:00,2024-05-16T08:00:00Z,14.2,11.2,91,0.1,0.1,0.0,51,25.8
2024-05-16 05:00:00,2024-05-16T09:00:00Z,14.2,11.3,90,0.1,0.1,0.0,51,25.8
2024-05-16 06:00:00,2024-05-16T10:00:00Z,14.3,11.5,90,0.1,0.1,0.0,51,24.5
2024-05-16 07:00:00,2024-05-16T11:00:00Z,14.4,11.5,89,0.1,0.1,0.0,51,25.1
2024-05-16 08:00:00,2024-05-16T12:00:00Z,14.7,11.9,86,0.1,0.1,0.0,51,24.6
2024-05-16 09:00:00,2024-05-16T13:00:00Z,15.2,12.5,89,0.2,0.2,0.0,51,26.4
2024-05-16 10:00:00,2024-05-16T14:00:00Z,15.8,13.3,87,0.2,0.2,0.0,51,25.1
2024-05-16 11:00:00,2024-05-16T15:00:00Z,16.2,13.4,84,0.2,0.2,0.0,51,27.2
2024-05-16 12:00:00,2024-05-16T16:00:00Z,17.4,14.4,77,0.3,0.3,0.0,51,27.9
2024-05-16 13:00:00,2024-05-16T17:00:00Z,17.9,15.1,75,0.2,0.2,0.0,51,26.9
2024-05-16 14:00:00,2024-05-16T18:00:00Z,17.6,15.1,76,0.2,0.2,0.0,51,24.1
2024-05-16 15:00:00,2024-05-16T19:00:00Z,17.8,16.0,78,0.4,0.4,0.0,51,20.3
2024-05-16 16:00:00,2024-05-16T20:00:00Z,17.3,16.2,83,0.3,0.3,0.0,51,17.7
2024-05-16 17:00:00,2024-05-16T21:00:00Z,17.5,16.7,82,0.2,0.2,0.0,51,15.1
2024-05-16 18:00:00,2024-05-16T22:00:00Z,17.4,16.3,83,0.3,0.3,0.0,51,17.4
2024-05-16 19:00:00,2024-05-16T23:00:00Z,16.5,14.9,85,0.3,0.3,0.0,51,20.1
2024-05-16 20:00:00,2024-05-17T00:00:00Z,15.4,13.7,86,0.2,0.2,0.0,51,18.9
2024-05-16 21:00:00,2024-05-17T01:00:00Z,15.2,14.1,92,0.1,0.1,0.0,51,16.5
2024-05-16 22:00:00,2024-05-17T02:00:00Z,14.7,13.4,92,0.0,0.0,0.0,0,16.5
2024-05-16 23:00:00,2024-05-17T03:00:00Z,14.1,12.9,92,0.0,0.0,0.0,0,14.4
2024-05-17 00:00:00,2024-05-17T04:00:00Z,13.6,12.3,91,0.0,0.0,0.0,0,13.5
2024-05-17 01:00:00,2024-05-17T05:00:00Z,13.1,11.2,90,0.0,0.0,0.0,0,16.3
2024-05-17 02:00:00,2024-05-17T06:00:00Z,12.6,10.9,89,0.0,0.0,0.0,0,14.0
2024-05-17 03:00:00,2024-05-17T07:00:00Z,11.9,10.4,92,0.0,0.0,0.0,0,11.9
2024-05-17 04:00:00,2024-05-17T08:00:00Z,11.4,10.1,93,0.0,0.0,0.0,0,10.0
2024-05-17 05:00:00,2024-05-17T09:00:00Z,11.1,9.6,94,0.0,0.0,0.0,1,11.2
2024-05-17 06:00:00,2024-05-17T10:00:00Z,11.4,9.8,93,0.0,0.0,0.0,0,11.5
2024-05-17 07:00:00,2024-05-17T11:00:00Z,12.2,10.5,91,0.0,0.0,0.0,3,13.7
2024-05-17 08:00:00,2024-05-17T12:00:00Z,13.9,12.4,85,0.0,0.0,0.0,3,13.6
2024-05-17 09:00:00,2024-05-17T13:00:00Z,15.5,14.3,80,0.0,0.0,0.0,3,12.7
2024-05-17 10:00:00,2024-05-17T14:00:00Z,18.0,16.7,69,0.0,0.0,0.0,2,13.5
2024-05-17 11:00:00,2024-05-17T15:00:00Z,20.0,19.1,60,0.0,0.0,0.0,3,17.7
2024-05-17 12:00:00,2024-05-17T16:00:00Z,20.6,19.5,57,0.0,0.0,0.0,3,15.3
2024-05-17 13:00:00,2024-05-17T17:00:00Z,21.0,19.7,56,0.0,0.0,0.0,3,14.6
2024-05-17 14:00:00,2024-05-17T18:00:00Z,20.9,19.6,55,0.0,0.0,0.0,3,11.7
2024-05-17 15:00:00,2024-05-17T19:00:00Z,21.8,20.4,52,0.0,0.0,0.0,3,12.6
2024-05-17 16:00:00,2024-05-17T20:00:00Z,21.6,20.3,53,0.0,0.0,0.0,3,12.0
2024-05-17 17:00:00,2024-05-17T21:00:00Z,20.7,20.2,61,0.0,0.0,0.0,3,9.9
2024-05-17 18:00:00,2024-05-17T22:00:00Z,20.0,20.1,67,0.0,0.0,0.0,3,7.6
2024-05-17 19:00:00,2024-05-17T23:00:00Z,19.0,19.3,73,0.0,0.0,0.0,3,7.2
2024-05-17 20:00:00,2024-05-18T00:00:00Z,17.3,17.9,84,0.0,0.0,0.0,3,5.8
2024-05-17 21:00:00,2024-05-18T01:00:00Z,17.8,18.7,74,0.0,0.0,0.0,3,0.8
2024-05-17 22:00:00,2024-05-18T02:00:00Z,15.4,14.8,84,0.0,0.0,0.0,3,10.0
2024-05-17 23:00:00,2024-05-18T03:00:00Z,14.2,13.4,83,0.0,0.0,0.0,3,8.1
2024-05-18 00:00:00,2024-05-18T04:00:00Z,13.3,12.4,83,0.0,0.0,0.0,3,7.2
2024-05-18 01:00:00,2024-05-18T05:00:00Z,12.6,12.0,88,0.0,0.0,0.0,3,5.7
2024-05-18 02:00:00,2024-05-18T06:00:00Z,12.6,12.2,87,0.0,0.0,0.0,3,4.0
2024-05-18 03:00:00,2024-05-18T07:00:00Z,12.6,12.3,88,0.0,0.0,0.0,3,3.6
2024-05-18 04:00:00,2024-05-18T08:00:00Z,12.6,12.2,88,0.0,0.0,0.0,3,4.3
2024-05-18 05:00:00,2024-05-18T09:00:00Z,12.6,12.1,89,0.0,0.0,0.0,3,4.6
2024-05-18 06:00:00,2024-05-18T10:00:00Z,12.5,11.5,88,0.0,0.0,0.0,3,8.7
2024-05-18 07:00:00,2024-05-18T11:00:00Z,13.3,12.2,81,0.0,0.0,0.0,3,7.9
2024-05-18 08:00:00,2024-05-18T12:00:00Z,13.9,12.6,74,0.0,0.0,0.0,3,7.7
2024-05-18 09:00:00,2024-05-18T13:00:00Z,17.5,16.3,61,0.0,0.0,0.0,3,8.1
2024-05-18 10:00:00,2024-05-18T14:00:00Z,18.4,17.3,57,0.0,0.0,0.0,3,7.4
2024-05-18 11:00:00,2024-05-18T15:00:00Z,18.7,17.9,57,0.0,0.0,0.0,3,5.8
2024-05-18 12:00:00,2024-05-18T16:00:00Z,20.1,20.0,55,0.0,0.0,0.0,3,5.6
2024-05-18 13:00:00,2024-05-18T17:00:00Z,21.1,21.4,54,0.0,0.0,0.0,3,6.6
2024-05-18 14:00:00,2024-05-18T18:00:00Z,21.7,21.5,54,0.0,0.0,0.0,3,5.0
2024-05-18 15:00:00,2024-05-18T19:00:00Z,21.4,20.1,59,0.0,0.0,0.0,3,15.3
2024-05-18 16:00:00,2024-05-18T20:00:00Z,19.3,18.4,71,0.0,0.0,0.0,3,15.1
2024-05-18 17:00:00,2024-05-18T21:00:00Z,17.5,17.1,79,0.2,0.2,0.0,51,11.1
2024-05-18 18:00:00,2024-05-18T22:00:00Z,16.1,16.0,84,0.4,0.4,0.0,51,8.4
2024-05-18 19:00:00,2024-05-18T23:00:00Z,15.5,16.0,88,0.3,0.3,0.0,51,4.3
2024-05-18 20:00:00,2024-05-19T00:00:00Z,15.0,16.1,94,0.3,0.3,0.0,51,1.5
2024-05-18 21:00:00,2024-05-19T01:00:00Z,15.3,16.1,94,0.3,0.3,0.0,51,4.2
2024-05-18 22:00:00,2024-05-19T02:00:00Z,14.8,14.9,93,0.2,0.2,0.0,51,7.2
2024-05-18 23:00:00,2024-05-19T03:00:00Z,14.0,14.2,94,0.1,0.1,0.0,51,5.0
2024-05-19 00:00:00,2024-05-19T04:00:00Z,13.3,13.3,96,0.0,0.0,0.0,1,5.1
2024-05-19 01:00:00,2024-05-19T05:00:00Z,12.7,12.9,96,0.0,0.0,0.0,1,3.7
2024-05-19 02:00:00,2024-05-19T06:00:00Z,12.4,12.4,98,0.0,0.0,0.0,1,4.0
2024-05-19 03:00:00,2024-05-19T07:00:00Z,12.2,12.1,99,0.0,0.0,0.0,3,4.6
2024-05-19 04:00:00,2024-05-19T08:00:00Z,12.4,11.9,99,0.0,0.0,0.0,3,8.4
2024-05-19 05:00:00,2024-05-19T09:00:00Z,12.6,11.6,96,0.0,0.0,0.0,3,11.4
2024-05-19 06:00:00,2024-05-19T10:00:00Z,12.6,11.4,92,0.0,0.0,0.0,3,11.5
2024-05-19 07:00:00,2024-05-19T11:00:00Z,13.1,11.4,89,0.0,0.0,0.0,3,13.9
2024-05-19 08:00:00,2024-05-19T12:00:00Z,13.8,11.5,84,0.0,0.0,0.0,3,17.9
2024-05-19 09:00:00,2024-05-19T13:00:00Z,16.4,14.4,75,0.0,0.0,0.0,3,17.9
2024-05-19 10:00:00,2024-05-19T14:00:00Z,17.9,16.3,70,0.0,0.0,0.0,3,16.5
2024-05-19 11:00:00,2024-05-19T15:00:00Z,19.6,18.0,63,0.0,0.0,0.0,3,15.6
2024-05-19 12:00:00,2024-05-19T16:00:00Z,20.1,18.7,61,0.0,0.0,0.0,3,13.9
2024-05-19 13:00:00,2024-05-19T17:00:00Z,20.9,20.0,59,0.0,0.0,0.0,3,11.0
2024-05-19 14:00:00,2024-05-19T18:00:00Z,21.8,21.0,56,0.0,0.0,0.0,3,11.6
2024-05-19 15:00:00,2024-05-19T19:00:00Z,22.5,21.6,55,0.0,0.0,0.0,3,12.7
2024-05-19 16:00:00,2024-05-19T20:00:00Z,22.5,22.0,55,0.1,0.1,0.0,51,9.7
2024-05-19 17:00:00,2024-05-19T21:00:00Z,21.8,21.6,57,0.0,0.0,0.0,2,8.0
2024-05-19 18:00:00,2024-05-19T22:00:00Z,19.3,18.5,72,0.0,0.0,0.0,2,14.5
2024-05-19 19:00:00,2024-05-19T23:00:00Z,16.7,15.6,79,0.0,0.0,0.0,0,13.5
2024-05-19 20:00:00,2024-05-20T00:00:00Z,14.7,13.7,85,0.0,0.0,0.0,1,10.8
2024-05-19 21:00:00,2024-05-20T01:00:00Z,13.3,12.2,88,0.0,0.0,0.0,0,9.7
2024-05-19 22:00:00,2024-05-20T02:00:00Z,12.4,11.4,91,0.0,0.0,0.0,0,8.3
2024-05-19 23:00:00,2024-05-20T03:00:00Z,11.8,11.4,94,0.0,0.0,0.0,0,4.8
2024-05-20 00:00:00,2024-05-20T04:00:00Z,11.7,11.3,93,0.0,0.0,0.0,0,3.8
2024-05-20 01:00:00,2024-05-20T05:00:00Z,10.8,10.1,96,0.0,0.0,0.0,0,5.0
2024-05-20 02:00:00,2024-05-20T06:00:00Z,10.5,9.7,97,0.0,0.0,0.0,0,5.6
2024-05-20 03:00:00,2024-05-20T07:00:00Z,10.6,10.1,98,0.0,0.0,0.0,0,4.0
2024-05-20 04:00:00,2024-05-20T08:00:00Z,10.7,9.8,97,0.0,0.0,0.0,1,6.6
2024-05-20 05:00:00,2024-05-20T09:00:00Z,10.4,9.7,97,0.0,0.0,0.0,2,4.7
2024-05-20 06:00:00,2024-05-20T10:00:00Z,10.4,9.7,99,0.0,0.0,0.0,3,4.9
2024-05-20 07:00:00,2024-05-20T11:00:00Z,11.2,10.8,98,0.0,0.0,0.0,3,5.0
2024-05-20 08:00:00,2024-05-20T12:00:00Z,13.5,13.7,92,0.0,0.0,0.0,1,3.6
2024-05-20 09:00:00,2024-05-20T13:00:00Z,16.3,16.6,77,0.0,0.0,0.0,0,3.4
2024-05-20 10:00:00,2024-05-20T14:00:00Z,17.9,18.9,72,0.0,0.0,0.0,0,2.3
2024-05-20 11:00:00,2024-05-20T15:00:00Z,20.0,22.2,66,0.0,0.0,0.0,3,1.0
2024-05-20 12:00:00,2024-05-20T16:00:00Z,21.8,24.4,60,0.0,0.0,0.0,3,0.7
2024-05-20 13:00:00,2024-05-20T17:00:00Z,23.9,25.8,54,0.0,0.0,0.0,3,3.0
2024-05-20 14:00:00,2024-05-20T18:00:00Z,24.1,25.4,55,0.0,0.0,0.0,2,12.1
2024-05-20 15:00:00,2024-05-20T19:00:00Z,21.9,22.2,67,0.0,0.0,0.0,0,17.8
2024-05-20 16:00:00,2024-05-20T20:00:00Z,21.1,20.6,65,0.0,0.0,0.0,3,18.2
2024-05-20 17:00:00,2024-05-20T21:00:00Z,20.2,18.7,66,0.0,0.0,0.0,3,18.4
2024-05-20 18:00:00,2024-05-20T22:00:00Z,18.2,16.5,71,0.0,0.0,0.0,3,17.4
2024-05-20 19:00:00,2024-05-20T23:00:00Z,16.8,15.1,75,0.0,0.0,0.0,2,16.4
2024-05-20 20:00:00,2024-05-21T00:00:00Z,15.1,14.0,83,0.0,0.0,0.0,0,11.8
2024-05-20 21:00:00,2024-05-21T01:00:00Z,14.5,13.6,84,0.0,0.0,0.0,0,9.7
2024-05-20 22:00:00,2024-05-21T02:00:00Z,13.8,13.1,88,0.0,0.0,0.0,3,9.0
2024-05-20 23:00:00,2024-05-21T03:00:00Z,13.3,12.6,91,0.0,0.0,0.0,2,8.9
2024-05-21 00:00:00,2024-05-21T04:00:00Z,12.8,12.3,95,0.0,0.0,0.0,3,7.4
2024-05-21 01:00:00,2024-05-21T05:00:00Z,12.5,12.0,96,0.0,0.0,0.0,3,7.1
2024-05-21 02:00:00,2024-05-21T06:00:00Z,12.3,11.7,96,0.0,0.0,0.0,3,7.2
2024-05-21 03:00:00,2024-05-21T07:00:00Z,12.2,11.6,96,0.0,0.0,0.0,3,7.2
2024-05-21 04:00:00,2024-05-21T08:00:00Z,12.0,11.5,97,0.0,0.0,0.0,3,7.1
2024-05-21 05:00:00,2024-05-21T09:00:00Z,11.9,11.1,97,0.0,0.0,0.0,3,8.0
2024-05-21 06:00:00,2024-05-21T10:00:00Z,11.9,11.2,97,0.0,0.0,0.0,2,7.8
2024-05-21 07:00:00,2024-05-21T11:00:00Z,13.3,12.6,92,0.0,0.0,0.0,3,9.1
2024-05-21 08:00:00,2024-05-21T12:00:00Z,15.3,15.0,86,0.0,0.0,0.0,1,8.9
2024-05-21 09:00:00,2024-05-21T13:00:00Z,18.4,19.2,81,0.0,0.0,0.0,0,5.9
2024-05-21 10:00:00,2024-05-21T14:00:00Z,20.4,22.1,76,0.0,0.0,0.0,0,6.3
2024-05-21 11:00:00,2024-05-21T15:00:00Z,22.6,25.3,71,0.0,0.0,0.0,0,7.5
2024-05-21 12:00:00,2024-05-21T16:00:00Z,24.6,27.9,67,0.0,0.0,0.0,0,9.9
2024-05-21 13:00:00,2024-05-21T17:00:00Z,26.1,29.5,62,0.0,0.0,0.0,0,11.9
2024-05-21 14:00:00,2024-05-21T18:00:00Z,26.6,29.4,60,0.0,0.0,0.0,0,14.2
2024-05-21 15:00:00,2024-05-21T19:00:00Z,26.0,28.4,64,0.0,0.0,0.0,0,16.2
2024-05-21 16:00:00,2024-05-21T20:00:00Z,25.1,26.9,68,0.0,0.0,0.0,0,15.6
2024-05-21 17:00:00,2024-05-21T21:00:00Z,23.1,23.9,74,0.0,0.0,0.0,1,15.7
2024-05-21 18:00:00,2024-05-21T22:00:00Z,21.0,21.4,78,0.0,0.0,0.0,1,13.6
2024-05-21 19:00:00,2024-05-21T23:00:00Z,19.2,19.4,81,0.0,0.0,0.0,3,11.7
2024-05-21 20:00:00,2024-05-22T00:00:00Z,17.7,17.7,84,0.0,0.0,0.0,3,11.2
2024-05-21 21:00:00,2024-05-22T01:00:00Z,19.1,20.4,84,0.0,0.0,0.0,3,6.2
2024-05-21 22:00:00,2024-05-22T02:00:00Z,19.0,20.1,83,0.0,0.0,0.0,3,6.9
2024-05-21 23:00:00,2024-05-22T03:00:00Z,19.3,19.5,76,0.0,0.0,0.0,1,10.5
2024-05-22 00:00:00,2024-05-22T04:00:00Z,18.8,18.6,76,0.0,0.0,0.0,3,11.3
2024-05-22 01:00:00,2024-05-22T05:00:00Z,17.9,17.8,82,0.0,0.0,0.0,2,10.9
2024-05-22 02:00:00,2024-05-22T06:00:00Z,17.1,17.2,86,0.0,0.0,0.0,2,10.2
2024-05-22 03:00:00,2024-05-22T07:00:00Z,16.3,16.0,87,0.0,0.0,0.0,1,11.7
2024-05-22 04:00:00,2024-05-22T08:00:00Z,15.7,15.1,88,0.0,0.0,0.0,1,11.7
2024-05-22 05:00:00,2024-05-22T09:00:00Z,15.2,14.9,90,0.0,0.0,0.0,3,10.0
2024-05-22 06:00:00,2024-05-22T10:00:00Z,15.1,14.8,91,0.0,0.0,0.0,3,10.0
2024-05-22 07:00:00,2024-05-22T11:00:00Z,16.6,16.5,86,0.0,0.0,0.0,3,9.4
2024-05-22 08:00:00,2024-05-22T12:00:00Z,18.5,18.9,79,0.0,0.0,0.0,0,8.4
2024-05-22 09:00:00,2024-05-22T13:00:00Z,21.4,21.8,70,0.0,0.0,0.0,0,11.2
2024-05-22 10:00:00,2024-05-22T14:00:00Z,23.6,24.6,65,0.0,0.0,0.0,0,11.8
2024-05-22 11:00:00,2024-05-22T15:00:00Z,25.6,27.2,57,0.0,0.0,0.0,0,13.3
2024-05-22 12:00:00,2024-05-22T16:00:00Z,27.0,28.4,51,0.0,0.0,0.0,0,16.1
2024-05-22 13:00:00,2024-05-22T17:00:00Z,27.9,29.7,49,0.0,0.0,0.0,0,15.8
2024-05-22 14:00:00,2024-05-22T18:00:00Z,27.1,29.0,57,0.0,0.0,0.0,0,19.1
2024-05-22 15:00:00,2024-05-22T19:00:00Z,25.4,26.5,65,0.0,0.0,0.0,0,22.4
2024-05-22 16:00:00,2024-05-22T20:00:00Z,23.9,24.1,66,0.0,0.0,0.0,0,21.5
2024-05-22 17:00:00,2024-05-22T21:00:00Z,22.9,22.4,68,0.0,0.0,0.0,0,19.2
2024-05-22 18:00:00,2024-05-22T22:00:00Z,22.3,22.2,71,0.0,0.0,0.0,0,16.8
2024-05-22 19:00:00,2024-05-22T23:00:00Z,21.8,22.2,73,0.0,0.0,0.0,1,13.9
2024-05-22 20:00:00,2024-05-23T00:00:00Z,21.9,21.6,71,0.0,0.0,0.0,1,17.7
2024-05-22 21:00:00,2024-05-23T01:00:00Z,22.3,22.6,71,0.0,0.0,0.0,3,14.3
2024-05-22 22:00:00,2024-05-23T02:00:00Z,22.5,22.6,70,0.0,0.0,0.0,2,15.3
2024-05-22 23:00:00,2024-05-23T03:00:00Z,21.8,22.0,73,0.0,0.0,0.0,0,14.9
2024-05-23 00:00:00,2024-05-23T04:00:00Z,20.9,21.5,77,0.0,0.0,0.0,3,12.2
2024-05-23 01:00:00,2024-05-23T05:00:00Z,20.2,20.9,81,0.0,0.0,0.0,0,11.5
2024-05-23 02:00:00,2024-05-23T06:00:00Z,19.8,20.5,83,0.0,0.0,0.0,2,11.8
2024-05-23 03:00:00,2024-05-23T07:00:00Z,19.5,20.3,85,0.0,0.0,0.0,3,11.0
2024-05-23 04:00:00,2024-05-23T08:00:00Z,19.0,19.9,87,0.0,0.0,0.0,3,10.1
2024-05-23 05:00:00,2024-05-23T09:00:00Z,18.5,19.6,89,0.0,0.0,0.0,3,8.5
2024-05-23 06:00:00,2024-05-23T10:00:00Z,18.5,19.4,89,0.0,0.0,0.0,3,9.7
2024-05-23 07:00:00,2024-05-23T11:00:00Z,19.5,20.4,87,0.0,0.0,0.0,3,11.1
2024-05-23 08:00:00,2024-05-23T12:00:00Z,20.9,22.3,82,0.2,0.2,0.0,51,9.4
2024-05-23 09:00:00,2024-05-23T13:00:00Z,21.3,23.6,85,1.0,1.0,0.0,55,6.1
2024-05-23 10:00:00,2024-05-23T14:00:00Z,22.9,25.5,81,0.4,0.4,0.0,51,6.5
2024-05-23 11:00:00,2024-05-23T15:00:00Z,22.3,24.9,83,0.6,0.6,0.0,53,6.7
2024-05-23 12:00:00,2024-05-23T16:00:00Z,22.8,24.7,78,0.0,0.0,0.0,3,10.0
2024-05-23 13:00:00,2024-05-23T17:00:00Z,23.9,26.5,72,0.0,0.0,0.0,3,2.9
2024-05-23 14:00:00,2024-05-23T18:00:00Z,24.2,26.7,69,0.0,0.0,0.0,3,3.3
2024-05-23 15:00:00,2024-05-23T19:00:00Z,25.7,27.3,59,0.0,0.0,0.0,3,5.4
2024-05-23 16:00:00,2024-05-23T20:00:00Z,26.6,27.7,49,0.0,0.0,0.0,3,8.9
2024-05-23 17:00:00,2024-05-23T21:00:00Z,26.2,26.2,51,0.0,0.0,0.0,2,12.0
2024-05-23 18:00:00,2024-05-23T22:00:00Z,26.0,25.8,54,0.0,0.0,0.0,3,15.1
2024-05-23 19:00:00,2024-05-23T23:00:00Z,25.2,25.7,58,0.0,0.0,0.0,3,11.0
2024-05-23 20:00:00,2024-05-24T00:00:00Z,23.3,24.3,65,0.0,0.0,0.0,3,7.6
2024-05-23 21:00:00,2024-05-24T01:00:00Z,20.7,22.1,77,0.0,0.0,0.0,0,5.7
2024-05-23 22:00:00,2024-05-24T02:00:00Z,20.3,21.2,77,0.0,0.0,0.0,0,8.4
2024-05-23 23:00:00,2024-05-24T03:00:00Z,19.4,20.2,82,0.0,0.0,0.0,0,9.7
2024-05-24 00:00:00,2024-05-24T04:00:00Z,18.4,19.1,87,0.0,0.0,0.0,0,9.6
2024-05-24 01:00:00,2024-05-24T05:00:00Z,17.8,18.4,88,0.0,0.0,0.0,0,9.8
2024-05-24 02:00:00,2024-05-24T06:00:00Z,17.2,17.8,90,0.0,0.0,0.0,1,8.8
2024-05-24 03:00:00,2024-05-24T07:00:00Z,16.5,17.3,93,0.0,0.0,0.0,0,6.5
2024-05-24 04:00:00,2024-05-24T08:00:00Z,15.9,16.6,95,0.0,0.0,0.0,3,6.2
2024-05-24 05:00:00,2024-05-24T09:00:00Z,15.8,16.6,95,0.0,0.0,0.0,3,5.8
2024-05-24 06:00:00,2024-05-24T10:00:00Z,15.4,16.3,97,0.0,0.0,0.0,3,5.2
2024-05-24 07:00:00,2024-05-24T11:00:00Z,16.8,17.7,92,0.0,0.0,0.0,3,6.3
2024-05-24 08:00:00,2024-05-24T12:00:00Z,18.6,19.5,82,0.0,0.0,0.0,3,6.4
2024-05-24 09:00:00,2024-05-24T13:00:00Z,22.3,22.4,58,0.0,0.0,0.0,3,6.8
2024-05-24 10:00:00,2024-05-24T14:00:00Z,24.5,24.0,42,0.0,0.0,0.0,0,7.6
2024-05-24 11:00:00,2024-05-24T15:00:00Z,25.7,25.2,32,0.0,0.0,0.0,0,9.9
2024-05-24 12:00:00,2024-05-24T16:00:00Z,26.3,25.6,28,0.0,0.0,0.0,0,12.1
2024-05-24 13:00:00,2024-05-24T17:00:00Z,26.8,26.1,27,0.0,0.0,0.0,0,13.5
2024-05-24 14:00:00,2024-05-24T18:00:00Z,27.3,26.8,28,0.0,0.0,0.0,0,13.1
2024-05-24 15:00:00,2024-05-24T19:00:00Z,27.6,26.6,27,0.0,0.0,0.0,0,14.6
2024-05-24 16:00:00,2024-05-24T20:00:00Z,27.8,25.8,26,0.0,0.0,0.0,0,16.5
2024-05-24 17:00:00,2024-05-24T21:00:00Z,27.9,24.8,27,0.0,0.0,0.0,0,17.9
2024-05-24 18:00:00,2024-05-24T22:00:00Z,27.6,26.1,31,0.0,0.0,0.0,0,8.9
2024-05-24 19:00:00,2024-05-24T23:00:00Z,25.5,27.0,55,0.0,0.0,0.0,0,3.3
2024-05-24 20:00:00,2024-05-25T00:00:00Z,21.6,21.9,63,0.0,0.0,0.0,0,7.9
2024-05-24 21:00:00,2024-05-25T01:00:00Z,22.7,22.0,45,0.0,0.0,0.0,0,4.5
2024-05-24 22:00:00,2024-05-25T02:00:00Z,20.1,19.7,57,0.0,0.0,0.0,0,5.8
2024-05-24 23:00:00,2024-05-25T03:00:00Z,17.5,17.2,73,0.0,0.0,0.0,0,7.7
2024-05-25 00:00:00,2024-05-25T04:00:00Z,17.0,17.1,79,0.0,0.0,0.0,0,6.0
2024-05-25 01:00:00,2024-05-25T05:00:00Z,16.7,15.0,69,0.0,0.0,0.0,0,13.8
2024-05-25 02:00:00,2024-05-25T06:00:00Z,16.6,14.8,65,0.0,0.0,0.0,0,12.7
2024-05-25 03:00:00,2024-05-25T07:00:00Z,15.6,14.4,71,0.0,0.0,0.0,1,9.2
2024-05-25 04:00:00,2024-05-25T08:00:00Z,14.3,13.6,79,0.0,0.0,0.0,2,6.0
2024-05-25 05:00:00,2024-05-25T09:00:00Z,13.8,13.1,81,0.0,0.0,0.0,3,6.0
2024-05-25 06:00:00,2024-05-25T10:00:00Z,14.9,14.6,74,0.0,0.0,0.0,3,2.9
2024-05-25 07:00:00,2024-05-25T11:00:00Z,15.7,15.1,74,0.0,0.0,0.0,0,6.6
2024-05-25 08:00:00,2024-05-25T12:00:00Z,17.6,16.5,61,0.0,0.0,0.0,1,6.9
2024-05-25 09:00:00,2024-05-25T13:00:00Z,20.2,19.1,53,0.0,0.0,0.0,0,8.1
2024-05-25 10:00:00,2024-05-25T14:00:00Z,21.8,21.7,49,0.0,0.0,0.0,2,6.4
2024-05-25 11:00:00,2024-05-25T15:00:00Z,23.4,24.4,47,0.0,0.0,0.0,3,5.8
2024-05-25 12:00:00,2024-05-25T16:00:00Z,24.7,26.3,45,0.0,0.0,0.0,1,7.2
2024-05-25 13:00:00,2024-05-25T17:00:00Z,25.6,26.5,43,0.0,0.0,0.0,2,12.4
2024-05-25 14:00:00,2024-05-25T18:00:00Z,25.2,24.9,40,0.0,0.0,0.0,2,16.8
2024-05-25 15:00:00,2024-05-25T19:00:00Z,24.7,24.1,40,0.0,0.0,0.0,3,15.8
2024-05-25 16:00:00,2024-05-25T20:00:00Z,23.9,22.4,42,0.0,0.0,0.0,3,16.1
2024-05-25 17:00:00,2024-05-25T21:00:00Z,21.7,19.7,50,0.0,0.0,0.0,3,15.9
2024-05-25 18:00:00,2024-05-25T22:00:00Z,20.3,18.9,60,0.0,0.0,0.0,0,14.3
2024-05-25 19:00:00,2024-05-25T23:00:00Z,18.8,17.9,69,0.0,0.0,0.0,0,12.0
2024-05-25 20:00:00,2024-05-26T00:00:00Z,16.7,15.8,80,0.0,0.0,0.0,1,12.6
2024-05-25 21:00:00,2024-05-26T01:00:00Z,16.8,16.3,76,0.0,0.0,0.0,3,9.0
2024-05-25 22:00:00,2024-05-26T02:00:00Z,15.7,15.6,85,0.0,0.0,0.0,3,8.0
2024-05-25 23:00:00,2024-05-26T03:00:00Z,15.7,15.7,89,0.0,0.0,0.0,3,8.8
2024-05-26 00:00:00,2024-05-26T04:00:00Z,15.8,16.2,93,0.0,0.0,0.0,3,7.2
2024-05-26 01:00:00,2024-05-26T05:00:00Z,15.8,17.2,97,0.1,0.1,0.0,51,1.9
2024-05-26 02:00:00,2024-05-26T06:00:00Z,15.8,17.4,94,0.0,0.0,0.0,3,0.4
2024-05-26 03:00:00,2024-05-26T07:00:00Z,15.4,16.7,97,0.0,0.0,0.0,3,2.2
2024-05-26 04:00:00,2024-05-26T08:00:00Z,15.2,16.3,98,0.0,0.0,0.0,3,4.0
2024-05-26 05:00:00,2024-05-26T09:00:00Z,14.9,15.9,99,0.0,0.0,0.0,3,3.4
2024-05-26 06:00:00,2024-05-26T10:00:00Z,15.2,15.8,98,0.1,0.1,0.0,51,6.8
2024-05-26 07:00:00,2024-05-26T11:00:00Z,16.2,17.0,94,0.0,0.0,0.0,2,6.8
2024-05-26 08:00:00,2024-05-26T12:00:00Z,17.8,18.8,89,0.0,0.0,0.0,1,7.1
2024-05-26 09:00:00,2024-05-26T13:00:00Z,20.2,21.8,88,0.0,0.0,0.0,3,9.3
2024-05-26 10:00:00,2024-05-26T14:00:00Z,22.2,24.2,78,0.0,0.0,0.0,3,8.9
2024-05-26 11:00:00,2024-05-26T15:00:00Z,24.0,26.9,70,0.0,0.0,0.0,0,8.2
2024-05-26 12:00:00,2024-05-26T16:00:00Z,25.0,28.2,66,0.0,0.0,0.0,1,9.8
2024-05-26 13:00:00,2024-05-26T17:00:00Z,25.3,27.9,64,0.0,0.0,0.0,1,10.8
2024-05-26 14:00:00,2024-05-26T18:00:00Z,25.6,27.9,61,0.0,0.0,0.0,1,12.2
2024-05-26 15:00:00,2024-05-26T19:00:00Z,25.2,26.8,64,0.0,0.0,0.0,1,15.5
2024-05-26 16:00:00,2024-05-26T20:00:00Z,23.9,24.8,69,0.0,0.0,0.0,1,15.5
2024-05-26 17:00:00,2024-05-26T21:00:00Z,21.8,22.3,78,0.0,0.0,0.0,3,16.0
2024-05-26 18:00:00,2024-05-26T22:00:00Z,20.2,20.8,83,0.0,0.0,0.0,3,13.7
2024-05-26 19:00:00,2024-05-26T23:00:00Z,19.2,20.1,87,0.0,0.0,0.0,3,11.0
2024-05-26 20:00:00,2024-05-27T00:00:00Z,18.1,18.6,93,0.0,0.0,0.0,3,13.0
2024-05-26 21:00:00,2024-05-27T01:00:00Z,18.3,19.7,99,0.0,0.0,0.0,3,10.3
2024-05-26 22:00:00,2024-05-27T02:00:00Z,18.2,19.0,98,0.0,0.0,0.0,3,14.2
2024-05-26 23:00:00,2024-05-27T03:00:00Z,18.2,19.1,97,0.0,0.0,0.0,3,13.3
2024-05-27 00:00:00,2024-05-27T04:00:00Z,18.0,18.7,97,0.0,0.0,0.0,3,13.3
2024-05-27 01:00:00,2024-05-27T05:00:00Z,17.3,17.7,98,0.0,0.0,0.0,3,14.0
2024-05-27 02:00:00,2024-05-27T06:00:00Z,16.6,16.9,99,0.0,0.0,0.0,3,13.2
2024-05-27 03:00:00,2024-05-27T07:00:00Z,16.3,16.4,99,0.0,0.0,0.0,3,13.6
2024-05-27 04:00:00,2024-05-27T08:00:00Z,16.4,16.5,97,0.0,0.0,0.0,3,13.8
2024-05-27 05:00:00,2024-05-27T09:00:00Z,16.5,16.3,98,0.6,0.6,0.0,53,16.2
2024-05-27 06:00:00,2024-05-27T10:00:00Z,16.5,16.6,99,0.0,0.0,0.0,3,14.2
2024-05-27 07:00:00,2024-05-27T11:00:00Z,16.7,16.9,97,0.0,0.0,0.0,3,13.5
2024-05-27 08:00:00,2024-05-27T12:00:00Z,16.8,17.3,97,0.3,0.3,0.0,51,11.2
2024-05-27 09:00:00,2024-05-27T13:00:00Z,19.5,20.1,92,0.1,0.1,0.0,51,16.3
2024-05-27 10:00:00,2024-05-27T14:00:00Z,19.9,20.2,92,0.3,0.3,0.0,51,19.6
2024-05-27 11:00:00,2024-05-27T15:00:00Z,21.2,20.7,85,0.1,0.1,0.0,51,25.1
2024-05-27 12:00:00,2024-05-27T16:00:00Z,20.6,20.7,89,0.1,0.1,0.0,51,21.8
2024-05-27 13:00:00,2024-05-27T17:00:00Z,21.6,21.0,83,0.1,0.1,0.0,51,26.0
2024-05-27 14:00:00,2024-05-27T18:00:00Z,21.4,20.9,84,2.6,2.6,0.0,63,24.8
2024-05-27 15:00:00,2024-05-27T19:00:00Z,19.8,20.4,94,3.9,3.9,0.0,63,18.3
2024-05-27 16:00:00,2024-05-27T20:00:00Z,20.5,20.8,95,1.2,1.2,0.0,55,23.0
2024-05-27 17:00:00,2024-05-27T21:00:00Z,19.1,19.8,97,1.4,1.4,0.0,61,17.2
2024-05-27 18:00:00,2024-05-27T22:00:00Z,18.5,19.3,97,1.4,1.4,0.0,61,14.4
2024-05-27 19:00:00,2024-05-27T23:00:00Z,18.7,19.0,95,3.5,3.5,0.0,63,16.9
2024-05-27 20:00:00,2024-05-28T00:00:00Z,18.7,18.9,95,0.8,0.8,0.0,53,17.7
2024-05-27 21:00:00,2024-05-28T01:00:00Z,17.6,19.1,97,7.9,7.9,0.0,65,7.1
2024-05-27 22:00:00,2024-05-28T02:00:00Z,17.7,18.7,97,8.9,8.9,0.0,65,10.7
2024-05-27 23:00:00,2024-05-28T03:00:00Z,17.7,19.0,97,6.2,6.2,0.0,63,8.2
2024-05-28 00:00:00,2024-05-28T04:00:00Z,17.7,19.1,98,0.0,0.0,0.0,3,9.0
2024-05-28 01:00:00,2024-05-28T05:00:00Z,18.1,19.5,97,0.0,0.0,0.0,3,9.4
2024-05-28 02:00:00,2024-05-28T06:00:00Z,18.2,19.9,97,0.0,0.0,0.0,3,7.4
2024-05-28 03:00:00,2024-05-28T07:00:00Z,18.3,20.1,97,0.0,0.0,0.0,3,7.5
2024-05-28 04:00:00,2024-05-28T08:00:00Z,18.2,19.7,98,0.0,0.0,0.0,3,9.3
2024-05-28 05:00:00,2024-05-28T09:00:00Z,18.5,19.8,98,0.0,0.0,0.0,2,11.2
2024-05-28 06:00:00,2024-05-28T10:00:00Z,18.2,19.0,95,0.0,0.0,0.0,0,12.4
2024-05-28 07:00:00,2024-05-28T11:00:00Z,18.5,18.9,91,0.0,0.0,0.0,0,14.8
2024-05-28 08:00:00,2024-05-28T12:00:00Z,19.5,19.5,83,0.0,0.0,0.0,0,16.3
2024-05-28 09:00:00,2024-05-28T13:00:00Z,21.1,20.7,73,0.0,0.0,0.0,0,16.7
2024-05-28 10:00:00,2024-05-28T14:00:00Z,21.9,21.3,66,0.0,0.0,0.0,0,18.6
2024-05-28 11:00:00,2024-05-28T15:00:00Z,22.8,22.9,59,0.0,0.0,0.0,0,17.8
2024-05-28 12:00:00,2024-05-28T16:00:00Z,23.8,23.9,53,0.0,0.0,0.0,0,19.1
2024-05-28 13:00:00,2024-05-28T17:00:00Z,25.1,24.8,44,0.0,0.0,0.0,0,18.8
2024-05-28 14:00:00,2024-05-28T18:00:00Z,26.1,24.5,38,0.0,0.0,0.0,0,23.3
2024-05-28 15:00:00,2024-05-28T19:00:00Z,25.6,23.1,39,0.0,0.0,0.0,0,26.5
2024-05-28 16:00:00,2024-05-28T20:00:00Z,25.7,23.5,39,0.0,0.0,0.0,0,23.0
2024-05-28 17:00:00,2024-05-28T21:00:00Z,25.6,22.7,39,0.0,0.0,0.0,0,22.7
2024-05-28 18:00:00,2024-05-28T22:00:00Z,25.0,22.3,42,0.0,0.0,0.0,0,21.2
2024-05-28 19:00:00,2024-05-28T23:00:00Z,23.7,21.9,48,0.0,0.0,0.0,0,16.8
2024-05-28 20:00:00,2024-05-29T00:00:00Z,22.2,20.5,51,0.0,0.0,0.0,0,15.3
2024-05-28 21:00:00,2024-05-29T01:00:00Z,19.3,18.3,62,0.0,0.0,0.0,1,11.0
2024-05-28 22:00:00,2024-05-29T02:00:00Z,17.9,17.5,70,0.0,0.0,0.0,0,7.6
2024-05-28 23:00:00,2024-05-29T03:00:00Z,17.0,16.2,75,0.0,0.0,0.0,0,11.3
2024-05-29 00:00:00,2024-05-29T04:00:00Z,16.2,15.6,79,0.0,0.0,0.0,0,9.9
2024-05-29 01:00:00,2024-05-29T05:00:00Z,15.5,14.7,81,0.0,0.0,0.0,0,10.5
2024-05-29 02:00:00,2024-05-29T06:00:00Z,14.9,14.3,83,0.0,0.0,0.0,0,8.5
2024-05-29 03:00:00,2024-05-29T07:00:00Z,14.4,13.9,86,0.0,0.0,0.0,0,7.6
2024-05-29 04:00:00,2024-05-29T08:00:00Z,13.8,13.4,90,0.0,0.0,0.0,0,7.3
2024-05-29 05:00:00,2024-05-29T09:00:00Z,13.5,12.9,91,0.0,0.0,0.0,0,8.5
2024-05-29 06:00:00,2024-05-29T10:00:00Z,13.3,12.7,91,0.0,0.0,0.0,0,8.5
2024-05-29 07:00:00,2024-05-29T11:00:00Z,14.6,14.0,84,0.0,0.0,0.0,0,8.0
2024-05-29 08:00:00,2024-05-29T12:00:00Z,16.2,15.5,77,0.0,0.0,0.0,0,9.0
2024-05-29 09:00:00,2024-05-29T13:00:00Z,18.7,17.8,64,0.0,0.0,0.0,0,10.0
2024-05-29 10:00:00,2024-05-29T14:00:00Z,20.0,19.8,57,0.0,0.0,0.0,0,7.9
2024-05-29 11:00:00,2024-05-29T15:00:00Z,21.2,22.2,53,0.0,0.0,0.0,1,5.5
2024-05-29 12:00:00,2024-05-29T16:00:00Z,21.6,22.6,50,0.1,0.1,0.0,51,3.3
2024-05-29 13:00:00,2024-05-29T17:00:00Z,22.4,23.4,47,0.0,0.0,0.0,1,5.5
2024-05-29 14:00:00,2024-05-29T18:00:00Z,23.0,24.1,47,0.0,0.0,0.0,1,5.9
2024-05-29 15:00:00,2024-05-29T19:00:00Z,23.4,24.4,46,0.0,0.0,0.0,0,5.6
2024-05-29 16:00:00,2024-05-29T20:00:00Z,23.8,24.6,45,0.0,0.0,0.0,1,5.0
2024-05-29 17:00:00,2024-05-29T21:00:00Z,23.6,23.1,45,0.0,0.0,0.0,1,5.8
2024-05-29 18:00:00,2024-05-29T22:00:00Z,20.9,20.1,64,1.0,1.0,0.0,55,13.8
2024-05-29 19:00:00,2024-05-29T23:00:00Z,20.0,18.9,66,0.0,0.0,0.0,3,15.3
2024-05-29 20:00:00,2024-05-30T00:00:00Z,16.6,15.8,87,1.2,1.2,0.0,55,15.8
2024-05-29 21:00:00,2024-05-30T01:00:00Z,16.6,16.8,89,3.4,3.4,0.0,63,8.9
2024-05-29 22:00:00,2024-05-30T02:00:00Z,16.6,17.8,89,3.8,3.8,0.0,63,2.7
2024-05-29 23:00:00,2024-05-30T03:00:00Z,16.6,17.3,91,2.8,2.8,0.0,63,6.8
2024-05-30 00:00:00,2024-05-30T04:00:00Z,16.3,16.7,88,1.7,1.7,0.0,61,7.1
2024-05-30 01:00:00,2024-05-30T05:00:00Z,15.6,15.3,88,1.1,1.1,0.0,55,10.1
2024-05-30 02:00:00,2024-05-30T06:00:00Z,14.7,14.7,89,0.2,0.2,0.0,51,5.9
2024-05-30 03:00:00,2024-05-30T07:00:00Z,14.6,13.7,88,0.0,0.0,0.0,3,12.4
2024-05-30 04:00:00,2024-05-30T08:00:00Z,14.0,12.2,88,0.0,0.0,0.0,3,17.1
2024-05-30 05:00:00,2024-05-30T09:00:00Z,13.6,12.2,91,0.1,0.1,0.0,51,13.6
2024-05-30 06:00:00,2024-05-30T10:00:00Z,13.2,11.9,91,0.1,0.1,0.0,51,12.9
2024-05-30 07:00:00,2024-05-30T11:00:00Z,13.5,11.8,87,0.0,0.0,0.0,0,14.6
2024-05-30 08:00:00,2024-05-30T12:00:00Z,14.4,12.1,80,0.0,0.0,0.0,0,18.3
2024-05-30 09:00:00,2024-05-30T13:00:00Z,15.3,12.5,73,0.0,0.0,0.0,1,19.9
2024-05-30 10:00:00,2024-05-30T14:00:00Z,16.7,14.0,65,0.0,0.0,0.0,1,20.4
2024-05-30 11:00:00,2024-05-30T15:00:00Z,17.9,15.4,57,0.0,0.0,0.0,2,18.8
2024-05-30 12:00:00,2024-05-30T16:00:00Z,18.6,15.8,52,0.0,0.0,0.0,3,18.6
2024-05-30 13:00:00,2024-05-30T17:00:00Z,19.7,17.9,47,0.0,0.0,0.0,2,15.7
2024-05-30 14:00:00,2024-05-30T18:00:00Z,20.5,19.2,43,0.0,0.0,0.0,2,14.0
2024-05-30 15:00:00,2024-05-30T19:00:00Z,20.7,18.7,41,0.0,0.0,0.0,3,14.3
2024-05-30 16:00:00,2024-05-30T20:00:00Z,20.5,18.2,42,0.0,0.0,0.0,1,13.1
2024-05-30 17:00:00,2024-05-30T21:00:00Z,20.1,17.7,42,0.0,0.0,0.0,1,11.3
2024-05-30 18:00:00,2024-05-30T22:00:00Z,19.9,17.3,39,0.0,0.0,0.0,1,10.6
2024-05-30 19:00:00,2024-05-30T23:00:00Z,19.3,17.3,43,0.0,0.0,0.0,1,7.9
2024-05-30 20:00:00,2024-05-31T00:00:00Z,17.5,16.0,55,0.0,0.0,0.0,1,7.2
2024-05-30 21:00:00,2024-05-31T01:00:00Z,15.0,13.7,67,0.0,0.0,0.0,2,7.0
2024-05-30 22:00:00,2024-05-31T02:00:00Z,14.2,13.1,74,0.0,0.0,0.0,3,6.5
2024-05-30 23:00:00,2024-05-31T03:00:00Z,15.3,14.0,68,0.0,0.0,0.0,3,7.4
2024-05-31 00:00:00,2024-05-31T04:00:00Z,15.1,12.8,62,0.0,0.0,0.0,1,12.0
2024-05-31 01:00:00,2024-05-31T05:00:00Z,14.0,10.8,57,0.0,0.0,0.0,1,14.1
2024-05-31 02:00:00,2024-05-31T06:00:00Z,13.3,10.0,57,0.0,0.0,0.0,2,14.0
2024-05-31 03:00:00,2024-05-31T07:00:00Z,12.9,9.8,59,0.0,0.0,0.0,2,13.0
2024-05-31 04:00:00,2024-05-31T08:00:00Z,12.9,9.6,58,0.0,0.0,0.0,3,13.8
2024-05-31 05:00:00,2024-05-31T09:00:00Z,12.7,9.5,58,0.0,0.0,0.0,3,13.0
2024-05-31 06:00:00,2024-05-31T10:00:00Z,12.3,9.3,62,0.0,0.0,0.0,0,12.1
2024-05-31 07:00:00,2024-05-31T11:00:00Z,12.8,10.1,66,0.0,0.0,0.0,1,12.2
2024-05-31 08:00:00,2024-05-31T12:00:00Z,14.8,11.9,58,0.0,0.0,0.0,0,13.6
2024-05-31 09:00:00,2024-05-31T13:00:00Z,17.2,14.4,52,0.0,0.0,0.0,0,14.2
2024-05-31 10:00:00,2024-05-31T14:00:00Z,18.9,16.3,44,0.0,0.0,0.0,0,15.7
2024-05-31 11:00:00,2024-05-31T15:00:00Z,20.3,18.0,37,0.0,0.0,0.0,1,16.5
2024-05-31 12:00:00,2024-05-31T16:00:00Z,21.3,19.1,32,0.0,0.0,0.0,3,16.6
2024-05-31 13:00:00,2024-05-31T17:00:00Z,21.7,19.4,30,0.0,0.0,0.0,2,15.0
2024-05-31 14:00:00,2024-05-31T18:00:00Z,22.7,20.3,27,0.0,0.0,0.0,3,16.2
2024-05-31 15:00:00,2024-05-31T19:00:00Z,22.0,17.6,29,0.0,0.0,0.0,3,18.6
2024-05-31 16:00:00,2024-05-31T20:00:00Z,22.4,18.4,29,0.0,0.0,0.0,2,17.1
2024-05-31 17:00:00,2024-05-31T21:00:00Z,22.7,19.6,30,0.0,0.0,0.0,3,12.1
2024-05-31 18:00:00,2024-05-31T22:00:00Z,23.5,19.9,28,0.0,0.0,0.0,0,14.7
2024-05-31 19:00:00,2024-05-31T23:00:00Z,20.7,17.1,38,0.0,0.0,0.0,0,17.9
2024-05-31 20:00:00,2024-06-01T00:00:00Z,19.2,16.0,43,0.0,0.0,0.0,0,14.8
2024-05-31 21:00:00,2024-06-01T01:00:00Z,17.7,15.6,52,0.0,0.0,0.0,1,10.4
2024-05-31 22:00:00,2024-06-01T02:00:00Z,17.2,14.4,52,0.0,0.0,0.0,0,14.1
2024-05-31 23:00:00,2024-06-01T03:00:00Z,16.9,13.5,45,0.0,0.0,0.0,0,14.8
2024-06-01 00:00:00,2024-06-01T04:00:00Z,15.3,12.4,51,0.0,0.0,0.0,0,11.5
2024-06-01 01:00:00,2024-06-01T05:00:00Z,14.2,11.5,55,0.0,0.0,0.0,0,10.5
2024-06-01 02:00:00,2024-06-01T06:00:00Z,13.7,11.0,57,0.0,0.0,0.0,0,10.2
2024-06-01 03:00:00,2024-06-01T07:00:00Z,13.3,10.6,57,0.0,0.0,0.0,0,9.9
2024-06-01 04:00:00,2024-06-01T08:00:00Z,13.2,10.3,56,0.0,0.0,0.0,0,11.2
2024-06-01 05:00:00,2024-06-01T09:00:00Z,13.6,10.4,53,0.0,0.0,0.0,0,12.5
2024-06-01 06:00:00,2024-06-01T10:00:00Z,14.0,10.6,53,0.0,0.0,0.0,0,14.3
2024-06-01 07:00:00,2024-06-01T11:00:00Z,15.5,12.2,53,0.0,0.0,0.0,0,15.1
2024-06-01 08:00:00,2024-06-01T12:00:00Z,17.5,15.1,53,0.0,0.0,0.0,0,12.1
2024-06-01 09:00:00,2024-06-01T13:00:00Z,19.5,17.1,48,0.0,0.0,0.0,0,12.7
2024-06-01 10:00:00,2024-06-01T14:00:00Z,21.4,19.6,43,0.0,0.0,0.0,0,12.9
2024-06-01 11:00:00,2024-06-01T15:00:00Z,23.3,22.8,38,0.0,0.0,0.0,0,10.2
2024-06-01 12:00:00,2024-06-01T16:00:00Z,24.8,25.3,34,0.0,0.0,0.0,0,7.8
2024-06-01 13:00:00,2024-06-01T17:00:00Z,25.9,26.5,30,0.0,0.0,0.0,0,7.2
2024-06-01 14:00:00,2024-06-01T18:00:00Z,26.5,27.0,28,0.0,0.0,0.0,0,7.2
2024-06-01 15:00:00,2024-06-01T19:00:00Z,26.9,26.7,27,0.0,0.0,0.0,2,8.9
2024-06-01 16:00:00,2024-06-01T20:00:00Z,27.0,25.5,27,0.0,0.0,0.0,0,12.5
2024-06-01 17:00:00,2024-06-01T21:00:00Z,26.7,24.4,27,0.0,0.0,0.0,1,12.6
2024-06-01 18:00:00,2024-06-01T22:00:00Z,26.6,24.4,29,0.0,0.0,0.0,1,10.0
2024-06-01 19:00:00,2024-06-01T23:00:00Z,24.8,24.5,42,0.0,0.0,0.0,1,4.3
2024-06-01 20:00:00,2024-06-02T00:00:00Z,21.4,20.2,54,0.0,0.0,0.0,1,11.9
2024-06-01 21:00:00,2024-06-02T01:00:00Z,20.1,18.3,48,0.0,0.0,0.0,3,10.2
2024-06-01 22:00:00,2024-06-02T02:00:00Z,19.6,17.0,41,0.0,0.0,0.0,3,10.8
2024-06-01 23:00:00,2024-06-02T03:00:00Z,19.0,16.2,40,0.0,0.0,0.0,2,10.8
2024-06-02 00:00:00,2024-06-02T04:00:00Z,17.7,15.3,45,0.0,0.0,0.0,0,9.1
2024-06-02 01:00:00,2024-06-02T05:00:00Z,15.9,14.1,55,0.0,0.0,0.0,0,7.1
2024-06-02 02:00:00,2024-06-02T06:00:00Z,15.4,13.1,58,0.0,0.0,0.0,3,10.5
2024-06-02 03:00:00,2024-06-02T07:00:00Z,15.0,12.2,54,0.0,0.0,0.0,3,11.8
2024-06-02 04:00:00,2024-06-02T08:00:00Z,14.4,11.7,54,0.0,0.0,0.0,3,10.5
2024-06-02 05:00:00,2024-06-02T09:00:00Z,14.2,11.7,56,0.0,0.0,0.0,3,9.5
2024-06-02 06:00:00,2024-06-02T10:00:00Z,14.3,12.3,62,0.0,0.0,0.0,3,8.3
2024-06-02 07:00:00,2024-06-02T11:00:00Z,15.6,14.0,64,0.0,0.0,0.0,3,9.2
2024-06-02 08:00:00,2024-06-02T12:00:00Z,17.7,16.8,62,0.0,0.0,0.0,3,6.5
2024-06-02 09:00:00,2024-06-02T13:00:00Z,19.7,19.1,59,0.0,0.0,0.0,3,6.9
2024-06-02 10:00:00,2024-06-02T14:00:00Z,21.8,21.4,53,0.0,0.0,0.0,3,6.5
2024-06-02 11:00:00,2024-06-02T15:00:00Z,24.1,24.5,48,0.0,0.0,0.0,3,5.9
2024-06-02 12:00:00,2024-06-02T16:00:00Z,25.9,25.9,37,0.0,0.0,0.0,3,10.7
2024-06-02 13:00:00,2024-06-02T17:00:00Z,26.3,25.7,36,0.0,0.0,0.0,3,13.8
2024-06-02 14:00:00,2024-06-02T18:00:00Z,26.8,26.8,37,0.0,0.0,0.0,3,14.5
2024-06-02 15:00:00,2024-06-02T19:00:00Z,26.1,26.0,43,0.0,0.0,0.0,3,17.1
2024-06-02 16:00:00,2024-06-02T20:00:00Z,24.9,23.5,48,0.0,0.0,0.0,3,20.9
2024-06-02 17:00:00,2024-06-02T21:00:00Z,24.4,22.9,53,0.0,0.0,0.0,3,19.0
2024-06-02 18:00:00,2024-06-02T22:00:00Z,24.1,24.5,62,0.0,0.0,0.0,3,12.5
2024-06-02 19:00:00,2024-06-02T23:00:00Z,24.1,23.8,51,0.0,0.0,0.0,3,9.0
2024-06-02 20:00:00,2024-06-03T00:00:00Z,22.6,22.1,50,0.0,0.0,0.0,3,6.4
2024-06-02 21:00:00,2024-06-03T01:00:00Z,21.2,20.9,60,0.0,0.0,0.0,3,8.4
2024-06-02 22:00:00,2024-06-03T02:00:00Z,20.1,20.9,76,0.0,0.0,0.0,3,8.1
2024-06-02 23:00:00,2024-06-03T03:00:00Z,19.0,20.4,84,0.0,0.0,0.0,3,5.3
2024-06-03 00:00:00,2024-06-03T04:00:00Z,19.5,20.3,77,0.0,0.0,0.0,1,6.6
2024-06-03 01:00:00,2024-06-03T05:00:00Z,18.9,18.6,73,0.0,0.0,0.0,3,10.5
2024-06-03 02:00:00,2024-06-03T06:00:00Z,18.2,18.6,76,0.0,0.0,0.0,3,5.8
2024-06-03 03:00:00,2024-06-03T07:00:00Z,18.1,18.7,78,0.0,0.0,0.0,3,5.2
2024-06-03 04:00:00,2024-06-03T08:00:00Z,17.8,18.4,82,0.0,0.0,0.0,3,5.8
2024-06-03 05:00:00,2024-06-03T09:00:00Z,17.4,17.9,85,0.0,0.0,0.0,0,7.6
2024-06-03 06:00:00,2024-06-03T10:00:00Z,16.9,17.4,89,0.0,0.0,0.0,1,8.5
2024-06-03 07:00:00,2024-06-03T11:00:00Z,18.3,19.1,86,0.0,0.0,0.0,1,7.7
2024-06-03 08:00:00,2024-06-03T12:00:00Z,20.2,21.3,76,0.0,0.0,0.0,0,6.5
2024-06-03 09:00:00,2024-06-03T13:00:00Z,22.8,23.2,61,0.0,0.0,0.0,0,8.3
2024-06-03 10:00:00,2024-06-03T14:00:00Z,24.6,25.7,54,0.0,0.0,0.0,0,5.8
2024-06-03 11:00:00,2024-06-03T15:00:00Z,25.9,28.0,48,0.0,0.0,0.0,0,4.1
2024-06-03 12:00:00,2024-06-03T16:00:00Z,26.9,29.2,45,0.0,0.0,0.0,0,5.9
2024-06-03 13:00:00,2024-06-03T17:00:00Z,27.7,30.0,44,0.0,0.0,0.0,0,7.6
2024-06-03 14:00:00,2024-06-03T18:00:00Z,28.4,30.6,42,0.0,0.0,0.0,0,8.5
2024-06-03 15:00:00,2024-06-03T19:00:00Z,28.7,30.2,40,0.0,0.0,0.0,1,8.5
2024-06-03 16:00:00,2024-06-03T20:00:00Z,28.9,29.8,39,0.0,0.0,0.0,2,7.9
2024-06-03 17:00:00,2024-06-03T21:00:00Z,28.1,27.6,40,0.0,0.0,0.0,2,10.9
2024-06-03 18:00:00,2024-06-03T22:00:00Z,25.9,25.4,54,0.0,0.0,0.0,3,17.3
2024-06-03 19:00:00,2024-06-03T23:00:00Z,25.0,25.3,56,0.0,0.0,0.0,3,11.2
2024-06-03 20:00:00,2024-06-04T00:00:00Z,23.5,24.2,62,0.0,0.0,0.0,2,8.8
2024-06-03 21:00:00,2024-06-04T01:00:00Z,22.4,23.0,63,0.0,0.0,0.0,3,7.6
2024-06-03 22:00:00,2024-06-04T02:00:00Z,22.0,23.1,67,0.0,0.0,0.0,1,5.8
2024-06-03 23:00:00,2024-06-04T03:00:00Z,20.6,21.7,72,0.0,0.0,0.0,1,4.3
2024-06-04 00:00:00,2024-06-04T04:00:00Z,18.9,20.2,81,0.0,0.0,0.0,2,4.0
2024-06-04 01:00:00,2024-06-04T05:00:00Z,18.1,19.3,86,0.0,0.0,0.0,0,5.6
2024-06-04 02:00:00,2024-06-04T06:00:00Z,16.9,18.0,92,0.0,0.0,0.0,0,6.1
2024-06-04 03:00:00,2024-06-04T07:00:00Z,18.1,19.5,86,0.0,0.0,0.0,0,3.1
2024-06-04 04:00:00,2024-06-04T08:00:00Z,17.3,18.7,89,0.0,0.0,0.0,0,2.6
2024-06-04 05:00:00,2024-06-04T09:00:00Z,16.0,17.1,96,0.0,0.0,0.0,0,4.5
2024-06-04 06:00:00,2024-06-04T10:00:00Z,16.0,16.9,95,0.0,0.0,0.0,0,5.7
2024-06-04 07:00:00,2024-06-04T11:00:00Z,17.8,18.3,86,0.0,0.0,0.0,0,9.0
2024-06-04 08:00:00,2024-06-04T12:00:00Z,19.8,20.8,79,0.0,0.0,0.0,0,7.4
2024-06-04 09:00:00,2024-06-04T13:00:00Z,22.1,23.2,71,0.0,0.0,0.0,0,7.8
2024-06-04 10:00:00,2024-06-04T14:00:00Z,23.5,25.1,67,0.0,0.0,0.0,0,9.0
2024-06-04 11:00:00,2024-06-04T15:00:00Z,24.3,26.3,64,0.0,0.0,0.0,0,10.9
2024-06-04 12:00:00,2024-06-04T16:00:00Z,24.8,26.7,61,0.0,0.0,0.0,3,13.2
2024-06-04 13:00:00,2024-06-04T17:00:00Z,24.8,26.4,58,0.0,0.0,0.0,3,16.1
2024-06-04 14:00:00,2024-06-04T18:00:00Z,25.2,26.9,54,0.0,0.0,0.0,3,14.0
2024-06-04 15:00:00,2024-06-04T19:00:00Z,25.3,26.1,52,0.0,0.0,0.0,3,14.4
2024-06-04 16:00:00,2024-06-04T20:00:00Z,24.9,25.3,52,0.0,0.0,0.0,3,14.4
2024-06-04 17:00:00,2024-06-04T21:00:00Z,23.9,23.0,55,0.0,0.0,0.0,3,15.9
2024-06-04 18:00:00,2024-06-04T22:00:00Z,22.0,20.7,60,0.0,0.0,0.0,3,17.4
2024-06-04 19:00:00,2024-06-04T23:00:00Z,20.0,18.8,70,0.0,0.0,0.0,3,17.5
2024-06-04 20:00:00,2024-06-05T00:00:00Z,18.3,17.9,80,0.0,0.0,0.0,3,14.3
2024-06-04 21:00:00,2024-06-05T01:00:00Z,17.4,17.8,86,0.0,0.0,0.0,3,8.9
2024-06-04 22:00:00,2024-06-05T02:00:00Z,16.5,16.9,92,0.0,0.0,0.0,3,9.3
2024-06-04 23:00:00,2024-06-05T03:00:00Z,16.0,16.9,95,0.0,0.0,0.0,3,6.3
2024-06-05 00:00:00,2024-06-05T04:00:00Z,15.5,16.6,97,0.0,0.0,0.0,3,4.3
2024-06-05 01:00:00,2024-06-05T05:00:00Z,14.8,15.5,99,0.0,0.0,0.0,1,5.1
2024-06-05 02:00:00,2024-06-05T06:00:00Z,14.7,15.5,99,0.0,0.0,0.0,2,4.8
2024-06-05 03:00:00,2024-06-05T07:00:00Z,14.4,14.9,98,0.0,0.0,0.0,2,5.6
2024-06-05 04:00:00,2024-06-05T08:00:00Z,15.3,16.3,97,0.0,0.0,0.0,2,4.2
2024-06-05 05:00:00,2024-06-05T09:00:00Z,15.2,16.4,98,0.0,0.0,0.0,1,3.2
2024-06-05 06:00:00,2024-06-05T10:00:00Z,14.9,16.0,98,0.0,0.0,0.0,2,2.9
2024-06-05 07:00:00,2024-06-05T11:00:00Z,16.1,17.1,95,0.0,0.0,0.0,3,5.6
2024-06-05 08:00:00,2024-06-05T12:00:00Z,17.2,18.4,93,0.0,0.0,0.0,3,6.0
2024-06-05 09:00:00,2024-06-05T13:00:00Z,19.2,20.9,87,0.0,0.0,0.0,3,5.4
2024-06-05 10:00:00,2024-06-05T14:00:00Z,20.1,21.8,85,0.0,0.0,0.0,3,6.8
2024-06-05 11:00:00,2024-06-05T15:00:00Z,21.4,23.1,81,0.1,0.1,0.0,51,8.3
2024-06-05 12:00:00,2024-06-05T16:00:00Z,23.7,24.9,69,0.1,0.1,0.0,51,11.5
2024-06-05 13:00:00,2024-06-05T17:00:00Z,25.2,27.0,61,0.1,0.1,0.0,51,13.0
2024-06-05 14:00:00,2024-06-05T18:00:00Z,25.8,27.0,57,0.0,0.0,0.0,3,15.3
2024-06-05 15:00:00,2024-06-05T19:00:00Z,24.1,23.9,69,0.0,0.0,0.0,3,22.0
2024-06-05 16:00:00,2024-06-05T20:00:00Z,24.0,23.5,69,0.0,0.0,0.0,3,23.2
2024-06-05 17:00:00,2024-06-05T21:00:00Z,23.0,22.9,76,0.0,0.0,0.0,3,22.5
2024-06-05 18:00:00,2024-06-05T22:00:00Z,22.3,22.7,80,0.0,0.0,0.0,3,19.1
2024-06-05 19:00:00,2024-06-05T23:00:00Z,22.0,22.8,81,0.0,0.0,0.0,3,15.9
2024-06-05 20:00:00,2024-06-06T00:00:00Z,20.7,21.9,88,0.0,0.0,0.0,3,13.6
2024-06-05 21:00:00,2024-06-06T01:00:00Z,19.7,22.0,95,11.2,11.2,0.0,65,6.6
2024-06-05 22:00:00,2024-06-06T02:00:00Z,19.8,22.7,95,2.6,2.6,0.0,63,2.8
2024-06-05 23:00:00,2024-06-06T03:00:00Z,19.6,21.3,96,0.5,0.5,0.0,53,10.7
2024-06-06 00:00:00,2024-06-06T04:00:00Z,19.3,21.2,97,0.4,0.4,0.0,51,9.1
2024-06-06 01:00:00,2024-06-06T05:00:00Z,18.9,19.7,98,0.3,0.3,0.0,51,16.1
2024-06-06 02:00:00,2024-06-06T06:00:00Z,18.7,19.7,97,2.6,2.6,0.0,63,13.7
2024-06-06 03:00:00,2024-06-06T07:00:00Z,18.7,19.0,97,2.1,2.1,0.0,61,18.9
2024-06-06 04:00:00,2024-06-06T08:00:00Z,19.1,18.2,95,9.7,9.7,0.0,65,27.6
2024-06-06 05:00:00,2024-06-06T09:00:00Z,19.3,18.7,96,1.8,1.8,0.0,61,26.1
2024-06-06 06:00:00,2024-06-06T10:00:00Z,18.8,19.6,97,0.0,0.0,0.0,3,14.8
2024-06-06 07:00:00,2024-06-06T11:00:00Z,19.4,20.8,94,0.0,0.0,0.0,3,11.6
2024-06-06 08:00:00,2024-06-06T12:00:00Z,20.7,22.6,89,0.1,0.1,0.0,51,9.5
2024-06-06 09:00:00,2024-06-06T13:00:00Z,23.5,25.8,84,0.1,0.1,0.0,51,12.4
2024-06-06 10:00:00,2024-06-06T14:00:00Z,24.3,26.2,76,0.0,0.0,0.0,1,12.4
2024-06-06 11:00:00,2024-06-06T15:00:00Z,26.2,29.4,66,0.0,0.0,0.0,3,10.0
2024-06-06 12:00:00,2024-06-06T16:00:00Z,27.1,30.0,63,0.0,0.0,0.0,3,8.1
2024-06-06 13:00:00,2024-06-06T17:00:00Z,24.4,26.0,76,5.4,5.4,0.0,63,15.5
2024-06-06 14:00:00,2024-06-06T18:00:00Z,23.3,26.1,84,0.8,0.8,0.0,53,9.0
2024-06-06 15:00:00,2024-06-06T19:00:00Z,25.9,29.1,72,1.0,1.0,0.0,55,10.3
2024-06-06 16:00:00,2024-06-06T20:00:00Z,23.3,25.9,84,9.0,9.0,0.0,65,9.4
2024-06-06 17:00:00,2024-06-06T21:00:00Z,23.8,25.8,82,0.2,0.2,0.0,51,14.1
2024-06-06 18:00:00,2024-06-06T22:00:00Z,24.6,27.0,80,0.0,0.0,0.0,3,13.3
2024-06-06 19:00:00,2024-06-06T23:00:00Z,24.8,27.5,81,0.0,0.0,0.0,1,12.5
2024-06-06 20:00:00,2024-06-07T00:00:00Z,24.2,27.3,84,0.0,0.0,0.0,1,10.0
2024-06-06 21:00:00,2024-06-07T01:00:00Z,22.8,25.8,80,0.1,0.1,0.0,51,3.3
2024-06-06 22:00:00,2024-06-07T02:00:00Z,23.1,26.2,78,0.0,0.0,0.0,2,2.5
2024-06-06 23:00:00,2024-06-07T03:00:00Z,22.7,25.6,80,0.1,0.1,0.0,51,3.4
2024-06-07 00:00:00,2024-06-07T04:00:00Z,20.8,23.6,90,0.3,0.3,0.0,51,4.3
2024-06-07 01:00:00,2024-06-07T05:00:00Z,20.1,22.5,92,0.4,0.4,0.0,51,6.0
2024-06-07 02:00:00,2024-06-07T06:00:00Z,19.3,21.2,93,0.0,0.0,0.0,0,7.1
2024-06-07 03:00:00,2024-06-07T07:00:00Z,18.5,20.3,94,0.0,0.0,0.0,0,6.6
2024-06-07 04:00:00,2024-06-07T08:00:00Z,18.1,19.6,94,0.0,0.0,0.0,0,7.1
2024-06-07 05:00:00,2024-06-07T09:00:00Z,17.4,18.8,94,0.0,0.0,0.0,0,5.6
2024-06-07 06:00:00,2024-06-07T10:00:00Z,17.2,18.7,94,0.0,0.0,0.0,3,4.6
2024-06-07 07:00:00,2024-06-07T11:00:00Z,18.3,20.1,92,0.0,0.0,0.0,3,4.4
2024-06-07 08:00:00,2024-06-07T12:00:00Z,18.9,21.2,90,0.0,0.0,0.0,3,2.2
2024-06-07 09:00:00,2024-06-07T13:00:00Z,21.8,24.2,79,0.0,0.0,0.0,2,3.7
2024-06-07 10:00:00,2024-06-07T14:00:00Z,23.9,24.4,57,0.0,0.0,0.0,0,7.6
2024-06-07 11:00:00,2024-06-07T15:00:00Z,25.4,25.8,42,0.0,0.0,0.0,1,8.1
2024-06-07 12:00:00,2024-06-07T16:00:00Z,26.2,26.3,37,0.0,0.0,0.0,2,7.6
2024-06-07 13:00:00,2024-06-07T17:00:00Z,26.6,24.5,35,0.0,0.0,0.0,3,16.4
2024-06-07 14:00:00,2024-06-07T18:00:00Z,26.0,23.4,38,0.0,0.0,0.0,2,18.8
2024-06-07 15:00:00,2024-06-07T19:00:00Z,27.4,24.9,34,0.0,0.0,0.0,1,21.7
2024-06-07 16:00:00,2024-06-07T20:00:00Z,27.7,24.5,30,0.0,0.0,0.0,3,20.8
2024-06-07 17:00:00,2024-06-07T21:00:00Z,26.7,24.4,35,0.0,0.0,0.0,1,15.8
2024-06-07 18:00:00,2024-06-07T22:00:00Z,26.3,24.5,36,0.0,0.0,0.0,1,12.7
2024-06-07 19:00:00,2024-06-07T23:00:00Z,25.4,22.6,37,0.0,0.0,0.0,1,18.2
2024-06-07 20:00:00,2024-06-08T00:00:00Z,23.0,19.7,42,0.0,0.0,0.0,0,21.4
2024-06-07 21:00:00,2024-06-08T01:00:00Z,20.2,17.5,52,0.0,0.0,0.0,1,18.3
2024-06-07 22:00:00,2024-06-08T02:00:00Z,19.0,17.2,58,0.0,0.0,0.0,0,13.2
2024-06-07 23:00:00,2024-06-08T03:00:00Z,17.9,16.4,64,0.0,0.0,0.0,0,12.6
2024-06-08 00:00:00,2024-06-08T04:00:00Z,16.8,15.7,67,0.0,0.0,0.0,0,9.0
2024-06-08 01:00:00,2024-06-08T05:00:00Z,15.7,15.1,74,0.0,0.0,0.0,0,6.5
2024-06-08 02:00:00,2024-06-08T06:00:00Z,15.2,14.4,79,0.0,0.0,0.0,0,8.8
2024-06-08 03:00:00,2024-06-08T07:00:00Z,15.2,13.3,70,0.0,0.0,0.0,0,12.6
2024-06-08 04:00:00,2024-06-08T08:00:00Z,15.2,12.9,64,0.0,0.0,0.0,0,12.6
2024-06-08 05:00:00,2024-06-08T09:00:00Z,15.1,12.9,65,0.0,0.0,0.0,0,12.8
2024-06-08 06:00:00,2024-06-08T10:00:00Z,15.3,12.9,66,0.0,0.0,0.0,0,14.2
2024-06-08 07:00:00,2024-06-08T11:00:00Z,16.4,14.5,67,0.0,0.0,0.0,0,13.4
2024-06-08 08:00:00,2024-06-08T12:00:00Z,17.9,15.7,63,0.0,0.0,0.0,0,16.5
2024-06-08 09:00:00,2024-06-08T13:00:00Z,20.1,17.4,52,0.0,0.0,0.0,0,18.9
2024-06-08 10:00:00,2024-06-08T14:00:00Z,21.4,19.2,49,0.0,0.0,0.0,0,18.8
2024-06-08 11:00:00,2024-06-08T15:00:00Z,23.1,20.3,42,0.0,0.0,0.0,3,25.6
2024-06-08 12:00:00,2024-06-08T16:00:00Z,22.1,18.4,45,0.0,0.0,0.0,1,24.5
2024-06-08 13:00:00,2024-06-08T17:00:00Z,23.6,20.3,40,0.0,0.0,0.0,3,25.0
2024-06-08 14:00:00,2024-06-08T18:00:00Z,23.1,19.5,41,0.0,0.0,0.0,2,23.0
2024-06-08 15:00:00,2024-06-08T19:00:00Z,24.2,20.8,38,0.0,0.0,0.0,3,24.0
2024-06-08 16:00:00,2024-06-08T20:00:00Z,23.8,20.1,38,0.0,0.0,0.0,3,23.2
2024-06-08 17:00:00,2024-06-08T21:00:00Z,24.4,20.6,37,0.0,0.0,0.0,1,23.9
2024-06-08 18:00:00,2024-06-08T22:00:00Z,23.9,20.5,38,0.0,0.0,0.0,0,21.3
2024-06-08 19:00:00,2024-06-08T23:00:00Z,23.3,21.1,42,0.0,0.0,0.0,0,14.2
2024-06-08 20:00:00,2024-06-09T00:00:00Z,20.9,20.1,52,0.0,0.0,0.0,0,6.9
2024-06-08 21:00:00,2024-06-09T01:00:00Z,20.3,18.4,49,0.0,0.0,0.0,0,11.6
2024-06-08 22:00:00,2024-06-09T02:00:00Z,19.2,17.7,52,0.0,0.0,0.0,0,9.2
2024-06-08 23:00:00,2024-06-09T03:00:00Z,17.9,16.7,62,0.0,0.0,0.0,0,9.2
2024-06-09 00:00:00,2024-06-09T04:00:00Z,16.9,15.9,67,0.0,0.0,0.0,0,8.4
2024-06-09 01:00:00,2024-06-09T05:00:00Z,16.2,15.3,69,0.0,0.0,0.0,1,7.3
2024-06-09 02:00:00,2024-06-09T06:00:00Z,15.3,14.6,74,0.0,0.0,0.0,0,5.8
2024-06-09 03:00:00,2024-06-09T07:00:00Z,14.7,14.5,78,0.0,0.0,0.0,2,3.0
2024-06-09 04:00:00,2024-06-09T08:00:00Z,14.7,14.1,79,0.0,0.0,0.0,3,5.9
2024-06-09 05:00:00,2024-06-09T09:00:00Z,15.3,14.7,79,0.0,0.0,0.0,3,8.0
2024-06-09 06:00:00,2024-06-09T10:00:00Z,15.3,14.6,78,0.0,0.0,0.0,3,8.3
2024-06-09 07:00:00,2024-06-09T11:00:00Z,17.7,16.5,71,0.0,0.0,0.0,3,13.0
2024-06-09 08:00:00,2024-06-09T12:00:00Z,18.9,17.9,69,0.0,0.0,0.0,3,13.2
2024-06-09 09:00:00,2024-06-09T13:00:00Z,21.0,20.7,65,0.0,0.0,0.0,3,11.2
2024-06-09 10:00:00,2024-06-09T14:00:00Z,22.4,20.9,58,0.0,0.0,0.0,3,18.5
2024-06-09 11:00:00,2024-06-09T15:00:00Z,23.1,20.5,54,0.0,0.0,0.0,3,24.2
2024-06-09 12:00:00,2024-06-09T16:00:00Z,21.9,19.5,58,0.0,0.0,0.0,3,23.5
2024-06-09 13:00:00,2024-06-09T17:00:00Z,23.2,20.7,51,0.0,0.0,0.0,1,22.1
2024-06-09 14:00:00,2024-06-09T18:00:00Z,22.9,20.6,46,0.0,0.0,0.0,0,23.2
2024-06-09 15:00:00,2024-06-09T19:00:00Z,23.6,22.0,44,0.0,0.0,0.0,0,21.9
2024-06-09 16:00:00,2024-06-09T20:00:00Z,24.3,22.5,38,0.0,0.0,0.0,0,16.4
2024-06-09 17:00:00,2024-06-09T21:00:00Z,24.0,21.3,38,0.0,0.0,0.0,0,18.0
2024-06-09 18:00:00,2024-06-09T22:00:00Z,23.9,21.0,36,0.0,0.0,0.0,0,16.2
2024-06-09 19:00:00,2024-06-09T23:00:00Z,22.8,20.3,40,0.0,0.0,0.0,0,14.3
2024-06-09 20:00:00,2024-06-10T00:00:00Z,20.8,19.0,45,0.0,0.0,0.0,0,9.7
2024-06-09 21:00:00,2024-06-10T01:00:00Z,18.9,17.6,52,0.0,0.0,0.0,0,6.5
2024-06-09 22:00:00,2024-06-10T02:00:00Z,17.5,16.3,58,0.0,0.0,0.0,0,6.7
2024-06-09 23:00:00,2024-06-10T03:00:00Z,15.6,14.9,71,0.0,0.0,0.0,0,6.1
2024-06-10 00:00:00,2024-06-10T04:00:00Z,14.5,13.8,80,0.0,0.0,0.0,1,6.9
2024-06-10 01:00:00,2024-06-10T05:00:00Z,15.6,13.7,67,0.0,0.0,0.0,1,12.1
2024-06-10 02:00:00,2024-06-10T06:00:00Z,16.5,13.5,55,0.0,0.0,0.0,0,15.8
2024-06-10 03:00:00,2024-06-10T07:00:00Z,15.9,13.0,56,0.0,0.0,0.0,0,14.6
2024-06-10 04:00:00,2024-06-10T08:00:00Z,15.1,12.4,60,0.0,0.0,0.0,0,13.8
2024-06-10 05:00:00,2024-06-10T09:00:00Z,14.5,12.0,64,0.0,0.0,0.0,0,13.0
2024-06-10 06:00:00,2024-06-10T10:00:00Z,14.0,12.0,70,0.0,0.0,0.0,0,11.6
2024-06-10 07:00:00,2024-06-10T11:00:00Z,15.2,13.5,71,0.0,0.0,0.0,0,11.3
2024-06-10 08:00:00,2024-06-10T12:00:00Z,16.6,14.7,67,0.0,0.0,0.0,0,14.4
2024-06-10 09:00:00,2024-06-10T13:00:00Z,18.2,15.8,60,0.0,0.0,0.0,0,17.0
2024-06-10 10:00:00,2024-06-10T14:00:00Z,19.6,17.2,52,0.0,0.0,0.0,1,17.1
2024-06-10 11:00:00,2024-06-10T15:00:00Z,20.4,18.2,46,0.0,0.0,0.0,3,15.2
2024-06-10 12:00:00,2024-06-10T16:00:00Z,20.6,18.0,46,0.0,0.0,0.0,3,14.7
2024-06-10 13:00:00,2024-06-10T17:00:00Z,21.0,18.8,44,0.0,0.0,0.0,3,12.2
2024-06-10 14:00:00,2024-06-10T18:00:00Z,21.9,19.5,41,0.0,0.0,0.0,2,13.2
2024-06-10 15:00:00,2024-06-10T19:00:00Z,22.0,19.3,41,0.0,0.0,0.0,3,14.7
2024-06-10 16:00:00,2024-06-10T20:00:00Z,22.7,20.0,38,0.0,0.0,0.0,1,14.5
2024-06-10 17:00:00,2024-06-10T21:00:00Z,23.5,20.3,36,0.0,0.0,0.0,1,17.4
2024-06-10 18:00:00,2024-06-10T22:00:00Z,23.2,20.3,36,0.0,0.0,0.0,3,15.5
2024-06-10 19:00:00,2024-06-10T23:00:00Z,21.9,20.1,43,0.0,0.0,0.0,3,9.5
2024-06-10 20:00:00,2024-06-11T00:00:00Z,20.3,19.5,51,0.0,0.0,0.0,3,5.1
2024-06-10 21:00:00,2024-06-11T01:00:00Z,18.9,17.7,57,0.0,0.0,0.0,2,8.9
2024-06-10 22:00:00,2024-06-11T02:00:00Z,17.7,16.2,61,0.0,0.0,0.0,0,10.9
2024-06-10 23:00:00,2024-06-11T03:00:00Z,16.3,15.2,69,0.0,0.0,0.0,0,8.7
2024-06-11 00:00:00,2024-06-11T04:00:00Z,15.8,14.8,72,0.0,0.0,0.0,1,8.6
2024-06-11 01:00:00,2024-06-11T05:00:00Z,15.2,14.4,76,0.0,0.0,0.0,2,7.4
2024-06-11 02:00:00,2024-06-11T06:00:00Z,15.2,14.4,77,0.0,0.0,0.0,3,8.0
2024-06-11 03:00:00,2024-06-11T07:00:00Z,15.0,13.9,77,0.0,0.0,0.0,3,9.8
2024-06-11 04:00:00,2024-06-11T08:00:00Z,14.8,13.7,79,0.0,0.0,0.0,1,10.1
2024-06-11 05:00:00,2024-06-11T09:00:00Z,13.4,13.1,88,0.0,0.0,0.0,0,5.1
2024-06-11 06:00:00,2024-06-11T10:00:00Z,13.4,12.9,89,0.0,0.0,0.0,1,7.2
2024-06-11 07:00:00,2024-06-11T11:00:00Z,14.5,14.0,84,0.0,0.0,0.0,1,7.2
2024-06-11 08:00:00,2024-06-11T12:00:00Z,16.1,15.6,75,0.0,0.0,0.0,0,6.9
2024-06-11 09:00:00,2024-06-11T13:00:00Z,18.0,17.2,63,0.0,0.0,0.0,1,7.6
2024-06-11 10:00:00,2024-06-11T14:00:00Z,19.3,19.2,59,0.0,0.0,0.0,1,5.1
2024-06-11 11:00:00,2024-06-11T15:00:00Z,20.5,20.0,54,0.0,0.0,0.0,3,7.1
2024-06-11 12:00:00,2024-06-11T16:00:00Z,20.9,19.7,50,0.0,0.0,0.0,3,8.7
2024-06-11 13:00:00,2024-06-11T17:00:00Z,20.8,19.6,52,0.0,0.0,0.0,3,8.9
2024-06-11 14:00:00,2024-06-11T18:00:00Z,21.6,20.5,49,0.0,0.0,0.0,2,8.4
2024-06-11 15:00:00,2024-06-11T19:00:00Z,22.3,21.4,46,0.0,0.0,0.0,3,8.7
2024-06-11 16:00:00,2024-06-11T20:00:00Z,22.4,21.5,47,0.0,0.0,0.0,1,7.0
2024-06-11 17:00:00,2024-06-11T21:00:00Z,22.5,21.6,45,0.0,0.0,0.0,2,6.8
2024-06-11 18:00:00,2024-06-11T22:00:00Z,22.1,21.4,46,0.1,0.1,0.0,51,5.0
2024-06-11 19:00:00,2024-06-11T23:00:00Z,21.0,20.5,52,0.0,0.0,0.0,3,5.2
2024-06-11 20:00:00,2024-06-12T00:00:00Z,19.7,19.4,67,0.0,0.0,0.0,2,9.4
2024-06-11 21:00:00,2024-06-12T01:00:00Z,18.2,17.8,72,0.0,0.0,0.0,2,9.1
2024-06-11 22:00:00,2024-06-12T02:00:00Z,17.1,17.4,82,0.0,0.0,0.0,1,6.1
2024-06-11 23:00:00,2024-06-12T03:00:00Z,16.6,17.0,81,0.0,0.0,0.0,1,4.6
2024-06-12 00:00:00,2024-06-12T04:00:00Z,16.6,15.9,77,0.0,0.0,0.0,2,10.2
2024-06-12 01:00:00,2024-06-12T05:00:00Z,15.9,15.1,77,0.0,0.0,0.0,2,9.4
2024-06-12 02:00:00,2024-06-12T06:00:00Z,15.5,14.8,78,0.0,0.0,0.0,0,8.8
2024-06-12 03:00:00,2024-06-12T07:00:00Z,14.8,14.1,81,0.0,0.0,0.0,0,8.0
2024-06-12 04:00:00,2024-06-12T08:00:00Z,14.4,13.6,83,0.0,0.0,0.0,1,8.3
2024-06-12 05:00:00,2024-06-12T09:00:00Z,14.0,13.4,85,0.0,0.0,0.0,0,6.9
2024-06-12 06:00:00,2024-06-12T10:00:00Z,13.9,13.5,87,0.0,0.0,0.0,0,5.8
2024-06-12 07:00:00,2024-06-12T11:00:00Z,15.3,14.9,80,0.0,0.0,0.0,0,6.5
2024-06-12 08:00:00,2024-06-12T12:00:00Z,17.0,16.7,72,0.0,0.0,0.0,0,6.6
2024-06-12 09:00:00,2024-06-12T13:00:00Z,19.6,19.5,62,0.0,0.0,0.0,0,5.5
2024-06-12 10:00:00,2024-06-12T14:00:00Z,21.1,21.0,55,0.0,0.0,0.0,3,8.2
2024-06-12 11:00:00,2024-06-12T15:00:00Z,21.7,20.5,51,0.0,0.0,0.0,3,10.9
2024-06-12 12:00:00,2024-06-12T16:00:00Z,21.9,20.7,50,0.0,0.0,0.0,3,9.7
2024-06-12 13:00:00,2024-06-12T17:00:00Z,22.7,21.3,47,0.0,0.0,0.0,3,10.6
2024-06-12 14:00:00,2024-06-12T18:00:00Z,23.5,22.1,44,0.0,0.0,0.0,3,11.3
2024-06-12 15:00:00,2024-06-12T19:00:00Z,24.3,23.2,41,0.0,0.0,0.0,3,13.6
2024-06-12 16:00:00,2024-06-12T20:00:00Z,24.5,22.5,40,0.0,0.0,0.0,3,13.4
2024-06-12 17:00:00,2024-06-12T21:00:00Z,23.9,22.9,41,0.0,0.0,0.0,3,6.9
2024-06-12 18:00:00,2024-06-12T22:00:00Z,22.2,21.6,60,0.0,0.0,0.0,3,12.8
2024-06-12 19:00:00,2024-06-12T23:00:00Z,20.3,19.6,69,0.0,0.0,0.0,2,15.0
2024-06-12 20:00:00,2024-06-13T00:00:00Z,19.4,19.9,73,0.0,0.0,0.0,0,6.6
2024-06-12 21:00:00,2024-06-13T01:00:00Z,19.2,19.6,80,0.0,0.0,0.0,1,9.9
2024-06-12 22:00:00,2024-06-13T02:00:00Z,18.2,18.5,84,0.0,0.0,0.0,0,10.6
2024-06-12 23:00:00,2024-06-13T03:00:00Z,17.4,17.5,85,0.0,0.0,0.0,0,10.1
2024-06-13 00:00:00,2024-06-13T04:00:00Z,16.6,17.0,86,0.0,0.0,0.0,0,7.3
2024-06-13 01:00:00,2024-06-13T05:00:00Z,15.5,15.9,90,0.0,0.0,0.0,0,5.8
2024-06-13 02:00:00,2024-06-13T06:00:00Z,14.9,15.1,90,0.0,0.0,0.0,0,5.9
2024-06-13 03:00:00,2024-06-13T07:00:00Z,14.4,14.4,91,0.0,0.0,0.0,0,6.1
2024-06-13 04:00:00,2024-06-13T08:00:00Z,14.0,14.0,92,0.0,0.0,0.0,1,5.5
2024-06-13 05:00:00,2024-06-13T09:00:00Z,13.2,13.1,94,0.0,0.0,0.0,0,5.6
2024-06-13 06:00:00,2024-06-13T10:00:00Z,14.0,14.1,93,0.0,0.0,0.0,3,5.8
2024-06-13 07:00:00,2024-06-13T11:00:00Z,15.9,15.7,81,0.0,0.0,0.0,3,7.1
2024-06-13 08:00:00,2024-06-13T12:00:00Z,18.7,18.9,68,0.0,0.0,0.0,0,4.7
2024-06-13 09:00:00,2024-06-13T13:00:00Z,21.8,22.1,57,0.0,0.0,0.0,1,4.5
2024-06-13 10:00:00,2024-06-13T14:00:00Z,24.2,25.3,51,0.0,0.0,0.0,3,4.2
2024-06-13 11:00:00,2024-06-13T15:00:00Z,26.1,27.5,47,0.0,0.0,0.0,3,7.9
2024-06-13 12:00:00,2024-06-13T16:00:00Z,27.6,29.0,40,0.0,0.0,0.0,2,10.0
2024-06-13 13:00:00,2024-06-13T17:00:00Z,28.4,28.7,37,0.0,0.0,0.0,2,14.8
2024-06-13 14:00:00,2024-06-13T18:00:00Z,27.6,27.3,45,0.0,0.0,0.0,2,22.0
2024-06-13 15:00:00,2024-06-13T19:00:00Z,26.4,24.5,44,0.0,0.0,0.0,1,27.8
2024-06-13 16:00:00,2024-06-13T20:00:00Z,26.3,23.4,45,0.0,0.0,0.0,1,29.2
2024-06-13 17:00:00,2024-06-13T21:00:00Z,25.5,23.0,52,0.0,0.0,0.0,1,28.5
2024-06-13 18:00:00,2024-06-13T22:00:00Z,24.7,22.4,55,0.0,0.0,0.0,0,27.3
2024-06-13 19:00:00,2024-06-13T23:00:00Z,22.9,21.6,64,0.0,0.0,0.0,0,22.2
2024-06-13 20:00:00,2024-06-14T00:00:00Z,22.5,20.3,62,0.0,0.0,0.0,1,26.0
2024-06-13 21:00:00,2024-06-14T01:00:00Z,22.5,21.2,63,0.0,0.0,0.0,0,20.2
2024-06-13 22:00:00,2024-06-14T02:00:00Z,22.2,21.3,63,0.0,0.0,0.0,0,17.0
2024-06-13 23:00:00,2024-06-14T03:00:00Z,21.4,20.5,66,0.0,0.0,0.0,0,16.3
2024-06-14 00:00:00,2024-06-14T04:00:00Z,20.6,19.7,68,0.0,0.0,0.0,0,15.9
2024-06-14 01:00:00,2024-06-14T05:00:00Z,20.2,19.5,70,0.0,0.0,0.0,0,15.3
2024-06-14 02:00:00,2024-06-14T06:00:00Z,19.8,19.8,75,0.0,0.0,0.0,0,12.1
2024-06-14 03:00:00,2024-06-14T07:00:00Z,19.3,19.5,78,0.0,0.0,0.0,0,11.1
2024-06-14 04:00:00,2024-06-14T08:00:00Z,18.9,19.1,81,0.0,0.0,0.0,0,11.8
2024-06-14 05:00:00,2024-06-14T09:00:00Z,18.7,18.8,81,0.0,0.0,0.0,0,11.3
2024-06-14 06:00:00,2024-06-14T10:00:00Z,18.6,18.9,82,0.0,0.0,0.0,3,10.7
2024-06-14 07:00:00,2024-06-14T11:00:00Z,20.1,20.4,78,0.0,0.0,0.0,2,12.1
2024-06-14 08:00:00,2024-06-14T12:00:00Z,21.8,22.1,73,0.0,0.0,0.0,1,14.2
2024-06-14 09:00:00,2024-06-14T13:00:00Z,24.0,25.2,69,0.0,0.0,0.0,2,11.6
2024-06-14 10:00:00,2024-06-14T14:00:00Z,25.7,27.2,65,0.0,0.0,0.0,1,12.6
2024-06-14 11:00:00,2024-06-14T15:00:00Z,27.1,29.4,62,0.0,0.0,0.0,1,11.0
2024-06-14 12:00:00,2024-06-14T16:00:00Z,28.3,33.0,59,0.0,0.0,0.0,1,4.5
2024-06-14 13:00:00,2024-06-14T17:00:00Z,28.7,32.6,57,0.0,0.0,0.0,3,8.7
2024-06-14 14:00:00,2024-06-14T18:00:00Z,23.5,24.9,75,5.6,5.6,0.0,63,12.6
2024-06-14 15:00:00,2024-06-14T19:00:00Z,22.4,25.5,85,10.6,10.6,0.0,65,4.0
2024-06-14 16:00:00,2024-06-14T20:00:00Z,23.1,25.8,83,0.1,0.1,0.0,51,8.3
2024-06-14 17:00:00,2024-06-14T21:00:00Z,24.8,28.4,78,0.0,0.0,0.0,2,3.6
2024-06-14 18:00:00,2024-06-14T22:00:00Z,24.8,28.2,75,0.1,0.1,0.0,51,3.3
2024-06-14 19:00:00,2024-06-14T23:00:00Z,22.4,25.5,89,2.7,2.7,0.0,63,6.7
2024-06-14 20:00:00,2024-06-15T00:00:00Z,20.8,22.5,93,2.8,2.8,0.0,63,12.7
2024-06-14 21:00:00,2024-06-15T01:00:00Z,20.1,22.8,91,1.1,1.1,0.0,55,3.4
2024-06-14 22:00:00,2024-06-15T02:00:00Z,19.9,22.5,89,0.2,0.2,0.0,51,1.9
2024-06-14 23:00:00,2024-06-15T03:00:00Z,19.4,21.1,91,0.0,0.0,0.0,3,8.5
2024-06-15 00:00:00,2024-06-15T04:00:00Z,18.6,20.4,93,0.0,0.0,0.0,3,6.1
2024-06-15 01:00:00,2024-06-15T05:00:00Z,18.5,20.2,92,0.0,0.0,0.0,3,5.8
2024-06-15 02:00:00,2024-06-15T06:00:00Z,18.6,20.5,93,0.0,0.0,0.0,3,5.6
2024-06-15 03:00:00,2024-06-15T07:00:00Z,18.3,18.9,91,0.0,0.0,0.0,1,12.4
2024-06-15 04:00:00,2024-06-15T08:00:00Z,17.5,17.4,89,0.0,0.0,0.0,0,13.7
2024-06-15 05:00:00,2024-06-15T09:00:00Z,16.6,15.7,85,0.0,0.0,0.0,0,15.9
2024-06-15 06:00:00,2024-06-15T10:00:00Z,16.2,14.8,84,0.0,0.0,0.0,0,17.4
2024-06-15 07:00:00,2024-06-15T11:00:00Z,17.0,15.7,83,0.0,0.0,0.0,0,17.7
2024-06-15 08:00:00,2024-06-15T12:00:00Z,18.3,16.5,75,0.0,0.0,0.0,0,20.4
2024-06-15 09:00:00,2024-06-15T13:00:00Z,20.1,18.2,65,0.0,0.0,0.0,0,20.2
2024-06-15 10:00:00,2024-06-15T14:00:00Z,21.8,20.4,56,0.0,0.0,0.0,0,18.7
2024-06-15 11:00:00,2024-06-15T15:00:00Z,22.9,21.4,47,0.0,0.0,0.0,0,19.8
2024-06-15 12:00:00,2024-06-15T16:00:00Z,23.6,22.6,43,0.0,0.0,0.0,0,18.4
2024-06-15 13:00:00,2024-06-15T17:00:00Z,24.5,24.1,41,0.0,0.0,0.0,1,15.0
2024-06-15 14:00:00,2024-06-15T18:00:00Z,25.6,24.8,36,0.0,0.0,0.0,1,14.7
2024-06-15 15:00:00,2024-06-15T19:00:00Z,26.1,25.3,35,0.0,0.0,0.0,0,14.1
2024-06-15 16:00:00,2024-06-15T20:00:00Z,26.3,24.5,30,0.0,0.0,0.0,0,15.5
2024-06-15 17:00:00,2024-06-15T21:00:00Z,25.9,22.9,29,0.0,0.0,0.0,0,17.6
2024-06-15 18:00:00,2024-06-15T22:00:00Z,25.1,21.9,32,0.0,0.0,0.0,0,17.4
2024-06-15 19:00:00,2024-06-15T23:00:00Z,24.1,22.4,39,0.0,0.0,0.0,0,10.3
2024-06-15 20:00:00,2024-06-16T00:00:00Z,21.2,20.6,54,0.0,0.0,0.0,0,7.2
2024-06-15 21:00:00,2024-06-16T01:00:00Z,19.1,18.4,59,0.0,0.0,0.0,0,7.4
2024-06-15 22:00:00,2024-06-16T02:00:00Z,18.5,17.5,61,0.0,0.0,0.0,0,8.0
2024-06-15 23:00:00,2024-06-16T03:00:00Z,17.7,16.5,61,0.0,0.0,0.0,0,8.2
2024-06-16 00:00:00,2024-06-16T04:00:00Z,17.2,15.3,60,0.0,0.0,0.0,1,11.2
2024-06-16 01:00:00,2024-06-16T05:00:00Z,16.4,14.5,62,0.0,0.0,0.0,2,11.3
2024-06-16 02:00:00,2024-06-16T06:00:00Z,15.4,13.9,67,0.0,0.0,0.0,2,9.4
2024-06-16 03:00:00,2024-06-16T07:00:00Z,15.0,13.2,69,0.0,0.0,0.0,3,11.2
2024-06-16 04:00:00,2024-06-16T08:00:00Z,14.5,12.6,71,0.0,0.0,0.0,3,12.1
2024-06-16 05:00:00,2024-06-16T09:00:00Z,13.9,11.9,74,0.0,0.0,0.0,3,12.0
2024-06-16 06:00:00,2024-06-16T10:00:00Z,13.5,11.4,73,0.0,0.0,0.0,2,12.6
2024-06-16 07:00:00,2024-06-16T11:00:00Z,14.6,12.6,69,0.0,0.0,0.0,0,11.9
2024-06-16 08:00:00,2024-06-16T12:00:00Z,16.2,13.8,58,0.0,0.0,0.0,0,13.1
2024-06-16 09:00:00,2024-06-16T13:00:00Z,18.4,15.8,50,0.0,0.0,0.0,3,13.5
2024-06-16 10:00:00,2024-06-16T14:00:00Z,20.0,18.0,44,0.0,0.0,0.0,3,13.1
2024-06-16 11:00:00,2024-06-16T15:00:00Z,21.2,20.1,41,0.0,0.0,0.0,3,12.1
2024-06-16 12:00:00,2024-06-16T16:00:00Z,22.2,22.0,40,0.0,0.0,0.0,2,11.2
2024-06-16 13:00:00,2024-06-16T17:00:00Z,23.3,24.3,40,0.0,0.0,0.0,1,7.8
2024-06-16 14:00:00,2024-06-16T18:00:00Z,23.6,24.4,43,0.0,0.0,0.0,3,10.9
2024-06-16 15:00:00,2024-06-16T19:00:00Z,22.9,22.4,45,0.0,0.0,0.0,1,15.9
2024-06-16 16:00:00,2024-06-16T20:00:00Z,22.4,21.3,46,0.0,0.0,0.0,3,15.7
2024-06-16 17:00:00,2024-06-16T21:00:00Z,22.0,20.3,50,0.0,0.0,0.0,1,15.9
2024-06-16 18:00:00,2024-06-16T22:00:00Z,21.0,19.1,58,0.0,0.0,0.0,2,17.6
2024-06-16 19:00:00,2024-06-16T23:00:00Z,19.7,18.2,66,0.0,0.0,0.0,3,17.0
2024-06-16 20:00:00,2024-06-17T00:00:00Z,18.6,17.7,74,0.0,0.0,0.0,3,14.3
2024-06-16 21:00:00,2024-06-17T01:00:00Z,17.3,16.8,81,0.0,0.0,0.0,3,12.7
2024-06-16 22:00:00,2024-06-17T02:00:00Z,16.8,16.9,87,0.0,0.0,0.0,3,10.1
2024-06-16 23:00:00,2024-06-17T03:00:00Z,16.3,16.8,91,0.0,0.0,0.0,3,7.4
2024-06-17 00:00:00,2024-06-17T04:00:00Z,16.1,16.6,93,0.0,0.0,0.0,2,7.3
2024-06-17 01:00:00,2024-06-17T05:00:00Z,16.0,16.6,94,0.0,0.0,0.0,3,7.3
2024-06-17 02:00:00,2024-06-17T06:00:00Z,16.1,17.0,95,0.0,0.0,0.0,3,6.2
2024-06-17 03:00:00,2024-06-17T07:00:00Z,16.2,17.2,95,0.0,0.0,0.0,3,5.6
2024-06-17 04:00:00,2024-06-17T08:00:00Z,15.7,16.6,97,0.0,0.0,0.0,1,5.4
2024-06-17 05:00:00,2024-06-17T09:00:00Z,16.0,16.9,97,0.0,0.0,0.0,0,6.5
2024-06-17 06:00:00,2024-06-17T10:00:00Z,16.1,17.0,96,0.0,0.0,0.0,0,6.8
2024-06-17 07:00:00,2024-06-17T11:00:00Z,17.6,18.6,89,0.0,0.0,0.0,0,6.6
2024-06-17 08:00:00,2024-06-17T12:00:00Z,19.6,20.0,75,0.0,0.0,0.0,0,8.7
2024-06-17 09:00:00,2024-06-17T13:00:00Z,21.6,21.9,67,0.0,0.0,0.0,1,10.2
2024-06-17 10:00:00,2024-06-17T14:00:00Z,23.5,23.8,60,0.0,0.0,0.0,1,11.5
2024-06-17 11:00:00,2024-06-17T15:00:00Z,25.0,25.3,57,0.0,0.0,0.0,1,15.1
2024-06-17 12:00:00,2024-06-17T16:00:00Z,26.6,27.4,52,0.0,0.0,0.0,0,17.4
2024-06-17 13:00:00,2024-06-17T17:00:00Z,28.0,29.0,49,0.0,0.0,0.0,1,17.7
2024-06-17 14:00:00,2024-06-17T18:00:00Z,29.0,30.0,47,0.0,0.0,0.0,2,20.5
2024-06-17 15:00:00,2024-06-17T19:00:00Z,27.4,27.9,56,0.0,0.0,0.0,2,23.3
2024-06-17 16:00:00,2024-06-17T20:00:00Z,26.3,25.5,61,0.0,0.0,0.0,1,25.8
2024-06-17 17:00:00,2024-06-17T21:00:00Z,26.2,25.6,61,0.0,0.0,0.0,0,25.2
2024-06-17 18:00:00,2024-06-17T22:00:00Z,26.0,25.6,63,0.0,0.0,0.0,0,24.2
2024-06-17 19:00:00,2024-06-17T23:00:00Z,24.9,24.6,67,0.0,0.0,0.0,1,22.5
2024-06-17 20:00:00,2024-06-18T00:00:00Z,24.1,23.5,66,0.0,0.0,0.0,2,21.6
2024-06-17 21:00:00,2024-06-18T01:00:00Z,23.5,23.7,70,0.0,0.0,0.0,2,17.3
2024-06-17 22:00:00,2024-06-18T02:00:00Z,22.9,23.1,71,0.0,0.0,0.0,3,17.0
2024-06-17 23:00:00,2024-06-18T03:00:00Z,22.4,22.5,72,0.0,0.0,0.0,3,16.5
2024-06-18 00:00:00,2024-06-18T04:00:00Z,21.6,22.1,74,0.0,0.0,0.0,3,13.0
2024-06-18 01:00:00,2024-06-18T05:00:00Z,20.8,21.6,78,0.0,0.0,0.0,3,11.0
2024-06-18 02:00:00,2024-06-18T06:00:00Z,20.4,21.1,80,0.0,0.0,0.0,3,11.8
2024-06-18 03:00:00,2024-06-18T07:00:00Z,20.1,20.7,82,0.0,0.0,0.0,3,12.7
2024-06-18 04:00:00,2024-06-18T08:00:00Z,20.0,20.8,84,0.0,0.0,0.0,1,12.0
2024-06-18 05:00:00,2024-06-18T09:00:00Z,19.7,20.5,85,0.0,0.0,0.0,1,12.1
2024-06-18 06:00:00,2024-06-18T10:00:00Z,19.8,20.7,84,0.0,0.0,0.0,3,10.8
2024-06-18 07:00:00,2024-06-18T11:00:00Z,21.0,22.3,80,0.0,0.0,0.0,3,8.7
2024-06-18 08:00:00,2024-06-18T12:00:00Z,22.5,23.7,73,0.0,0.0,0.0,3,9.9
2024-06-18 09:00:00,2024-06-18T13:00:00Z,24.5,26.1,68,0.0,0.0,0.0,0,9.7
2024-06-18 10:00:00,2024-06-18T14:00:00Z,26.2,28.4,64,0.0,0.0,0.0,0,10.2
2024-06-18 11:00:00,2024-06-18T15:00:00Z,27.9,31.0,61,0.0,0.0,0.0,3,11.7
2024-06-18 12:00:00,2024-06-18T16:00:00Z,29.0,32.6,59,0.0,0.0,0.0,2,13.7
2024-06-18 13:00:00,2024-06-18T17:00:00Z,29.3,32.6,58,0.0,0.0,0.0,3,17.2
2024-06-18 14:00:00,2024-06-18T18:00:00Z,29.2,32.0,58,0.0,0.0,0.0,3,19.7
2024-06-18 15:00:00,2024-06-18T19:00:00Z,29.1,31.1,58,0.0,0.0,0.0,2,21.3
2024-06-18 16:00:00,2024-06-18T20:00:00Z,28.8,30.1,58,0.0,0.0,0.0,2,21.7
2024-06-18 17:00:00,2024-06-18T21:00:00Z,28.0,28.2,58,0.0,0.0,0.0,0,22.2
2024-06-18 18:00:00,2024-06-18T22:00:00Z,26.8,26.8,59,0.0,0.0,0.0,0,19.9
2024-06-18 19:00:00,2024-06-18T23:00:00Z,25.5,25.6,62,0.0,0.0,0.0,0,18.5
2024-06-18 20:00:00,2024-06-19T00:00:00Z,24.3,24.2,64,0.0,0.0,0.0,1,18.0
2024-06-18 21:00:00,2024-06-19T01:00:00Z,23.4,23.2,66,0.0,0.0,0.0,3,16.7
2024-06-18 22:00:00,2024-06-19T02:00:00Z,23.2,23.3,66,0.0,0.0,0.0,3,14.1
2024-06-18 23:00:00,2024-06-19T03:00:00Z,22.8,22.9,65,0.0,0.0,0.0,3,12.7
2024-06-19 00:00:00,2024-06-19T04:00:00Z,22.1,22.0,65,0.0,0.0,0.0,3,12.4
2024-06-19 01:00:00,2024-06-19T05:00:00Z,21.4,21.2,64,0.0,0.0,0.0,3,11.5
2024-06-19 02:00:00,2024-06-19T06:00:00Z,20.7,20.7,67,0.0,0.0,0.0,3,10.2
2024-06-19 03:00:00,2024-06-19T07:00:00Z,20.2,20.2,70,0.0,0.0,0.0,3,10.0
2024-06-19 04:00:00,2024-06-19T08:00:00Z,19.7,20.2,73,0.0,0.0,0.0,3,7.7
2024-06-19 05:00:00,2024-06-19T09:00:00Z,19.4,20.1,76,0.0,0.0,0.0,3,6.4
2024-06-19 06:00:00,2024-06-19T10:00:00Z,19.5,20.2,78,0.0,0.0,0.0,3,8.2
2024-06-19 07:00:00,2024-06-19T11:00:00Z,20.7,21.7,77,0.0,0.0,0.0,3,8.9
2024-06-19 08:00:00,2024-06-19T12:00:00Z,22.2,23.4,73,0.0,0.0,0.0,3,9.8
2024-06-19 09:00:00,2024-06-19T13:00:00Z,24.1,25.6,70,0.0,0.0,0.0,3,10.1
2024-06-19 10:00:00,2024-06-19T14:00:00Z,25.8,28.0,66,0.0,0.0,0.0,3,8.6
2024-06-19 11:00:00,2024-06-19T15:00:00Z,27.7,30.7,62,0.0,0.0,0.0,3,8.5
2024-06-19 12:00:00,2024-06-19T16:00:00Z,29.3,32.8,56,0.0,0.0,0.0,3,8.2
2024-06-19 13:00:00,2024-06-19T17:00:00Z,30.5,34.0,52,0.0,0.0,0.0,3,9.9
2024-06-19 14:00:00,2024-06-19T18:00:00Z,29.7,32.4,56,0.0,0.0,0.0,2,18.1
2024-06-19 15:00:00,2024-06-19T19:00:00Z,29.3,31.0,54,0.0,0.0,0.0,0,21.4
2024-06-19 16:00:00,2024-06-19T20:00:00Z,28.4,28.5,51,0.0,0.0,0.0,0,24.1
2024-06-19 17:00:00,2024-06-19T21:00:00Z,27.5,26.2,48,0.0,0.0,0.0,2,23.4
2024-06-19 18:00:00,2024-06-19T22:00:00Z,26.4,24.5,46,0.0,0.0,0.0,2,21.3
2024-06-19 19:00:00,2024-06-19T23:00:00Z,25.0,24.0,54,0.0,0.0,0.0,0,17.8
2024-06-19 20:00:00,2024-06-20T00:00:00Z,23.9,23.6,60,0.0,0.0,0.0,0,14.9
2024-06-19 21:00:00,2024-06-20T01:00:00Z,22.7,22.7,66,0.0,0.0,0.0,1,13.4
2024-06-19 22:00:00,2024-06-20T02:00:00Z,22.3,22.6,68,0.0,0.0,0.0,1,12.6
2024-06-19 23:00:00,2024-06-20T03:00:00Z,22.3,22.5,68,0.0,0.0,0.0,1,12.2
2024-06-20 00:00:00,2024-06-20T04:00:00Z,22.0,21.9,65,0.0,0.0,0.0,3,12.6
2024-06-20 01:00:00,2024-06-20T05:00:00Z,21.5,21.4,67,0.0,0.0,0.0,3,12.3
2024-06-20 02:00:00,2024-06-20T06:00:00Z,20.9,21.1,71,0.0,0.0,0.0,3,10.4
2024-06-20 03:00:00,2024-06-20T07:00:00Z,20.4,20.6,72,0.0,0.0,0.0,3,10.4
2024-06-20 04:00:00,2024-06-20T08:00:00Z,19.8,20.2,74,0.0,0.0,0.0,0,8.8
2024-06-20 05:00:00,2024-06-20T09:00:00Z,19.4,19.8,76,0.0,0.0,0.0,1,8.5
2024-06-20 06:00:00,2024-06-20T10:00:00Z,19.4,19.9,78,0.0,0.0,0.0,0,9.2
2024-06-20 07:00:00,2024-06-20T11:00:00Z,20.7,21.5,75,0.0,0.0,0.0,0,9.2
2024-06-20 08:00:00,2024-06-20T12:00:00Z,22.8,23.7,68,0.0,0.0,0.0,1,9.5
2024-06-20 09:00:00,2024-06-20T13:00:00Z,25.7,27.2,62,0.0,0.0,0.0,2,9.0
2024-06-20 10:00:00,2024-06-20T14:00:00Z,27.8,29.5,56,0.0,0.0,0.0,1,11.3
2024-06-20 11:00:00,2024-06-20T15:00:00Z,30.0,32.3,49,0.0,0.0,0.0,2,12.5
2024-06-20 12:00:00,2024-06-20T16:00:00Z,31.4,33.5,43,0.0,0.0,0.0,3,14.2
2024-06-20 13:00:00,2024-06-20T17:00:00Z,32.2,34.3,41,0.0,0.0,0.0,3,14.2
2024-06-20 14:00:00,2024-06-20T18:00:00Z,32.6,34.7,40,0.0,0.0,0.0,3,15.0
2024-06-20 15:00:00,2024-06-20T19:00:00Z,32.7,34.5,40,0.0,0.0,0.0,2,16.7
2024-06-20 16:00:00,2024-06-20T20:00:00Z,31.5,33.2,49,0.0,0.0,0.0,2,18.7
2024-06-20 17:00:00,2024-06-20T21:00:00Z,30.1,30.8,53,0.0,0.0,0.0,1,20.7
2024-06-20 18:00:00,2024-06-20T22:00:00Z,28.9,29.5,55,0.0,0.0,0.0,3,18.6
2024-06-20 19:00:00,2024-06-20T23:00:00Z,27.2,27.9,58,0.0,0.0,0.0,1,15.6
2024-06-20 20:00:00,2024-06-21T00:00:00Z,25.7,26.0,61,0.0,0.0,0.0,1,16.6
2024-06-20 21:00:00,2024-06-21T01:00:00Z,25.8,27.8,66,0.0,0.0,0.0,1,9.8
2024-06-20 22:00:00,2024-06-21T02:00:00Z,25.2,27.2,66,0.0,0.0,0.0,0,7.6
2024-06-20 23:00:00,2024-06-21T03:00:00Z,24.7,26.1,63,0.0,0.0,0.0,1,7.4
2024-06-21 00:00:00,2024-06-21T04:00:00Z,24.2,25.1,62,0.0,0.0,0.0,3,9.2
2024-06-21 01:00:00,2024-06-21T05:00:00Z,23.9,24.4,63,0.0,0.0,0.0,3,12.1
2024-06-21 02:00:00,2024-06-21T06:00:00Z,23.8,24.4,66,0.0,0.0,0.0,0,12.6
2024-06-21 03:00:00,2024-06-21T07:00:00Z,23.1,23.6,68,0.0,0.0,0.0,0,12.7
2024-06-21 04:00:00,2024-06-21T08:00:00Z,22.6,22.8,68,0.0,0.0,0.0,0,13.5
2024-06-21 05:00:00,2024-06-21T09:00:00Z,22.2,22.3,68,0.0,0.0,0.0,0,13.2
2024-06-21 06:00:00,2024-06-21T10:00:00Z,22.1,22.3,67,0.0,0.0,0.0,0,12.1
2024-06-21 07:00:00,2024-06-21T11:00:00Z,23.3,24.0,66,0.0,0.0,0.0,0,11.2
2024-06-21 08:00:00,2024-06-21T12:00:00Z,25.2,26.4,62,0.0,0.0,0.0,1,9.5
2024-06-21 09:00:00,2024-06-21T13:00:00Z,27.5,29.9,60,0.0,0.0,0.0,1,7.1
2024-06-21 10:00:00,2024-06-21T14:00:00Z,29.7,32.8,55,0.0,0.0,0.0,1,5.9
2024-06-21 11:00:00,2024-06-21T15:00:00Z,31.6,35.3,48,0.0,0.0,0.0,0,6.9
2024-06-21 12:00:00,2024-06-21T16:00:00Z,32.9,36.4,43,0.0,0.0,0.0,0,9.3
2024-06-21 13:00:00,2024-06-21T17:00:00Z,34.0,37.3,40,0.0,0.0,0.0,1,10.7
2024-06-21 14:00:00,2024-06-21T18:00:00Z,34.5,37.0,38,0.0,0.0,0.0,2,11.4
2024-06-21 15:00:00,2024-06-21T19:00:00Z,34.2,35.8,39,0.0,0.0,0.0,3,15.6
2024-06-21 16:00:00,2024-06-21T20:00:00Z,30.7,32.4,50,0.6,0.6,0.0,53,11.3
2024-06-21 17:00:00,2024-06-21T21:00:00Z,28.0,31.5,70,3.2,3.2,0.0,63,9.5
2024-06-21 18:00:00,2024-06-21T22:00:00Z,29.1,31.3,57,0.0,0.0,0.0,2,10.2
2024-06-21 19:00:00,2024-06-21T23:00:00Z,27.6,29.4,61,0.0,0.0,0.0,3,11.7
2024-06-21 20:00:00,2024-06-22T00:00:00Z,26.5,28.6,70,0.0,0.0,0.0,2,14.4
2024-06-21 21:00:00,2024-06-22T01:00:00Z,24.9,26.7,73,0.0,0.0,0.0,3,13.7
2024-06-21 22:00:00,2024-06-22T02:00:00Z,24.1,26.6,76,0.0,0.0,0.0,3,7.6
2024-06-21 23:00:00,2024-06-22T03:00:00Z,23.3,26.3,80,0.0,0.0,0.0,3,4.3
2024-06-22 00:00:00,2024-06-22T04:00:00Z,22.6,25.9,87,0.0,0.0,0.0,3,4.1
2024-06-22 01:00:00,2024-06-22T05:00:00Z,22.3,26.4,91,0.0,0.0,0.0,1,1.4
2024-06-22 02:00:00,2024-06-22T06:00:00Z,21.6,25.2,94,0.0,0.0,0.0,2,3.3
2024-06-22 03:00:00,2024-06-22T07:00:00Z,21.9,25.7,93,0.0,0.0,0.0,2,3.4
2024-06-22 04:00:00,2024-06-22T08:00:00Z,22.1,25.7,92,0.0,0.0,0.0,0,4.0
2024-06-22 05:00:00,2024-06-22T09:00:00Z,21.2,24.3,94,0.0,0.0,0.0,2,5.9
2024-06-22 06:00:00,2024-06-22T10:00:00Z,22.4,25.3,87,0.0,0.0,0.0,3,6.9
2024-06-22 07:00:00,2024-06-22T11:00:00Z,23.9,26.5,78,0.0,0.0,0.0,3,8.2
2024-06-22 08:00:00,2024-06-22T12:00:00Z,25.5,27.7,69,0.0,0.0,0.0,3,9.0
2024-06-22 09:00:00,2024-06-22T13:00:00Z,26.6,29.6,69,0.0,0.0,0.0,3,7.2
2024-06-22 10:00:00,2024-06-22T14:00:00Z,28.2,31.2,64,0.0,0.0,0.0,2,8.7
2024-06-22 11:00:00,2024-06-22T15:00:00Z,30.2,34.1,57,0.0,0.0,0.0,3,6.5
2024-06-22 12:00:00,2024-06-22T16:00:00Z,32.2,37.0,50,0.0,0.0,0.0,3,6.6
2024-06-22 13:00:00,2024-06-22T17:00:00Z,33.2,38.3,47,0.0,0.0,0.0,1,6.0
2024-06-22 14:00:00,2024-06-22T18:00:00Z,31.4,34.4,53,0.5,0.5,0.0,53,12.0
2024-06-22 15:00:00,2024-06-22T19:00:00Z,28.4,31.1,67,2.1,2.1,0.0,61,14.5
2024-06-22 16:00:00,2024-06-22T20:00:00Z,29.5,32.2,65,0.2,0.2,0.0,51,15.7
2024-06-22 17:00:00,2024-06-22T21:00:00Z,30.5,33.9,56,0.1,0.1,0.0,51,5.2
2024-06-22 18:00:00,2024-06-22T22:00:00Z,29.2,32.0,62,0.0,0.0,0.0,0,10.8
2024-06-22 19:00:00,2024-06-22T23:00:00Z,28.5,31.8,66,0.0,0.0,0.0,0,8.7
2024-06-22 20:00:00,2024-06-23T00:00:00Z,26.5,29.8,74,0.0,0.0,0.0,1,9.4
2024-06-22 21:00:00,2024-06-23T01:00:00Z,24.8,27.7,80,0.0,0.0,0.0,3,10.1
2024-06-22 22:00:00,2024-06-23T02:00:00Z,23.7,26.8,85,0.0,0.0,0.0,1,8.5
2024-06-22 23:00:00,2024-06-23T03:00:00Z,22.8,26.0,89,0.0,0.0,0.0,3,7.2
2024-06-23 00:00:00,2024-06-23T04:00:00Z,22.6,26.1,90,0.0,0.0,0.0,3,5.5
2024-06-23 01:00:00,2024-06-23T05:00:00Z,22.4,24.7,89,0.2,0.2,0.0,51,11.8
2024-06-23 02:00:00,2024-06-23T06:00:00Z,22.0,24.0,89,0.1,0.1,0.0,51,12.7
2024-06-23 03:00:00,2024-06-23T07:00:00Z,22.0,23.6,89,0.0,0.0,0.0,3,15.5
2024-06-23 04:00:00,2024-06-23T08:00:00Z,22.1,24.5,90,0.0,0.0,0.0,3,10.7
2024-06-23 05:00:00,2024-06-23T09:00:00Z,22.4,25.2,88,0.0,0.0,0.0,3,8.7
2024-06-23 06:00:00,2024-06-23T10:00:00Z,22.9,25.7,86,0.0,0.0,0.0,3,8.5
2024-06-23 07:00:00,2024-06-23T11:00:00Z,24.0,26.8,81,0.0,0.0,0.0,3,9.4
2024-06-23 08:00:00,2024-06-23T12:00:00Z,25.7,28.0,73,0.0,0.0,0.0,3,12.4
2024-06-23 09:00:00,2024-06-23T13:00:00Z,27.6,30.1,72,0.0,0.0,0.0,1,16.3
2024-06-23 10:00:00,2024-06-23T14:00:00Z,29.3,31.6,64,0.0,0.0,0.0,3,16.7
2024-06-23 11:00:00,2024-06-23T15:00:00Z,31.0,33.0,57,0.1,0.1,0.0,51,18.7
2024-06-23 12:00:00,2024-06-23T16:00:00Z,32.8,34.0,47,0.0,0.0,0.0,3,20.8
2024-06-23 13:00:00,2024-06-23T17:00:00Z,34.1,34.6,39,0.0,0.0,0.0,2,25.2
2024-06-23 14:00:00,2024-06-23T18:00:00Z,34.3,34.3,38,0.0,0.0,0.0,2,26.7
2024-06-23 15:00:00,2024-06-23T19:00:00Z,34.8,34.4,36,0.0,0.0,0.0,3,25.9
2024-06-23 16:00:00,2024-06-23T20:00:00Z,34.5,33.1,33,0.0,0.0,0.0,3,23.2
2024-06-23 17:00:00,2024-06-23T21:00:00Z,34.1,33.2,34,0.0,0.0,0.0,3,20.8
2024-06-23 18:00:00,2024-06-23T22:00:00Z,33.4,32.1,35,0.0,0.0,0.0,3,22.0
2024-06-23 19:00:00,2024-06-23T23:00:00Z,32.1,30.8,37,0.0,0.0,0.0,3,22.4
2024-06-23 20:00:00,2024-06-24T00:00:00Z,31.3,31.0,39,0.0,0.0,0.0,3,15.3
2024-06-23 21:00:00,2024-06-24T01:00:00Z,28.9,28.4,52,0.0,0.0,0.0,3,23.4
2024-06-23 22:00:00,2024-06-24T02:00:00Z,27.9,27.6,59,0.0,0.0,0.0,3,25.3
2024-06-23 23:00:00,2024-06-24T03:00:00Z,26.7,26.9,66,0.0,0.0,0.0,3,24.3
2024-06-24 00:00:00,2024-06-24T04:00:00Z,26.4,27.0,68,0.0,0.0,0.0,1,22.2
2024-06-24 01:00:00,2024-06-24T05:00:00Z,25.9,26.8,71,0.0,0.0,0.0,0,20.6
2024-06-24 02:00:00,2024-06-24T06:00:00Z,25.7,26.7,71,0.0,0.0,0.0,0,19.3
2024-06-24 03:00:00,2024-06-24T07:00:00Z,25.3,26.7,71,0.0,0.0,0.0,1,16.3
2024-06-24 04:00:00,2024-06-24T08:00:00Z,25.0,26.0,70,0.0,0.0,0.0,0,16.5
2024-06-24 05:00:00,2024-06-24T09:00:00Z,24.4,24.7,69,0.0,0.0,0.0,0,18.4
2024-06-24 06:00:00,2024-06-24T10:00:00Z,23.5,23.5,70,0.0,0.0,0.0,0,18.9
2024-06-24 07:00:00,2024-06-24T11:00:00Z,23.4,23.1,69,0.0,0.0,0.0,0,20.3
2024-06-24 08:00:00,2024-06-24T12:00:00Z,23.2,22.1,62,0.0,0.0,0.0,0,20.3
2024-06-24 09:00:00,2024-06-24T13:00:00Z,24.6,23.2,57,0.0,0.0,0.0,0,22.7
2024-06-24 10:00:00,2024-06-24T14:00:00Z,24.6,22.4,49,0.0,0.0,0.0,0,24.9
2024-06-24 11:00:00,2024-06-24T15:00:00Z,25.0,23.0,46,0.0,0.0,0.0,0,26.2
2024-06-24 12:00:00,2024-06-24T16:00:00Z,25.6,23.6,43,0.0,0.0,0.0,2,28.2
2024-06-24 13:00:00,2024-06-24T17:00:00Z,25.7,22.5,40,0.0,0.0,0.0,3,29.6
2024-06-24 14:00:00,2024-06-24T18:00:00Z,25.5,21.2,39,0.0,0.0,0.0,3,31.9
2024-06-24 15:00:00,2024-06-24T19:00:00Z,25.2,20.3,39,0.0,0.0,0.0,3,34.7
2024-06-24 16:00:00,2024-06-24T20:00:00Z,24.8,19.9,40,0.0,0.0,0.0,1,37.4
2024-06-24 17:00:00,2024-06-24T21:00:00Z,23.2,18.5,45,0.0,0.0,0.0,0,34.1
2024-06-24 18:00:00,2024-06-24T22:00:00Z,23.2,18.1,43,0.0,0.0,0.0,3,35.5
2024-06-24 19:00:00,2024-06-24T23:00:00Z,23.1,18.0,42,0.0,0.0,0.0,3,34.2
2024-06-24 20:00:00,2024-06-25T00:00:00Z,22.6,18.5,44,0.0,0.0,0.0,1,27.7
2024-06-24 21:00:00,2024-06-25T01:00:00Z,21.8,18.8,48,0.0,0.0,0.0,3,21.3
2024-06-24 22:00:00,2024-06-25T02:00:00Z,22.1,18.9,46,0.0,0.0,0.0,0,22.0
2024-06-24 23:00:00,2024-06-25T03:00:00Z,21.4,18.3,48,0.0,0.0,0.0,0,21.0
2024-06-25 00:00:00,2024-06-25T04:00:00Z,21.2,18.1,49,0.0,0.0,0.0,0,21.5
2024-06-25 01:00:00,2024-06-25T05:00:00Z,20.9,17.9,49,0.0,0.0,0.0,0,20.1
2024-06-25 02:00:00,2024-06-25T06:00:00Z,20.4,17.6,50,0.0,0.0,0.0,0,18.6
2024-06-25 03:00:00,2024-06-25T07:00:00Z,20.1,17.2,50,0.0,0.0,0.0,0,18.1
2024-06-25 04:00:00,2024-06-25T08:00:00Z,19.9,16.9,50,0.0,0.0,0.0,0,18.6
2024-06-25 05:00:00,2024-06-25T09:00:00Z,19.5,16.6,51,0.0,0.0,0.0,0,18.4
2024-06-25 06:00:00,2024-06-25T10:00:00Z,19.5,16.6,54,0.0,0.0,0.0,0,19.4
2024-06-25 07:00:00,2024-06-25T11:00:00Z,20.5,18.4,56,0.0,0.0,0.0,0,17.4
2024-06-25 08:00:00,2024-06-25T12:00:00Z,22.3,20.6,53,0.0,0.0,0.0,0,16.3
2024-06-25 09:00:00,2024-06-25T13:00:00Z,24.5,23.3,51,0.0,0.0,0.0,0,16.5
2024-06-25 10:00:00,2024-06-25T14:00:00Z,27.0,26.3,44,0.0,0.0,0.0,1,15.2
2024-06-25 11:00:00,2024-06-25T15:00:00Z,28.9,28.1,33,0.0,0.0,0.0,1,15.5
2024-06-25 12:00:00,2024-06-25T16:00:00Z,29.8,29.7,30,0.0,0.0,0.0,0,13.5
2024-06-25 13:00:00,2024-06-25T17:00:00Z,30.6,30.8,28,0.0,0.0,0.0,3,13.2
2024-06-25 14:00:00,2024-06-25T18:00:00Z,31.3,31.5,26,0.0,0.0,0.0,3,13.0
2024-06-25 15:00:00,2024-06-25T19:00:00Z,32.2,31.7,24,0.0,0.0,0.0,3,13.3
2024-06-25 16:00:00,2024-06-25T20:00:00Z,32.7,31.6,22,0.0,0.0,0.0,3,12.6
2024-06-25 17:00:00,2024-06-25T21:00:00Z,30.1,28.3,36,0.0,0.0,0.0,3,21.3
2024-06-25 18:00:00,2024-06-25T22:00:00Z,28.6,27.6,46,0.0,0.0,0.0,3,20.4
2024-06-25 19:00:00,2024-06-25T23:00:00Z,27.2,27.7,55,0.0,0.0,0.0,0,14.7
2024-06-25 20:00:00,2024-06-26T00:00:00Z,26.0,27.8,60,0.0,0.0,0.0,2,6.5
2024-06-25 21:00:00,2024-06-26T01:00:00Z,26.6,23.3,27,0.0,0.0,0.0,3,15.3
2024-06-25 22:00:00,2024-06-26T02:00:00Z,25.3,22.4,32,0.0,0.0,0.0,3,15.3
2024-06-25 23:00:00,2024-06-26T03:00:00Z,25.7,22.8,36,0.0,0.0,0.0,3,18.4
2024-06-26 00:00:00,2024-06-26T04:00:00Z,24.7,22.3,41,0.0,0.0,0.0,3,17.6
2024-06-26 01:00:00,2024-06-26T05:00:00Z,24.1,22.0,46,0.0,0.0,0.0,3,18.5
2024-06-26 02:00:00,2024-06-26T06:00:00Z,23.5,21.6,50,0.0,0.0,0.0,3,18.7
2024-06-26 03:00:00,2024-06-26T07:00:00Z,23.3,21.7,53,0.0,0.0,0.0,3,18.2
2024-06-26 04:00:00,2024-06-26T08:00:00Z,23.1,21.6,55,0.0,0.0,0.0,3,17.9
2024-06-26 05:00:00,2024-06-26T09:00:00Z,22.7,21.5,57,0.0,0.0,0.0,3,16.3
2024-06-26 06:00:00,2024-06-26T10:00:00Z,22.4,21.8,60,0.0,0.0,0.0,3,14.1
2024-06-26 07:00:00,2024-06-26T11:00:00Z,23.3,23.3,62,0.0,0.0,0.0,3,12.7
2024-06-26 08:00:00,2024-06-26T12:00:00Z,24.8,24.8,59,0.0,0.0,0.0,3,14.8
2024-06-26 09:00:00,2024-06-26T13:00:00Z,26.5,26.8,57,0.0,0.0,0.0,3,15.0
2024-06-26 10:00:00,2024-06-26T14:00:00Z,28.3,28.9,52,0.0,0.0,0.0,3,14.9
2024-06-26 11:00:00,2024-06-26T15:00:00Z,30.0,31.4,48,0.0,0.0,0.0,3,15.5
2024-06-26 12:00:00,2024-06-26T16:00:00Z,31.5,33.0,45,0.0,0.0,0.0,3,16.3
2024-06-26 13:00:00,2024-06-26T17:00:00Z,33.2,35.2,41,0.0,0.0,0.0,2,18.0
2024-06-26 14:00:00,2024-06-26T18:00:00Z,33.7,35.1,37,0.0,0.0,0.0,1,16.9
2024-06-26 15:00:00,2024-06-26T19:00:00Z,34.2,36.1,35,0.0,0.0,0.0,1,13.0
2024-06-26 16:00:00,2024-06-26T20:00:00Z,34.5,36.4,34,0.0,0.0,0.0,2,9.1
2024-06-26 17:00:00,2024-06-26T21:00:00Z,32.9,32.8,39,0.0,0.0,0.0,3,18.1
2024-06-26 18:00:00,2024-06-26T22:00:00Z,30.1,30.5,57,0.0,0.0,0.0,3,25.5
2024-06-26 19:00:00,2024-06-26T23:00:00Z,29.6,31.0,59,0.0,0.0,0.0,3,19.8
2024-06-26 20:00:00,2024-06-27T00:00:00Z,29.3,28.4,48,0.4,0.4,0.0,51,23.5
2024-06-26 21:00:00,2024-06-27T01:00:00Z,23.3,24.3,76,0.1,0.1,0.0,51,15.5
2024-06-26 22:00:00,2024-06-27T02:00:00Z,23.2,25.3,81,0.0,0.0,0.0,3,11.0
2024-06-26 23:00:00,2024-06-27T03:00:00Z,23.5,26.5,81,0.0,0.0,0.0,3,5.8
2024-06-27 00:00:00,2024-06-27T04:00:00Z,23.2,26.5,82,0.0,0.0,0.0,3,3.1
2024-06-27 01:00:00,2024-06-27T05:00:00Z,22.8,25.9,85,0.4,0.4,0.0,51,5.0
2024-06-27 02:00:00,2024-06-27T06:00:00Z,22.4,25.8,91,1.6,1.6,0.0,61,6.1
2024-06-27 03:00:00,2024-06-27T07:00:00Z,21.3,23.7,92,2.0,2.0,0.0,61,9.5
2024-06-27 04:00:00,2024-06-27T08:00:00Z,21.1,23.8,91,4.4,4.4,0.0,63,6.4
2024-06-27 05:00:00,2024-06-27T09:00:00Z,21.0,22.6,89,0.5,0.5,0.0,53,12.2
2024-06-27 06:00:00,2024-06-27T10:00:00Z,20.8,22.8,91,0.0,0.0,0.0,3,10.0
2024-06-27 07:00:00,2024-06-27T11:00:00Z,21.0,22.8,88,0.0,0.0,0.0,3,10.4
2024-06-27 08:00:00,2024-06-27T12:00:00Z,21.5,23.3,83,0.0,0.0,0.0,0,8.7
2024-06-27 09:00:00,2024-06-27T13:00:00Z,21.5,21.5,68,0.0,0.0,0.0,0,13.0
2024-06-27 10:00:00,2024-06-27T14:00:00Z,23.3,23.2,59,0.0,0.0,0.0,0,14.4
2024-06-27 11:00:00,2024-06-27T15:00:00Z,24.8,26.0,52,0.0,0.0,0.0,0,10.7
2024-06-27 12:00:00,2024-06-27T16:00:00Z,25.9,27.4,50,0.0,0.0,0.0,1,12.9
2024-06-27 13:00:00,2024-06-27T17:00:00Z,27.0,28.0,46,0.0,0.0,0.0,1,15.6
2024-06-27 14:00:00,2024-06-27T18:00:00Z,27.8,28.0,40,0.0,0.0,0.0,1,15.3
2024-06-27 15:00:00,2024-06-27T19:00:00Z,28.5,28.0,37,0.0,0.0,0.0,1,16.9
2024-06-27 16:00:00,2024-06-27T20:00:00Z,28.9,27.0,34,0.0,0.0,0.0,0,19.2
2024-06-27 17:00:00,2024-06-27T21:00:00Z,29.4,26.9,32,0.0,0.0,0.0,1,20.3
2024-06-27 18:00:00,2024-06-27T22:00:00Z,28.1,25.9,36,0.0,0.0,0.0,1,18.7
2024-06-27 19:00:00,2024-06-27T23:00:00Z,27.2,25.4,39,0.0,0.0,0.0,1,16.4
2024-06-27 20:00:00,2024-06-28T00:00:00Z,25.3,23.2,45,0.0,0.0,0.0,0,19.7
2024-06-27 21:00:00,2024-06-28T01:00:00Z,22.5,20.5,52,0.0,0.0,0.0,0,17.9
2024-06-27 22:00:00,2024-06-28T02:00:00Z,21.7,19.7,53,0.0,0.0,0.0,0,17.1
2024-06-27 23:00:00,2024-06-28T03:00:00Z,20.6,18.0,51,0.0,0.0,0.0,0,17.5
2024-06-28 00:00:00,2024-06-28T04:00:00Z,19.4,16.6,50,0.0,0.0,0.0,0,17.2
2024-06-28 01:00:00,2024-06-28T05:00:00Z,18.1,15.7,53,0.0,0.0,0.0,1,13.7
2024-06-28 02:00:00,2024-06-28T06:00:00Z,16.9,14.7,56,0.0,0.0,0.0,1,11.9
2024-06-28 03:00:00,2024-06-28T07:00:00Z,16.1,14.0,58,0.0,0.0,0.0,3,10.8
2024-06-28 04:00:00,2024-06-28T08:00:00Z,15.4,13.5,62,0.0,0.0,0.0,3,9.4
2024-06-28 05:00:00,2024-06-28T09:00:00Z,15.0,13.4,64,0.0,0.0,0.0,3,8.3
2024-06-28 06:00:00,2024-06-28T10:00:00Z,14.8,13.4,68,0.0,0.0,0.0,3,7.6
2024-06-28 07:00:00,2024-06-28T11:00:00Z,16.0,14.7,66,0.0,0.0,0.0,2,8.0
2024-06-28 08:00:00,2024-06-28T12:00:00Z,17.3,15.4,59,0.0,0.0,0.0,3,11.7
2024-06-28 09:00:00,2024-06-28T13:00:00Z,18.7,16.1,46,0.0,0.0,0.0,1,12.2
2024-06-28 10:00:00,2024-06-28T14:00:00Z,19.9,17.9,40,0.0,0.0,0.0,1,10.6
2024-06-28 11:00:00,2024-06-28T15:00:00Z,21.1,20.3,37,0.0,0.0,0.0,0,8.4
2024-06-28 12:00:00,2024-06-28T16:00:00Z,22.2,22.4,35,0.0,0.0,0.0,0,5.8
2024-06-28 13:00:00,2024-06-28T17:00:00Z,23.1,24.3,33,0.0,0.0,0.0,2,2.7
2024-06-28 14:00:00,2024-06-28T18:00:00Z,24.2,25.9,31,0.0,0.0,0.0,0,0.8
2024-06-28 15:00:00,2024-06-28T19:00:00Z,24.9,25.5,30,0.0,0.0,0.0,0,4.3
2024-06-28 16:00:00,2024-06-28T20:00:00Z,24.1,22.3,35,0.0,0.0,0.0,0,16.2
2024-06-28 17:00:00,2024-06-28T21:00:00Z,23.1,20.0,36,0.0,0.0,0.0,0,19.8
2024-06-28 18:00:00,2024-06-28T22:00:00Z,21.9,18.3,40,0.0,0.0,0.0,0,20.7
2024-06-28 19:00:00,2024-06-28T23:00:00Z,20.4,17.0,44,0.0,0.0,0.0,0,19.1
2024-06-28 20:00:00,2024-06-29T00:00:00Z,19.2,16.2,49,0.0,0.0,0.0,0,17.2
2024-06-28 21:00:00,2024-06-29T01:00:00Z,17.9,16.1,61,0.0,0.0,0.0,3,12.9
2024-06-28 22:00:00,2024-06-29T02:00:00Z,17.6,16.2,65,0.0,0.0,0.0,3,11.5
2024-06-28 23:00:00,2024-06-29T03:00:00Z,17.8,17.0,66,0.0,0.0,0.0,3,8.6
2024-06-29 00:00:00,2024-06-29T04:00:00Z,17.9,17.3,68,0.0,0.0,0.0,3,8.0
2024-06-29 01:00:00,2024-06-29T05:00:00Z,17.6,17.2,73,0.0,0.0,0.0,3,8.8
2024-06-29 02:00:00,2024-06-29T06:00:00Z,17.7,17.6,77,0.0,0.0,0.0,3,8.2
2024-06-29 03:00:00,2024-06-29T07:00:00Z,17.2,18.0,85,0.0,0.0,0.0,2,4.8
2024-06-29 04:00:00,2024-06-29T08:00:00Z,17.6,18.1,86,0.0,0.0,0.0,3,8.7
2024-06-29 05:00:00,2024-06-29T09:00:00Z,18.1,18.8,86,0.0,0.0,0.0,3,8.9
2024-06-29 06:00:00,2024-06-29T10:00:00Z,18.3,18.7,87,0.0,0.0,0.0,3,11.4
2024-06-29 07:00:00,2024-06-29T11:00:00Z,19.9,19.8,82,0.0,0.0,0.0,3,16.2
2024-06-29 08:00:00,2024-06-29T12:00:00Z,21.0,20.4,79,0.0,0.0,0.0,3,21.6
2024-06-29 09:00:00,2024-06-29T13:00:00Z,21.7,21.3,80,0.1,0.1,0.0,51,23.7
2024-06-29 10:00:00,2024-06-29T14:00:00Z,22.8,21.9,76,0.1,0.1,0.0,51,26.8
2024-06-29 11:00:00,2024-06-29T15:00:00Z,24.2,22.7,69,0.1,0.1,0.0,51,30.8
2024-06-29 12:00:00,2024-06-29T16:00:00Z,25.0,23.9,67,0.3,0.3,0.0,51,31.4
2024-06-29 13:00:00,2024-06-29T17:00:00Z,25.1,23.6,67,0.0,0.0,0.0,3,31.7
2024-06-29 14:00:00,2024-06-29T18:00:00Z,25.8,25.0,65,0.0,0.0,0.0,3,31.0
2024-06-29 15:00:00,2024-06-29T19:00:00Z,25.6,24.2,67,0.0,0.0,0.0,3,32.4
2024-06-29 16:00:00,2024-06-29T20:00:00Z,25.9,24.9,68,0.0,0.0,0.0,3,32.1
2024-06-29 17:00:00,2024-06-29T21:00:00Z,25.1,24.1,73,0.0,0.0,0.0,2,32.5
2024-06-29 18:00:00,2024-06-29T22:00:00Z,25.3,24.9,74,0.0,0.0,0.0,3,30.1
2024-06-29 19:00:00,2024-06-29T23:00:00Z,24.6,24.9,78,0.0,0.0,0.0,3,25.8
2024-06-29 20:00:00,2024-06-30T00:00:00Z,24.4,25.1,79,0.0,0.0,0.0,3,23.1
2024-06-29 21:00:00,2024-06-30T01:00:00Z,23.3,25.1,87,0.0,0.0,0.0,3,17.2
2024-06-29 22:00:00,2024-06-30T02:00:00Z,22.9,24.9,89,0.3,0.3,0.0,51,16.3
2024-06-29 23:00:00,2024-06-30T03:00:00Z,22.9,25.2,91,0.7,0.7,0.0,53,16.2
2024-06-30 00:00:00,2024-06-30T04:00:00Z,22.9,25.4,92,0.1,0.1,0.0,51,15.0
2024-06-30 01:00:00,2024-06-30T05:00:00Z,22.9,25.5,92,0.2,0.2,0.0,51,14.6
2024-06-30 02:00:00,2024-06-30T06:00:00Z,22.8,25.4,94,0.2,0.2,0.0,51,15.5
2024-06-30 03:00:00,2024-06-30T07:00:00Z,22.6,25.1,95,0.1,0.1,0.0,51,15.2
2024-06-30 04:00:00,2024-06-30T08:00:00Z,22.6,25.4,96,0.1,0.1,0.0,51,14.4
2024-06-30 05:00:00,2024-06-30T09:00:00Z,22.7,25.9,96,0.0,0.0,0.0,3,12.2
2024-06-30 06:00:00,2024-06-30T10:00:00Z,23.1,26.6,95,0.0,0.0,0.0,3,10.4
2024-06-30 07:00:00,2024-06-30T11:00:00Z,24.1,27.5,92,0.0,0.0,0.0,3,13.1
2024-06-30 08:00:00,2024-06-30T12:00:00Z,25.5,28.5,86,0.0,0.0,0.0,3,16.3
2024-06-30 09:00:00,2024-06-30T13:00:00Z,26.2,29.0,82,0.0,0.0,0.0,3,18.2
2024-06-30 10:00:00,2024-06-30T14:00:00Z,27.2,29.6,77,0.0,0.0,0.0,3,20.1
2024-06-30 11:00:00,2024-06-30T15:00:00Z,28.1,30.6,73,0.0,0.0,0.0,3,18.9
2024-06-30 12:00:00,2024-06-30T16:00:00Z,28.8,31.3,70,0.0,0.0,0.0,3,19.1
2024-06-30 13:00:00,2024-06-30T17:00:00Z,29.7,32.2,66,0.0,0.0,0.0,3,19.4
2024-06-30 14:00:00,2024-06-30T18:00:00Z,30.9,33.7,62,0.0,0.0,0.0,2,19.9
2024-06-30 15:00:00,2024-06-30T19:00:00Z,31.8,34.9,58,0.0,0.0,0.0,2,19.7
2024-06-30 16:00:00,2024-06-30T20:00:00Z,32.5,34.9,54,0.0,0.0,0.0,3,20.5
2024-06-30 17:00:00,2024-06-30T21:00:00Z,24.9,27.5,90,15.1,15.1,0.0,65,20.7
2024-06-30 18:00:00,2024-06-30T22:00:00Z,24.9,25.9,84,0.1,0.1,0.0,51,26.4
2024-06-30 19:00:00,2024-06-30T23:00:00Z,24.4,26.9,88,4.3,4.3,0.0,63,17.1
2024-06-30 20:00:00,2024-07-01T00:00:00Z,23.2,26.3,90,10.4,10.4,0.0,65,10.1
2024-06-30 21:00:00,2024-07-01T01:00:00Z,22.4,25.6,92,0.0,0.0,0.0,2,8.3
2024-06-30 22:00:00,2024-07-01T02:00:00Z,21.6,24.2,93,1.6,1.6,0.0,61,10.2
2024-06-30 23:00:00,2024-07-01T03:00:00Z,21.2,21.2,85,0.0,0.0,0.0,0,22.1
2024-07-01 00:00:00,2024-07-01T04:00:00Z,18.9,17.5,79,0.0,0.0,0.0,0,21.4
2024-07-01 01:00:00,2024-07-01T05:00:00Z,17.6,16.0,78,0.0,0.0,0.0,1,19.6
2024-07-01 02:00:00,2024-07-01T06:00:00Z,16.8,14.8,77,0.0,0.0,0.0,0,19.3
2024-07-01 03:00:00,2024-07-01T07:00:00Z,16.2,14.3,77,0.0,0.0,0.0,0,17.3
2024-07-01 04:00:00,2024-07-01T08:00:00Z,15.9,14.3,78,0.0,0.0,0.0,0,15.9
2024-07-01 05:00:00,2024-07-01T09:00:00Z,15.9,14.2,78,0.0,0.0,0.0,1,15.9
2024-07-01 06:00:00,2024-07-01T10:00:00Z,16.6,14.8,76,0.0,0.0,0.0,1,17.3
2024-07-01 07:00:00,2024-07-01T11:00:00Z,18.0,16.1,71,0.0,0.0,0.0,1,19.4
2024-07-01 08:00:00,2024-07-01T12:00:00Z,19.4,17.5,68,0.0,0.0,0.0,0,20.3
2024-07-01 09:00:00,2024-07-01T13:00:00Z,20.5,18.1,64,0.0,0.0,0.0,1,23.5
2024-07-01 10:00:00,2024-07-01T14:00:00Z,21.6,19.4,59,0.0,0.0,0.0,0,23.3
2024-07-01 11:00:00,2024-07-01T15:00:00Z,23.0,21.5,54,0.1,0.1,0.0,51,22.9
2024-07-01 12:00:00,2024-07-01T16:00:00Z,23.4,21.5,51,0.0,0.0,0.0,1,23.4
2024-07-01 13:00:00,2024-07-01T17:00:00Z,24.0,22.7,51,0.1,0.1,0.0,51,23.4
2024-07-01 14:00:00,2024-07-01T18:00:00Z,24.8,22.7,44,0.0,0.0,0.0,0,24.0
2024-07-01 15:00:00,2024-07-01T19:00:00Z,25.3,23.4,42,0.0,0.0,0.0,0,23.5
2024-07-01 16:00:00,2024-07-01T20:00:00Z,25.6,23.6,40,0.0,0.0,0.0,0,21.2
2024-07-01 17:00:00,2024-07-01T21:00:00Z,25.4,23.0,40,0.0,0.0,0.0,0,20.5
2024-07-01 18:00:00,2024-07-01T22:00:00Z,24.8,22.3,43,0.0,0.0,0.0,0,19.1
2024-07-01 19:00:00,2024-07-01T23:00:00Z,23.9,22.7,48,0.0,0.0,0.0,0,13.4
2024-07-01 20:00:00,2024-07-02T00:00:00Z,22.6,21.1,51,0.0,0.0,0.0,0,14.5
2024-07-01 21:00:00,2024-07-02T01:00:00Z,21.0,20.9,61,0.0,0.0,0.0,0,7.6
2024-07-01 22:00:00,2024-07-02T02:00:00Z,20.4,19.3,61,0.0,0.0,0.0,0,13.0
2024-07-01 23:00:00,2024-07-02T03:00:00Z,20.6,18.2,51,0.0,0.0,0.0,0,16.7
2024-07-02 00:00:00,2024-07-02T04:00:00Z,19.2,17.6,56,0.0,0.0,0.0,0,11.5
2024-07-02 01:00:00,2024-07-02T05:00:00Z,18.1,16.7,66,0.0,0.0,0.0,0,13.1
2024-07-02 02:00:00,2024-07-02T06:00:00Z,18.0,16.2,67,0.0,0.0,0.0,0,15.5
2024-07-02 03:00:00,2024-07-02T07:00:00Z,17.3,15.7,67,0.0,0.0,0.0,0,13.4
2024-07-02 04:00:00,2024-07-02T08:00:00Z,16.6,15.1,71,0.0,0.0,0.0,0,13.0
2024-07-02 05:00:00,2024-07-02T09:00:00Z,16.0,14.6,74,0.0,0.0,0.0,0,12.3
2024-07-02 06:00:00,2024-07-02T10:00:00Z,15.7,14.3,75,0.0,0.0,0.0,0,11.9
2024-07-02 07:00:00,2024-07-02T11:00:00Z,16.8,15.7,73,0.0,0.0,0.0,0,11.2
2024-07-02 08:00:00,2024-07-02T12:00:00Z,18.7,17.6,65,0.0,0.0,0.0,0,11.5
2024-07-02 09:00:00,2024-07-02T13:00:00Z,21.1,20.4,58,0.0,0.0,0.0,0,9.8
2024-07-02 10:00:00,2024-07-02T14:00:00Z,23.1,22.8,49,0.0,0.0,0.0,0,9.8
2024-07-02 11:00:00,2024-07-02T15:00:00Z,24.5,25.3,44,0.0,0.0,0.0,0,7.1
2024-07-02 12:00:00,2024-07-02T16:00:00Z,25.5,27.6,41,0.0,0.0,0.0,0,3.0
2024-07-02 13:00:00,2024-07-02T17:00:00Z,26.2,28.8,38,0.0,0.0,0.0,0,2.0
2024-07-02 14:00:00,2024-07-02T18:00:00Z,26.9,29.5,36,0.0,0.0,0.0,0,1.8
2024-07-02 15:00:00,2024-07-02T19:00:00Z,27.4,29.9,36,0.0,0.0,0.0,3,0.8
2024-07-02 16:00:00,2024-07-02T20:00:00Z,27.5,28.7,37,0.0,0.0,0.0,3,4.3
2024-07-02 17:00:00,2024-07-02T21:00:00Z,27.0,26.1,38,0.0,0.0,0.0,3,9.1
2024-07-02 18:00:00,2024-07-02T22:00:00Z,26.0,24.2,39,0.0,0.0,0.0,3,14.2
2024-07-02 19:00:00,2024-07-02T23:00:00Z,24.6,22.8,43,0.0,0.0,0.0,3,14.7
2024-07-02 20:00:00,2024-07-03T00:00:00Z,23.0,21.7,50,0.0,0.0,0.0,3,12.9
2024-07-02 21:00:00,2024-07-03T01:00:00Z,21.4,20.3,56,0.0,0.0,0.0,3,12.4
2024-07-02 22:00:00,2024-07-03T02:00:00Z,20.6,19.9,60,0.0,0.0,0.0,3,10.4
2024-07-02 23:00:00,2024-07-03T03:00:00Z,20.2,19.9,63,0.0,0.0,0.0,3,8.5
2024-07-03 00:00:00,2024-07-03T04:00:00Z,19.4,19.6,68,0.0,0.0,0.0,3,6.0
2024-07-03 01:00:00,2024-07-03T05:00:00Z,18.5,18.7,73,0.0,0.0,0.0,1,6.1
2024-07-03 02:00:00,2024-07-03T06:00:00Z,17.8,18.0,76,0.0,0.0,0.0,2,6.5
2024-07-03 03:00:00,2024-07-03T07:00:00Z,17.2,17.3,78,0.0,0.0,0.0,0,7.2
2024-07-03 04:00:00,2024-07-03T08:00:00Z,16.6,16.6,80,0.0,0.0,0.0,1,7.2
2024-07-03 05:00:00,2024-07-03T09:00:00Z,17.1,17.1,78,0.0,0.0,0.0,1,7.1
2024-07-03 06:00:00,2024-07-03T10:00:00Z,18.1,18.5,75,0.0,0.0,0.0,0,4.6
2024-07-03 07:00:00,2024-07-03T11:00:00Z,18.6,19.4,76,0.0,0.0,0.0,3,4.1
2024-07-03 08:00:00,2024-07-03T12:00:00Z,20.4,21.0,67,0.0,0.0,0.0,3,5.0
2024-07-03 09:00:00,2024-07-03T13:00:00Z,22.7,23.4,59,0.0,0.0,0.0,2,4.9
2024-07-03 10:00:00,2024-07-03T14:00:00Z,24.7,24.9,47,0.0,0.0,0.0,2,7.4
2024-07-03 11:00:00,2024-07-03T15:00:00Z,26.0,25.6,37,0.0,0.0,0.0,2,11.2
2024-07-03 12:00:00,2024-07-03T16:00:00Z,26.8,26.5,35,0.0,0.0,0.0,1,14.0
2024-07-03 13:00:00,2024-07-03T17:00:00Z,27.0,26.9,37,0.0,0.0,0.0,3,16.2
2024-07-03 14:00:00,2024-07-03T18:00:00Z,26.5,25.9,39,0.0,0.0,0.0,3,20.0
2024-07-03 15:00:00,2024-07-03T19:00:00Z,26.2,24.7,39,0.0,0.0,0.0,3,22.5
2024-07-03 16:00:00,2024-07-03T20:00:00Z,25.7,23.2,40,0.0,0.0,0.0,3,25.3
2024-07-03 17:00:00,2024-07-03T21:00:00Z,24.9,21.8,42,0.0,0.0,0.0,3,25.3
2024-07-03 18:00:00,2024-07-03T22:00:00Z,24.1,21.0,47,0.0,0.0,0.0,3,25.3
2024-07-03 19:00:00,2024-07-03T23:00:00Z,23.1,20.8,53,0.0,0.0,0.0,3,21.9
2024-07-03 20:00:00,2024-07-04T00:00:00Z,21.9,19.9,58,0.0,0.0,0.0,3,20.5
2024-07-03 21:00:00,2024-07-04T01:00:00Z,21.0,19.0,56,0.0,0.0,0.0,3,17.7
2024-07-03 22:00:00,2024-07-04T02:00:00Z,20.4,18.7,59,0.0,0.0,0.0,2,15.6
2024-07-03 23:00:00,2024-07-04T03:00:00Z,20.0,18.3,59,0.0,0.0,0.0,3,15.1
2024-07-04 00:00:00,2024-07-04T04:00:00Z,19.8,18.4,58,0.0,0.0,0.0,3,12.6
2024-07-04 01:00:00,2024-07-04T05:00:00Z,19.5,18.1,58,0.0,0.0,0.0,1,12.0
2024-07-04 02:00:00,2024-07-04T06:00:00Z,19.2,18.0,62,0.0,0.0,0.0,3,12.0
2024-07-04 03:00:00,2024-07-04T07:00:00Z,19.1,18.2,67,0.0,0.0,0.0,3,11.7
2024-07-04 04:00:00,2024-07-04T08:00:00Z,19.0,18.5,71,0.0,0.0,0.0,2,10.9
2024-07-04 05:00:00,2024-07-04T09:00:00Z,18.6,18.6,75,0.0,0.0,0.0,3,9.0
2024-07-04 06:00:00,2024-07-04T10:00:00Z,18.7,18.7,77,0.0,0.0,0.0,3,9.6
2024-07-04 07:00:00,2024-07-04T11:00:00Z,19.8,20.3,74,0.0,0.0,0.0,3,8.5
2024-07-04 08:00:00,2024-07-04T12:00:00Z,21.5,21.8,68,0.0,0.0,0.0,2,10.5
2024-07-04 09:00:00,2024-07-04T13:00:00Z,23.2,24.6,69,0.0,0.0,0.0,3,8.5
2024-07-04 10:00:00,2024-07-04T14:00:00Z,24.8,26.3,66,0.0,0.0,0.0,3,9.6
2024-07-04 11:00:00,2024-07-04T15:00:00Z,25.9,27.7,65,0.1,0.1,0.0,51,9.5
2024-07-04 12:00:00,2024-07-04T16:00:00Z,27.6,30.7,61,0.0,0.0,0.0,3,8.3
2024-07-04 13:00:00,2024-07-04T17:00:00Z,29.3,33.2,56,0.0,0.0,0.0,2,8.8
2024-07-04 14:00:00,2024-07-04T18:00:00Z,29.6,32.9,56,0.0,0.0,0.0,3,13.4
2024-07-04 15:00:00,2024-07-04T19:00:00Z,29.2,32.0,58,0.0,0.0,0.0,3,16.1
2024-07-04 16:00:00,2024-07-04T20:00:00Z,28.4,29.9,61,0.0,0.0,0.0,3,18.2
2024-07-04 17:00:00,2024-07-04T21:00:00Z,27.4,29.4,64,0.0,0.0,0.0,3,13.1
2024-07-04 18:00:00,2024-07-04T22:00:00Z,26.3,28.5,69,0.3,0.3,0.0,51,12.0
2024-07-04 19:00:00,2024-07-04T23:00:00Z,25.8,27.9,71,0.0,0.0,0.0,3,12.5
2024-07-04 20:00:00,2024-07-05T00:00:00Z,25.2,27.8,73,0.0,0.0,0.0,3,8.9
2024-07-04 21:00:00,2024-07-05T01:00:00Z,24.4,27.9,85,0.0,0.0,0.0,3,9.0
2024-07-04 22:00:00,2024-07-05T02:00:00Z,23.8,26.9,89,0.1,0.1,0.0,51,11.6
2024-07-04 23:00:00,2024-07-05T03:00:00Z,23.4,26.9,91,1.7,1.7,0.0,61,9.1
2024-07-05 00:00:00,2024-07-05T04:00:00Z,23.1,27.3,93,1.7,1.7,0.0,61,4.4
2024-07-05 01:00:00,2024-07-05T05:00:00Z,22.1,26.0,96,0.0,0.0,0.0,3,5.6
2024-07-05 02:00:00,2024-07-05T06:00:00Z,21.6,25.3,96,0.0,0.0,0.0,3,4.6
2024-07-05 03:00:00,2024-07-05T07:00:00Z,21.4,24.9,96,0.0,0.0,0.0,3,5.2
2024-07-05 04:00:00,2024-07-05T08:00:00Z,21.3,25.0,97,0.0,0.0,0.0,3,4.0
2024-07-05 05:00:00,2024-07-05T09:00:00Z,21.2,24.8,97,0.0,0.0,0.0,3,4.7
2024-07-05 06:00:00,2024-07-05T10:00:00Z,21.4,25.1,98,0.0,0.0,0.0,3,5.1
2024-07-05 07:00:00,2024-07-05T11:00:00Z,23.0,27.0,94,0.0,0.0,0.0,3,6.0
2024-07-05 08:00:00,2024-07-05T12:00:00Z,24.4,28.2,89,0.0,0.0,0.0,3,8.9
2024-07-05 09:00:00,2024-07-05T13:00:00Z,24.9,29.1,87,0.0,0.0,0.0,3,7.6
2024-07-05 10:00:00,2024-07-05T14:00:00Z,27.5,31.6,77,0.1,0.1,0.0,51,10.1
2024-07-05 11:00:00,2024-07-05T15:00:00Z,29.3,33.7,71,0.0,0.0,0.0,3,9.2
2024-07-05 12:00:00,2024-07-05T16:00:00Z,29.4,33.7,70,0.0,0.0,0.0,3,9.0
2024-07-05 13:00:00,2024-07-05T17:00:00Z,30.9,35.6,63,0.0,0.0,0.0,2,11.3
2024-07-05 14:00:00,2024-07-05T18:00:00Z,31.3,36.1,61,0.0,0.0,0.0,2,14.4
2024-07-05 15:00:00,2024-07-05T19:00:00Z,29.8,33.5,68,0.3,0.3,0.0,51,13.1
2024-07-05 16:00:00,2024-07-05T20:00:00Z,29.8,32.8,66,0.1,0.1,0.0,51,17.6
2024-07-05 17:00:00,2024-07-05T21:00:00Z,28.0,31.5,72,0.5,0.5,0.0,53,10.9
2024-07-05 18:00:00,2024-07-05T22:00:00Z,24.9,27.5,84,3.0,3.0,0.0,63,15.8
2024-07-05 19:00:00,2024-07-05T23:00:00Z,24.9,28.3,86,0.0,0.0,0.0,3,12.2
2024-07-05 20:00:00,2024-07-06T00:00:00Z,24.4,27.9,88,0.0,0.0,0.0,3,10.9
2024-07-05 21:00:00,2024-07-06T01:00:00Z,25.5,30.1,84,0.0,0.0,0.0,3,4.6
2024-07-05 22:00:00,2024-07-06T02:00:00Z,25.5,29.2,81,0.0,0.0,0.0,3,7.9
2024-07-05 23:00:00,2024-07-06T03:00:00Z,25.1,28.9,82,0.0,0.0,0.0,3,7.0
2024-07-06 00:00:00,2024-07-06T04:00:00Z,24.8,27.8,83,0.0,0.0,0.0,3,12.5
2024-07-06 01:00:00,2024-07-06T05:00:00Z,23.7,26.5,86,0.0,0.0,0.0,3,11.9
2024-07-06 02:00:00,2024-07-06T06:00:00Z,22.4,24.9,90,0.0,0.0,0.0,2,12.1
2024-07-06 03:00:00,2024-07-06T07:00:00Z,22.0,24.8,93,0.0,0.0,0.0,3,9.8
2024-07-06 04:00:00,2024-07-06T08:00:00Z,21.9,25.3,94,0.0,0.0,0.0,3,6.6
2024-07-06 05:00:00,2024-07-06T09:00:00Z,22.3,25.7,93,0.1,0.1,0.0,51,7.5
2024-07-06 06:00:00,2024-07-06T10:00:00Z,22.6,26.5,93,0.0,0.0,0.0,3,5.4
2024-07-06 07:00:00,2024-07-06T11:00:00Z,23.3,26.7,91,0.1,0.1,0.0,51,9.4
2024-07-06 08:00:00,2024-07-06T12:00:00Z,24.8,28.5,86,0.0,0.0,0.0,2,9.5
2024-07-06 09:00:00,2024-07-06T13:00:00Z,25.6,30.8,86,0.0,0.0,0.0,2,2.4
2024-07-06 10:00:00,2024-07-06T14:00:00Z,27.5,32.3,77,0.0,0.0,0.0,3,5.8
2024-07-06 11:00:00,2024-07-06T15:00:00Z,29.0,34.2,70,0.0,0.0,0.0,3,4.0
2024-07-06 12:00:00,2024-07-06T16:00:00Z,30.7,35.9,61,0.0,0.0,0.0,1,5.4
2024-07-06 13:00:00,2024-07-06T17:00:00Z,31.8,37.7,60,0.0,0.0,0.0,1,9.1
2024-07-06 14:00:00,2024-07-06T18:00:00Z,31.9,37.0,59,0.0,0.0,0.0,1,12.4
2024-07-06 15:00:00,2024-07-06T19:00:00Z,30.5,34.0,66,0.5,0.5,0.0,53,14.9
2024-07-06 16:00:00,2024-07-06T20:00:00Z,30.6,34.1,66,0.1,0.1,0.0,51,15.9
2024-07-06 17:00:00,2024-07-06T21:00:00Z,30.8,34.4,64,0.1,0.1,0.0,51,13.4
2024-07-06 18:00:00,2024-07-06T22:00:00Z,31.1,34.2,61,0.0,0.0,0.0,1,15.5
2024-07-06 19:00:00,2024-07-06T23:00:00Z,31.0,34.5,61,0.0,0.0,0.0,1,11.3
2024-07-06 20:00:00,2024-07-07T00:00:00Z,29.4,33.4,68,0.0,0.0,0.0,1,9.8
2024-07-06 21:00:00,2024-07-07T01:00:00Z,27.3,31.8,82,0.0,0.0,0.0,0,10.9
2024-07-06 22:00:00,2024-07-07T02:00:00Z,26.7,31.6,83,0.0,0.0,0.0,0,5.9
2024-07-06 23:00:00,2024-07-07T03:00:00Z,25.7,30.4,87,0.0,0.0,0.0,0,6.6
2024-07-07 00:00:00,2024-07-07T04:00:00Z,25.5,30.2,87,0.0,0.0,0.0,3,5.4
2024-07-07 01:00:00,2024-07-07T05:00:00Z,26.1,31.0,83,0.0,0.0,0.0,3,4.0
2024-07-07 02:00:00,2024-07-07T06:00:00Z,25.0,29.5,86,0.0,0.0,0.0,1,4.0
2024-07-07 03:00:00,2024-07-07T07:00:00Z,22.9,26.7,92,0.0,0.0,0.0,0,5.4
2024-07-07 04:00:00,2024-07-07T08:00:00Z,22.9,25.9,88,0.0,0.0,0.0,0,8.5
2024-07-07 05:00:00,2024-07-07T09:00:00Z,22.5,25.0,87,0.0,0.0,0.0,1,10.6
2024-07-07 06:00:00,2024-07-07T10:00:00Z,22.6,24.5,82,0.0,0.0,0.0,3,11.2
2024-07-07 07:00:00,2024-07-07T11:00:00Z,23.4,25.7,82,0.0,0.0,0.0,3,11.6
2024-07-07 08:00:00,2024-07-07T12:00:00Z,25.0,27.4,78,0.0,0.0,0.0,3,12.6
2024-07-07 09:00:00,2024-07-07T13:00:00Z,26.6,28.2,64,0.0,0.0,0.0,2,13.6
2024-07-07 10:00:00,2024-07-07T14:00:00Z,28.1,29.6,57,0.0,0.0,0.0,2,12.1
2024-07-07 11:00:00,2024-07-07T15:00:00Z,29.9,32.7,52,0.0,0.0,0.0,2,10.0
2024-07-07 12:00:00,2024-07-07T16:00:00Z,31.0,35.0,49,0.0,0.0,0.0,3,6.1
2024-07-07 13:00:00,2024-07-07T17:00:00Z,31.6,35.5,46,0.1,0.1,0.0,51,1.1
2024-07-07 14:00:00,2024-07-07T18:00:00Z,31.2,33.6,48,0.2,0.2,0.0,51,6.1
2024-07-07 15:00:00,2024-07-07T19:00:00Z,30.0,32.7,55,0.5,0.5,0.0,53,8.4
2024-07-07 16:00:00,2024-07-07T20:00:00Z,30.3,33.8,56,0.1,0.1,0.0,51,6.8
2024-07-07 17:00:00,2024-07-07T21:00:00Z,30.8,34.0,54,0.0,0.0,0.0,0,6.5
2024-07-07 18:00:00,2024-07-07T22:00:00Z,30.7,33.6,54,0.0,0.0,0.0,0,7.7
2024-07-07 19:00:00,2024-07-07T23:00:00Z,29.4,32.5,63,0.0,0.0,0.0,0,10.8
2024-07-07 20:00:00,2024-07-08T00:00:00Z,27.1,30.9,78,0.0,0.0,0.0,0,11.3
2024-07-07 21:00:00,2024-07-08T01:00:00Z,26.6,30.3,72,0.0,0.0,0.0,0,5.1
2024-07-07 22:00:00,2024-07-08T02:00:00Z,24.9,29.3,87,0.0,0.0,0.0,0,6.0
2024-07-07 23:00:00,2024-07-08T03:00:00Z,24.5,29.3,91,0.0,0.0,0.0,0,4.0
2024-07-08 00:00:00,2024-07-08T04:00:00Z,23.7,28.0,97,0.0,0.0,0.0,2,9.4
2024-07-08 01:00:00,2024-07-08T05:00:00Z,23.1,27.7,98,0.0,0.0,0.0,3,5.4
2024-07-08 02:00:00,2024-07-08T06:00:00Z,22.8,27.7,100,0.0,0.0,0.0,3,3.4
2024-07-08 03:00:00,2024-07-08T07:00:00Z,22.7,27.3,100,0.0,0.0,0.0,3,4.9
2024-07-08 04:00:00,2024-07-08T08:00:00Z,22.8,27.6,99,0.0,0.0,0.0,3,3.2
2024-07-08 05:00:00,2024-07-08T09:00:00Z,22.7,27.8,100,0.0,0.0,0.0,3,1.1
2024-07-08 06:00:00,2024-07-08T10:00:00Z,22.7,26.9,98,0.0,0.0,0.0,2,5.5
2024-07-08 07:00:00,2024-07-08T11:00:00Z,23.3,27.0,88,0.0,0.0,0.0,3,5.0
2024-07-08 08:00:00,2024-07-08T12:00:00Z,24.3,27.5,79,0.0,0.0,0.0,1,5.6
2024-07-08 09:00:00,2024-07-08T13:00:00Z,26.6,29.4,67,0.0,0.0,0.0,1,7.1
2024-07-08 10:00:00,2024-07-08T14:00:00Z,28.5,31.6,60,0.0,0.0,0.0,1,6.6
2024-07-08 11:00:00,2024-07-08T15:00:00Z,30.0,34.1,54,0.0,0.0,0.0,1,4.4
2024-07-08 12:00:00,2024-07-08T16:00:00Z,30.9,35.1,49,0.0,0.0,0.0,3,2.8
2024-07-08 13:00:00,2024-07-08T17:00:00Z,31.6,35.4,45,0.0,0.0,0.0,3,1.8
2024-07-08 14:00:00,2024-07-08T18:00:00Z,32.0,35.4,45,0.0,0.0,0.0,0,7.0
2024-07-08 15:00:00,2024-07-08T19:00:00Z,31.8,35.2,48,0.0,0.0,0.0,0,11.4
2024-07-08 16:00:00,2024-07-08T20:00:00Z,30.9,33.5,53,0.0,0.0,0.0,1,14.2
2024-07-08 17:00:00,2024-07-08T21:00:00Z,30.2,31.8,54,0.0,0.0,0.0,3,15.2
2024-07-08 18:00:00,2024-07-08T22:00:00Z,28.4,30.4,63,0.0,0.0,0.0,2,15.9
2024-07-08 19:00:00,2024-07-08T23:00:00Z,26.2,28.9,76,0.0,0.0,0.0,2,14.3
2024-07-08 20:00:00,2024-07-09T00:00:00Z,24.4,27.2,85,0.0,0.0,0.0,2,13.1
2024-07-08 21:00:00,2024-07-09T01:00:00Z,23.7,26.6,90,0.0,0.0,0.0,3,13.4
2024-07-08 22:00:00,2024-07-09T02:00:00Z,22.9,26.4,95,0.0,0.0,0.0,3,10.6
2024-07-08 23:00:00,2024-07-09T03:00:00Z,23.0,26.9,94,0.0,0.0,0.0,3,6.5
2024-07-09 00:00:00,2024-07-09T04:00:00Z,23.2,27.3,93,0.0,0.0,0.0,3,5.6
2024-07-09 01:00:00,2024-07-09T05:00:00Z,22.7,26.6,96,0.0,0.0,0.0,3,7.4
2024-07-09 02:00:00,2024-07-09T06:00:00Z,22.4,26.3,97,0.0,0.0,0.0,3,6.0
2024-07-09 03:00:00,2024-07-09T07:00:00Z,22.1,26.0,98,0.0,0.0,0.0,3,5.7
2024-07-09 04:00:00,2024-07-09T08:00:00Z,22.0,25.7,98,0.0,0.0,0.0,3,6.8
2024-07-09 05:00:00,2024-07-09T09:00:00Z,21.8,25.4,98,0.0,0.0,0.0,3,6.4
2024-07-09 06:00:00,2024-07-09T10:00:00Z,21.7,25.3,98,0.0,0.0,0.0,3,6.3
2024-07-09 07:00:00,2024-07-09T11:00:00Z,22.2,25.9,95,0.0,0.0,0.0,2,5.6
2024-07-09 08:00:00,2024-07-09T12:00:00Z,24.0,28.1,87,0.0,0.0,0.0,1,4.8
2024-07-09 09:00:00,2024-07-09T13:00:00Z,26.3,30.3,79,0.0,0.0,0.0,3,7.8
2024-07-09 10:00:00,2024-07-09T14:00:00Z,28.2,32.2,72,0.0,0.0,0.0,3,10.0
2024-07-09 11:00:00,2024-07-09T15:00:00Z,29.5,34.0,67,0.0,0.0,0.0,3,11.4
2024-07-09 12:00:00,2024-07-09T16:00:00Z,30.6,35.3,63,0.0,0.0,0.0,3,13.0
2024-07-09 13:00:00,2024-07-09T17:00:00Z,30.8,34.9,63,0.0,0.0,0.0,3,16.3
2024-07-09 14:00:00,2024-07-09T18:00:00Z,30.0,33.7,66,0.0,0.0,0.0,3,19.1
2024-07-09 15:00:00,2024-07-09T19:00:00Z,30.2,33.5,66,0.0,0.0,0.0,1,19.5
2024-07-09 16:00:00,2024-07-09T20:00:00Z,30.4,33.0,64,0.1,0.1,0.0,51,23.1
2024-07-09 17:00:00,2024-07-09T21:00:00Z,29.0,30.6,67,0.0,0.0,0.0,3,22.7
2024-07-09 18:00:00,2024-07-09T22:00:00Z,28.8,31.5,68,0.0,0.0,0.0,3,16.5
2024-07-09 19:00:00,2024-07-09T23:00:00Z,27.7,31.3,75,0.0,0.0,0.0,3,12.2
2024-07-09 20:00:00,2024-07-10T00:00:00Z,28.1,32.4,75,0.0,0.0,0.0,3,9.0
2024-07-09 21:00:00,2024-07-10T01:00:00Z,27.4,31.6,75,0.0,0.0,0.0,3,7.6
2024-07-09 22:00:00,2024-07-10T02:00:00Z,26.8,31.3,79,0.0,0.0,0.0,3,6.6
2024-07-09 23:00:00,2024-07-10T03:00:00Z,26.4,31.2,83,0.0,0.0,0.0,3,5.4
2024-07-10 00:00:00,2024-07-10T04:00:00Z,26.3,30.7,85,0.0,0.0,0.0,3,9.9
2024-07-10 01:00:00,2024-07-10T05:00:00Z,25.9,30.0,86,0.0,0.0,0.0,3,11.3
2024-07-10 02:00:00,2024-07-10T06:00:00Z,25.4,29.6,87,0.0,0.0,0.0,2,9.3
2024-07-10 03:00:00,2024-07-10T07:00:00Z,24.9,29.1,89,0.0,0.0,0.0,3,8.8
2024-07-10 04:00:00,2024-07-10T08:00:00Z,24.6,28.5,89,0.0,0.0,0.0,1,9.1
2024-07-10 05:00:00,2024-07-10T09:00:00Z,24.2,28.1,90,0.0,0.0,0.0,3,9.3
2024-07-10 06:00:00,2024-07-10T10:00:00Z,24.0,27.7,91,0.0,0.0,0.0,2,9.7
2024-07-10 07:00:00,2024-07-10T11:00:00Z,25.0,28.5,84,0.0,0.0,0.0,3,9.7
2024-07-10 08:00:00,2024-07-10T12:00:00Z,26.2,29.5,78,0.0,0.0,0.0,3,10.8
2024-07-10 09:00:00,2024-07-10T13:00:00Z,27.7,30.9,74,0.0,0.0,0.0,3,14.1
2024-07-10 10:00:00,2024-07-10T14:00:00Z,29.0,32.6,70,0.1,0.1,0.0,51,13.0
2024-07-10 11:00:00,2024-07-10T15:00:00Z,29.9,33.3,67,0.0,0.0,0.0,1,17.6
2024-07-10 12:00:00,2024-07-10T16:00:00Z,30.9,34.8,65,0.0,0.0,0.0,3,19.3
2024-07-10 13:00:00,2024-07-10T17:00:00Z,30.7,34.0,63,1.0,1.0,0.0,55,24.1
2024-07-10 14:00:00,2024-07-10T18:00:00Z,30.0,31.8,65,0.4,0.4,0.0,51,26.0
2024-07-10 15:00:00,2024-07-10T19:00:00Z,29.7,30.4,64,0.0,0.0,0.0,2,32.5
2024-07-10 16:00:00,2024-07-10T20:00:00Z,29.3,30.1,65,0.0,0.0,0.0,1,33.1
2024-07-10 17:00:00,2024-07-10T21:00:00Z,28.4,28.6,69,0.0,0.0,0.0,0,32.9
2024-07-10 18:00:00,2024-07-10T22:00:00Z,28.0,28.4,70,0.0,0.0,0.0,0,30.7
2024-07-10 19:00:00,2024-07-10T23:00:00Z,27.1,27.9,73,0.0,0.0,0.0,1,27.5
2024-07-10 20:00:00,2024-07-11T00:00:00Z,26.1,27.2,76,0.0,0.0,0.0,2,24.4
2024-07-10 21:00:00,2024-07-11T01:00:00Z,25.8,27.1,77,0.0,0.0,0.0,3,22.7
2024-07-10 22:00:00,2024-07-11T02:00:00Z,25.5,26.9,79,0.0,0.0,0.0,2,22.7
2024-07-10 23:00:00,2024-07-11T03:00:00Z,25.1,26.8,81,0.0,0.0,0.0,3,20.9
2024-07-11 00:00:00,2024-07-11T04:00:00Z,25.1,26.9,81,0.0,0.0,0.0,3,19.1
2024-07-11 01:00:00,2024-07-11T05:00:00Z,24.9,26.8,81,0.1,0.1,0.0,51,17.7
2024-07-11 02:00:00,2024-07-11T06:00:00Z,23.8,26.9,90,1.9,1.9,0.0,61,13.0
2024-07-11 03:00:00,2024-07-11T07:00:00Z,23.9,27.5,92,0.6,0.6,0.0,53,10.6
2024-07-11 04:00:00,2024-07-11T08:00:00Z,24.1,27.7,91,0.0,0.0,0.0,2,11.0
2024-07-11 05:00:00,2024-07-11T09:00:00Z,24.0,27.5,92,0.0,0.0,0.0,3,12.3
2024-07-11 06:00:00,2024-07-11T10:00:00Z,24.1,27.4,92,2.2,2.2,0.0,61,14.4
2024-07-11 07:00:00,2024-07-11T11:00:00Z,24.4,27.5,92,0.0,0.0,0.0,0,16.9
2024-07-11 08:00:00,2024-07-11T12:00:00Z,24.3,26.0,82,0.0,0.0,0.0,0,18.2
2024-07-11 09:00:00,2024-07-11T13:00:00Z,25.0,25.9,69,0.0,0.0,0.0,0,16.8
2024-07-11 10:00:00,2024-07-11T14:00:00Z,26.0,27.1,64,0.0,0.0,0.0,0,15.2
2024-07-11 11:00:00,2024-07-11T15:00:00Z,27.4,29.2,57,0.0,0.0,0.0,2,14.6
2024-07-11 12:00:00,2024-07-11T16:00:00Z,29.3,30.6,49,0.0,0.0,0.0,1,18.5
2024-07-11 13:00:00,2024-07-11T17:00:00Z,32.0,31.9,38,0.0,0.0,0.0,2,24.5
2024-07-11 14:00:00,2024-07-11T18:00:00Z,32.0,31.3,38,0.0,0.0,0.0,1,26.7
2024-07-11 15:00:00,2024-07-11T19:00:00Z,33.5,32.8,32,0.0,0.0,0.0,2,22.2
2024-07-11 16:00:00,2024-07-11T20:00:00Z,33.1,32.1,33,0.0,0.0,0.0,2,20.8
2024-07-11 17:00:00,2024-07-11T21:00:00Z,32.5,31.3,36,0.0,0.0,0.0,1,20.2
2024-07-11 18:00:00,2024-07-11T22:00:00Z,30.6,30.7,50,0.0,0.0,0.0,2,21.7
2024-07-11 19:00:00,2024-07-11T23:00:00Z,29.1,30.5,58,0.0,0.0,0.0,2,16.9
2024-07-11 20:00:00,2024-07-12T00:00:00Z,27.5,31.7,74,0.0,0.0,0.0,1,5.8
2024-07-11 21:00:00,2024-07-12T01:00:00Z,25.1,26.3,61,0.0,0.0,0.0,1,8.7
2024-07-11 22:00:00,2024-07-12T02:00:00Z,24.4,26.1,64,0.0,0.0,0.0,0,5.8
2024-07-11 23:00:00,2024-07-12T03:00:00Z,23.4,25.2,69,0.0,0.0,0.0,0,5.2
2024-07-12 00:00:00,2024-07-12T04:00:00Z,22.6,24.5,73,0.0,0.0,0.0,0,4.9
2024-07-12 01:00:00,2024-07-12T05:00:00Z,22.1,24.1,76,0.0,0.0,0.0,0,4.9
2024-07-12 02:00:00,2024-07-12T06:00:00Z,21.5,23.5,79,0.0,0.0,0.0,0,4.8
2024-07-12 03:00:00,2024-07-12T07:00:00Z,20.9,23.1,82,0.0,0.0,0.0,0,4.4
2024-07-12 04:00:00,2024-07-12T08:00:00Z,21.1,23.1,81,0.0,0.0,0.0,1,4.7
2024-07-12 05:00:00,2024-07-12T09:00:00Z,21.0,23.2,85,0.0,0.0,0.0,1,5.4
2024-07-12 06:00:00,2024-07-12T10:00:00Z,21.8,24.3,77,0.0,0.0,0.0,1,1.1
2024-07-12 07:00:00,2024-07-12T11:00:00Z,22.6,25.2,76,0.0,0.0,0.0,1,1.9
2024-07-12 08:00:00,2024-07-12T12:00:00Z,24.2,26.6,71,1.3,1.3,0.0,61,4.9
2024-07-12 09:00:00,2024-07-12T13:00:00Z,25.0,27.3,68,0.0,0.0,0.0,2,6.1
2024-07-12 10:00:00,2024-07-12T14:00:00Z,26.3,28.6,64,0.0,0.0,0.0,2,6.4
2024-07-12 11:00:00,2024-07-12T15:00:00Z,27.1,29.3,61,0.0,0.0,0.0,2,8.0
2024-07-12 12:00:00,2024-07-12T16:00:00Z,28.5,30.6,56,0.0,0.0,0.0,3,8.4
2024-07-12 13:00:00,2024-07-12T17:00:00Z,28.3,30.1,60,0.0,0.0,0.0,3,13.0
2024-07-12 14:00:00,2024-07-12T18:00:00Z,25.7,27.7,79,0.6,0.6,0.0,53,19.5
2024-07-12 15:00:00,2024-07-12T19:00:00Z,26.8,29.4,73,0.2,0.2,0.0,51,14.1
2024-07-12 16:00:00,2024-07-12T20:00:00Z,27.6,29.8,70,0.0,0.0,0.0,3,17.2
2024-07-12 17:00:00,2024-07-12T21:00:00Z,26.9,28.5,72,2.1,2.1,0.0,61,20.6
2024-07-12 18:00:00,2024-07-12T22:00:00Z,24.4,28.0,85,2.6,2.6,0.0,63,8.6
2024-07-12 19:00:00,2024-07-12T23:00:00Z,25.0,28.0,83,0.1,0.1,0.0,51,12.3
2024-07-12 20:00:00,2024-07-13T00:00:00Z,24.3,28.1,86,0.5,0.5,0.0,53,6.9
2024-07-12 21:00:00,2024-07-13T01:00:00Z,24.0,28.0,92,0.3,0.3,0.0,51,8.9
2024-07-12 22:00:00,2024-07-13T02:00:00Z,22.7,25.9,94,3.6,3.6,0.0,63,11.2
2024-07-12 23:00:00,2024-07-13T03:00:00Z,22.5,26.1,94,5.6,5.6,0.0,63,7.2
2024-07-13 00:00:00,2024-07-13T04:00:00Z,23.3,27.7,94,0.1,0.1,0.0,51,4.7
2024-07-13 01:00:00,2024-07-13T05:00:00Z,22.7,26.8,96,0.4,0.4,0.0,51,5.9
2024-07-13 02:00:00,2024-07-13T06:00:00Z,22.0,24.5,97,3.7,3.7,0.0,63,14.3
2024-07-13 03:00:00,2024-07-13T07:00:00Z,21.2,22.2,92,8.2,8.2,0.0,65,19.3
2024-07-13 04:00:00,2024-07-13T08:00:00Z,21.2,23.2,95,1.2,1.2,0.0,55,13.7
2024-07-13 05:00:00,2024-07-13T09:00:00Z,21.4,23.7,95,1.0,1.0,0.0,55,12.0
2024-07-13 06:00:00,2024-07-13T10:00:00Z,21.2,24.1,96,3.3,3.3,0.0,63,8.0
2024-07-13 07:00:00,2024-07-13T11:00:00Z,21.3,24.4,95,4.1,4.1,0.0,63,6.9
2024-07-13 08:00:00,2024-07-13T12:00:00Z,21.8,25.2,95,1.4,1.4,0.0,61,6.0
2024-07-13 09:00:00,2024-07-13T13:00:00Z,22.1,26.0,96,6.0,6.0,0.0,63,4.2
2024-07-13 10:00:00,2024-07-13T14:00:00Z,22.3,26.5,94,1.6,1.6,0.0,61,1.8
2024-07-13 11:00:00,2024-07-13T15:00:00Z,24.5,28.5,84,0.2,0.2,0.0,51,5.0
2024-07-13 12:00:00,2024-07-13T16:00:00Z,25.8,29.5,76,0.0,0.0,0.0,2,5.2
2024-07-13 13:00:00,2024-07-13T17:00:00Z,27.4,32.1,66,0.0,0.0,0.0,1,5.1
2024-07-13 14:00:00,2024-07-13T18:00:00Z,28.4,33.1,60,0.0,0.0,0.0,0,3.6
2024-07-13 15:00:00,2024-07-13T19:00:00Z,29.2,34.2,56,0.0,0.0,0.0,0,3.4
2024-07-13 16:00:00,2024-07-13T20:00:00Z,29.6,33.7,54,0.0,0.0,0.0,0,3.1
2024-07-13 17:00:00,2024-07-13T21:00:00Z,29.6,32.7,54,0.0,0.0,0.0,0,4.4
2024-07-13 18:00:00,2024-07-13T22:00:00Z,28.5,31.3,63,0.0,0.0,0.0,0,9.8
2024-07-13 19:00:00,2024-07-13T23:00:00Z,26.9,29.6,75,0.0,0.0,0.0,0,14.8
2024-07-13 20:00:00,2024-07-14T00:00:00Z,26.1,29.0,75,0.0,0.0,0.0,0,10.8
2024-07-13 21:00:00,2024-07-14T01:00:00Z,24.6,28.7,88,0.0,0.0,0.0,0,7.6
2024-07-13 22:00:00,2024-07-14T02:00:00Z,23.8,28.1,94,0.0,0.0,0.0,0,6.9
2024-07-13 23:00:00,2024-07-14T03:00:00Z,23.1,27.3,96,0.0,0.0,0.0,0,6.1
2024-07-14 00:00:00,2024-07-14T04:00:00Z,24.4,29.9,94,0.0,0.0,0.0,0,1.1
2024-07-14 01:00:00,2024-07-14T05:00:00Z,24.1,29.7,96,0.0,0.0,0.0,0,1.0
2024-07-14 02:00:00,2024-07-14T06:00:00Z,22.7,27.2,100,0.0,0.0,0.0,0,5.2
2024-07-14 03:00:00,2024-07-14T07:00:00Z,22.1,26.4,98,0.0,0.0,0.0,0,4.1
2024-07-14 04:00:00,2024-07-14T08:00:00Z,21.9,25.8,99,0.0,0.0,0.0,0,6.2
2024-07-14 05:00:00,2024-07-14T09:00:00Z,21.3,24.6,96,0.0,0.0,0.0,0,6.4
2024-07-14 06:00:00,2024-07-14T10:00:00Z,21.0,23.5,91,0.0,0.0,0.0,0,7.2
2024-07-14 07:00:00,2024-07-14T11:00:00Z,22.0,24.6,87,0.0,0.0,0.0,0,7.0
2024-07-14 08:00:00,2024-07-14T12:00:00Z,23.7,26.8,81,0.0,0.0,0.0,0,6.1
2024-07-14 09:00:00,2024-07-14T13:00:00Z,25.6,29.0,76,0.0,0.0,0.0,0,6.9
2024-07-14 10:00:00,2024-07-14T14:00:00Z,27.4,30.8,66,0.0,0.0,0.0,0,6.8
2024-07-14 11:00:00,2024-07-14T15:00:00Z,28.8,32.8,58,0.0,0.0,0.0,0,5.8
2024-07-14 12:00:00,2024-07-14T16:00:00Z,28.1,32.0,61,0.8,0.8,0.0,53,8.2
2024-07-14 13:00:00,2024-07-14T17:00:00Z,28.5,32.4,62,0.1,0.1,0.0,51,4.2
2024-07-14 14:00:00,2024-07-14T18:00:00Z,30.2,35.1,57,0.0,0.0,0.0,0,8.9
2024-07-14 15:00:00,2024-07-14T19:00:00Z,30.6,33.8,52,0.0,0.0,0.0,0,12.4
2024-07-14 16:00:00,2024-07-14T20:00:00Z,29.9,31.6,51,0.0,0.0,0.0,1,15.5
2024-07-14 17:00:00,2024-07-14T21:00:00Z,29.3,31.9,59,0.1,0.1,0.0,51,10.4
2024-07-14 18:00:00,2024-07-14T22:00:00Z,29.5,32.8,61,0.0,0.0,0.0,0,8.5
2024-07-14 19:00:00,2024-07-14T23:00:00Z,29.0,32.2,63,0.0,0.0,0.0,0,9.0
2024-07-14 20:00:00,2024-07-15T00:00:00Z,27.5,31.3,70,0.0,0.0,0.0,0,6.3
2024-07-14 21:00:00,2024-07-15T01:00:00Z,25.9,29.9,81,0.0,0.0,0.0,0,7.4
2024-07-14 22:00:00,2024-07-15T02:00:00Z,24.9,29.1,88,0.0,0.0,0.0,2,8.0
2024-07-14 23:00:00,2024-07-15T03:00:00Z,24.2,28.6,93,0.0,0.0,0.0,3,7.3
2024-07-15 00:00:00,2024-07-15T04:00:00Z,24.2,28.7,92,0.0,0.0,0.0,3,5.9
2024-07-15 01:00:00,2024-07-15T05:00:00Z,24.3,28.3,90,0.0,0.0,0.0,3,8.9
2024-07-15 02:00:00,2024-07-15T06:00:00Z,23.8,27.4,90,0.0,0.0,0.0,2,9.8
2024-07-15 03:00:00,2024-07-15T07:00:00Z,23.3,26.8,92,0.0,0.0,0.0,1,9.0
2024-07-15 04:00:00,2024-07-15T08:00:00Z,23.0,26.8,93,0.0,0.0,0.0,1,6.8
2024-07-15 05:00:00,2024-07-15T09:00:00Z,22.6,26.7,95,0.0,0.0,0.0,0,4.1
2024-07-15 06:00:00,2024-07-15T10:00:00Z,22.7,26.6,96,0.0,0.0,0.0,0,6.4
2024-07-15 07:00:00,2024-07-15T11:00:00Z,23.5,28.5,92,0.0,0.0,0.0,0,0.5
2024-07-15 08:00:00,2024-07-15T12:00:00Z,25.0,29.4,86,0.0,0.0,0.0,0,5.4
2024-07-15 09:00:00,2024-07-15T13:00:00Z,27.1,30.9,78,0.0,0.0,0.0,0,10.9
2024-07-15 10:00:00,2024-07-15T14:00:00Z,28.7,32.6,71,0.0,0.0,0.0,3,11.3
2024-07-15 11:00:00,2024-07-15T15:00:00Z,29.2,33.2,68,0.0,0.0,0.0,1,8.7
2024-07-15 12:00:00,2024-07-15T16:00:00Z,30.9,35.8,62,0.0,0.0,0.0,3,8.9
2024-07-15 13:00:00,2024-07-15T17:00:00Z,31.7,36.7,57,0.1,0.1,0.0,51,11.3
2024-07-15 14:00:00,2024-07-15T18:00:00Z,32.4,36.4,52,0.0,0.0,0.0,3,14.1
2024-07-15 15:00:00,2024-07-15T19:00:00Z,32.5,36.4,54,0.1,0.1,0.0,51,14.9
2024-07-15 16:00:00,2024-07-15T20:00:00Z,32.8,35.2,50,0.0,0.0,0.0,0,15.0
2024-07-15 17:00:00,2024-07-15T21:00:00Z,33.8,34.6,36,0.0,0.0,0.0,0,10.1
2024-07-15 18:00:00,2024-07-15T22:00:00Z,33.9,35.1,37,0.0,0.0,0.0,0,8.9
2024-07-15 19:00:00,2024-07-15T23:00:00Z,32.4,34.3,43,0.0,0.0,0.0,0,8.4
2024-07-15 20:00:00,2024-07-16T00:00:00Z,30.5,32.2,48,0.0,0.0,0.0,0,9.0
2024-07-15 21:00:00,2024-07-16T01:00:00Z,28.2,28.9,60,0.0,0.0,0.0,2,21.1
2024-07-15 22:00:00,2024-07-16T02:00:00Z,26.1,29.4,73,0.3,0.3,0.0,51,6.9
2024-07-15 23:00:00,2024-07-16T03:00:00Z,25.2,28.6,78,0.0,0.0,0.0,0,6.6
2024-07-16 00:00:00,2024-07-16T04:00:00Z,25.8,28.5,75,0.0,0.0,0.0,0,11.4
2024-07-16 01:00:00,2024-07-16T05:00:00Z,25.9,28.0,73,0.0,0.0,0.0,0,14.5
2024-07-16 02:00:00,2024-07-16T06:00:00Z,25.5,27.1,73,0.0,0.0,0.0,0,16.3
2024-07-16 03:00:00,2024-07-16T07:00:00Z,24.8,26.4,74,0.0,0.0,0.0,0,14.5
2024-07-16 04:00:00,2024-07-16T08:00:00Z,24.0,26.0,75,0.0,0.0,0.0,1,10.1
2024-07-16 05:00:00,2024-07-16T09:00:00Z,23.1,25.4,78,0.0,0.0,0.0,1,7.2
2024-07-16 06:00:00,2024-07-16T10:00:00Z,22.2,24.8,83,0.0,0.0,0.0,0,5.7
2024-07-16 07:00:00,2024-07-16T11:00:00Z,23.3,26.0,79,0.0,0.0,0.0,0,6.5
2024-07-16 08:00:00,2024-07-16T12:00:00Z,25.2,28.3,72,0.0,0.0,0.0,0,4.5
2024-07-16 09:00:00,2024-07-16T13:00:00Z,28.1,31.7,60,0.0,0.0,0.0,2,0.5
2024-07-16 10:00:00,2024-07-16T14:00:00Z,29.7,32.6,54,0.0,0.0,0.0,1,6.1
2024-07-16 11:00:00,2024-07-16T15:00:00Z,31.3,34.6,51,0.0,0.0,0.0,1,10.5
2024-07-16 12:00:00,2024-07-16T16:00:00Z,30.6,34.0,57,0.4,0.4,0.0,51,13.2
2024-07-16 13:00:00,2024-07-16T17:00:00Z,32.1,35.3,53,0.0,0.0,0.0,1,16.5
2024-07-16 14:00:00,2024-07-16T18:00:00Z,33.1,35.6,46,0.0,0.0,0.0,1,20.3
2024-07-16 15:00:00,2024-07-16T19:00:00Z,33.4,35.2,46,0.0,0.0,0.0,1,21.9
2024-07-16 16:00:00,2024-07-16T20:00:00Z,28.6,29.5,64,0.3,0.3,0.0,51,24.5
2024-07-16 17:00:00,2024-07-16T21:00:00Z,28.3,30.7,68,0.0,0.0,0.0,2,16.4
2024-07-16 18:00:00,2024-07-16T22:00:00Z,29.8,31.8,63,0.0,0.0,0.0,1,19.3
2024-07-16 19:00:00,2024-07-16T23:00:00Z,30.5,31.9,58,0.0,0.0,0.0,1,21.5
2024-07-16 20:00:00,2024-07-17T00:00:00Z,29.3,30.2,58,0.0,0.0,0.0,1,20.3
2024-07-16 21:00:00,2024-07-17T01:00:00Z,28.6,31.2,67,0.1,0.1,0.0,51,15.5
2024-07-16 22:00:00,2024-07-17T02:00:00Z,29.0,30.6,66,0.0,0.0,0.0,3,22.5
2024-07-16 23:00:00,2024-07-17T03:00:00Z,27.3,29.6,71,0.0,0.0,0.0,3,16.3
2024-07-17 00:00:00,2024-07-17T04:00:00Z,26.1,29.3,76,0.0,0.0,0.0,3,10.1
2024-07-17 01:00:00,2024-07-17T05:00:00Z,25.5,28.7,79,0.0,0.0,0.0,3,9.8
2024-07-17 02:00:00,2024-07-17T06:00:00Z,24.6,28.4,82,0.0,0.0,0.0,3,5.4
2024-07-17 03:00:00,2024-07-17T07:00:00Z,24.7,28.7,80,0.0,0.0,0.0,2,3.1
2024-07-17 04:00:00,2024-07-17T08:00:00Z,24.2,28.4,84,0.0,0.0,0.0,0,1.8
2024-07-17 05:00:00,2024-07-17T09:00:00Z,23.6,27.8,87,0.0,0.0,0.0,2,2.6
2024-07-17 06:00:00,2024-07-17T10:00:00Z,22.8,26.8,92,0.0,0.0,0.0,3,4.7
2024-07-17 07:00:00,2024-07-17T11:00:00Z,24.5,28.8,85,0.0,0.0,0.0,3,3.2
2024-07-17 08:00:00,2024-07-17T12:00:00Z,25.9,30.4,79,0.0,0.0,0.0,3,2.4
2024-07-17 09:00:00,2024-07-17T13:00:00Z,24.9,27.2,75,0.0,0.0,0.0,1,10.9
2024-07-17 10:00:00,2024-07-17T14:00:00Z,27.7,30.9,68,0.0,0.0,0.0,2,8.7
2024-07-17 11:00:00,2024-07-17T15:00:00Z,28.9,32.5,65,0.0,0.0,0.0,0,11.5
2024-07-17 12:00:00,2024-07-17T16:00:00Z,30.5,34.9,59,0.0,0.0,0.0,1,11.4
2024-07-17 13:00:00,2024-07-17T17:00:00Z,30.6,34.7,61,0.0,0.0,0.0,3,14.6
2024-07-17 14:00:00,2024-07-17T18:00:00Z,30.6,34.9,63,0.0,0.0,0.0,0,16.2
2024-07-17 15:00:00,2024-07-17T19:00:00Z,31.1,35.5,63,0.0,0.0,0.0,0,16.9
2024-07-17 16:00:00,2024-07-17T20:00:00Z,29.6,34.0,70,6.1,6.1,0.0,63,15.2
2024-07-17 17:00:00,2024-07-17T21:00:00Z,25.7,30.3,87,14.0,14.0,0.0,65,7.4
2024-07-17 18:00:00,2024-07-17T22:00:00Z,26.4,31.2,80,0.2,0.2,0.0,51,3.4
2024-07-17 19:00:00,2024-07-17T23:00:00Z,26.9,31.3,78,0.0,0.0,0.0,3,6.4
2024-07-17 20:00:00,2024-07-18T00:00:00Z,26.3,30.4,82,0.0,0.0,0.0,3,9.0
2024-07-17 21:00:00,2024-07-18T01:00:00Z,23.9,28.9,96,4.7,4.7,0.0,63,4.5
2024-07-17 22:00:00,2024-07-18T02:00:00Z,23.6,27.0,94,6.9,6.9,0.0,63,12.9
2024-07-17 23:00:00,2024-07-18T03:00:00Z,23.2,27.3,91,3.5,3.5,0.0,63,4.0
2024-07-18 00:00:00,2024-07-18T04:00:00Z,22.3,24.7,86,1.2,1.2,0.0,55,9.9
2024-07-18 01:00:00,2024-07-18T05:00:00Z,21.9,24.7,87,0.3,0.3,0.0,51,6.3
2024-07-18 02:00:00,2024-07-18T06:00:00Z,21.6,25.5,93,0.0,0.0,0.0,3,1.8
2024-07-18 03:00:00,2024-07-18T07:00:00Z,21.1,24.3,94,0.0,0.0,0.0,3,4.7
2024-07-18 04:00:00,2024-07-18T08:00:00Z,20.8,23.8,93,0.0,0.0,0.0,0,4.7
2024-07-18 05:00:00,2024-07-18T09:00:00Z,20.9,23.9,93,0.0,0.0,0.0,0,5.4
2024-07-18 06:00:00,2024-07-18T10:00:00Z,21.1,23.8,92,0.0,0.0,0.0,0,6.6
2024-07-18 07:00:00,2024-07-18T11:00:00Z,22.2,24.3,86,0.0,0.0,0.0,3,11.0
2024-07-18 08:00:00,2024-07-18T12:00:00Z,22.9,25.3,86,0.0,0.0,0.0,3,11.6
2024-07-18 09:00:00,2024-07-18T13:00:00Z,23.6,26.4,85,0.0,0.0,0.0,3,10.9
2024-07-18 10:00:00,2024-07-18T14:00:00Z,24.2,26.9,81,0.0,0.0,0.0,3,10.2
2024-07-18 11:00:00,2024-07-18T15:00:00Z,24.7,27.3,76,0.0,0.0,0.0,2,9.0
2024-07-18 12:00:00,2024-07-18T16:00:00Z,26.7,28.7,59,0.0,0.0,0.0,0,11.0
2024-07-18 13:00:00,2024-07-18T17:00:00Z,27.8,30.8,52,0.0,0.0,0.0,1,9.3
2024-07-18 14:00:00,2024-07-18T18:00:00Z,28.3,31.3,48,0.0,0.0,0.0,3,6.1
2024-07-18 15:00:00,2024-07-18T19:00:00Z,28.3,29.4,46,0.0,0.0,0.0,2,6.1
2024-07-18 16:00:00,2024-07-18T20:00:00Z,29.3,30.8,42,0.0,0.0,0.0,2,7.5
2024-07-18 17:00:00,2024-07-18T21:00:00Z,29.5,29.6,40,0.0,0.0,0.0,3,10.2
2024-07-18 18:00:00,2024-07-18T22:00:00Z,29.0,28.8,39,0.0,0.0,0.0,3,9.5
2024-07-18 19:00:00,2024-07-18T23:00:00Z,27.8,29.1,51,0.0,0.0,0.0,3,6.6
2024-07-18 20:00:00,2024-07-19T00:00:00Z,26.4,27.2,53,0.0,0.0,0.0,3,8.7
2024-07-18 21:00:00,2024-07-19T01:00:00Z,23.4,24.3,62,0.0,0.0,0.0,3,6.6
2024-07-18 22:00:00,2024-07-19T02:00:00Z,23.3,23.3,61,0.0,0.0,0.0,3,11.9
2024-07-18 23:00:00,2024-07-19T03:00:00Z,22.2,21.3,58,0.0,0.0,0.0,0,14.0
2024-07-19 00:00:00,2024-07-19T04:00:00Z,21.3,19.9,59,0.0,0.0,0.0,0,16.1
2024-07-19 01:00:00,2024-07-19T05:00:00Z,20.6,19.2,61,0.0,0.0,0.0,0,15.7
2024-07-19 02:00:00,2024-07-19T06:00:00Z,19.7,18.4,64,0.0,0.0,0.0,0,15.2
2024-07-19 03:00:00,2024-07-19T07:00:00Z,18.9,17.5,65,0.0,0.0,0.0,0,14.3
2024-07-19 04:00:00,2024-07-19T08:00:00Z,18.2,16.5,66,0.0,0.0,0.0,0,15.0
2024-07-19 05:00:00,2024-07-19T09:00:00Z,17.6,16.0,69,0.0,0.0,0.0,0,14.6
2024-07-19 06:00:00,2024-07-19T10:00:00Z,17.2,15.8,72,0.0,0.0,0.0,0,13.5
2024-07-19 07:00:00,2024-07-19T11:00:00Z,17.8,17.3,74,0.0,0.0,0.0,0,10.4
2024-07-19 08:00:00,2024-07-19T12:00:00Z,19.3,18.8,70,0.0,0.0,0.0,0,11.7
2024-07-19 09:00:00,2024-07-19T13:00:00Z,21.5,21.1,62,0.0,0.0,0.0,0,11.9
2024-07-19 10:00:00,2024-07-19T14:00:00Z,23.0,23.1,56,0.0,0.0,0.0,0,9.4
2024-07-19 11:00:00,2024-07-19T15:00:00Z,24.2,25.1,50,0.0,0.0,0.0,0,8.7
2024-07-19 12:00:00,2024-07-19T16:00:00Z,25.2,26.8,46,0.0,0.0,0.0,0,7.6
2024-07-19 13:00:00,2024-07-19T17:00:00Z,25.9,28.0,44,0.0,0.0,0.0,0,7.1
2024-07-19 14:00:00,2024-07-19T18:00:00Z,26.5,28.4,42,0.0,0.0,0.0,0,7.6
2024-07-19 15:00:00,2024-07-19T19:00:00Z,27.0,28.4,41,0.0,0.0,0.0,0,9.2
2024-07-19 16:00:00,2024-07-19T20:00:00Z,27.4,27.8,39,0.0,0.0,0.0,1,9.0
2024-07-19 17:00:00,2024-07-19T21:00:00Z,27.6,26.9,38,0.0,0.0,0.0,1,8.6
2024-07-19 18:00:00,2024-07-19T22:00:00Z,27.4,26.7,37,0.0,0.0,0.0,0,7.8
2024-07-19 19:00:00,2024-07-19T23:00:00Z,27.1,27.5,43,0.0,0.0,0.0,0,4.3
2024-07-19 20:00:00,2024-07-20T00:00:00Z,25.1,25.1,49,0.0,0.0,0.0,0,8.4
2024-07-19 21:00:00,2024-07-20T01:00:00Z,23.1,23.6,62,0.0,0.0,0.0,0,9.2
2024-07-19 22:00:00,2024-07-20T02:00:00Z,22.5,23.1,66,0.0,0.0,0.0,1,9.4
2024-07-19 23:00:00,2024-07-20T03:00:00Z,21.5,22.2,69,0.0,0.0,0.0,2,7.7
2024-07-20 00:00:00,2024-07-20T04:00:00Z,20.5,21.5,75,0.0,0.0,0.0,3,7.6
2024-07-20 01:00:00,2024-07-20T05:00:00Z,19.6,20.9,80,0.0,0.0,0.0,3,6.1
2024-07-20 02:00:00,2024-07-20T06:00:00Z,19.1,20.2,83,0.0,0.0,0.0,3,6.4
2024-07-20 03:00:00,2024-07-20T07:00:00Z,18.3,19.4,86,0.0,0.0,0.0,3,5.8
2024-07-20 04:00:00,2024-07-20T08:00:00Z,17.8,19.0,87,0.0,0.0,0.0,3,5.1
2024-07-20 05:00:00,2024-07-20T09:00:00Z,17.1,18.2,90,0.0,0.0,0.0,3,4.7
2024-07-20 06:00:00,2024-07-20T10:00:00Z,17.8,18.9,84,0.0,0.0,0.0,3,3.9
2024-07-20 07:00:00,2024-07-20T11:00:00Z,18.7,20.2,81,0.0,0.0,0.0,3,2.3
2024-07-20 08:00:00,2024-07-20T12:00:00Z,20.9,22.5,72,0.0,0.0,0.0,3,2.8
2024-07-20 09:00:00,2024-07-20T13:00:00Z,23.5,25.0,63,0.0,0.0,0.0,3,3.8
2024-07-20 10:00:00,2024-07-20T14:00:00Z,24.8,26.1,60,0.0,0.0,0.0,3,6.1
2024-07-20 11:00:00,2024-07-20T15:00:00Z,25.4,27.5,60,0.0,0.0,0.0,3,3.4
2024-07-20 12:00:00,2024-07-20T16:00:00Z,27.0,28.1,58,0.0,0.0,0.0,3,11.8
2024-07-20 13:00:00,2024-07-20T17:00:00Z,24.6,26.4,71,0.9,0.9,0.0,53,10.4
2024-07-20 14:00:00,2024-07-20T18:00:00Z,26.8,28.0,62,0.0,0.0,0.0,3,14.9
2024-07-20 15:00:00,2024-07-20T19:00:00Z,27.5,26.9,48,0.0,0.0,0.0,3,17.7
2024-07-20 16:00:00,2024-07-20T20:00:00Z,27.5,26.9,48,0.0,0.0,0.0,3,17.3
2024-07-20 17:00:00,2024-07-20T21:00:00Z,27.3,27.2,50,0.0,0.0,0.0,3,14.3
2024-07-20 18:00:00,2024-07-20T22:00:00Z,27.0,27.7,53,0.0,0.0,0.0,3,10.7
2024-07-20 19:00:00,2024-07-20T23:00:00Z,26.2,27.7,58,0.0,0.0,0.0,3,8.0
2024-07-20 20:00:00,2024-07-21T00:00:00Z,24.8,27.2,68,0.0,0.0,0.0,3,5.1
2024-07-20 21:00:00,2024-07-21T01:00:00Z,23.9,26.4,70,0.0,0.0,0.0,3,3.3
2024-07-20 22:00:00,2024-07-21T02:00:00Z,23.1,26.0,78,0.0,0.0,0.0,3,3.2
2024-07-20 23:00:00,2024-07-21T03:00:00Z,23.2,24.7,72,0.0,0.0,0.0,3,9.2
2024-07-21 00:00:00,2024-07-21T04:00:00Z,23.2,24.0,67,0.0,0.0,0.0,3,10.4
2024-07-21 01:00:00,2024-07-21T05:00:00Z,22.6,23.7,71,0.0,0.0,0.0,3,9.8
2024-07-21 02:00:00,2024-07-21T06:00:00Z,21.9,23.4,77,0.0,0.0,0.0,0,8.2
2024-07-21 03:00:00,2024-07-21T07:00:00Z,20.6,22.7,84,0.0,0.0,0.0,1,5.0
2024-07-21 04:00:00,2024-07-21T08:00:00Z,20.0,21.9,86,0.0,0.0,0.0,0,5.1
2024-07-21 05:00:00,2024-07-21T09:00:00Z,19.1,21.0,90,0.0,0.0,0.0,0,5.1
2024-07-21 06:00:00,2024-07-21T10:00:00Z,18.9,21.1,92,0.0,0.0,0.0,0,3.8
2024-07-21 07:00:00,2024-07-21T11:00:00Z,20.6,22.8,86,0.0,0.0,0.0,0,4.6
2024-07-21 08:00:00,2024-07-21T12:00:00Z,22.5,24.9,78,0.0,0.0,0.0,0,4.6
2024-07-21 09:00:00,2024-07-21T13:00:00Z,24.7,27.4,73,0.0,0.0,0.0,0,5.6
2024-07-21 10:00:00,2024-07-21T14:00:00Z,26.0,28.8,67,0.0,0.0,0.0,0,6.2
2024-07-21 11:00:00,2024-07-21T15:00:00Z,27.3,30.1,58,0.0,0.0,0.0,0,7.5
2024-07-21 12:00:00,2024-07-21T16:00:00Z,28.3,30.7,47,0.0,0.0,0.0,1,7.3
2024-07-21 13:00:00,2024-07-21T17:00:00Z,29.2,32.2,43,0.0,0.0,0.0,1,3.6
2024-07-21 14:00:00,2024-07-21T18:00:00Z,30.1,32.8,40,0.0,0.0,0.0,1,6.9
2024-07-21 15:00:00,2024-07-21T19:00:00Z,30.3,32.3,38,0.0,0.0,0.0,0,5.5
2024-07-21 16:00:00,2024-07-21T20:00:00Z,30.4,31.6,38,0.0,0.0,0.0,0,7.3
2024-07-21 17:00:00,2024-07-21T21:00:00Z,29.4,29.6,45,0.0,0.0,0.0,1,13.9
2024-07-21 18:00:00,2024-07-21T22:00:00Z,27.8,27.6,56,0.0,0.0,0.0,1,21.7
2024-07-21 19:00:00,2024-07-21T23:00:00Z,27.4,27.7,55,0.0,0.0,0.0,1,16.5
2024-07-21 20:00:00,2024-07-22T00:00:00Z,26.6,28.0,61,0.0,0.0,0.0,3,11.1
2024-07-21 21:00:00,2024-07-22T01:00:00Z,24.7,26.1,70,0.0,0.0,0.0,2,13.5
2024-07-21 22:00:00,2024-07-22T02:00:00Z,24.0,25.5,71,0.0,0.0,0.0,3,11.3
2024-07-21 23:00:00,2024-07-22T03:00:00Z,23.4,25.4,75,0.0,0.0,0.0,3,8.7
2024-07-22 00:00:00,2024-07-22T04:00:00Z,23.0,24.9,78,0.0,0.0,0.0,3,9.7
2024-07-22 01:00:00,2024-07-22T05:00:00Z,22.8,24.5,78,0.0,0.0,0.0,2,11.0
2024-07-22 02:00:00,2024-07-22T06:00:00Z,22.1,24.2,82,0.0,0.0,0.0,3,8.7
2024-07-22 03:00:00,2024-07-22T07:00:00Z,21.7,23.9,84,0.0,0.0,0.0,3,7.4
2024-07-22 04:00:00,2024-07-22T08:00:00Z,21.0,23.6,88,0.0,0.0,0.0,3,4.7
2024-07-22 05:00:00,2024-07-22T09:00:00Z,20.4,22.9,92,0.0,0.0,0.0,3,5.5
2024-07-22 06:00:00,2024-07-22T10:00:00Z,20.5,23.4,92,0.0,0.0,0.0,3,4.3
2024-07-22 07:00:00,2024-07-22T11:00:00Z,21.5,24.3,88,0.0,0.0,0.0,3,5.9
2024-07-22 08:00:00,2024-07-22T12:00:00Z,22.9,25.7,82,0.0,0.0,0.0,3,5.8
2024-07-22 09:00:00,2024-07-22T13:00:00Z,24.6,27.1,76,0.0,0.0,0.0,3,9.8
2024-07-22 10:00:00,2024-07-22T14:00:00Z,25.5,28.5,73,0.0,0.0,0.0,3,6.6
2024-07-22 11:00:00,2024-07-22T15:00:00Z,27.3,30.8,66,0.0,0.0,0.0,3,3.8
2024-07-22 12:00:00,2024-07-22T16:00:00Z,26.4,27.3,63,0.8,0.8,0.0,53,15.9
2024-07-22 13:00:00,2024-07-22T17:00:00Z,26.0,27.8,70,0.2,0.2,0.0,51,14.5
2024-07-22 14:00:00,2024-07-22T18:00:00Z,27.1,28.0,60,0.0,0.0,0.0,3,15.8
2024-07-22 15:00:00,2024-07-22T19:00:00Z,27.1,27.5,59,0.0,0.0,0.0,3,18.1
2024-07-22 16:00:00,2024-07-22T20:00:00Z,25.8,26.4,68,0.0,0.0,0.0,3,19.9
2024-07-22 17:00:00,2024-07-22T21:00:00Z,25.6,26.6,71,0.0,0.0,0.0,3,19.5
2024-07-22 18:00:00,2024-07-22T22:00:00Z,25.5,26.9,71,0.0,0.0,0.0,3,16.4
2024-07-22 19:00:00,2024-07-22T23:00:00Z,24.9,27.3,76,0.0,0.0,0.0,3,11.9
2024-07-22 20:00:00,2024-07-23T00:00:00Z,24.3,27.0,80,0.0,0.0,0.0,3,9.8
2024-07-22 21:00:00,2024-07-23T01:00:00Z,22.8,25.8,87,0.4,0.4,0.0,51,7.1
2024-07-22 22:00:00,2024-07-23T02:00:00Z,21.3,23.4,93,2.2,2.2,0.0,61,12.6
2024-07-22 23:00:00,2024-07-23T03:00:00Z,21.5,24.7,94,0.6,0.6,0.0,53,5.9
2024-07-23 00:00:00,2024-07-23T04:00:00Z,21.2,24.1,93,0.2,0.2,0.0,51,6.9
2024-07-23 01:00:00,2024-07-23T05:00:00Z,21.0,23.8,93,0.1,0.1,0.0,51,6.1
2024-07-23 02:00:00,2024-07-23T06:00:00Z,20.9,24.2,95,0.1,0.1,0.0,51,4.0
2024-07-23 03:00:00,2024-07-23T07:00:00Z,20.8,24.3,95,0.2,0.2,0.0,51,2.6
2024-07-23 04:00:00,2024-07-23T08:00:00Z,20.7,24.0,95,0.1,0.1,0.0,51,3.3
2024-07-23 05:00:00,2024-07-23T09:00:00Z,20.4,23.9,97,0.0,0.0,0.0,3,2.4
2024-07-23 06:00:00,2024-07-23T10:00:00Z,20.6,24.3,96,0.1,0.1,0.0,51,1.3
2024-07-23 07:00:00,2024-07-23T11:00:00Z,21.0,24.6,94,0.3,0.3,0.0,51,1.8
2024-07-23 08:00:00,2024-07-23T12:00:00Z,21.9,25.5,89,0.0,0.0,0.0,2,2.1
2024-07-23 09:00:00,2024-07-23T13:00:00Z,22.1,25.0,90,0.4,0.4,0.0,51,8.1
2024-07-23 10:00:00,2024-07-23T14:00:00Z,22.6,25.6,86,0.2,0.2,0.0,51,7.1
2024-07-23 11:00:00,2024-07-23T15:00:00Z,24.1,27.1,77,0.1,0.1,0.0,51,5.0
2024-07-23 12:00:00,2024-07-23T16:00:00Z,24.9,27.9,73,0.1,0.1,0.0,51,5.4
2024-07-23 13:00:00,2024-07-23T17:00:00Z,26.2,30.1,67,0.3,0.3,0.0,51,5.9
2024-07-23 14:00:00,2024-07-23T18:00:00Z,27.2,30.8,62,0.1,0.1,0.0,51,6.1
2024-07-23 15:00:00,2024-07-23T19:00:00Z,28.2,31.6,60,0.1,0.1,0.0,51,4.3
2024-07-23 16:00:00,2024-07-23T20:00:00Z,28.2,31.3,61,0.0,0.0,0.0,3,4.3
2024-07-23 17:00:00,2024-07-23T21:00:00Z,28.0,31.6,61,0.0,0.0,0.0,3,1.1
2024-07-23 18:00:00,2024-07-23T22:00:00Z,26.2,29.0,71,0.2,0.2,0.0,51,8.2
2024-07-23 19:00:00,2024-07-23T23:00:00Z,25.8,28.8,74,0.1,0.1,0.0,51,8.2
2024-07-23 20:00:00,2024-07-24T00:00:00Z,25.4,29.1,77,0.0,0.0,0.0,3,4.8
2024-07-23 21:00:00,2024-07-24T01:00:00Z,22.9,26.1,91,0.0,0.0,0.0,3,8.6
2024-07-23 22:00:00,2024-07-24T02:00:00Z,22.5,26.3,94,0.0,0.0,0.0,1,6.1
2024-07-23 23:00:00,2024-07-24T03:00:00Z,22.0,25.9,97,0.0,0.0,0.0,3,5.4
2024-07-24 00:00:00,2024-07-24T04:00:00Z,21.8,25.5,97,0.0,0.0,0.0,3,5.6
2024-07-24 01:00:00,2024-07-24T05:00:00Z,21.5,25.3,98,0.0,0.0,0.0,3,4.6
2024-07-24 02:00:00,2024-07-24T06:00:00Z,21.3,24.8,98,0.0,0.0,0.0,3,5.6
2024-07-24 03:00:00,2024-07-24T07:00:00Z,21.3,24.6,98,0.0,0.0,0.0,3,6.6
2024-07-24 04:00:00,2024-07-24T08:00:00Z,21.2,24.5,98,0.0,0.0,0.0,3,7.1
2024-07-24 05:00:00,2024-07-24T09:00:00Z,21.2,24.4,98,0.0,0.0,0.0,3,8.1
2024-07-24 06:00:00,2024-07-24T10:00:00Z,21.2,24.7,98,0.0,0.0,0.0,3,6.1
2024-07-24 07:00:00,2024-07-24T11:00:00Z,21.5,24.8,97,0.0,0.0,0.0,3,7.4
2024-07-24 08:00:00,2024-07-24T12:00:00Z,22.2,25.6,94,0.1,0.1,0.0,51,7.1
2024-07-24 09:00:00,2024-07-24T13:00:00Z,22.7,25.3,90,0.0,0.0,0.0,3,12.1
2024-07-24 10:00:00,2024-07-24T14:00:00Z,22.8,25.3,89,0.0,0.0,0.0,3,12.9
2024-07-24 11:00:00,2024-07-24T15:00:00Z,23.2,25.8,88,0.5,0.5,0.0,53,12.1
2024-07-24 12:00:00,2024-07-24T16:00:00Z,24.3,27.4,82,0.2,0.2,0.0,51,9.4
2024-07-24 13:00:00,2024-07-24T17:00:00Z,25.9,29.7,77,0.0,0.0,0.0,3,6.3
2024-07-24 14:00:00,2024-07-24T18:00:00Z,27.4,30.9,68,0.0,0.0,0.0,3,5.6
2024-07-24 15:00:00,2024-07-24T19:00:00Z,28.5,31.4,62,0.0,0.0,0.0,3,10.6
2024-07-24 16:00:00,2024-07-24T20:00:00Z,27.8,29.6,62,0.0,0.0,0.0,3,13.8
2024-07-24 17:00:00,2024-07-24T21:00:00Z,26.7,28.4,67,0.0,0.0,0.0,3,14.5
2024-07-24 18:00:00,2024-07-24T22:00:00Z,26.4,28.9,69,0.0,0.0,0.0,3,10.3
2024-07-24 19:00:00,2024-07-24T23:00:00Z,25.4,27.5,74,0.0,0.0,0.0,3,12.6
2024-07-24 20:00:00,2024-07-25T00:00:00Z,24.1,26.3,80,0.0,0.0,0.0,3,12.2
2024-07-24 21:00:00,2024-07-25T01:00:00Z,23.4,25.9,81,0.0,0.0,0.0,1,8.7
2024-07-24 22:00:00,2024-07-25T02:00:00Z,22.3,25.8,87,1.3,1.3,0.0,61,2.9
2024-07-24 23:00:00,2024-07-25T03:00:00Z,20.4,22.7,97,7.9,7.9,0.0,65,10.5
2024-07-25 00:00:00,2024-07-25T04:00:00Z,20.9,23.3,95,0.0,0.0,0.0,3,9.7
2024-07-25 01:00:00,2024-07-25T05:00:00Z,20.6,23.6,96,0.0,0.0,0.0,3,6.1
2024-07-25 02:00:00,2024-07-25T06:00:00Z,20.6,24.0,97,0.0,0.0,0.0,3,4.0
2024-07-25 03:00:00,2024-07-25T07:00:00Z,20.1,23.1,98,0.0,0.0,0.0,3,4.6
2024-07-25 04:00:00,2024-07-25T08:00:00Z,19.7,22.4,99,0.0,0.0,0.0,2,5.9
2024-07-25 05:00:00,2024-07-25T09:00:00Z,20.8,24.3,98,0.0,0.0,0.0,2,4.0
2024-07-25 06:00:00,2024-07-25T10:00:00Z,19.6,22.4,100,0.0,0.0,0.0,3,6.2
2024-07-25 07:00:00,2024-07-25T11:00:00Z,21.7,25.2,96,0.0,0.0,0.0,3,6.4
2024-07-25 08:00:00,2024-07-25T12:00:00Z,22.8,26.1,91,0.0,0.0,0.0,3,8.6
2024-07-25 09:00:00,2024-07-25T13:00:00Z,24.1,27.8,86,0.0,0.0,0.0,3,6.6
2024-07-25 10:00:00,2024-07-25T14:00:00Z,24.6,27.9,81,0.0,0.0,0.0,3,7.1
2024-07-25 11:00:00,2024-07-25T15:00:00Z,25.3,28.2,75,0.0,0.0,0.0,3,8.0
2024-07-25 12:00:00,2024-07-25T16:00:00Z,25.7,27.8,66,0.0,0.0,0.0,3,8.8
2024-07-25 13:00:00,2024-07-25T17:00:00Z,26.4,27.8,60,0.0,0.0,0.0,3,10.4
2024-07-25 14:00:00,2024-07-25T18:00:00Z,27.4,28.5,53,0.0,0.0,0.0,3,11.7
2024-07-25 15:00:00,2024-07-25T19:00:00Z,28.7,30.5,48,0.0,0.0,0.0,1,12.4
2024-07-25 16:00:00,2024-07-25T20:00:00Z,29.2,29.3,41,0.0,0.0,0.0,2,14.6
2024-07-25 17:00:00,2024-07-25T21:00:00Z,29.4,28.0,36,0.0,0.0,0.0,2,16.1
2024-07-25 18:00:00,2024-07-25T22:00:00Z,28.7,26.8,34,0.0,0.0,0.0,3,16.4
2024-07-25 19:00:00,2024-07-25T23:00:00Z,27.1,27.2,44,0.0,0.0,0.0,3,8.4
2024-07-25 20:00:00,2024-07-26T00:00:00Z,25.5,25.6,51,0.0,0.0,0.0,3,10.2
2024-07-25 21:00:00,2024-07-26T01:00:00Z,22.9,23.9,65,0.0,0.0,0.0,2,7.2
2024-07-25 22:00:00,2024-07-26T02:00:00Z,22.7,22.1,58,0.0,0.0,0.0,0,12.8
2024-07-25 23:00:00,2024-07-26T03:00:00Z,21.6,20.3,57,0.0,0.0,0.0,0,14.3
2024-07-26 00:00:00,2024-07-26T04:00:00Z,20.8,18.9,56,0.0,0.0,0.0,0,16.1
2024-07-26 01:00:00,2024-07-26T05:00:00Z,20.1,17.6,53,0.0,0.0,0.0,0,17.9
2024-07-26 02:00:00,2024-07-26T06:00:00Z,19.3,16.9,56,0.0,0.0,0.0,0,16.8
2024-07-26 03:00:00,2024-07-26T07:00:00Z,18.6,16.5,59,0.0,0.0,0.0,0,15.1
2024-07-26 04:00:00,2024-07-26T08:00:00Z,18.1,16.2,62,0.0,0.0,0.0,0,14.3
2024-07-26 05:00:00,2024-07-26T09:00:00Z,17.7,15.6,64,0.0,0.0,0.0,0,16.1
2024-07-26 06:00:00,2024-07-26T10:00:00Z,17.5,15.2,66,0.0,0.0,0.0,0,18.4
2024-07-26 07:00:00,2024-07-26T11:00:00Z,18.1,16.1,66,0.0,0.0,0.0,0,16.7
2024-07-26 08:00:00,2024-07-26T12:00:00Z,19.5,17.7,63,0.0,0.0,0.0,0,17.1
2024-07-26 09:00:00,2024-07-26T13:00:00Z,21.3,19.3,58,0.0,0.0,0.0,0,19.2
2024-07-26 10:00:00,2024-07-26T14:00:00Z,22.6,20.8,52,0.0,0.0,0.0,0,18.3
2024-07-26 11:00:00,2024-07-26T15:00:00Z,24.0,23.3,49,0.0,0.0,0.0,0,17.0
2024-07-26 12:00:00,2024-07-26T16:00:00Z,25.5,25.5,45,0.0,0.0,0.0,0,15.5
2024-07-26 13:00:00,2024-07-26T17:00:00Z,26.6,26.8,41,0.0,0.0,0.0,0,15.9
2024-07-26 14:00:00,2024-07-26T18:00:00Z,27.5,27.7,37,0.0,0.0,0.0,0,14.8
2024-07-26 15:00:00,2024-07-26T19:00:00Z,27.9,27.9,35,0.0,0.0,0.0,0,13.8
2024-07-26 16:00:00,2024-07-26T20:00:00Z,28.1,27.6,34,0.0,0.0,0.0,3,12.2
2024-07-26 17:00:00,2024-07-26T21:00:00Z,28.1,27.1,32,0.0,0.0,0.0,3,8.2
2024-07-26 18:00:00,2024-07-26T22:00:00Z,27.7,26.9,34,0.0,0.0,0.0,3,6.3
2024-07-26 19:00:00,2024-07-26T23:00:00Z,26.5,26.9,44,0.0,0.0,0.0,3,4.3
2024-07-26 20:00:00,2024-07-27T00:00:00Z,25.1,25.7,53,0.0,0.0,0.0,3,6.5
2024-07-26 21:00:00,2024-07-27T01:00:00Z,23.3,22.8,48,0.0,0.0,0.0,3,6.4
2024-07-26 22:00:00,2024-07-27T02:00:00Z,23.3,22.6,48,0.0,0.0,0.0,3,8.7
2024-07-26 23:00:00,2024-07-27T03:00:00Z,21.7,21.3,57,0.0,0.0,0.0,2,8.4
2024-07-27 00:00:00,2024-07-27T04:00:00Z,20.3,20.5,65,0.0,0.0,0.0,2,6.3
2024-07-27 01:00:00,2024-07-27T05:00:00Z,19.7,20.2,69,0.0,0.0,0.0,3,5.4
2024-07-27 02:00:00,2024-07-27T06:00:00Z,19.4,20.1,72,0.0,0.0,0.0,3,4.4
2024-07-27 03:00:00,2024-07-27T07:00:00Z,18.7,19.5,75,0.0,0.0,0.0,1,4.5
2024-07-27 04:00:00,2024-07-27T08:00:00Z,17.7,18.1,79,0.0,0.0,0.0,0,6.5
2024-07-27 05:00:00,2024-07-27T09:00:00Z,17.1,17.1,80,0.0,0.0,0.0,0,8.3
2024-07-27 06:00:00,2024-07-27T10:00:00Z,16.9,16.7,80,0.0,0.0,0.0,0,8.6
2024-07-27 07:00:00,2024-07-27T11:00:00Z,18.0,17.6,76,0.0,0.0,0.0,0,11.5
2024-07-27 08:00:00,2024-07-27T12:00:00Z,20.3,20.1,68,0.0,0.0,0.0,0,10.5
2024-07-27 09:00:00,2024-07-27T13:00:00Z,22.8,23.3,63,0.0,0.0,0.0,0,9.1
2024-07-27 10:00:00,2024-07-27T14:00:00Z,24.9,25.4,55,0.0,0.0,0.0,0,9.6
2024-07-27 11:00:00,2024-07-27T15:00:00Z,26.4,27.6,47,0.0,0.0,0.0,0,8.4
2024-07-27 12:00:00,2024-07-27T16:00:00Z,27.6,29.2,41,0.0,0.0,0.0,0,8.1
2024-07-27 13:00:00,2024-07-27T17:00:00Z,28.1,29.1,39,0.0,0.0,0.0,1,7.9
2024-07-27 14:00:00,2024-07-27T18:00:00Z,28.5,28.9,36,0.0,0.0,0.0,1,7.1
2024-07-27 15:00:00,2024-07-27T19:00:00Z,28.1,27.3,37,0.0,0.0,0.0,1,9.1
2024-07-27 16:00:00,2024-07-27T20:00:00Z,28.5,27.6,35,0.0,0.0,0.0,2,8.6
2024-07-27 17:00:00,2024-07-27T21:00:00Z,29.0,28.7,32,0.0,0.0,0.0,2,4.1
2024-07-27 18:00:00,2024-07-27T22:00:00Z,28.9,28.3,33,0.0,0.0,0.0,3,6.0
2024-07-27 19:00:00,2024-07-27T23:00:00Z,26.7,26.2,45,0.0,0.0,0.0,0,12.1
2024-07-27 20:00:00,2024-07-28T00:00:00Z,24.7,24.0,49,0.0,0.0,0.0,0,12.3
2024-07-27 21:00:00,2024-07-28T01:00:00Z,23.5,24.2,61,0.0,0.0,0.0,0,8.2
2024-07-27 22:00:00,2024-07-28T02:00:00Z,22.5,23.1,63,0.0,0.0,0.0,0,6.8
2024-07-27 23:00:00,2024-07-28T03:00:00Z,21.3,22.1,69,0.0,0.0,0.0,0,6.4
2024-07-28 00:00:00,2024-07-28T04:00:00Z,20.9,21.3,70,0.0,0.0,0.0,0,9.0
2024-07-28 01:00:00,2024-07-28T05:00:00Z,20.2,20.7,70,0.0,0.0,0.0,0,7.0
2024-07-28 02:00:00,2024-07-28T06:00:00Z,19.5,19.9,73,0.0,0.0,0.0,0,7.4
2024-07-28 03:00:00,2024-07-28T07:00:00Z,19.2,19.3,73,0.0,0.0,0.0,0,8.5
2024-07-28 04:00:00,2024-07-28T08:00:00Z,19.0,18.8,72,0.0,0.0,0.0,0,9.4
2024-07-28 05:00:00,2024-07-28T09:00:00Z,18.5,18.5,74,0.0,0.0,0.0,0,8.2
2024-07-28 06:00:00,2024-07-28T10:00:00Z,17.6,18.1,80,0.0,0.0,0.0,0,5.5
2024-07-28 07:00:00,2024-07-28T11:00:00Z,18.9,19.5,78,0.0,0.0,0.0,0,7.2
2024-07-28 08:00:00,2024-07-28T12:00:00Z,21.0,22.0,71,0.0,0.0,0.0,0,6.5
2024-07-28 09:00:00,2024-07-28T13:00:00Z,24.0,24.6,60,0.0,0.0,0.0,0,8.6
2024-07-28 10:00:00,2024-07-28T14:00:00Z,26.2,26.5,50,0.0,0.0,0.0,0,10.2
2024-07-28 11:00:00,2024-07-28T15:00:00Z,27.9,28.6,43,0.0,0.0,0.0,2,11.1
2024-07-28 12:00:00,2024-07-28T16:00:00Z,28.5,28.9,40,0.0,0.0,0.0,3,9.4
2024-07-28 13:00:00,2024-07-28T17:00:00Z,29.4,30.4,37,0.0,0.0,0.0,3,7.5
2024-07-28 14:00:00,2024-07-28T18:00:00Z,30.1,30.8,35,0.0,0.0,0.0,3,7.5
2024-07-28 15:00:00,2024-07-28T19:00:00Z,30.4,31.0,34,0.0,0.0,0.0,3,6.0
2024-07-28 16:00:00,2024-07-28T20:00:00Z,27.8,26.4,43,0.0,0.0,0.0,3,18.7
2024-07-28 17:00:00,2024-07-28T21:00:00Z,25.9,25.0,52,0.0,0.0,0.0,3,18.6
2024-07-28 18:00:00,2024-07-28T22:00:00Z,25.4,24.6,54,0.0,0.0,0.0,3,18.1
2024-07-28 19:00:00,2024-07-28T23:00:00Z,24.8,24.5,58,0.0,0.0,0.0,3,15.9
2024-07-28 20:00:00,2024-07-29T00:00:00Z,23.5,24.1,69,0.0,0.0,0.0,3,13.9
2024-07-28 21:00:00,2024-07-29T01:00:00Z,22.6,23.2,68,0.0,0.0,0.0,3,10.7
2024-07-28 22:00:00,2024-07-29T02:00:00Z,22.2,23.5,74,0.0,0.0,0.0,3,8.7
2024-07-28 23:00:00,2024-07-29T03:00:00Z,21.6,23.6,82,0.0,0.0,0.0,3,6.8
2024-07-29 00:00:00,2024-07-29T04:00:00Z,21.7,24.3,85,0.0,0.0,0.0,3,5.8
2024-07-29 01:00:00,2024-07-29T05:00:00Z,21.4,24.3,88,0.0,0.0,0.0,3,4.6
2024-07-29 02:00:00,2024-07-29T06:00:00Z,21.1,24.1,91,0.0,0.0,0.0,3,4.7
2024-07-29 03:00:00,2024-07-29T07:00:00Z,21.0,24.2,92,0.0,0.0,0.0,3,3.7
2024-07-29 04:00:00,2024-07-29T08:00:00Z,21.2,24.2,92,0.0,0.0,0.0,3,5.3
2024-07-29 05:00:00,2024-07-29T09:00:00Z,20.9,23.8,94,0.0,0.0,0.0,3,6.2
2024-07-29 06:00:00,2024-07-29T10:00:00Z,21.2,23.4,91,0.0,0.0,0.0,3,9.8
2024-07-29 07:00:00,2024-07-29T11:00:00Z,21.6,23.7,88,0.0,0.0,0.0,3,10.2
2024-07-29 08:00:00,2024-07-29T12:00:00Z,22.2,24.3,81,0.0,0.0,0.0,3,8.0
2024-07-29 09:00:00,2024-07-29T13:00:00Z,22.3,25.5,93,0.4,0.4,0.0,51,7.6
2024-07-29 10:00:00,2024-07-29T14:00:00Z,24.3,27.2,74,0.0,0.0,0.0,2,4.4
2024-07-29 11:00:00,2024-07-29T15:00:00Z,26.2,29.2,62,0.0,0.0,0.0,1,4.3
2024-07-29 12:00:00,2024-07-29T16:00:00Z,27.6,30.8,56,0.0,0.0,0.0,3,5.5
2024-07-29 13:00:00,2024-07-29T17:00:00Z,28.2,30.6,54,0.0,0.0,0.0,3,6.4
2024-07-29 14:00:00,2024-07-29T18:00:00Z,28.0,29.4,53,0.0,0.0,0.0,3,8.6
2024-07-29 15:00:00,2024-07-29T19:00:00Z,25.0,26.1,71,2.7,2.7,0.0,63,16.8
2024-07-29 16:00:00,2024-07-29T20:00:00Z,25.4,26.6,68,1.0,1.0,0.0,55,14.7
2024-07-29 17:00:00,2024-07-29T21:00:00Z,26.5,27.7,64,0.0,0.0,0.0,1,15.4
2024-07-29 18:00:00,2024-07-29T22:00:00Z,25.8,27.1,69,0.0,0.0,0.0,1,16.3
2024-07-29 19:00:00,2024-07-29T23:00:00Z,25.7,27.8,73,0.0,0.0,0.0,0,13.2
2024-07-29 20:00:00,2024-07-30T00:00:00Z,24.8,27.1,78,0.0,0.0,0.0,0,12.8
2024-07-29 21:00:00,2024-07-30T01:00:00Z,23.9,27.0,82,0.0,0.0,0.0,1,7.3
2024-07-29 22:00:00,2024-07-30T02:00:00Z,24.3,26.0,76,0.0,0.0,0.0,2,14.2
2024-07-29 23:00:00,2024-07-30T03:00:00Z,23.6,25.8,81,0.0,0.0,0.0,2,11.3
2024-07-30 00:00:00,2024-07-30T04:00:00Z,22.7,25.6,87,0.0,0.0,0.0,2,8.2
2024-07-30 01:00:00,2024-07-30T05:00:00Z,22.0,25.4,92,0.0,0.0,0.0,3,5.4
2024-07-30 02:00:00,2024-07-30T06:00:00Z,21.7,24.8,93,0.0,0.0,0.0,3,7.6
2024-07-30 03:00:00,2024-07-30T07:00:00Z,21.5,24.2,95,0.0,0.0,0.0,1,9.5
2024-07-30 04:00:00,2024-07-30T08:00:00Z,21.1,24.2,96,0.0,0.0,0.0,0,6.4
2024-07-30 05:00:00,2024-07-30T09:00:00Z,20.9,23.8,97,0.0,0.0,0.0,1,8.0
2024-07-30 06:00:00,2024-07-30T10:00:00Z,20.8,23.8,97,0.0,0.0,0.0,2,6.6
2024-07-30 07:00:00,2024-07-30T11:00:00Z,21.7,25.1,95,0.0,0.0,0.0,3,6.6
2024-07-30 08:00:00,2024-07-30T12:00:00Z,23.8,26.2,86,0.0,0.0,0.0,3,15.0
2024-07-30 09:00:00,2024-07-30T13:00:00Z,25.3,27.8,79,0.0,0.0,0.0,3,14.1
2024-07-30 10:00:00,2024-07-30T14:00:00Z,27.0,28.9,69,0.0,0.0,0.0,3,16.3
2024-07-30 11:00:00,2024-07-30T15:00:00Z,28.4,30.5,63,0.0,0.0,0.0,3,17.7
2024-07-30 12:00:00,2024-07-30T16:00:00Z,29.6,31.8,56,0.0,0.0,0.0,3,19.1
2024-07-30 13:00:00,2024-07-30T17:00:00Z,30.5,32.1,50,0.0,0.0,0.0,3,19.8
2024-07-30 14:00:00,2024-07-30T18:00:00Z,30.5,31.5,50,0.0,0.0,0.0,1,22.1
2024-07-30 15:00:00,2024-07-30T19:00:00Z,30.5,30.7,49,0.0,0.0,0.0,1,27.5
2024-07-30 16:00:00,2024-07-30T20:00:00Z,29.7,29.7,53,0.0,0.0,0.0,2,26.7
2024-07-30 17:00:00,2024-07-30T21:00:00Z,28.6,28.5,59,0.0,0.0,0.0,1,25.8
2024-07-30 18:00:00,2024-07-30T22:00:00Z,27.7,27.9,63,0.0,0.0,0.0,2,24.6
2024-07-30 19:00:00,2024-07-30T23:00:00Z,26.7,27.1,66,0.0,0.0,0.0,3,23.6
2024-07-30 20:00:00,2024-07-31T00:00:00Z,25.5,26.3,71,0.0,0.0,0.0,3,20.5
2024-07-30 21:00:00,2024-07-31T01:00:00Z,24.6,25.5,73,0.0,0.0,0.0,3,18.4
2024-07-30 22:00:00,2024-07-31T02:00:00Z,24.0,24.9,75,0.0,0.0,0.0,3,17.8
2024-07-30 23:00:00,2024-07-31T03:00:00Z,23.7,24.7,77,0.0,0.0,0.0,2,17.5
2024-07-31 00:00:00,2024-07-31T04:00:00Z,23.4,24.8,81,0.0,0.0,0.0,3,17.1
2024-07-31 01:00:00,2024-07-31T05:00:00Z,23.2,25.0,85,0.1,0.1,0.0,51,16.2
2024-07-31 02:00:00,2024-07-31T06:00:00Z,22.5,25.4,91,2.1,2.1,0.0,61,9.9
2024-07-31 03:00:00,2024-07-31T07:00:00Z,22.6,25.8,92,0.4,0.4,0.0,51,8.5
2024-07-31 04:00:00,2024-07-31T08:00:00Z,22.4,25.6,93,0.7,0.7,0.0,53,9.0
2024-07-31 05:00:00,2024-07-31T09:00:00Z,22.4,25.5,94,0.0,0.0,0.0,3,9.8
2024-07-31 06:00:00,2024-07-31T10:00:00Z,22.5,25.6,94,0.0,0.0,0.0,3,10.0
2024-07-31 07:00:00,2024-07-31T11:00:00Z,22.8,25.8,93,0.0,0.0,0.0,3,10.9
2024-07-31 08:00:00,2024-07-31T12:00:00Z,23.9,26.3,86,0.0,0.0,0.0,3,15.1
2024-07-31 09:00:00,2024-07-31T13:00:00Z,23.2,25.5,89,0.2,0.2,0.0,51,15.2
2024-07-31 10:00:00,2024-07-31T14:00:00Z,25.4,27.8,80,0.2,0.2,0.0,51,15.9
2024-07-31 11:00:00,2024-07-31T15:00:00Z,26.1,28.6,76,0.1,0.1,0.0,51,14.7
2024-07-31 12:00:00,2024-07-31T16:00:00Z,27.1,29.5,71,0.2,0.2,0.0,51,15.5
2024-07-31 13:00:00,2024-07-31T17:00:00Z,28.1,30.1,67,0.1,0.1,0.0,51,16.9
2024-07-31 14:00:00,2024-07-31T18:00:00Z,27.7,30.6,72,0.2,0.2,0.0,51,14.1
2024-07-31 15:00:00,2024-07-31T19:00:00Z,29.3,32.7,65,0.3,0.3,0.0,51,13.4
2024-07-31 16:00:00,2024-07-31T20:00:00Z,31.1,33.6,52,0.0,0.0,0.0,3,13.4
2024-07-31 17:00:00,2024-07-31T21:00:00Z,28.4,31.4,63,1.3,1.3,0.0,61,8.5
2024-07-31 18:00:00,2024-07-31T22:00:00Z,24.3,27.8,86,7.6,7.6,0.0,65,9.2
2024-07-31 19:00:00,2024-07-31T23:00:00Z,25.0,29.0,83,0.0,0.0,0.0,1,6.1
2024-07-31 20:00:00,2024-08-01T00:00:00Z,24.1,27.4,85,0.0,0.0,0.0,1,9.0
2024-07-31 21:00:00,2024-08-01T01:00:00Z,25.9,29.2,74,0.0,0.0,0.0,0,6.7
2024-07-31 22:00:00,2024-08-01T02:00:00Z,24.8,28.1,78,0.0,0.0,0.0,0,6.1
2024-07-31 23:00:00,2024-08-01T03:00:00Z,23.4,27.0,87,0.0,0.0,0.0,0,5.4
2024-08-01 00:00:00,2024-08-01T04:00:00Z,23.2,26.8,87,0.0,0.0,0.0,0,4.7
2024-08-01 01:00:00,2024-08-01T05:00:00Z,22.4,25.8,90,0.0,0.0,0.0,0,5.6
2024-08-01 02:00:00,2024-08-01T06:00:00Z,21.8,25.2,93,0.0,0.0,0.0,0,5.6
2024-08-01 03:00:00,2024-08-01T07:00:00Z,21.5,24.6,94,0.0,0.0,0.0,0,6.6
2024-08-01 04:00:00,2024-08-01T08:00:00Z,20.9,24.2,96,0.0,0.0,0.0,0,4.4
2024-08-01 05:00:00,2024-08-01T09:00:00Z,20.2,23.1,97,0.0,0.0,0.0,0,5.4
2024-08-01 06:00:00,2024-08-01T10:00:00Z,19.8,22.5,97,0.0,0.0,0.0,0,5.8
2024-08-01 07:00:00,2024-08-01T11:00:00Z,21.8,25.1,91,0.0,0.0,0.0,0,5.2
2024-08-01 08:00:00,2024-08-01T12:00:00Z,24.6,28.3,80,0.0,0.0,0.0,0,4.2
2024-08-01 09:00:00,2024-08-01T13:00:00Z,27.3,30.7,66,0.0,0.0,0.0,0,4.7
2024-08-01 10:00:00,2024-08-01T14:00:00Z,29.2,31.9,56,0.0,0.0,0.0,0,5.6
2024-08-01 11:00:00,2024-08-01T15:00:00Z,30.6,33.7,50,0.0,0.0,0.0,0,7.6
2024-08-01 12:00:00,2024-08-01T16:00:00Z,31.7,34.8,45,0.0,0.0,0.0,1,10.1
2024-08-01 13:00:00,2024-08-01T17:00:00Z,32.8,36.0,43,0.0,0.0,0.0,0,11.2
2024-08-01 14:00:00,2024-08-01T18:00:00Z,33.3,35.8,42,0.0,0.0,0.0,1,13.0
2024-08-01 15:00:00,2024-08-01T19:00:00Z,33.9,35.8,40,0.0,0.0,0.0,1,14.1
2024-08-01 16:00:00,2024-08-01T20:00:00Z,33.8,35.8,40,0.0,0.0,0.0,1,11.0
2024-08-01 17:00:00,2024-08-01T21:00:00Z,31.7,33.4,50,0.0,0.0,0.0,2,14.8
2024-08-01 18:00:00,2024-08-01T22:00:00Z,30.2,32.7,60,0.0,0.0,0.0,1,15.3
2024-08-01 19:00:00,2024-08-01T23:00:00Z,29.1,32.5,67,0.0,0.0,0.0,0,12.1
2024-08-01 20:00:00,2024-08-02T00:00:00Z,27.0,30.5,76,0.0,0.0,0.0,0,10.9
2024-08-01 21:00:00,2024-08-02T01:00:00Z,25.4,29.7,83,0.0,0.0,0.0,1,5.5
2024-08-01 22:00:00,2024-08-02T02:00:00Z,25.3,29.5,83,0.0,0.0,0.0,1,5.8
2024-08-01 23:00:00,2024-08-02T03:00:00Z,24.8,28.8,84,0.0,0.0,0.0,2,6.5
2024-08-02 00:00:00,2024-08-02T04:00:00Z,25.8,30.0,77,0.0,0.0,0.0,2,2.2
2024-08-02 01:00:00,2024-08-02T05:00:00Z,24.5,27.6,84,0.0,0.0,0.0,2,11.1
2024-08-02 02:00:00,2024-08-02T06:00:00Z,24.1,27.7,81,0.0,0.0,0.0,1,4.0
2024-08-02 03:00:00,2024-08-02T07:00:00Z,24.0,27.5,82,0.0,0.0,0.0,1,4.6
2024-08-02 04:00:00,2024-08-02T08:00:00Z,23.6,26.9,83,0.0,0.0,0.0,3,5.8
2024-08-02 05:00:00,2024-08-02T09:00:00Z,22.6,25.8,89,0.0,0.0,0.0,3,7.0
2024-08-02 06:00:00,2024-08-02T10:00:00Z,23.0,26.4,87,0.0,0.0,0.0,3,6.0
2024-08-02 07:00:00,2024-08-02T11:00:00Z,24.1,27.7,83,0.0,0.0,0.0,3,5.6
2024-08-02 08:00:00,2024-08-02T12:00:00Z,25.5,29.4,77,0.0,0.0,0.0,1,4.2
2024-08-02 09:00:00,2024-08-02T13:00:00Z,25.7,29.2,76,0.0,0.0,0.0,3,6.3
2024-08-02 10:00:00,2024-08-02T14:00:00Z,28.3,32.4,68,0.0,0.0,0.0,2,4.7
2024-08-02 11:00:00,2024-08-02T15:00:00Z,30.8,34.7,59,0.0,0.0,0.0,3,7.4
2024-08-02 12:00:00,2024-08-02T16:00:00Z,31.8,35.2,55,0.0,0.0,0.0,3,11.3
2024-08-02 13:00:00,2024-08-02T17:00:00Z,32.4,35.9,52,0.0,0.0,0.0,3,14.4
2024-08-02 14:00:00,2024-08-02T18:00:00Z,31.5,35.2,56,0.6,0.6,0.0,53,16.2
2024-08-02 15:00:00,2024-08-02T19:00:00Z,29.3,30.5,64,1.1,1.1,0.0,55,25.1
2024-08-02 16:00:00,2024-08-02T20:00:00Z,28.0,32.0,69,0.1,0.1,0.0,51,5.2
2024-08-02 17:00:00,2024-08-02T21:00:00Z,27.7,30.9,72,0.4,0.4,0.0,51,12.3
2024-08-02 18:00:00,2024-08-02T22:00:00Z,25.7,30.6,85,1.6,1.6,0.0,61,3.6
2024-08-02 19:00:00,2024-08-02T23:00:00Z,25.8,30.3,84,0.0,0.0,0.0,2,6.3
2024-08-02 20:00:00,2024-08-03T00:00:00Z,24.6,28.2,91,0.1,0.1,0.0,51,12.6
2024-08-02 21:00:00,2024-08-03T01:00:00Z,25.2,29.8,90,0.1,0.1,0.0,51,7.2
2024-08-02 22:00:00,2024-08-03T02:00:00Z,24.4,29.3,94,0.0,0.0,0.0,0,5.4
2024-08-02 23:00:00,2024-08-03T03:00:00Z,23.7,28.3,95,0.0,0.0,0.0,1,5.2
2024-08-03 00:00:00,2024-08-03T04:00:00Z,23.8,27.9,95,0.0,0.0,0.0,3,9.6
2024-08-03 01:00:00,2024-08-03T05:00:00Z,23.7,28.0,94,0.0,0.0,0.0,3,7.1
2024-08-03 02:00:00,2024-08-03T06:00:00Z,23.5,27.8,94,0.0,0.0,0.0,3,6.3
2024-08-03 03:00:00,2024-08-03T07:00:00Z,23.5,27.6,94,0.1,0.1,0.0,51,6.5
2024-08-03 04:00:00,2024-08-03T08:00:00Z,23.4,27.6,94,0.2,0.2,0.0,51,6.0
2024-08-03 05:00:00,2024-08-03T09:00:00Z,23.3,27.1,95,0.0,0.0,0.0,3,8.9
2024-08-03 06:00:00,2024-08-03T10:00:00Z,22.9,26.4,96,0.0,0.0,0.0,2,10.2
2024-08-03 07:00:00,2024-08-03T11:00:00Z,23.3,26.9,94,0.0,0.0,0.0,1,10.5
2024-08-03 08:00:00,2024-08-03T12:00:00Z,24.4,28.3,89,0.0,0.0,0.0,2,9.3
2024-08-03 09:00:00,2024-08-03T13:00:00Z,26.4,30.3,78,0.0,0.0,0.0,2,8.3
2024-08-03 10:00:00,2024-08-03T14:00:00Z,28.2,31.6,69,0.0,0.0,0.0,2,10.1
2024-08-03 11:00:00,2024-08-03T15:00:00Z,29.7,33.7,63,0.0,0.0,0.0,3,10.9
2024-08-03 12:00:00,2024-08-03T16:00:00Z,30.9,34.8,56,0.0,0.0,0.0,3,10.5
2024-08-03 13:00:00,2024-08-03T17:00:00Z,31.9,35.5,53,0.0,0.0,0.0,1,11.9
2024-08-03 14:00:00,2024-08-03T18:00:00Z,32.5,36.2,51,0.0,0.0,0.0,1,12.5
2024-08-03 15:00:00,2024-08-03T19:00:00Z,29.1,33.5,67,4.0,4.0,0.0,63,7.7
2024-08-03 16:00:00,2024-08-03T20:00:00Z,28.4,31.4,71,1.3,1.3,0.0,61,15.5
2024-08-03 17:00:00,2024-08-03T21:00:00Z,26.7,30.1,79,0.5,0.5,0.0,53,13.9
2024-08-03 18:00:00,2024-08-03T22:00:00Z,27.5,31.9,74,0.1,0.1,0.0,51,5.7
2024-08-03 19:00:00,2024-08-03T23:00:00Z,26.7,30.1,77,0.0,0.0,0.0,3,11.7
2024-08-03 20:00:00,2024-08-04T00:00:00Z,25.2,28.5,81,0.0,0.0,0.0,3,10.8
2024-08-03 21:00:00,2024-08-04T01:00:00Z,24.0,28.5,93,1.1,1.1,0.0,55,5.8
2024-08-03 22:00:00,2024-08-04T02:00:00Z,23.1,27.4,95,0.1,0.1,0.0,51,5.2
2024-08-03 23:00:00,2024-08-04T03:00:00Z,23.0,26.0,92,3.7,3.7,0.0,63,12.0
2024-08-04 00:00:00,2024-08-04T04:00:00Z,23.0,27.1,94,0.3,0.3,0.0,51,5.9
2024-08-04 01:00:00,2024-08-04T05:00:00Z,22.6,25.9,96,0.0,0.0,0.0,3,11.0
2024-08-04 02:00:00,2024-08-04T06:00:00Z,22.7,26.5,96,0.0,0.0,0.0,3,7.9
2024-08-04 03:00:00,2024-08-04T07:00:00Z,22.8,26.5,97,0.0,0.0,0.0,3,8.9
2024-08-04 04:00:00,2024-08-04T08:00:00Z,22.7,26.0,97,0.0,0.0,0.0,3,11.7
2024-08-04 05:00:00,2024-08-04T09:00:00Z,22.5,26.3,97,0.0,0.0,0.0,3,7.5
2024-08-04 06:00:00,2024-08-04T10:00:00Z,22.5,26.1,96,0.0,0.0,0.0,3,7.9
2024-08-04 07:00:00,2024-08-04T11:00:00Z,22.7,25.8,95,0.0,0.0,0.0,2,11.4
2024-08-04 08:00:00,2024-08-04T12:00:00Z,23.2,26.0,91,0.0,0.0,0.0,2,13.3
2024-08-04 09:00:00,2024-08-04T13:00:00Z,23.9,26.3,84,0.1,0.1,0.0,51,13.7
2024-08-04 10:00:00,2024-08-04T14:00:00Z,23.7,26.4,86,0.5,0.5,0.0,53,11.5
2024-08-04 11:00:00,2024-08-04T15:00:00Z,23.8,26.8,87,1.1,1.1,0.0,55,11.2
2024-08-04 12:00:00,2024-08-04T16:00:00Z,23.6,25.9,87,0.8,0.8,0.0,53,15.4
2024-08-04 13:00:00,2024-08-04T17:00:00Z,24.4,27.1,82,0.2,0.2,0.0,51,11.8
2024-08-04 14:00:00,2024-08-04T18:00:00Z,26.9,29.5,69,0.1,0.1,0.0,51,13.0
2024-08-04 15:00:00,2024-08-04T19:00:00Z,27.6,30.4,69,0.1,0.1,0.0,51,13.3
2024-08-04 16:00:00,2024-08-04T20:00:00Z,27.0,29.6,70,0.2,0.2,0.0,51,12.5
2024-08-04 17:00:00,2024-08-04T21:00:00Z,24.3,27.3,82,1.7,1.7,0.0,61,9.2
2024-08-04 18:00:00,2024-08-04T22:00:00Z,24.5,27.2,81,0.0,0.0,0.0,2,11.3
2024-08-04 19:00:00,2024-08-04T23:00:00Z,24.8,27.9,81,0.0,0.0,0.0,3,10.2
2024-08-04 20:00:00,2024-08-05T00:00:00Z,23.9,27.0,86,0.0,0.0,0.0,3,9.9
2024-08-04 21:00:00,2024-08-05T01:00:00Z,24.1,26.9,88,0.0,0.0,0.0,0,14.1
2024-08-04 22:00:00,2024-08-05T02:00:00Z,23.6,26.3,87,0.0,0.0,0.0,0,13.1
2024-08-04 23:00:00,2024-08-05T03:00:00Z,23.3,26.0,88,0.0,0.0,0.0,0,12.9
2024-08-05 00:00:00,2024-08-05T04:00:00Z,23.0,25.8,90,0.0,0.0,0.0,0,12.0
2024-08-05 01:00:00,2024-08-05T05:00:00Z,22.7,25.6,91,0.0,0.0,0.0,0,10.4
2024-08-05 02:00:00,2024-08-05T06:00:00Z,22.3,25.4,92,0.0,0.0,0.0,0,8.8
2024-08-05 03:00:00,2024-08-05T07:00:00Z,21.9,25.0,92,0.0,0.0,0.0,0,6.9
2024-08-05 04:00:00,2024-08-05T08:00:00Z,21.4,24.0,90,0.0,0.0,0.0,0,7.4
2024-08-05 05:00:00,2024-08-05T09:00:00Z,20.9,22.9,86,0.0,0.0,0.0,0,8.0
2024-08-05 06:00:00,2024-08-05T10:00:00Z,20.4,22.2,85,0.0,0.0,0.0,0,6.6
2024-08-05 07:00:00,2024-08-05T11:00:00Z,21.4,22.9,80,0.0,0.0,0.0,0,8.7
2024-08-05 08:00:00,2024-08-05T12:00:00Z,23.3,25.3,74,0.0,0.0,0.0,0,7.1
2024-08-05 09:00:00,2024-08-05T13:00:00Z,25.8,28.0,66,0.0,0.0,0.0,0,7.1
2024-08-05 10:00:00,2024-08-05T14:00:00Z,27.4,29.8,58,0.0,0.0,0.0,0,5.1
2024-08-05 11:00:00,2024-08-05T15:00:00Z,28.9,32.2,51,0.0,0.0,0.0,0,3.2
2024-08-05 12:00:00,2024-08-05T16:00:00Z,30.0,34.2,46,0.0,0.0,0.0,0,0.7
2024-08-05 13:00:00,2024-08-05T17:00:00Z,31.0,34.4,42,0.0,0.0,0.0,3,5.8
2024-08-05 14:00:00,2024-08-05T18:00:00Z,30.8,32.8,45,0.0,0.0,0.0,2,10.9
2024-08-05 15:00:00,2024-08-05T19:00:00Z,31.1,33.0,44,0.0,0.0,0.0,1,12.8
2024-08-05 16:00:00,2024-08-05T20:00:00Z,29.9,31.0,51,0.0,0.0,0.0,3,17.4
2024-08-05 17:00:00,2024-08-05T21:00:00Z,28.2,29.5,63,0.0,0.0,0.0,3,19.4
2024-08-05 18:00:00,2024-08-05T22:00:00Z,28.4,31.5,70,0.0,0.0,0.0,3,14.7
2024-08-05 19:00:00,2024-08-05T23:00:00Z,29.1,31.2,60,0.0,0.0,0.0,3,14.2
2024-08-05 20:00:00,2024-08-06T00:00:00Z,27.7,28.7,62,0.0,0.0,0.0,3,19.0
2024-08-05 21:00:00,2024-08-06T01:00:00Z,26.2,30.4,81,0.0,0.0,0.0,3,7.7
2024-08-05 22:00:00,2024-08-06T02:00:00Z,25.7,28.8,75,0.0,0.0,0.0,3,8.4
2024-08-05 23:00:00,2024-08-06T03:00:00Z,24.7,26.5,71,0.0,0.0,0.0,3,10.9
2024-08-06 00:00:00,2024-08-06T04:00:00Z,24.3,25.7,71,0.0,0.0,0.0,1,12.7
2024-08-06 01:00:00,2024-08-06T05:00:00Z,24.0,25.2,72,0.0,0.0,0.0,1,13.5
2024-08-06 02:00:00,2024-08-06T06:00:00Z,23.6,25.1,74,0.0,0.0,0.0,3,11.6
2024-08-06 03:00:00,2024-08-06T07:00:00Z,23.2,25.0,78,0.0,0.0,0.0,1,10.7
2024-08-06 04:00:00,2024-08-06T08:00:00Z,22.9,25.0,82,0.0,0.0,0.0,0,10.4
2024-08-06 05:00:00,2024-08-06T09:00:00Z,22.4,25.2,86,0.0,0.0,0.0,0,7.1
2024-08-06 06:00:00,2024-08-06T10:00:00Z,22.1,25.0,89,0.0,0.0,0.0,0,7.8
2024-08-06 07:00:00,2024-08-06T11:00:00Z,22.9,25.9,88,0.0,0.0,0.0,0,9.4
2024-08-06 08:00:00,2024-08-06T12:00:00Z,24.5,27.7,84,0.0,0.0,0.0,0,9.5
2024-08-06 09:00:00,2024-08-06T13:00:00Z,26.8,30.5,79,0.0,0.0,0.0,1,11.3
2024-08-06 10:00:00,2024-08-06T14:00:00Z,28.1,32.3,72,0.0,0.0,0.0,2,6.8
2024-08-06 11:00:00,2024-08-06T15:00:00Z,29.1,34.0,67,0.1,0.1,0.0,51,6.0
2024-08-06 12:00:00,2024-08-06T16:00:00Z,30.0,35.2,64,0.1,0.1,0.0,51,7.7
2024-08-06 13:00:00,2024-08-06T17:00:00Z,31.3,36.0,56,0.1,0.1,0.0,51,9.7
2024-08-06 14:00:00,2024-08-06T18:00:00Z,31.0,34.2,52,0.1,0.1,0.0,51,4.8
2024-08-06 15:00:00,2024-08-06T19:00:00Z,26.1,29.1,82,8.1,8.1,0.0,65,16.5
2024-08-06 16:00:00,2024-08-06T20:00:00Z,25.1,29.4,87,2.9,2.9,0.0,63,6.5
2024-08-06 17:00:00,2024-08-06T21:00:00Z,25.3,29.9,87,2.4,2.4,0.0,61,6.2
2024-08-06 18:00:00,2024-08-06T22:00:00Z,24.7,28.2,84,4.8,4.8,0.0,63,8.9
2024-08-06 19:00:00,2024-08-06T23:00:00Z,24.2,27.6,86,0.3,0.3,0.0,51,8.9
2024-08-06 20:00:00,2024-08-07T00:00:00Z,23.0,25.6,93,1.3,1.3,0.0,61,14.5
2024-08-06 21:00:00,2024-08-07T01:00:00Z,22.0,24.6,94,2.0,2.0,0.0,61,11.9
2024-08-06 22:00:00,2024-08-07T02:00:00Z,21.4,24.1,94,4.1,4.1,0.0,63,9.1
2024-08-06 23:00:00,2024-08-07T03:00:00Z,21.1,22.6,95,5.7,5.7,0.0,63,16.6
2024-08-07 00:00:00,2024-08-07T04:00:00Z,21.3,23.8,97,5.1,5.1,0.0,63,11.8
2024-08-07 01:00:00,2024-08-07T05:00:00Z,21.3,23.9,97,1.2,1.2,0.0,55,11.2
2024-08-07 02:00:00,2024-08-07T06:00:00Z,21.1,23.9,97,1.0,1.0,0.0,55,9.5
2024-08-07 03:00:00,2024-08-07T07:00:00Z,21.3,24.0,96,0.6,0.6,0.0,53,9.9
2024-08-07 04:00:00,2024-08-07T08:00:00Z,21.3,23.9,96,0.0,0.0,0.0,3,10.9
2024-08-07 05:00:00,2024-08-07T09:00:00Z,20.8,22.9,95,0.0,0.0,0.0,3,12.3
2024-08-07 06:00:00,2024-08-07T10:00:00Z,20.1,21.3,93,0.2,0.2,0.0,51,14.7
2024-08-07 07:00:00,2024-08-07T11:00:00Z,19.7,20.4,92,0.4,0.4,0.0,51,16.1
2024-08-07 08:00:00,2024-08-07T12:00:00Z,19.4,20.0,90,0.1,0.1,0.0,51,15.0
2024-08-07 09:00:00,2024-08-07T13:00:00Z,18.3,18.2,91,1.0,1.0,0.0,55,16.9
2024-08-07 10:00:00,2024-08-07T14:00:00Z,18.6,17.8,86,0.1,0.1,0.0,51,20.0
2024-08-07 11:00:00,2024-08-07T15:00:00Z,19.3,18.7,82,0.0,0.0,0.0,3,18.0
2024-08-07 12:00:00,2024-08-07T16:00:00Z,20.3,19.9,78,0.0,0.0,0.0,3,17.6
2024-08-07 13:00:00,2024-08-07T17:00:00Z,21.5,21.2,74,0.0,0.0,0.0,3,17.2
2024-08-07 14:00:00,2024-08-07T18:00:00Z,21.2,20.7,74,0.0,0.0,0.0,3,18.3
2024-08-07 15:00:00,2024-08-07T19:00:00Z,21.1,20.7,75,0.0,0.0,0.0,3,18.0
2024-08-07 16:00:00,2024-08-07T20:00:00Z,21.0,20.5,75,0.0,0.0,0.0,3,18.8
2024-08-07 17:00:00,2024-08-07T21:00:00Z,20.8,20.4,75,0.0,0.0,0.0,3,17.6
2024-08-07 18:00:00,2024-08-07T22:00:00Z,20.6,20.3,76,0.1,0.1,0.0,51,17.2
2024-08-07 19:00:00,2024-08-07T23:00:00Z,20.3,19.9,77,0.0,0.0,0.0,3,17.6
2024-08-07 20:00:00,2024-08-08T00:00:00Z,20.0,19.9,80,0.0,0.0,0.0,3,15.6
2024-08-07 21:00:00,2024-08-08T01:00:00Z,18.1,18.6,93,10.5,10.5,0.0,65,13.0
2024-08-07 22:00:00,2024-08-08T02:00:00Z,18.0,18.6,94,2.8,2.8,0.0,63,12.8
2024-08-07 23:00:00,2024-08-08T03:00:00Z,18.1,19.0,94,2.4,2.4,0.0,61,10.7
2024-08-08 00:00:00,2024-08-08T04:00:00Z,18.0,18.6,94,1.5,1.5,0.0,61,12.4
2024-08-08 01:00:00,2024-08-08T05:00:00Z,17.9,19.0,93,2.2,2.2,0.0,61,8.3
2024-08-08 02:00:00,2024-08-08T06:00:00Z,17.9,19.2,93,0.5,0.5,0.0,53,7.7
2024-08-08 03:00:00,2024-08-08T07:00:00Z,18.0,18.6,91,3.4,3.4,0.0,63,11.0
2024-08-08 04:00:00,2024-08-08T08:00:00Z,18.2,18.7,90,0.2,0.2,0.0,51,12.1
2024-08-08 05:00:00,2024-08-08T09:00:00Z,18.3,18.9,90,0.0,0.0,0.0,3,12.1
2024-08-08 06:00:00,2024-08-08T10:00:00Z,18.5,19.1,91,0.0,0.0,0.0,3,12.6
2024-08-08 07:00:00,2024-08-08T11:00:00Z,18.9,19.3,91,0.0,0.0,0.0,3,15.3
2024-08-08 08:00:00,2024-08-08T12:00:00Z,19.7,20.0,87,0.0,0.0,0.0,3,16.6
2024-08-08 09:00:00,2024-08-08T13:00:00Z,19.4,19.2,84,0.0,0.0,0.0,3,17.5
2024-08-08 10:00:00,2024-08-08T14:00:00Z,20.0,20.0,83,0.0,0.0,0.0,3,17.6
2024-08-08 11:00:00,2024-08-08T15:00:00Z,20.4,20.4,83,0.7,0.7,0.0,53,18.0
2024-08-08 12:00:00,2024-08-08T16:00:00Z,21.1,20.9,80,0.1,0.1,0.0,51,20.2
2024-08-08 13:00:00,2024-08-08T17:00:00Z,20.9,20.8,83,0.0,0.0,0.0,3,20.4
2024-08-08 14:00:00,2024-08-08T18:00:00Z,20.9,21.2,85,0.6,0.6,0.0,53,18.7
2024-08-08 15:00:00,2024-08-08T19:00:00Z,21.7,21.9,83,0.0,0.0,0.0,3,21.0
2024-08-08 16:00:00,2024-08-08T20:00:00Z,22.2,22.5,83,0.1,0.1,0.0,51,22.0
2024-08-08 17:00:00,2024-08-08T21:00:00Z,22.0,22.7,84,0.0,0.0,0.0,3,18.7
2024-08-08 18:00:00,2024-08-08T22:00:00Z,21.4,22.1,87,0.1,0.1,0.0,51,18.7
2024-08-08 19:00:00,2024-08-08T23:00:00Z,21.4,22.4,88,0.4,0.4,0.0,51,17.1
2024-08-08 20:00:00,2024-08-09T00:00:00Z,21.2,22.5,91,0.5,0.5,0.0,53,16.7
2024-08-08 21:00:00,2024-08-09T01:00:00Z,20.1,20.7,92,0.1,0.1,0.0,51,18.0
2024-08-08 22:00:00,2024-08-09T02:00:00Z,19.9,20.8,95,0.1,0.1,0.0,51,17.1
2024-08-08 23:00:00,2024-08-09T03:00:00Z,20.0,21.1,96,1.0,1.0,0.0,55,16.9
2024-08-09 00:00:00,2024-08-09T04:00:00Z,21.1,22.8,95,0.0,0.0,0.0,3,15.5
2024-08-09 01:00:00,2024-08-09T05:00:00Z,21.8,24.0,94,0.2,0.2,0.0,51,14.7
2024-08-09 02:00:00,2024-08-09T06:00:00Z,22.3,24.7,93,0.5,0.5,0.0,53,14.1
2024-08-09 03:00:00,2024-08-09T07:00:00Z,22.6,25.2,95,0.6,0.6,0.0,53,14.4
2024-08-09 04:00:00,2024-08-09T08:00:00Z,22.3,25.2,97,0.5,0.5,0.0,53,12.4
2024-08-09 05:00:00,2024-08-09T09:00:00Z,22.0,24.1,96,0.5,0.5,0.0,53,16.4
2024-08-09 06:00:00,2024-08-09T10:00:00Z,22.1,23.5,96,0.2,0.2,0.0,51,22.1
2024-08-09 07:00:00,2024-08-09T11:00:00Z,22.0,22.9,95,0.2,0.2,0.0,51,23.7
2024-08-09 08:00:00,2024-08-09T12:00:00Z,21.3,22.4,97,7.8,7.8,0.0,65,21.1
2024-08-09 09:00:00,2024-08-09T13:00:00Z,24.1,24.5,87,0.3,0.3,0.0,51,30.6
2024-08-09 10:00:00,2024-08-09T14:00:00Z,24.2,25.4,88,0.3,0.3,0.0,51,25.4
2024-08-09 11:00:00,2024-08-09T15:00:00Z,26.6,27.6,80,0.3,0.3,0.0,51,30.3
2024-08-09 12:00:00,2024-08-09T16:00:00Z,27.5,27.1,72,0.5,0.5,0.0,53,38.2
2024-08-09 13:00:00,2024-08-09T17:00:00Z,27.2,26.8,74,1.0,1.0,0.0,55,43.4
2024-08-09 14:00:00,2024-08-09T18:00:00Z,27.4,26.7,74,0.9,0.9,0.0,53,42.7
2024-08-09 15:00:00,2024-08-09T19:00:00Z,27.2,26.2,76,0.5,0.5,0.0,53,42.1
2024-08-09 16:00:00,2024-08-09T20:00:00Z,26.2,25.7,78,0.5,0.5,0.0,53,37.6
2024-08-09 17:00:00,2024-08-09T21:00:00Z,23.7,24.3,90,6.2,6.2,0.0,63,28.9
2024-08-09 18:00:00,2024-08-09T22:00:00Z,24.3,25.8,91,1.7,1.7,0.0,61,25.7
2024-08-09 19:00:00,2024-08-09T23:00:00Z,24.4,26.0,90,0.5,0.5,0.0,53,24.5
2024-08-09 20:00:00,2024-08-10T00:00:00Z,24.0,25.9,91,0.3,0.3,0.0,51,22.2
2024-08-09 21:00:00,2024-08-10T01:00:00Z,24.1,26.4,91,0.1,0.1,0.0,51,20.0
2024-08-09 22:00:00,2024-08-10T02:00:00Z,23.7,25.9,92,0.3,0.3,0.0,51,19.6
2024-08-09 23:00:00,2024-08-10T03:00:00Z,23.4,26.1,94,0.1,0.1,0.0,51,16.8
2024-08-10 00:00:00,2024-08-10T04:00:00Z,22.9,25.8,96,0.1,0.1,0.0,51,15.1
2024-08-10 01:00:00,2024-08-10T05:00:00Z,22.7,25.8,96,1.1,1.1,0.0,55,12.7
2024-08-10 02:00:00,2024-08-10T06:00:00Z,22.7,25.8,96,0.0,0.0,0.0,2,13.2
2024-08-10 03:00:00,2024-08-10T07:00:00Z,22.7,25.8,96,0.0,0.0,0.0,3,11.7
2024-08-10 04:00:00,2024-08-10T08:00:00Z,22.6,25.6,93,0.0,0.0,0.0,0,11.5
2024-08-10 05:00:00,2024-08-10T09:00:00Z,21.9,24.5,93,0.0,0.0,0.0,0,11.0
2024-08-10 06:00:00,2024-08-10T10:00:00Z,21.2,23.2,91,0.0,0.0,0.0,0,11.6
2024-08-10 07:00:00,2024-08-10T11:00:00Z,21.1,22.8,88,0.0,0.0,0.0,0,11.6
2024-08-10 08:00:00,2024-08-10T12:00:00Z,21.7,23.7,84,0.0,0.0,0.0,0,9.1
2024-08-10 09:00:00,2024-08-10T13:00:00Z,23.5,25.5,79,0.0,0.0,0.0,0,11.0
2024-08-10 10:00:00,2024-08-10T14:00:00Z,24.9,26.8,72,0.0,0.0,0.0,0,11.4
2024-08-10 11:00:00,2024-08-10T15:00:00Z,26.3,27.9,59,0.0,0.0,0.0,0,13.5
2024-08-10 12:00:00,2024-08-10T16:00:00Z,27.0,28.6,53,0.0,0.0,0.0,0,14.6
2024-08-10 13:00:00,2024-08-10T17:00:00Z,27.3,29.0,52,0.0,0.0,0.0,0,15.0
2024-08-10 14:00:00,2024-08-10T18:00:00Z,28.1,29.5,49,0.0,0.0,0.0,1,15.9
2024-08-10 15:00:00,2024-08-10T19:00:00Z,28.4,29.1,47,0.0,0.0,0.0,1,17.0
2024-08-10 16:00:00,2024-08-10T20:00:00Z,28.4,28.4,46,0.0,0.0,0.0,0,17.7
2024-08-10 17:00:00,2024-08-10T21:00:00Z,28.2,27.5,46,0.0,0.0,0.0,0,17.4
2024-08-10 18:00:00,2024-08-10T22:00:00Z,27.6,27.7,49,0.0,0.0,0.0,0,13.4
2024-08-10 19:00:00,2024-08-10T23:00:00Z,26.0,27.0,57,0.0,0.0,0.0,0,9.3
2024-08-10 20:00:00,2024-08-11T00:00:00Z,24.1,24.6,60,0.0,0.0,0.0,3,10.5
2024-08-10 21:00:00,2024-08-11T01:00:00Z,23.4,25.0,73,0.0,0.0,0.0,3,9.8
2024-08-10 22:00:00,2024-08-11T02:00:00Z,23.0,23.6,67,0.0,0.0,0.0,2,11.3
2024-08-10 23:00:00,2024-08-11T03:00:00Z,22.1,22.2,66,0.0,0.0,0.0,3,11.8
2024-08-11 00:00:00,2024-08-11T04:00:00Z,21.0,21.2,68,0.0,0.0,0.0,3,9.7
2024-08-11 01:00:00,2024-08-11T05:00:00Z,20.1,20.1,70,0.0,0.0,0.0,0,9.5
2024-08-11 02:00:00,2024-08-11T06:00:00Z,19.4,19.3,71,0.0,0.0,0.0,1,9.4
2024-08-11 03:00:00,2024-08-11T07:00:00Z,19.0,19.2,73,0.0,0.0,0.0,2,7.4
2024-08-11 04:00:00,2024-08-11T08:00:00Z,18.9,19.0,74,0.0,0.0,0.0,0,8.7
2024-08-11 05:00:00,2024-08-11T09:00:00Z,18.3,18.6,78,0.0,0.0,0.0,0,7.6
2024-08-11 06:00:00,2024-08-11T10:00:00Z,17.9,18.1,80,0.0,0.0,0.0,3,8.1
2024-08-11 07:00:00,2024-08-11T11:00:00Z,18.1,18.8,82,0.0,0.0,0.0,3,6.5
2024-08-11 08:00:00,2024-08-11T12:00:00Z,19.4,20.7,80,0.0,0.0,0.0,3,4.7
2024-08-11 09:00:00,2024-08-11T13:00:00Z,21.6,22.9,70,0.0,0.0,0.0,2,4.7
2024-08-11 10:00:00,2024-08-11T14:00:00Z,23.0,24.4,62,0.0,0.0,0.0,3,3.0
2024-08-11 11:00:00,2024-08-11T15:00:00Z,24.0,25.3,56,0.0,0.0,0.0,0,1.5
2024-08-11 12:00:00,2024-08-11T16:00:00Z,25.3,27.9,53,0.0,0.0,0.0,2,3.6
2024-08-11 13:00:00,2024-08-11T17:00:00Z,26.0,27.9,48,0.0,0.0,0.0,2,6.6
2024-08-11 14:00:00,2024-08-11T18:00:00Z,26.4,27.4,45,0.0,0.0,0.0,1,6.1
2024-08-11 15:00:00,2024-08-11T19:00:00Z,27.0,27.4,42,0.0,0.0,0.0,2,11.4
2024-08-11 16:00:00,2024-08-11T20:00:00Z,26.8,25.5,41,0.0,0.0,0.0,1,14.8
2024-08-11 17:00:00,2024-08-11T21:00:00Z,26.3,23.9,41,0.0,0.0,0.0,0,19.9
2024-08-11 18:00:00,2024-08-11T22:00:00Z,25.6,23.3,40,0.0,0.0,0.0,3,17.0
2024-08-11 19:00:00,2024-08-11T23:00:00Z,24.3,23.2,47,0.0,0.0,0.0,2,12.7
2024-08-11 20:00:00,2024-08-12T00:00:00Z,22.8,21.2,51,0.0,0.0,0.0,0,15.1
2024-08-11 21:00:00,2024-08-12T01:00:00Z,21.6,22.2,67,0.0,0.0,0.0,2,7.2
2024-08-11 22:00:00,2024-08-12T02:00:00Z,21.4,20.6,63,0.0,0.0,0.0,3,14.4
2024-08-11 23:00:00,2024-08-12T03:00:00Z,20.4,19.4,65,0.0,0.0,0.0,1,14.5
2024-08-12 00:00:00,2024-08-12T04:00:00Z,19.9,19.0,64,0.0,0.0,0.0,1,12.7
2024-08-12 01:00:00,2024-08-12T05:00:00Z,19.0,19.0,71,0.0,0.0,0.0,0,7.8
2024-08-12 02:00:00,2024-08-12T06:00:00Z,17.2,17.7,84,0.0,0.0,0.0,0,6.9
2024-08-12 03:00:00,2024-08-12T07:00:00Z,17.3,18.0,85,0.0,0.0,0.0,0,5.3
2024-08-12 04:00:00,2024-08-12T08:00:00Z,16.4,17.1,90,0.0,0.0,0.0,3,5.4
2024-08-12 05:00:00,2024-08-12T09:00:00Z,15.9,16.6,93,0.0,0.0,0.0,3,6.0
2024-08-12 06:00:00,2024-08-12T10:00:00Z,16.4,17.4,93,0.0,0.0,0.0,1,5.1
2024-08-12 07:00:00,2024-08-12T11:00:00Z,17.3,17.9,88,0.0,0.0,0.0,0,7.8
2024-08-12 08:00:00,2024-08-12T12:00:00Z,19.3,19.8,77,0.0,0.0,0.0,0,8.5
2024-08-12 09:00:00,2024-08-12T13:00:00Z,21.6,22.0,64,0.0,0.0,0.0,0,7.6
2024-08-12 10:00:00,2024-08-12T14:00:00Z,23.1,22.9,55,0.0,0.0,0.0,0,9.1
2024-08-12 11:00:00,2024-08-12T15:00:00Z,24.1,23.9,48,0.0,0.0,0.0,1,11.9
2024-08-12 12:00:00,2024-08-12T16:00:00Z,24.5,23.7,46,0.1,0.1,0.0,51,14.8
2024-08-12 13:00:00,2024-08-12T17:00:00Z,24.7,23.6,45,0.1,0.1,0.0,51,17.0
2024-08-12 14:00:00,2024-08-12T18:00:00Z,24.9,23.4,44,0.0,0.0,0.0,1,18.1
2024-08-12 15:00:00,2024-08-12T19:00:00Z,25.2,23.6,43,0.2,0.2,0.0,51,18.9
2024-08-12 16:00:00,2024-08-12T20:00:00Z,24.9,23.1,46,0.0,0.0,0.0,0,16.9
2024-08-12 17:00:00,2024-08-12T21:00:00Z,25.4,23.8,45,0.0,0.0,0.0,0,15.9
2024-08-12 18:00:00,2024-08-12T22:00:00Z,25.1,23.5,44,0.0,0.0,0.0,0,15.4
2024-08-12 19:00:00,2024-08-12T23:00:00Z,24.0,23.1,51,0.0,0.0,0.0,0,12.3
2024-08-12 20:00:00,2024-08-13T00:00:00Z,22.2,21.7,58,0.0,0.0,0.0,0,10.9
2024-08-12 21:00:00,2024-08-13T01:00:00Z,20.6,20.2,64,0.0,0.0,0.0,0,11.2
2024-08-12 22:00:00,2024-08-13T02:00:00Z,19.6,19.0,68,0.0,0.0,0.0,0,11.5
2024-08-12 23:00:00,2024-08-13T03:00:00Z,18.5,18.0,71,0.0,0.0,0.0,0,10.3
2024-08-13 00:00:00,2024-08-13T04:00:00Z,17.8,17.1,74,0.0,0.0,0.0,0,11.2
2024-08-13 01:00:00,2024-08-13T05:00:00Z,17.4,16.6,76,0.0,0.0,0.0,0,11.8
2024-08-13 02:00:00,2024-08-13T06:00:00Z,17.0,16.3,78,0.0,0.0,0.0,0,11.2
2024-08-13 03:00:00,2024-08-13T07:00:00Z,16.4,16.0,81,0.0,0.0,0.0,0,9.4
2024-08-13 04:00:00,2024-08-13T08:00:00Z,16.1,15.6,83,0.0,0.0,0.0,0,10.0
2024-08-13 05:00:00,2024-08-13T09:00:00Z,16.0,15.2,82,0.0,0.0,0.0,0,12.0
2024-08-13 06:00:00,2024-08-13T10:00:00Z,15.9,14.8,81,0.0,0.0,0.0,0,13.2
2024-08-13 07:00:00,2024-08-13T11:00:00Z,16.5,16.0,80,0.0,0.0,0.0,0,10.2
2024-08-13 08:00:00,2024-08-13T12:00:00Z,18.3,18.2,76,0.0,0.0,0.0,0,9.2
2024-08-13 09:00:00,2024-08-13T13:00:00Z,20.2,20.5,70,0.0,0.0,0.0,0,7.7
2024-08-13 10:00:00,2024-08-13T14:00:00Z,21.8,22.3,64,0.0,0.0,0.0,0,7.4
2024-08-13 11:00:00,2024-08-13T15:00:00Z,23.2,23.7,56,0.0,0.0,0.0,0,10.8
2024-08-13 12:00:00,2024-08-13T16:00:00Z,24.3,24.6,50,0.0,0.0,0.0,0,12.7
2024-08-13 13:00:00,2024-08-13T17:00:00Z,25.0,24.7,45,0.0,0.0,0.0,1,12.3
2024-08-13 14:00:00,2024-08-13T18:00:00Z,25.8,25.7,41,0.0,0.0,0.0,3,12.0
2024-08-13 15:00:00,2024-08-13T19:00:00Z,26.5,26.0,38,0.0,0.0,0.0,3,11.7
2024-08-13 16:00:00,2024-08-13T20:00:00Z,26.2,24.7,38,0.0,0.0,0.0,3,12.0
2024-08-13 17:00:00,2024-08-13T21:00:00Z,25.7,24.6,41,0.0,0.0,0.0,2,10.5
2024-08-13 18:00:00,2024-08-13T22:00:00Z,25.9,25.0,41,0.0,0.0,0.0,1,8.9
2024-08-13 19:00:00,2024-08-13T23:00:00Z,24.2,25.5,59,0.0,0.0,0.0,0,3.9
2024-08-13 20:00:00,2024-08-14T00:00:00Z,21.1,21.5,68,0.0,0.0,0.0,1,8.2
2024-08-13 21:00:00,2024-08-14T01:00:00Z,21.4,22.6,71,0.0,0.0,0.0,3,6.3
2024-08-13 22:00:00,2024-08-14T02:00:00Z,19.5,20.7,82,0.0,0.0,0.0,3,7.2
2024-08-13 23:00:00,2024-08-14T03:00:00Z,18.8,20.2,86,0.0,0.0,0.0,1,5.8
2024-08-14 00:00:00,2024-08-14T04:00:00Z,18.4,19.9,87,0.0,0.0,0.0,1,4.9
2024-08-14 01:00:00,2024-08-14T05:00:00Z,18.3,19.1,84,0.0,0.0,0.0,1,7.8
2024-08-14 02:00:00,2024-08-14T06:00:00Z,17.9,18.3,84,0.0,0.0,0.0,2,9.1
2024-08-14 03:00:00,2024-08-14T07:00:00Z,17.7,18.1,85,0.0,0.0,0.0,3,9.4
2024-08-14 04:00:00,2024-08-14T08:00:00Z,17.6,18.0,86,0.0,0.0,0.0,3,9.1
2024-08-14 05:00:00,2024-08-14T09:00:00Z,17.4,17.8,87,0.0,0.0,0.0,2,8.9
2024-08-14 06:00:00,2024-08-14T10:00:00Z,17.2,17.7,88,0.0,0.0,0.0,0,8.8
2024-08-14 07:00:00,2024-08-14T11:00:00Z,18.1,18.4,85,0.0,0.0,0.0,0,10.2
2024-08-14 08:00:00,2024-08-14T12:00:00Z,19.8,20.4,79,0.0,0.0,0.0,0,9.7
2024-08-14 09:00:00,2024-08-14T13:00:00Z,22.1,23.0,72,0.0,0.0,0.0,0,9.7
2024-08-14 10:00:00,2024-08-14T14:00:00Z,24.2,25.5,65,0.0,0.0,0.0,0,8.9
2024-08-14 11:00:00,2024-08-14T15:00:00Z,25.7,27.1,54,0.0,0.0,0.0,1,9.5
2024-08-14 12:00:00,2024-08-14T16:00:00Z,26.3,26.3,44,0.0,0.0,0.0,1,11.2
2024-08-14 13:00:00,2024-08-14T17:00:00Z,27.1,27.3,40,0.0,0.0,0.0,0,11.9
2024-08-14 14:00:00,2024-08-14T18:00:00Z,27.2,27.0,38,0.0,0.0,0.0,1,12.7
2024-08-14 15:00:00,2024-08-14T19:00:00Z,27.5,27.1,37,0.0,0.0,0.0,1,14.0
2024-08-14 16:00:00,2024-08-14T20:00:00Z,27.1,25.8,38,0.0,0.0,0.0,1,13.4
2024-08-14 17:00:00,2024-08-14T21:00:00Z,26.9,26.0,40,0.0,0.0,0.0,1,11.3
2024-08-14 18:00:00,2024-08-14T22:00:00Z,26.2,25.6,44,0.0,0.0,0.0,1,10.2
2024-08-14 19:00:00,2024-08-14T23:00:00Z,24.8,25.9,57,0.0,0.0,0.0,1,5.5
2024-08-14 20:00:00,2024-08-15T00:00:00Z,23.4,24.0,60,0.0,0.0,0.0,0,7.6
2024-08-14 21:00:00,2024-08-15T01:00:00Z,21.2,22.4,72,0.0,0.0,0.0,0,6.1
2024-08-14 22:00:00,2024-08-15T02:00:00Z,20.4,22.2,79,0.0,0.0,0.0,1,3.7
2024-08-14 23:00:00,2024-08-15T03:00:00Z,19.9,20.8,82,0.0,0.0,0.0,0,9.4
2024-08-15 00:00:00,2024-08-15T04:00:00Z,19.4,20.4,84,0.0,0.0,0.0,0,8.6
2024-08-15 01:00:00,2024-08-15T05:00:00Z,19.1,19.7,82,0.0,0.0,0.0,0,10.0
2024-08-15 02:00:00,2024-08-15T06:00:00Z,18.6,19.5,84,0.0,0.0,0.0,0,8.0
2024-08-15 03:00:00,2024-08-15T07:00:00Z,17.9,19.0,90,0.0,0.0,0.0,0,6.4
2024-08-15 04:00:00,2024-08-15T08:00:00Z,17.1,18.6,94,0.0,0.0,0.0,0,4.5
2024-08-15 05:00:00,2024-08-15T09:00:00Z,16.9,18.3,94,0.0,0.0,0.0,1,4.7
2024-08-15 06:00:00,2024-08-15T10:00:00Z,16.8,18.1,94,0.0,0.0,0.0,1,4.9
2024-08-15 07:00:00,2024-08-15T11:00:00Z,17.8,18.9,90,0.0,0.0,0.0,0,7.0
2024-08-15 08:00:00,2024-08-15T12:00:00Z,19.8,21.3,82,0.0,0.0,0.0,0,5.5
2024-08-15 09:00:00,2024-08-15T13:00:00Z,22.6,24.1,72,0.0,0.0,0.0,0,7.8
2024-08-15 10:00:00,2024-08-15T14:00:00Z,24.8,26.3,62,0.0,0.0,0.0,0,7.2
2024-08-15 11:00:00,2024-08-15T15:00:00Z,26.7,28.7,53,0.0,0.0,0.0,1,6.7
2024-08-15 12:00:00,2024-08-15T16:00:00Z,27.8,29.8,44,0.0,0.0,0.0,1,7.2
2024-08-15 13:00:00,2024-08-15T17:00:00Z,28.1,29.4,41,0.0,0.0,0.0,0,6.7
2024-08-15 14:00:00,2024-08-15T18:00:00Z,28.8,30.4,38,0.0,0.0,0.0,1,6.9
2024-08-15 15:00:00,2024-08-15T19:00:00Z,29.2,30.1,36,0.0,0.0,0.0,0,7.6
2024-08-15 16:00:00,2024-08-15T20:00:00Z,29.2,29.1,37,0.0,0.0,0.0,0,9.8
2024-08-15 17:00:00,2024-08-15T21:00:00Z,28.6,27.9,37,0.0,0.0,0.0,0,10.0
2024-08-15 18:00:00,2024-08-15T22:00:00Z,28.1,28.1,40,0.0,0.0,0.0,0,6.6
2024-08-15 19:00:00,2024-08-15T23:00:00Z,26.7,29.2,60,0.0,0.0,0.0,1,4.0
2024-08-15 20:00:00,2024-08-16T00:00:00Z,24.6,25.4,57,0.0,0.0,0.0,0,6.6
2024-08-15 21:00:00,2024-08-16T01:00:00Z,23.6,24.9,63,0.0,0.0,0.0,1,5.8
2024-08-15 22:00:00,2024-08-16T02:00:00Z,22.6,23.8,69,0.0,0.0,0.0,0,7.7
2024-08-15 23:00:00,2024-08-16T03:00:00Z,21.1,22.8,78,0.0,0.0,0.0,0,5.5
2024-08-16 00:00:00,2024-08-16T04:00:00Z,20.2,21.8,81,0.0,0.0,0.0,0,5.5
2024-08-16 01:00:00,2024-08-16T05:00:00Z,19.5,21.1,84,0.0,0.0,0.0,0,4.8
2024-08-16 02:00:00,2024-08-16T06:00:00Z,19.3,20.7,84,0.0,0.0,0.0,0,5.8
2024-08-16 03:00:00,2024-08-16T07:00:00Z,19.3,20.4,81,0.0,0.0,0.0,0,6.6
2024-08-16 04:00:00,2024-08-16T08:00:00Z,18.9,20.1,83,0.0,0.0,0.0,0,5.8
2024-08-16 05:00:00,2024-08-16T09:00:00Z,18.5,19.9,86,0.0,0.0,0.0,0,5.2
2024-08-16 06:00:00,2024-08-16T10:00:00Z,18.1,19.5,89,0.0,0.0,0.0,0,5.2
2024-08-16 07:00:00,2024-08-16T11:00:00Z,19.0,20.5,87,0.0,0.0,0.0,0,5.8
2024-08-16 08:00:00,2024-08-16T12:00:00Z,20.9,23.0,79,0.0,0.0,0.0,0,3.3
2024-08-16 09:00:00,2024-08-16T13:00:00Z,23.3,25.5,72,0.0,0.0,0.0,0,4.7
2024-08-16 10:00:00,2024-08-16T14:00:00Z,25.6,27.8,64,0.0,0.0,0.0,0,5.5
2024-08-16 11:00:00,2024-08-16T15:00:00Z,27.1,30.1,58,0.0,0.0,0.0,0,4.8
2024-08-16 12:00:00,2024-08-16T16:00:00Z,27.8,31.0,52,0.0,0.0,0.0,1,3.3
2024-08-16 13:00:00,2024-08-16T17:00:00Z,28.5,31.9,49,0.0,0.0,0.0,0,2.3
2024-08-16 14:00:00,2024-08-16T18:00:00Z,29.0,32.3,46,0.0,0.0,0.0,1,0.7
2024-08-16 15:00:00,2024-08-16T19:00:00Z,29.3,32.0,44,0.0,0.0,0.0,0,1.9
2024-08-16 16:00:00,2024-08-16T20:00:00Z,29.3,30.7,44,0.0,0.0,0.0,1,6.2
2024-08-16 17:00:00,2024-08-16T21:00:00Z,28.8,29.6,46,0.0,0.0,0.0,3,9.5
2024-08-16 18:00:00,2024-08-16T22:00:00Z,26.6,27.5,62,0.0,0.0,0.0,3,16.7
2024-08-16 19:00:00,2024-08-16T23:00:00Z,24.5,25.6,74,0.0,0.0,0.0,1,17.1
2024-08-16 20:00:00,2024-08-17T00:00:00Z,23.0,24.7,84,0.0,0.0,0.0,3,16.0
2024-08-16 21:00:00,2024-08-17T01:00:00Z,21.8,23.5,91,0.0,0.0,0.0,3,15.4
2024-08-16 22:00:00,2024-08-17T02:00:00Z,21.5,23.7,93,0.0,0.0,0.0,3,13.0
2024-08-16 23:00:00,2024-08-17T03:00:00Z,21.3,23.5,94,0.0,0.0,0.0,0,12.2
2024-08-17 00:00:00,2024-08-17T04:00:00Z,20.8,23.3,96,0.0,0.0,0.0,1,9.7
2024-08-17 01:00:00,2024-08-17T05:00:00Z,20.5,23.2,97,0.0,0.0,0.0,1,8.0
2024-08-17 02:00:00,2024-08-17T06:00:00Z,20.4,23.0,98,0.0,0.0,0.0,2,8.4
2024-08-17 03:00:00,2024-08-17T07:00:00Z,20.3,22.9,97,0.0,0.0,0.0,1,8.2
2024-08-17 04:00:00,2024-08-17T08:00:00Z,20.1,22.7,98,0.0,0.0,0.0,1,8.0
2024-08-17 05:00:00,2024-08-17T09:00:00Z,20.1,22.7,98,0.0,0.0,0.0,3,8.1
2024-08-17 06:00:00,2024-08-17T10:00:00Z,20.2,22.5,98,0.0,0.0,0.0,1,10.5
2024-08-17 07:00:00,2024-08-17T11:00:00Z,20.7,23.1,95,0.0,0.0,0.0,3,9.5
2024-08-17 08:00:00,2024-08-17T12:00:00Z,22.0,23.4,87,0.0,0.0,0.0,3,16.1
2024-08-17 09:00:00,2024-08-17T13:00:00Z,22.7,24.4,86,0.0,0.0,0.0,1,15.3
2024-08-17 10:00:00,2024-08-17T14:00:00Z,24.2,25.6,79,0.4,0.4,0.0,51,17.9
2024-08-17 11:00:00,2024-08-17T15:00:00Z,25.7,26.6,67,0.2,0.2,0.0,51,19.3
2024-08-17 12:00:00,2024-08-17T16:00:00Z,25.4,25.7,68,0.0,0.0,0.0,3,20.8
2024-08-17 13:00:00,2024-08-17T17:00:00Z,24.6,24.9,72,0.0,0.0,0.0,3,21.4
2024-08-17 14:00:00,2024-08-17T18:00:00Z,24.1,24.3,73,0.0,0.0,0.0,2,21.8
2024-08-17 15:00:00,2024-08-17T19:00:00Z,24.9,24.8,68,0.0,0.0,0.0,3,23.0
2024-08-17 16:00:00,2024-08-17T20:00:00Z,25.5,25.3,64,0.0,0.0,0.0,3,21.4
2024-08-17 17:00:00,2024-08-17T21:00:00Z,24.3,24.4,73,0.0,0.0,0.0,3,23.0
2024-08-17 18:00:00,2024-08-17T22:00:00Z,23.6,23.8,75,0.0,0.0,0.0,3,21.3
2024-08-17 19:00:00,2024-08-17T23:00:00Z,23.1,23.8,80,0.0,0.0,0.0,3,20.3
2024-08-17 20:00:00,2024-08-18T00:00:00Z,22.5,24.1,87,0.1,0.1,0.0,51,16.5
2024-08-17 21:00:00,2024-08-18T01:00:00Z,21.8,24.4,90,0.0,0.0,0.0,2,9.2
2024-08-17 22:00:00,2024-08-18T02:00:00Z,21.4,23.7,93,0.0,0.0,0.0,3,11.8
2024-08-17 23:00:00,2024-08-18T03:00:00Z,21.3,24.8,97,7.9,7.9,0.0,65,4.5
2024-08-18 00:00:00,2024-08-18T04:00:00Z,21.3,23.8,96,0.3,0.3,0.0,51,11.4
2024-08-18 01:00:00,2024-08-18T05:00:00Z,21.2,23.5,95,0.0,0.0,0.0,3,12.0
2024-08-18 02:00:00,2024-08-18T06:00:00Z,21.3,23.1,94,0.0,0.0,0.0,3,15.0
2024-08-18 03:00:00,2024-08-18T07:00:00Z,21.2,22.9,93,0.3,0.3,0.0,51,14.5
2024-08-18 04:00:00,2024-08-18T08:00:00Z,21.1,23.3,93,1.9,1.9,0.0,61,10.9
2024-08-18 05:00:00,2024-08-18T09:00:00Z,21.1,22.6,93,0.7,0.7,0.0,53,15.8
2024-08-18 06:00:00,2024-08-18T10:00:00Z,21.1,22.2,90,0.7,0.7,0.0,53,16.9
2024-08-18 07:00:00,2024-08-18T11:00:00Z,20.9,22.4,90,1.0,1.0,0.0,55,14.0
2024-08-18 08:00:00,2024-08-18T12:00:00Z,21.3,22.8,91,1.7,1.7,0.0,61,15.6
2024-08-18 09:00:00,2024-08-18T13:00:00Z,21.6,23.4,91,1.6,1.6,0.0,61,14.3
2024-08-18 10:00:00,2024-08-18T14:00:00Z,21.9,22.7,89,0.2,0.2,0.0,51,21.3
2024-08-18 11:00:00,2024-08-18T15:00:00Z,23.2,23.4,81,0.3,0.3,0.0,51,24.0
2024-08-18 12:00:00,2024-08-18T16:00:00Z,22.7,24.0,85,2.2,2.2,0.0,61,17.9
2024-08-18 13:00:00,2024-08-18T17:00:00Z,22.0,22.6,88,0.6,0.6,0.0,53,21.7
2024-08-18 14:00:00,2024-08-18T18:00:00Z,21.7,22.7,88,0.6,0.6,0.0,53,18.1
2024-08-18 15:00:00,2024-08-18T19:00:00Z,23.6,24.4,83,0.1,0.1,0.0,51,22.1
2024-08-18 16:00:00,2024-08-18T20:00:00Z,24.8,25.8,77,0.0,0.0,0.0,2,21.6
2024-08-18 17:00:00,2024-08-18T21:00:00Z,24.0,24.5,79,0.7,0.7,0.0,53,23.5
2024-08-18 18:00:00,2024-08-18T22:00:00Z,23.6,24.3,82,0.2,0.2,0.0,51,22.7
2024-08-18 19:00:00,2024-08-18T23:00:00Z,23.3,25.5,88,0.5,0.5,0.0,53,15.0
2024-08-18 20:00:00,2024-08-19T00:00:00Z,22.4,24.7,91,1.0,1.0,0.0,55,13.1
2024-08-18 21:00:00,2024-08-19T01:00:00Z,20.7,23.3,96,1.5,1.5,0.0,61,8.9
2024-08-18 22:00:00,2024-08-19T02:00:00Z,20.6,24.2,96,3.5,3.5,0.0,63,1.3
2024-08-18 23:00:00,2024-08-19T03:00:00Z,20.4,23.7,95,3.3,3.3,0.0,63,2.9
2024-08-19 00:00:00,2024-08-19T04:00:00Z,19.6,21.5,98,4.8,4.8,0.0,63,10.8
2024-08-19 01:00:00,2024-08-19T05:00:00Z,19.8,21.9,97,0.1,0.1,0.0,51,9.9
2024-08-19 02:00:00,2024-08-19T06:00:00Z,19.9,22.3,98,0.1,0.1,0.0,51,8.4
2024-08-19 03:00:00,2024-08-19T07:00:00Z,20.1,23.4,97,0.3,0.3,0.0,51,2.6
2024-08-19 04:00:00,2024-08-19T08:00:00Z,20.0,23.4,97,0.0,0.0,0.0,3,2.0
2024-08-19 05:00:00,2024-08-19T09:00:00Z,20.3,23.7,97,0.0,0.0,0.0,3,2.5
2024-08-19 06:00:00,2024-08-19T10:00:00Z,20.0,23.1,98,0.0,0.0,0.0,3,4.5
2024-08-19 07:00:00,2024-08-19T11:00:00Z,20.2,22.8,97,0.0,0.0,0.0,3,7.2
2024-08-19 08:00:00,2024-08-19T12:00:00Z,20.6,23.1,95,0.0,0.0,0.0,3,8.4
2024-08-19 09:00:00,2024-08-19T13:00:00Z,22.6,26.2,90,0.0,0.0,0.0,3,4.3
2024-08-19 10:00:00,2024-08-19T14:00:00Z,23.8,27.3,84,0.2,0.2,0.0,51,5.4
2024-08-19 11:00:00,2024-08-19T15:00:00Z,24.8,28.0,75,0.2,0.2,0.0,51,4.9
2024-08-19 12:00:00,2024-08-19T16:00:00Z,25.9,29.9,71,0.2,0.2,0.0,51,4.4
2024-08-19 13:00:00,2024-08-19T17:00:00Z,26.6,30.6,69,0.2,0.2,0.0,51,6.8
2024-08-19 14:00:00,2024-08-19T18:00:00Z,27.5,31.2,64,0.1,0.1,0.0,51,10.7
2024-08-19 15:00:00,2024-08-19T19:00:00Z,26.5,28.1,66,0.2,0.2,0.0,51,14.1
2024-08-19 16:00:00,2024-08-19T20:00:00Z,23.4,25.4,87,5.8,5.8,0.0,63,16.7
2024-08-19 17:00:00,2024-08-19T21:00:00Z,22.1,22.5,78,2.2,2.2,0.0,61,17.6
2024-08-19 18:00:00,2024-08-19T22:00:00Z,22.2,24.7,85,0.2,0.2,0.0,51,8.3
2024-08-19 19:00:00,2024-08-19T23:00:00Z,22.8,25.3,83,0.0,0.0,0.0,2,8.5
2024-08-19 20:00:00,2024-08-20T00:00:00Z,22.1,23.4,83,0.0,0.0,0.0,2,14.0
2024-08-19 21:00:00,2024-08-20T01:00:00Z,21.3,21.6,84,0.2,0.2,0.0,51,19.3
2024-08-19 22:00:00,2024-08-20T02:00:00Z,20.3,20.2,83,0.1,0.1,0.0,51,18.6
2024-08-19 23:00:00,2024-08-20T03:00:00Z,19.4,19.1,84,0.1,0.1,0.0,51,18.1
2024-08-20 00:00:00,2024-08-20T04:00:00Z,18.3,17.2,83,0.0,0.0,0.0,3,19.7
2024-08-20 01:00:00,2024-08-20T05:00:00Z,17.5,16.2,80,0.0,0.0,0.0,3,18.0
2024-08-20 02:00:00,2024-08-20T06:00:00Z,17.1,15.5,76,0.0,0.0,0.0,3,17.2
2024-08-20 03:00:00,2024-08-20T07:00:00Z,16.9,15.4,74,0.0,0.0,0.0,3,14.9
2024-08-20 04:00:00,2024-08-20T08:00:00Z,16.7,15.1,72,0.0,0.0,0.0,1,14.9
2024-08-20 05:00:00,2024-08-20T09:00:00Z,16.1,14.4,72,0.0,0.0,0.0,3,13.8
2024-08-20 06:00:00,2024-08-20T10:00:00Z,16.4,14.3,68,0.0,0.0,0.0,3,14.8
2024-08-20 07:00:00,2024-08-20T11:00:00Z,16.3,14.2,67,0.0,0.0,0.0,3,14.7
2024-08-20 08:00:00,2024-08-20T12:00:00Z,16.3,14.0,66,0.0,0.0,0.0,3,15.8
2024-08-20 09:00:00,2024-08-20T13:00:00Z,16.8,13.9,64,0.0,0.0,0.0,0,19.8
2024-08-20 10:00:00,2024-08-20T14:00:00Z,17.9,15.0,59,0.0,0.0,0.0,0,19.0
2024-08-20 11:00:00,2024-08-20T15:00:00Z,18.8,16.6,53,0.0,0.0,0.0,0,18.0
2024-08-20 12:00:00,2024-08-20T16:00:00Z,20.0,18.5,49,0.0,0.0,0.0,0,16.8
2024-08-20 13:00:00,2024-08-20T17:00:00Z,20.9,19.7,46,0.0,0.0,0.0,0,17.3
2024-08-20 14:00:00,2024-08-20T18:00:00Z,21.2,19.5,45,0.0,0.0,0.0,0,19.4
2024-08-20 15:00:00,2024-08-20T19:00:00Z,21.6,19.7,43,0.0,0.0,0.0,0,19.5
2024-08-20 16:00:00,2024-08-20T20:00:00Z,21.6,18.9,42,0.0,0.0,0.0,0,20.3
2024-08-20 17:00:00,2024-08-20T21:00:00Z,21.6,18.1,39,0.0,0.0,0.0,0,18.9
2024-08-20 18:00:00,2024-08-20T22:00:00Z,20.7,16.7,41,0.0,0.0,0.0,1,22.6
2024-08-20 19:00:00,2024-08-20T23:00:00Z,19.2,16.3,49,0.0,0.0,0.0,0,16.9
2024-08-20 20:00:00,2024-08-21T00:00:00Z,17.6,15.8,55,0.0,0.0,0.0,0,10.0
2024-08-20 21:00:00,2024-08-21T01:00:00Z,16.7,15.1,64,0.0,0.0,0.0,0,10.8
2024-08-20 22:00:00,2024-08-21T02:00:00Z,16.6,14.3,62,0.0,0.0,0.0,0,14.3
2024-08-20 23:00:00,2024-08-21T03:00:00Z,15.9,13.5,63,0.0,0.0,0.0,0,14.8
2024-08-21 00:00:00,2024-08-21T04:00:00Z,15.1,13.0,66,0.0,0.0,0.0,0,12.5
2024-08-21 01:00:00,2024-08-21T05:00:00Z,14.4,12.3,70,0.0,0.0,0.0,0,12.9
2024-08-21 02:00:00,2024-08-21T06:00:00Z,13.9,11.7,71,0.0,0.0,0.0,0,13.1
2024-08-21 03:00:00,2024-08-21T07:00:00Z,13.5,11.3,73,0.0,0.0,0.0,0,13.0
2024-08-21 04:00:00,2024-08-21T08:00:00Z,13.2,11.0,75,0.0,0.0,0.0,0,13.1
2024-08-21 05:00:00,2024-08-21T09:00:00Z,12.9,10.7,76,0.0,0.0,0.0,0,12.4
2024-08-21 06:00:00,2024-08-21T10:00:00Z,12.5,10.6,78,0.0,0.0,0.0,0,10.7
2024-08-21 07:00:00,2024-08-21T11:00:00Z,12.8,11.1,79,0.0,0.0,0.0,0,10.0
2024-08-21 08:00:00,2024-08-21T12:00:00Z,14.2,12.6,74,0.0,0.0,0.0,0,10.3
2024-08-21 09:00:00,2024-08-21T13:00:00Z,16.3,14.2,67,0.0,0.0,0.0,0,14.5
2024-08-21 10:00:00,2024-08-21T14:00:00Z,18.0,16.0,60,0.0,0.0,0.0,0,14.1
2024-08-21 11:00:00,2024-08-21T15:00:00Z,19.6,18.1,50,0.0,0.0,0.0,0,13.7
2024-08-21 12:00:00,2024-08-21T16:00:00Z,20.5,19.2,45,0.0,0.0,0.0,1,13.8
2024-08-21 13:00:00,2024-08-21T17:00:00Z,20.9,19.4,42,0.0,0.0,0.0,0,14.5
2024-08-21 14:00:00,2024-08-21T18:00:00Z,21.3,19.3,40,0.0,0.0,0.0,1,15.7
2024-08-21 15:00:00,2024-08-21T19:00:00Z,21.7,19.2,38,0.0,0.0,0.0,1,16.9
2024-08-21 16:00:00,2024-08-21T20:00:00Z,21.9,19.1,39,0.0,0.0,0.0,1,17.8
2024-08-21 17:00:00,2024-08-21T21:00:00Z,21.8,18.5,39,0.0,0.0,0.0,1,16.9
2024-08-21 18:00:00,2024-08-21T22:00:00Z,21.4,17.7,39,0.0,0.0,0.0,1,20.3
2024-08-21 19:00:00,2024-08-21T23:00:00Z,20.2,18.0,47,0.0,0.0,0.0,0,12.1
2024-08-21 20:00:00,2024-08-22T00:00:00Z,18.1,16.4,56,0.0,0.0,0.0,0,10.2
2024-08-21 21:00:00,2024-08-22T01:00:00Z,17.1,15.0,61,0.0,0.0,0.0,0,14.1
2024-08-21 22:00:00,2024-08-22T02:00:00Z,16.4,14.3,63,0.0,0.0,0.0,0,13.8
2024-08-21 23:00:00,2024-08-22T03:00:00Z,15.6,13.4,67,0.0,0.0,0.0,0,14.4
2024-08-22 00:00:00,2024-08-22T04:00:00Z,15.0,12.8,69,0.0,0.0,0.0,0,14.0
2024-08-22 01:00:00,2024-08-22T05:00:00Z,14.4,12.5,72,0.0,0.0,0.0,0,11.8
2024-08-22 02:00:00,2024-08-22T06:00:00Z,13.9,12.1,75,0.0,0.0,0.0,0,11.2
2024-08-22 03:00:00,2024-08-22T07:00:00Z,13.5,12.0,78,0.0,0.0,0.0,0,10.2
2024-08-22 04:00:00,2024-08-22T08:00:00Z,13.2,11.8,80,0.0,0.0,0.0,0,9.1
2024-08-22 05:00:00,2024-08-22T09:00:00Z,12.8,11.8,82,0.0,0.0,0.0,0,6.5
2024-08-22 06:00:00,2024-08-22T10:00:00Z,12.5,11.7,84,0.0,0.0,0.0,0,5.8
2024-08-22 07:00:00,2024-08-22T11:00:00Z,13.4,12.3,81,0.0,0.0,0.0,0,7.7
2024-08-22 08:00:00,2024-08-22T12:00:00Z,15.4,14.4,72,0.0,0.0,0.0,0,7.9
2024-08-22 09:00:00,2024-08-22T13:00:00Z,17.8,16.6,64,0.0,0.0,0.0,0,10.1
2024-08-22 10:00:00,2024-08-22T14:00:00Z,19.8,18.6,58,0.0,0.0,0.0,0,11.0
2024-08-22 11:00:00,2024-08-22T15:00:00Z,21.6,20.7,51,0.0,0.0,0.0,0,13.0
2024-08-22 12:00:00,2024-08-22T16:00:00Z,22.7,21.4,44,0.0,0.0,0.0,1,15.6
2024-08-22 13:00:00,2024-08-22T17:00:00Z,23.0,21.3,42,0.0,0.0,0.0,2,17.1
2024-08-22 14:00:00,2024-08-22T18:00:00Z,23.4,21.4,41,0.0,0.0,0.0,3,15.3
2024-08-22 15:00:00,2024-08-22T19:00:00Z,23.3,21.2,41,0.0,0.0,0.0,2,13.5
2024-08-22 16:00:00,2024-08-22T20:00:00Z,23.6,21.4,42,0.0,0.0,0.0,2,15.0
2024-08-22 17:00:00,2024-08-22T21:00:00Z,23.3,21.0,43,0.0,0.0,0.0,2,15.4
2024-08-22 18:00:00,2024-08-22T22:00:00Z,22.8,20.9,45,0.0,0.0,0.0,1,13.7
2024-08-22 19:00:00,2024-08-22T23:00:00Z,21.6,20.7,52,0.0,0.0,0.0,0,8.6
2024-08-22 20:00:00,2024-08-23T00:00:00Z,19.4,18.8,61,0.0,0.0,0.0,0,7.5
2024-08-22 21:00:00,2024-08-23T01:00:00Z,18.2,18.1,70,0.0,0.0,0.0,0,6.2
2024-08-22 22:00:00,2024-08-23T02:00:00Z,17.5,17.5,74,0.0,0.0,0.0,0,6.6
2024-08-22 23:00:00,2024-08-23T03:00:00Z,16.7,16.7,79,0.0,0.0,0.0,0,6.5
2024-08-23 00:00:00,2024-08-23T04:00:00Z,16.2,16.0,81,0.0,0.0,0.0,0,7.2
2024-08-23 01:00:00,2024-08-23T05:00:00Z,15.5,15.4,83,0.0,0.0,0.0,1,5.8
2024-08-23 02:00:00,2024-08-23T06:00:00Z,15.0,15.0,86,0.0,0.0,0.0,1,5.4
2024-08-23 03:00:00,2024-08-23T07:00:00Z,14.5,14.6,89,0.0,0.0,0.0,0,4.8
2024-08-23 04:00:00,2024-08-23T08:00:00Z,14.0,14.0,91,0.0,0.0,0.0,0,5.4
2024-08-23 05:00:00,2024-08-23T09:00:00Z,13.0,12.6,94,0.0,0.0,0.0,0,6.9
2024-08-23 06:00:00,2024-08-23T10:00:00Z,12.7,12.4,95,0.0,0.0,0.0,0,6.0
2024-08-23 07:00:00,2024-08-23T11:00:00Z,14.1,14.6,93,0.0,0.0,0.0,0,3.5
2024-08-23 08:00:00,2024-08-23T12:00:00Z,16.6,17.1,82,0.0,0.0,0.0,0,3.5
2024-08-23 09:00:00,2024-08-23T13:00:00Z,20.3,20.9,67,0.0,0.0,0.0,0,4.2
2024-08-23 10:00:00,2024-08-23T14:00:00Z,22.6,21.9,51,0.0,0.0,0.0,0,8.9
2024-08-23 11:00:00,2024-08-23T15:00:00Z,23.7,22.9,43,0.0,0.0,0.0,0,11.6
2024-08-23 12:00:00,2024-08-23T16:00:00Z,24.5,24.1,40,0.0,0.0,0.0,0,11.9
2024-08-23 13:00:00,2024-08-23T17:00:00Z,25.0,25.2,38,0.0,0.0,0.0,0,10.2
2024-08-23 14:00:00,2024-08-23T18:00:00Z,25.5,26.2,37,0.0,0.0,0.0,0,7.9
2024-08-23 15:00:00,2024-08-23T19:00:00Z,25.9,26.3,37,0.0,0.0,0.0,0,7.9
2024-08-23 16:00:00,2024-08-23T20:00:00Z,26.2,25.7,36,0.0,0.0,0.0,0,8.6
2024-08-23 17:00:00,2024-08-23T21:00:00Z,26.3,24.7,35,0.0,0.0,0.0,1,10.7
2024-08-23 18:00:00,2024-08-23T22:00:00Z,25.7,24.7,39,0.0,0.0,0.0,1,8.2
2024-08-23 19:00:00,2024-08-23T23:00:00Z,23.6,23.9,52,0.0,0.0,0.0,0,4.3
2024-08-23 20:00:00,2024-08-24T00:00:00Z,20.8,20.3,67,0.0,0.0,0.0,0,13.3
2024-08-23 21:00:00,2024-08-24T01:00:00Z,19.7,19.6,71,0.0,0.0,0.0,0,10.6
2024-08-23 22:00:00,2024-08-24T02:00:00Z,18.5,19.3,79,0.0,0.0,0.0,0,5.8
2024-08-23 23:00:00,2024-08-24T03:00:00Z,17.2,17.9,87,0.0,0.0,0.0,2,7.1
2024-08-24 00:00:00,2024-08-24T04:00:00Z,17.1,18.0,88,0.0,0.0,0.0,3,5.6
2024-08-24 01:00:00,2024-08-24T05:00:00Z,16.7,17.4,88,0.0,0.0,0.0,3,5.5
2024-08-24 02:00:00,2024-08-24T06:00:00Z,16.1,16.8,89,0.0,0.0,0.0,0,4.7
2024-08-24 03:00:00,2024-08-24T07:00:00Z,15.4,15.9,91,0.0,0.0,0.0,0,5.2
2024-08-24 04:00:00,2024-08-24T08:00:00Z,15.4,15.9,91,0.0,0.0,0.0,0,5.4
2024-08-24 05:00:00,2024-08-24T09:00:00Z,14.8,15.3,93,0.0,0.0,0.0,0,4.7
2024-08-24 06:00:00,2024-08-24T10:00:00Z,14.3,14.7,94,0.0,0.0,0.0,1,5.0
2024-08-24 07:00:00,2024-08-24T11:00:00Z,15.3,16.0,91,0.0,0.0,0.0,0,4.2
2024-08-24 08:00:00,2024-08-24T12:00:00Z,17.5,18.8,84,0.0,0.0,0.0,0,1.9
2024-08-24 09:00:00,2024-08-24T13:00:00Z,20.4,21.9,73,0.0,0.0,0.0,0,1.8
2024-08-24 10:00:00,2024-08-24T14:00:00Z,23.1,24.5,61,0.0,0.0,0.0,0,1.6
2024-08-24 11:00:00,2024-08-24T15:00:00Z,25.1,26.3,49,0.0,0.0,0.0,2,4.9
2024-08-24 12:00:00,2024-08-24T16:00:00Z,26.1,27.4,42,0.0,0.0,0.0,2,5.0
2024-08-24 13:00:00,2024-08-24T17:00:00Z,27.0,28.6,38,0.0,0.0,0.0,2,5.2
2024-08-24 14:00:00,2024-08-24T18:00:00Z,28.0,28.8,35,0.0,0.0,0.0,2,7.4
2024-08-24 15:00:00,2024-08-24T19:00:00Z,28.3,28.3,35,0.0,0.0,0.0,1,9.9
2024-08-24 16:00:00,2024-08-24T20:00:00Z,28.2,26.7,34,0.0,0.0,0.0,2,12.0
2024-08-24 17:00:00,2024-08-24T21:00:00Z,28.0,26.0,34,0.0,0.0,0.0,1,15.1
2024-08-24 18:00:00,2024-08-24T22:00:00Z,26.8,25.9,38,0.0,0.0,0.0,0,9.2
2024-08-24 19:00:00,2024-08-24T23:00:00Z,24.5,25.4,56,0.0,0.0,0.0,0,5.4
2024-08-24 20:00:00,2024-08-25T00:00:00Z,22.0,21.3,57,0.0,0.0,0.0,0,11.6
2024-08-24 21:00:00,2024-08-25T01:00:00Z,21.3,20.9,64,0.0,0.0,0.0,0,12.5
2024-08-24 22:00:00,2024-08-25T02:00:00Z,20.4,20.4,68,0.0,0.0,0.0,0,9.8
2024-08-24 23:00:00,2024-08-25T03:00:00Z,19.4,19.9,74,0.0,0.0,0.0,0,6.4
2024-08-25 00:00:00,2024-08-25T04:00:00Z,18.4,19.2,80,0.0,0.0,0.0,0,5.4
2024-08-25 01:00:00,2024-08-25T05:00:00Z,17.4,18.3,86,0.0,0.0,0.0,0,5.4
2024-08-25 02:00:00,2024-08-25T06:00:00Z,16.8,17.6,89,0.0,0.0,0.0,0,5.8
2024-08-25 03:00:00,2024-08-25T07:00:00Z,16.6,17.3,87,0.0,0.0,0.0,3,5.1
2024-08-25 04:00:00,2024-08-25T08:00:00Z,16.2,16.8,88,0.0,0.0,0.0,3,4.7
2024-08-25 05:00:00,2024-08-25T09:00:00Z,16.0,16.6,88,0.0,0.0,0.0,3,4.8
2024-08-25 06:00:00,2024-08-25T10:00:00Z,16.0,16.4,86,0.0,0.0,0.0,3,5.6
2024-08-25 07:00:00,2024-08-25T11:00:00Z,16.5,16.8,84,0.0,0.0,0.0,3,6.1
2024-08-25 08:00:00,2024-08-25T12:00:00Z,18.6,19.3,77,0.0,0.0,0.0,3,5.9
2024-08-25 09:00:00,2024-08-25T13:00:00Z,21.7,23.0,70,0.0,0.0,0.0,0,5.1
2024-08-25 10:00:00,2024-08-25T14:00:00Z,24.4,25.7,60,0.0,0.0,0.0,0,5.9
2024-08-25 11:00:00,2024-08-25T15:00:00Z,26.3,28.1,53,0.0,0.0,0.0,0,6.5
2024-08-25 12:00:00,2024-08-25T16:00:00Z,27.8,29.7,46,0.0,0.0,0.0,0,7.4
2024-08-25 13:00:00,2024-08-25T17:00:00Z,28.4,30.4,43,0.0,0.0,0.0,1,5.9
2024-08-25 14:00:00,2024-08-25T18:00:00Z,28.7,30.6,42,0.0,0.0,0.0,1,5.5
2024-08-25 15:00:00,2024-08-25T19:00:00Z,29.2,30.6,41,0.0,0.0,0.0,1,7.3
2024-08-25 16:00:00,2024-08-25T20:00:00Z,28.9,29.1,41,0.0,0.0,0.0,1,9.7
2024-08-25 17:00:00,2024-08-25T21:00:00Z,27.3,27.0,47,0.1,0.1,0.0,51,14.1
2024-08-25 18:00:00,2024-08-25T22:00:00Z,25.8,25.4,54,0.1,0.1,0.0,51,15.6
2024-08-25 19:00:00,2024-08-25T23:00:00Z,24.0,23.4,57,0.0,0.0,0.0,0,14.5
2024-08-25 20:00:00,2024-08-26T00:00:00Z,22.7,22.8,61,0.0,0.0,0.0,0,10.0
2024-08-25 21:00:00,2024-08-26T01:00:00Z,22.6,22.0,62,0.0,0.0,0.0,1,15.1
2024-08-25 22:00:00,2024-08-26T02:00:00Z,22.4,21.5,61,0.0,0.0,0.0,1,16.1
2024-08-25 23:00:00,2024-08-26T03:00:00Z,22.1,21.6,63,0.0,0.0,0.0,0,14.2
2024-08-26 00:00:00,2024-08-26T04:00:00Z,21.1,21.4,68,0.0,0.0,0.0,0,9.6
2024-08-26 01:00:00,2024-08-26T05:00:00Z,19.2,19.8,80,0.0,0.0,0.0,0,8.8
2024-08-26 02:00:00,2024-08-26T06:00:00Z,19.7,20.1,76,0.0,0.0,0.0,0,9.0
2024-08-26 03:00:00,2024-08-26T07:00:00Z,19.2,19.5,78,0.0,0.0,0.0,0,9.9
2024-08-26 04:00:00,2024-08-26T08:00:00Z,18.6,19.3,81,0.0,0.0,0.0,0,7.4
2024-08-26 05:00:00,2024-08-26T09:00:00Z,18.1,18.9,85,0.0,0.0,0.0,0,7.6
2024-08-26 06:00:00,2024-08-26T10:00:00Z,17.8,18.4,86,0.0,0.0,0.0,0,8.2
2024-08-26 07:00:00,2024-08-26T11:00:00Z,18.2,18.8,85,0.0,0.0,0.0,1,9.4
2024-08-26 08:00:00,2024-08-26T12:00:00Z,19.9,21.0,79,0.0,0.0,0.0,1,7.2
2024-08-26 09:00:00,2024-08-26T13:00:00Z,22.2,23.9,71,0.0,0.0,0.0,1,4.4
2024-08-26 10:00:00,2024-08-26T14:00:00Z,23.8,26.0,66,0.0,0.0,0.0,1,2.3
2024-08-26 11:00:00,2024-08-26T15:00:00Z,25.4,27.7,60,0.0,0.0,0.0,0,2.9
2024-08-26 12:00:00,2024-08-26T16:00:00Z,27.0,30.1,53,0.0,0.0,0.0,0,3.8
2024-08-26 13:00:00,2024-08-26T17:00:00Z,27.7,30.7,48,0.1,0.1,0.0,51,2.7
2024-08-26 14:00:00,2024-08-26T18:00:00Z,28.4,31.2,46,0.0,0.0,0.0,1,1.1
2024-08-26 15:00:00,2024-08-26T19:00:00Z,28.8,30.9,44,0.0,0.0,0.0,1,3.1
2024-08-26 16:00:00,2024-08-26T20:00:00Z,29.4,30.8,40,0.0,0.0,0.0,1,2.9
2024-08-26 17:00:00,2024-08-26T21:00:00Z,28.5,28.8,41,0.0,0.0,0.0,1,6.4
2024-08-26 18:00:00,2024-08-26T22:00:00Z,22.3,21.4,73,0.2,0.2,0.0,51,23.8
2024-08-26 19:00:00,2024-08-26T23:00:00Z,22.1,23.6,76,0.1,0.1,0.0,51,8.0
2024-08-26 20:00:00,2024-08-27T00:00:00Z,21.1,22.9,81,0.0,0.0,0.0,0,6.7
2024-08-26 21:00:00,2024-08-27T01:00:00Z,20.2,22.4,91,0.0,0.0,0.0,0,6.8
2024-08-26 22:00:00,2024-08-27T02:00:00Z,19.4,22.0,95,0.0,0.0,0.0,0,3.5
2024-08-26 23:00:00,2024-08-27T03:00:00Z,19.1,21.4,95,0.0,0.0,0.0,0,4.7
2024-08-27 00:00:00,2024-08-27T04:00:00Z,18.6,21.0,98,0.0,0.0,0.0,0,4.0
2024-08-27 01:00:00,2024-08-27T05:00:00Z,18.3,20.5,98,0.0,0.0,0.0,0,4.3
2024-08-27 02:00:00,2024-08-27T06:00:00Z,18.4,20.7,97,0.0,0.0,0.0,0,4.0
2024-08-27 03:00:00,2024-08-27T07:00:00Z,17.6,19.6,99,0.0,0.0,0.0,0,4.0
2024-08-27 04:00:00,2024-08-27T08:00:00Z,17.7,19.9,99,0.0,0.0,0.0,0,3.8
2024-08-27 05:00:00,2024-08-27T09:00:00Z,17.3,19.3,99,0.0,0.0,0.0,0,4.2
2024-08-27 06:00:00,2024-08-27T10:00:00Z,17.4,19.3,99,0.0,0.0,0.0,2,5.0
2024-08-27 07:00:00,2024-08-27T11:00:00Z,17.5,19.3,98,0.0,0.0,0.0,2,5.6
2024-08-27 08:00:00,2024-08-27T12:00:00Z,19.2,21.1,92,0.0,0.0,0.0,0,6.1
2024-08-27 09:00:00,2024-08-27T13:00:00Z,20.9,23.5,89,0.0,0.0,0.0,0,5.9
2024-08-27 10:00:00,2024-08-27T14:00:00Z,24.0,26.3,71,0.0,0.0,0.0,0,5.2
2024-08-27 11:00:00,2024-08-27T15:00:00Z,25.9,28.5,57,0.0,0.0,0.0,0,3.3
2024-08-27 12:00:00,2024-08-27T16:00:00Z,27.2,30.6,51,0.0,0.0,0.0,0,1.6
2024-08-27 13:00:00,2024-08-27T17:00:00Z,28.1,31.4,47,0.0,0.0,0.0,0,3.3
2024-08-27 14:00:00,2024-08-27T18:00:00Z,29.0,31.8,44,0.0,0.0,0.0,1,4.6
2024-08-27 15:00:00,2024-08-27T19:00:00Z,29.5,31.6,43,0.0,0.0,0.0,1,7.1
2024-08-27 16:00:00,2024-08-27T20:00:00Z,29.4,30.1,42,0.0,0.0,0.0,0,10.2
2024-08-27 17:00:00,2024-08-27T21:00:00Z,27.6,27.2,51,0.0,0.0,0.0,0,18.7
2024-08-27 18:00:00,2024-08-27T22:00:00Z,25.8,25.4,56,0.0,0.0,0.0,0,18.0
2024-08-27 19:00:00,2024-08-27T23:00:00Z,24.6,24.9,65,0.0,0.0,0.0,0,15.8
2024-08-27 20:00:00,2024-08-28T00:00:00Z,22.9,23.0,71,0.0,0.0,0.0,1,16.9
2024-08-27 21:00:00,2024-08-28T01:00:00Z,22.1,23.0,79,0.0,0.0,0.0,2,14.8
2024-08-27 22:00:00,2024-08-28T02:00:00Z,21.8,23.0,83,0.0,0.0,0.0,2,14.0
2024-08-27 23:00:00,2024-08-28T03:00:00Z,21.7,23.0,84,0.0,0.0,0.0,3,13.3
2024-08-28 00:00:00,2024-08-28T04:00:00Z,21.4,22.8,85,0.0,0.0,0.0,0,12.5
2024-08-28 01:00:00,2024-08-28T05:00:00Z,21.2,22.5,86,0.0,0.0,0.0,0,13.6
2024-08-28 02:00:00,2024-08-28T06:00:00Z,21.2,22.2,86,0.0,0.0,0.0,0,15.2
2024-08-28 03:00:00,2024-08-28T07:00:00Z,21.0,22.0,86,0.0,0.0,0.0,1,15.0
2024-08-28 04:00:00,2024-08-28T08:00:00Z,20.9,22.1,86,0.0,0.0,0.0,0,13.0
2024-08-28 05:00:00,2024-08-28T09:00:00Z,20.8,21.8,86,0.0,0.0,0.0,2,14.3
2024-08-28 06:00:00,2024-08-28T10:00:00Z,21.0,21.7,82,0.0,0.0,0.0,3,14.4
2024-08-28 07:00:00,2024-08-28T11:00:00Z,21.4,22.1,78,0.0,0.0,0.0,3,13.6
2024-08-28 08:00:00,2024-08-28T12:00:00Z,22.7,23.7,74,0.0,0.0,0.0,3,12.3
2024-08-28 09:00:00,2024-08-28T13:00:00Z,25.1,26.5,69,0.0,0.0,0.0,3,12.9
2024-08-28 10:00:00,2024-08-28T14:00:00Z,26.9,28.8,64,0.0,0.0,0.0,3,12.3
2024-08-28 11:00:00,2024-08-28T15:00:00Z,28.3,30.6,62,0.0,0.0,0.0,0,12.7
2024-08-28 12:00:00,2024-08-28T16:00:00Z,30.8,34.2,55,0.0,0.0,0.0,1,12.6
2024-08-28 13:00:00,2024-08-28T17:00:00Z,31.6,34.7,52,0.0,0.0,0.0,2,15.4
2024-08-28 14:00:00,2024-08-28T18:00:00Z,31.2,33.5,53,0.0,0.0,0.0,0,13.1
2024-08-28 15:00:00,2024-08-28T19:00:00Z,32.1,35.8,50,0.0,0.0,0.0,0,10.6
2024-08-28 16:00:00,2024-08-28T20:00:00Z,32.6,35.4,49,0.0,0.0,0.0,1,10.6
2024-08-28 17:00:00,2024-08-28T21:00:00Z,32.6,34.7,48,0.0,0.0,0.0,1,13.1
2024-08-28 18:00:00,2024-08-28T22:00:00Z,31.9,33.5,49,0.0,0.0,0.0,1,14.7
2024-08-28 19:00:00,2024-08-28T23:00:00Z,30.3,32.1,53,0.0,0.0,0.0,3,13.2
2024-08-28 20:00:00,2024-08-29T00:00:00Z,29.0,30.7,57,0.0,0.0,0.0,0,13.7
2024-08-28 21:00:00,2024-08-29T01:00:00Z,24.6,29.7,91,0.0,0.0,0.0,2,2.6
2024-08-28 22:00:00,2024-08-29T02:00:00Z,24.4,29.1,91,0.0,0.0,0.0,2,4.1
2024-08-28 23:00:00,2024-08-29T03:00:00Z,24.4,28.6,90,0.0,0.0,0.0,3,7.6
2024-08-29 00:00:00,2024-08-29T04:00:00Z,24.1,27.1,86,0.0,0.0,0.0,3,11.9
2024-08-29 01:00:00,2024-08-29T05:00:00Z,23.4,25.6,84,0.0,0.0,0.0,1,12.9
2024-08-29 02:00:00,2024-08-29T06:00:00Z,21.9,23.7,89,4.4,4.4,0.0,63,14.7
2024-08-29 03:00:00,2024-08-29T07:00:00Z,21.3,22.8,91,1.8,1.8,0.0,61,15.9
2024-08-29 04:00:00,2024-08-29T08:00:00Z,21.3,23.0,90,0.1,0.1,0.0,51,13.4
2024-08-29 05:00:00,2024-08-29T09:00:00Z,20.5,21.6,88,0.0,0.0,0.0,2,14.1
2024-08-29 06:00:00,2024-08-29T10:00:00Z,19.7,20.1,86,0.1,0.1,0.0,51,15.2
2024-08-29 07:00:00,2024-08-29T11:00:00Z,19.1,19.0,84,0.0,0.0,0.0,1,15.3
2024-08-29 08:00:00,2024-08-29T12:00:00Z,19.3,19.2,80,0.0,0.0,0.0,1,14.4
2024-08-29 09:00:00,2024-08-29T13:00:00Z,21.9,21.5,69,0.0,0.0,0.0,3,16.3
2024-08-29 10:00:00,2024-08-29T14:00:00Z,22.9,22.3,62,0.0,0.0,0.0,3,16.1
2024-08-29 11:00:00,2024-08-29T15:00:00Z,23.5,22.9,59,0.0,0.0,0.0,3,15.3
2024-08-29 12:00:00,2024-08-29T16:00:00Z,24.0,23.7,58,0.0,0.0,0.0,3,13.9
2024-08-29 13:00:00,2024-08-29T17:00:00Z,24.9,25.3,56,0.0,0.0,0.0,3,12.0
2024-08-29 14:00:00,2024-08-29T18:00:00Z,25.1,25.2,56,0.0,0.0,0.0,3,12.8
2024-08-29 15:00:00,2024-08-29T19:00:00Z,25.0,25.2,56,0.0,0.0,0.0,3,12.4
2024-08-29 16:00:00,2024-08-29T20:00:00Z,24.6,24.6,57,0.0,0.0,0.0,3,13.4
2024-08-29 17:00:00,2024-08-29T21:00:00Z,24.1,24.1,59,0.0,0.0,0.0,3,13.5
2024-08-29 18:00:00,2024-08-29T22:00:00Z,23.4,23.4,64,0.0,0.0,0.0,3,14.7
2024-08-29 19:00:00,2024-08-29T23:00:00Z,21.7,21.1,69,0.0,0.0,0.0,2,17.7
2024-08-29 20:00:00,2024-08-30T00:00:00Z,20.7,20.5,73,0.0,0.0,0.0,3,14.5
2024-08-29 21:00:00,2024-08-30T01:00:00Z,20.0,20.2,75,0.2,0.2,0.0,51,11.8
2024-08-29 22:00:00,2024-08-30T02:00:00Z,19.9,19.9,75,0.0,0.0,0.0,3,12.4
2024-08-29 23:00:00,2024-08-30T03:00:00Z,19.8,19.6,76,0.0,0.0,0.0,3,14.0
2024-08-30 00:00:00,2024-08-30T04:00:00Z,19.6,19.6,76,0.2,0.2,0.0,51,12.6
2024-08-30 01:00:00,2024-08-30T05:00:00Z,19.1,19.3,81,4.8,4.8,0.0,63,12.4
2024-08-30 02:00:00,2024-08-30T06:00:00Z,18.6,19.2,85,0.5,0.5,0.0,53,10.1
2024-08-30 03:00:00,2024-08-30T07:00:00Z,18.3,18.9,88,1.4,1.4,0.0,61,10.5
2024-08-30 04:00:00,2024-08-30T08:00:00Z,18.0,18.4,89,0.0,0.0,0.0,3,11.8
2024-08-30 05:00:00,2024-08-30T09:00:00Z,17.5,17.4,87,0.0,0.0,0.0,3,13.4
2024-08-30 06:00:00,2024-08-30T10:00:00Z,17.5,17.3,84,0.0,0.0,0.0,3,11.6
2024-08-30 07:00:00,2024-08-30T11:00:00Z,17.5,17.4,84,0.0,0.0,0.0,3,10.9
2024-08-30 08:00:00,2024-08-30T12:00:00Z,17.9,17.5,80,0.0,0.0,0.0,2,13.0
2024-08-30 09:00:00,2024-08-30T13:00:00Z,18.9,18.0,72,0.0,0.0,0.0,0,14.1
2024-08-30 10:00:00,2024-08-30T14:00:00Z,19.9,19.2,69,0.0,0.0,0.0,3,13.8
2024-08-30 11:00:00,2024-08-30T15:00:00Z,21.4,20.8,62,0.0,0.0,0.0,3,11.9
2024-08-30 12:00:00,2024-08-30T16:00:00Z,22.9,22.8,58,0.0,0.0,0.0,3,11.5
2024-08-30 13:00:00,2024-08-30T17:00:00Z,23.3,23.3,58,0.0,0.0,0.0,2,13.5
2024-08-30 14:00:00,2024-08-30T18:00:00Z,23.5,23.5,56,0.0,0.0,0.0,3,14.8
2024-08-30 15:00:00,2024-08-30T19:00:00Z,23.0,22.4,57,0.0,0.0,0.0,3,14.9
2024-08-30 16:00:00,2024-08-30T20:00:00Z,22.5,21.9,59,0.0,0.0,0.0,3,13.3
2024-08-30 17:00:00,2024-08-30T21:00:00Z,22.4,21.8,61,0.0,0.0,0.0,3,13.4
2024-08-30 18:00:00,2024-08-30T22:00:00Z,21.3,20.9,67,0.0,0.0,0.0,3,14.4
2024-08-30 19:00:00,2024-08-30T23:00:00Z,20.3,19.9,72,0.0,0.0,0.0,2,13.7
2024-08-30 20:00:00,2024-08-31T00:00:00Z,19.5,19.6,75,0.0,0.0,0.0,0,11.2
2024-08-30 21:00:00,2024-08-31T01:00:00Z,19.0,19.4,78,0.0,0.0,0.0,2,8.5
2024-08-30 22:00:00,2024-08-31T02:00:00Z,18.5,19.0,80,0.0,0.0,0.0,0,8.2
2024-08-30 23:00:00,2024-08-31T03:00:00Z,17.9,18.6,84,0.0,0.0,0.0,0,7.0
2024-08-31 00:00:00,2024-08-31T04:00:00Z,17.4,18.4,89,0.0,0.0,0.0,0,5.4
2024-08-31 01:00:00,2024-08-31T05:00:00Z,16.8,18.2,93,0.0,0.0,0.0,0,3.9
2024-08-31 02:00:00,2024-08-31T06:00:00Z,16.6,18.1,95,0.0,0.0,0.0,1,3.0
2024-08-31 03:00:00,2024-08-31T07:00:00Z,16.6,18.0,96,0.0,0.0,0.0,3,4.4
2024-08-31 04:00:00,2024-08-31T08:00:00Z,17.2,18.2,92,0.0,0.0,0.0,3,6.5
2024-08-31 05:00:00,2024-08-31T09:00:00Z,17.2,18.7,93,0.0,0.0,0.0,1,4.5
2024-08-31 06:00:00,2024-08-31T10:00:00Z,17.4,18.7,92,0.0,0.0,0.0,3,5.2
2024-08-31 07:00:00,2024-08-31T11:00:00Z,17.7,19.1,91,0.0,0.0,0.0,3,5.4
2024-08-31 08:00:00,2024-08-31T12:00:00Z,18.8,20.5,88,0.0,0.0,0.0,1,4.4
2024-08-31 09:00:00,2024-08-31T13:00:00Z,21.7,23.1,77,0.0,0.0,0.0,3,8.6
2024-08-31 10:00:00,2024-08-31T14:00:00Z,23.1,24.9,74,0.2,0.2,0.0,51,7.6
2024-08-31 11:00:00,2024-08-31T15:00:00Z,22.9,24.5,75,0.1,0.1,0.0,51,9.6
2024-08-31 12:00:00,2024-08-31T16:00:00Z,23.3,24.7,74,0.2,0.2,0.0,51,12.1
2024-08-31 13:00:00,2024-08-31T17:00:00Z,24.2,25.5,71,0.2,0.2,0.0,51,13.4
2024-08-31 14:00:00,2024-08-31T18:00:00Z,24.7,25.8,68,0.1,0.1,0.0,51,13.9
2024-08-31 15:00:00,2024-08-31T19:00:00Z,24.7,25.5,67,0.0,0.0,0.0,3,14.3
2024-08-31 16:00:00,2024-08-31T20:00:00Z,24.2,24.6,67,0.0,0.0,0.0,2,16.4
2024-08-31 17:00:00,2024-08-31T21:00:00Z,24.3,24.7,66,0.0,0.0,0.0,1,16.4
2024-08-31 18:00:00,2024-08-31T22:00:00Z,23.4,24.2,71,0.0,0.0,0.0,3,13.8
2024-08-31 19:00:00,2024-08-31T23:00:00Z,22.6,23.6,75,0.0,0.0,0.0,1,13.0
2024-08-31 20:00:00,2024-09-01T00:00:00Z,21.5,22.7,82,0.0,0.0,0.0,3,12.4
2024-08-31 21:00:00,2024-09-01T01:00:00Z,20.8,22.7,90,0.0,0.0,0.0,3,10.9
2024-08-31 22:00:00,2024-09-01T02:00:00Z,20.9,22.6,89,0.0,0.0,0.0,3,11.2
2024-08-31 23:00:00,2024-09-01T03:00:00Z,20.6,22.4,90,0.0,0.0,0.0,3,10.8
2024-09-01 00:00:00,2024-09-01T04:00:00Z,20.6,22.5,90,0.0,0.0,0.0,3,9.4
2024-09-01 01:00:00,2024-09-01T05:00:00Z,20.8,22.9,90,0.0,0.0,0.0,3,8.5
2024-09-01 02:00:00,2024-09-01T06:00:00Z,20.6,22.8,92,0.0,0.0,0.0,3,8.7
2024-09-01 03:00:00,2024-09-01T07:00:00Z,20.3,22.6,94,0.0,0.0,0.0,3,8.2
2024-09-01 04:00:00,2024-09-01T08:00:00Z,20.3,22.4,95,0.0,0.0,0.0,3,10.0
2024-09-01 05:00:00,2024-09-01T09:00:00Z,20.3,22.3,95,0.0,0.0,0.0,3,11.2
2024-09-01 06:00:00,2024-09-01T10:00:00Z,20.1,22.2,96,0.0,0.0,0.0,3,10.3
2024-09-01 07:00:00,2024-09-01T11:00:00Z,20.2,22.3,96,0.1,0.1,0.0,51,10.1
2024-09-01 08:00:00,2024-09-01T12:00:00Z,21.5,23.2,89,0.0,0.0,0.0,3,14.1
2024-09-01 09:00:00,2024-09-01T13:00:00Z,22.5,24.9,88,0.1,0.1,0.0,51,11.0
2024-09-01 10:00:00,2024-09-01T14:00:00Z,23.5,25.9,82,0.1,0.1,0.0,51,11.4
2024-09-01 11:00:00,2024-09-01T15:00:00Z,24.7,26.7,76,0.1,0.1,0.0,51,13.0
2024-09-01 12:00:00,2024-09-01T16:00:00Z,24.9,26.8,75,0.4,0.4,0.0,51,14.6
2024-09-01 13:00:00,2024-09-01T17:00:00Z,25.5,27.0,71,0.3,0.3,0.0,51,16.0
2024-09-01 14:00:00,2024-09-01T18:00:00Z,26.1,28.5,73,0.2,0.2,0.0,51,14.6
2024-09-01 15:00:00,2024-09-01T19:00:00Z,27.0,29.5,70,0.2,0.2,0.0,51,15.3
2024-09-01 16:00:00,2024-09-01T20:00:00Z,27.4,28.7,65,0.0,0.0,0.0,2,18.2
2024-09-01 17:00:00,2024-09-01T21:00:00Z,27.8,28.9,60,0.0,0.0,0.0,3,16.8
2024-09-01 18:00:00,2024-09-01T22:00:00Z,27.8,29.2,59,0.0,0.0,0.0,0,13.7
2024-09-01 19:00:00,2024-09-01T23:00:00Z,26.4,28.3,62,0.0,0.0,0.0,0,8.4
2024-09-01 20:00:00,2024-09-02T00:00:00Z,24.2,25.9,68,0.0,0.0,0.0,2,7.6
2024-09-01 21:00:00,2024-09-02T01:00:00Z,22.7,25.8,87,0.0,0.0,0.0,3,6.8
2024-09-01 22:00:00,2024-09-02T02:00:00Z,22.0,24.8,87,0.0,0.0,0.0,0,5.9
2024-09-01 23:00:00,2024-09-02T03:00:00Z,21.7,23.6,81,0.0,0.0,0.0,2,7.8
2024-09-02 00:00:00,2024-09-02T04:00:00Z,21.0,21.9,79,0.0,0.0,0.0,0,11.7
2024-09-02 01:00:00,2024-09-02T05:00:00Z,21.0,21.2,75,0.0,0.0,0.0,0,14.0
2024-09-02 02:00:00,2024-09-02T06:00:00Z,20.3,20.4,74,0.0,0.0,0.0,0,12.4
2024-09-02 03:00:00,2024-09-02T07:00:00Z,19.6,19.4,74,0.0,0.0,0.0,3,12.4
2024-09-02 04:00:00,2024-09-02T08:00:00Z,19.1,18.8,73,0.0,0.0,0.0,3,11.5
2024-09-02 05:00:00,2024-09-02T09:00:00Z,18.9,17.6,68,0.0,0.0,0.0,3,15.2
2024-09-02 06:00:00,2024-09-02T10:00:00Z,18.3,16.4,67,0.0,0.0,0.0,3,16.9
2024-09-02 07:00:00,2024-09-02T11:00:00Z,18.0,16.3,68,0.0,0.0,0.0,3,15.9
2024-09-02 08:00:00,2024-09-02T12:00:00Z,18.6,17.2,67,0.0,0.0,0.0,3,14.7
2024-09-02 09:00:00,2024-09-02T13:00:00Z,18.8,17.7,69,0.0,0.0,0.0,3,13.4
2024-09-02 10:00:00,2024-09-02T14:00:00Z,20.0,19.0,66,0.0,0.0,0.0,3,14.5
2024-09-02 11:00:00,2024-09-02T15:00:00Z,22.4,21.8,58,0.0,0.0,0.0,0,14.2
2024-09-02 12:00:00,2024-09-02T16:00:00Z,23.9,23.7,48,0.0,0.0,0.0,0,14.8
2024-09-02 13:00:00,2024-09-02T17:00:00Z,24.6,24.8,45,0.0,0.0,0.0,0,13.7
2024-09-02 14:00:00,2024-09-02T18:00:00Z,25.0,24.6,42,0.0,0.0,0.0,0,14.8
2024-09-02 15:00:00,2024-09-02T19:00:00Z,25.0,23.9,40,0.0,0.0,0.0,1,16.0
2024-09-02 16:00:00,2024-09-02T20:00:00Z,24.6,22.3,39,0.0,0.0,0.0,1,16.0
2024-09-02 17:00:00,2024-09-02T21:00:00Z,24.0,21.1,37,0.0,0.0,0.0,0,17.2
2024-09-02 18:00:00,2024-09-02T22:00:00Z,23.0,20.4,42,0.0,0.0,0.0,0,16.9
2024-09-02 19:00:00,2024-09-02T23:00:00Z,21.4,18.6,47,0.0,0.0,0.0,0,17.7
2024-09-02 20:00:00,2024-09-03T00:00:00Z,19.8,17.1,49,0.0,0.0,0.0,0,16.6
2024-09-02 21:00:00,2024-09-03T01:00:00Z,19.0,15.8,50,0.0,0.0,0.0,0,19.2
2024-09-02 22:00:00,2024-09-03T02:00:00Z,17.9,14.3,51,0.0,0.0,0.0,0,20.1
2024-09-02 23:00:00,2024-09-03T03:00:00Z,16.7,13.1,54,0.0,0.0,0.0,0,19.6
2024-09-03 00:00:00,2024-09-03T04:00:00Z,15.6,12.2,55,0.0,0.0,0.0,0,17.2
2024-09-03 01:00:00,2024-09-03T05:00:00Z,14.7,11.5,58,0.0,0.0,0.0,0,15.6
2024-09-03 02:00:00,2024-09-03T06:00:00Z,14.0,11.0,61,0.0,0.0,0.0,0,14.4
2024-09-03 03:00:00,2024-09-03T07:00:00Z,13.2,10.6,65,0.0,0.0,0.0,0,12.2
2024-09-03 04:00:00,2024-09-03T08:00:00Z,12.5,10.2,71,0.0,0.0,0.0,0,10.4
2024-09-03 05:00:00,2024-09-03T09:00:00Z,11.9,9.9,74,0.0,0.0,0.0,0,9.4
2024-09-03 06:00:00,2024-09-03T10:00:00Z,11.6,9.5,76,0.0,0.0,0.0,0,10.1
2024-09-03 07:00:00,2024-09-03T11:00:00Z,11.6,9.6,78,0.0,0.0,0.0,0,10.2
2024-09-03 08:00:00,2024-09-03T12:00:00Z,13.3,11.7,73,0.0,0.0,0.0,0,8.5
2024-09-03 09:00:00,2024-09-03T13:00:00Z,15.8,14.1,63,0.0,0.0,0.0,0,9.8
2024-09-03 10:00:00,2024-09-03T14:00:00Z,18.0,15.4,49,0.0,0.0,0.0,0,12.9
2024-09-03 11:00:00,2024-09-03T15:00:00Z,19.4,16.6,36,0.0,0.0,0.0,0,14.2
2024-09-03 12:00:00,2024-09-03T16:00:00Z,20.1,18.4,35,0.0,0.0,0.0,0,11.7
2024-09-03 13:00:00,2024-09-03T17:00:00Z,20.9,19.9,34,0.0,0.0,0.0,0,9.9
2024-09-03 14:00:00,2024-09-03T18:00:00Z,21.4,20.6,34,0.0,0.0,0.0,0,8.4
2024-09-03 15:00:00,2024-09-03T19:00:00Z,21.7,20.9,33,0.0,0.0,0.0,0,6.6
2024-09-03 16:00:00,2024-09-03T20:00:00Z,21.9,20.4,34,0.0,0.0,0.0,0,6.5
2024-09-03 17:00:00,2024-09-03T21:00:00Z,21.7,19.3,34,0.0,0.0,0.0,0,8.6
2024-09-03 18:00:00,2024-09-03T22:00:00Z,21.2,18.6,35,0.0,0.0,0.0,0,9.8
2024-09-03 19:00:00,2024-09-03T23:00:00Z,19.4,17.1,44,0.0,0.0,0.0,0,10.2
2024-09-03 20:00:00,2024-09-04T00:00:00Z,18.0,15.8,47,0.0,0.0,0.0,0,9.4
2024-09-03 21:00:00,2024-09-04T01:00:00Z,16.9,15.8,62,0.0,0.0,0.0,0,6.9
2024-09-03 22:00:00,2024-09-04T02:00:00Z,16.4,15.2,65,0.0,0.0,0.0,0,7.8
2024-09-03 23:00:00,2024-09-04T03:00:00Z,15.6,14.9,74,0.0,0.0,0.0,0,6.6
2024-09-04 00:00:00,2024-09-04T04:00:00Z,14.7,14.2,79,0.0,0.0,0.0,0,5.8
2024-09-04 01:00:00,2024-09-04T05:00:00Z,14.3,13.5,77,0.0,0.0,0.0,0,6.6
2024-09-04 02:00:00,2024-09-04T06:00:00Z,13.5,12.7,80,0.0,0.0,0.0,0,5.4
2024-09-04 03:00:00,2024-09-04T07:00:00Z,12.3,11.5,89,0.0,0.0,0.0,0,7.1
2024-09-04 04:00:00,2024-09-04T08:00:00Z,11.9,11.1,92,0.0,0.0,0.0,0,6.8
2024-09-04 05:00:00,2024-09-04T09:00:00Z,12.4,11.9,93,0.0,0.0,0.0,0,5.4
2024-09-04 06:00:00,2024-09-04T10:00:00Z,12.0,11.4,92,0.0,0.0,0.0,0,5.8
2024-09-04 07:00:00,2024-09-04T11:00:00Z,12.2,11.4,90,0.0,0.0,0.0,0,6.9
2024-09-04 08:00:00,2024-09-04T12:00:00Z,14.5,13.8,80,0.0,0.0,0.0,0,6.9
2024-09-04 09:00:00,2024-09-04T13:00:00Z,17.4,17.2,72,0.0,0.0,0.0,0,5.9
2024-09-04 10:00:00,2024-09-04T14:00:00Z,20.1,19.5,56,0.0,0.0,0.0,0,6.6
2024-09-04 11:00:00,2024-09-04T15:00:00Z,21.7,21.6,48,0.0,0.0,0.0,0,6.1
2024-09-04 12:00:00,2024-09-04T16:00:00Z,22.8,23.1,43,0.0,0.0,0.0,0,6.0
2024-09-04 13:00:00,2024-09-04T17:00:00Z,23.5,24.5,41,0.0,0.0,0.0,0,5.1
2024-09-04 14:00:00,2024-09-04T18:00:00Z,24.1,25.1,41,0.0,0.0,0.0,0,5.0
2024-09-04 15:00:00,2024-09-04T19:00:00Z,24.3,24.4,42,0.0,0.0,0.0,0,8.2
2024-09-04 16:00:00,2024-09-04T20:00:00Z,23.6,21.9,39,0.0,0.0,0.0,0,12.4
2024-09-04 17:00:00,2024-09-04T21:00:00Z,22.8,20.5,38,0.0,0.0,0.0,0,11.4
2024-09-04 18:00:00,2024-09-04T22:00:00Z,21.8,19.9,42,0.0,0.0,0.0,0,10.1
2024-09-04 19:00:00,2024-09-04T23:00:00Z,20.0,18.3,47,0.0,0.0,0.0,0,8.9
2024-09-04 20:00:00,2024-09-05T00:00:00Z,18.0,16.5,54,0.0,0.0,0.0,0,7.0
2024-09-04 21:00:00,2024-09-05T01:00:00Z,17.0,16.0,63,0.0,0.0,0.0,0,6.5
2024-09-04 22:00:00,2024-09-05T02:00:00Z,15.3,14.3,77,0.0,0.0,0.0,0,9.7
2024-09-04 23:00:00,2024-09-05T03:00:00Z,16.7,16.1,71,0.0,0.0,0.0,0,7.2
2024-09-05 00:00:00,2024-09-05T04:00:00Z,16.9,17.1,71,0.0,0.0,0.0,0,2.3
2024-09-05 01:00:00,2024-09-05T05:00:00Z,14.2,14.2,84,0.0,0.0,0.0,0,2.7
2024-09-05 02:00:00,2024-09-05T06:00:00Z,13.0,12.7,89,0.0,0.0,0.0,0,4.7
2024-09-05 03:00:00,2024-09-05T07:00:00Z,12.6,12.2,91,0.0,0.0,0.0,0,5.1
2024-09-05 04:00:00,2024-09-05T08:00:00Z,12.4,11.9,91,0.0,0.0,0.0,0,5.2
2024-09-05 05:00:00,2024-09-05T09:00:00Z,12.3,11.7,92,0.0,0.0,0.0,0,5.7
2024-09-05 06:00:00,2024-09-05T10:00:00Z,12.1,11.5,92,0.0,0.0,0.0,0,6.5
2024-09-05 07:00:00,2024-09-05T11:00:00Z,12.7,11.9,90,0.0,0.0,0.0,0,7.9
2024-09-05 08:00:00,2024-09-05T12:00:00Z,15.4,14.9,81,0.0,0.0,0.0,0,8.0
2024-09-05 09:00:00,2024-09-05T13:00:00Z,17.9,17.8,74,0.0,0.0,0.0,0,8.2
2024-09-05 10:00:00,2024-09-05T14:00:00Z,20.1,19.4,62,0.0,0.0,0.0,0,10.0
2024-09-05 11:00:00,2024-09-05T15:00:00Z,21.4,21.1,55,0.0,0.0,0.0,0,10.8
2024-09-05 12:00:00,2024-09-05T16:00:00Z,22.5,22.4,51,0.0,0.0,0.0,0,12.3
2024-09-05 13:00:00,2024-09-05T17:00:00Z,23.4,23.8,49,0.0,0.0,0.0,0,12.2
2024-09-05 14:00:00,2024-09-05T18:00:00Z,24.2,24.6,47,0.0,0.0,0.0,0,12.0
2024-09-05 15:00:00,2024-09-05T19:00:00Z,24.5,24.5,46,0.0,0.0,0.0,0,11.9
2024-09-05 16:00:00,2024-09-05T20:00:00Z,24.4,23.7,46,0.0,0.0,0.0,0,12.3
2024-09-05 17:00:00,2024-09-05T21:00:00Z,23.8,22.2,45,0.0,0.0,0.0,0,13.2
2024-09-05 18:00:00,2024-09-05T22:00:00Z,22.5,20.4,44,0.0,0.0,0.0,0,13.5
2024-09-05 19:00:00,2024-09-05T23:00:00Z,20.2,18.8,52,0.0,0.0,0.0,0,9.8
2024-09-05 20:00:00,2024-09-06T00:00:00Z,18.1,17.2,63,0.0,0.0,0.0,0,8.2
2024-09-05 21:00:00,2024-09-06T01:00:00Z,16.8,16.7,80,0.0,0.0,0.0,0,7.6
2024-09-05 22:00:00,2024-09-06T02:00:00Z,16.4,16.6,82,0.0,0.0,0.0,0,5.4
2024-09-05 23:00:00,2024-09-06T03:00:00Z,15.7,15.9,86,0.0,0.0,0.0,0,6.2
2024-09-06 00:00:00,2024-09-06T04:00:00Z,15.0,15.1,89,0.0,0.0,0.0,0,5.9
2024-09-06 01:00:00,2024-09-06T05:00:00Z,14.1,13.9,91,0.0,0.0,0.0,0,6.9
2024-09-06 02:00:00,2024-09-06T06:00:00Z,14.5,14.7,92,0.0,0.0,0.0,0,5.4
2024-09-06 03:00:00,2024-09-06T07:00:00Z,14.4,14.5,94,0.0,0.0,0.0,0,7.2
2024-09-06 04:00:00,2024-09-06T08:00:00Z,14.4,14.2,96,0.0,0.0,0.0,0,9.4
2024-09-06 05:00:00,2024-09-06T09:00:00Z,14.2,13.9,97,0.0,0.0,0.0,0,10.2
2024-09-06 06:00:00,2024-09-06T10:00:00Z,13.8,13.4,97,0.0,0.0,0.0,0,9.8
2024-09-06 07:00:00,2024-09-06T11:00:00Z,13.7,13.1,96,0.0,0.0,0.0,1,10.6
2024-09-06 08:00:00,2024-09-06T12:00:00Z,15.3,14.8,88,0.0,0.0,0.0,1,10.8
2024-09-06 09:00:00,2024-09-06T13:00:00Z,17.6,17.2,80,0.0,0.0,0.0,1,12.0
2024-09-06 10:00:00,2024-09-06T14:00:00Z,20.1,20.1,72,0.0,0.0,0.0,3,10.9
2024-09-06 11:00:00,2024-09-06T15:00:00Z,21.4,21.8,68,0.0,0.0,0.0,3,9.2
2024-09-06 12:00:00,2024-09-06T16:00:00Z,22.5,23.3,65,0.0,0.0,0.0,1,6.9
2024-09-06 13:00:00,2024-09-06T17:00:00Z,24.4,26.7,59,0.0,0.0,0.0,3,6.8
2024-09-06 14:00:00,2024-09-06T18:00:00Z,24.5,25.6,59,0.0,0.0,0.0,2,7.1
2024-09-06 15:00:00,2024-09-06T19:00:00Z,25.2,26.3,57,0.0,0.0,0.0,2,6.0
2024-09-06 16:00:00,2024-09-06T20:00:00Z,25.8,26.6,53,0.0,0.0,0.0,3,7.2
2024-09-06 17:00:00,2024-09-06T21:00:00Z,24.2,24.5,62,0.0,0.0,0.0,2,13.6
2024-09-06 18:00:00,2024-09-06T22:00:00Z,23.1,23.0,68,0.0,0.0,0.0,1,17.0
2024-09-06 19:00:00,2024-09-06T23:00:00Z,21.5,21.6,73,0.0,0.0,0.0,0,14.8
2024-09-06 20:00:00,2024-09-07T00:00:00Z,20.2,20.8,79,0.0,0.0,0.0,0,10.8
2024-09-06 21:00:00,2024-09-07T01:00:00Z,20.0,20.8,80,0.0,0.0,0.0,0,9.9
2024-09-06 22:00:00,2024-09-07T02:00:00Z,19.8,20.6,81,0.0,0.0,0.0,1,9.2
2024-09-06 23:00:00,2024-09-07T03:00:00Z,19.4,20.6,84,0.0,0.0,0.0,1,7.2
2024-09-07 00:00:00,2024-09-07T04:00:00Z,18.9,20.3,89,0.0,0.0,0.0,0,7.3
2024-09-07 01:00:00,2024-09-07T05:00:00Z,18.4,20.0,93,0.0,0.0,0.0,2,6.4
2024-09-07 02:00:00,2024-09-07T06:00:00Z,18.0,19.7,94,0.0,0.0,0.0,3,5.4
2024-09-07 03:00:00,2024-09-07T07:00:00Z,18.2,20.2,94,0.0,0.0,0.0,3,4.3
2024-09-07 04:00:00,2024-09-07T08:00:00Z,18.0,20.0,96,0.1,0.1,0.0,51,4.0
2024-09-07 05:00:00,2024-09-07T09:00:00Z,17.2,18.9,98,0.1,0.1,0.0,51,5.2
2024-09-07 06:00:00,2024-09-07T10:00:00Z,17.5,19.3,98,0.1,0.1,0.0,51,5.0
2024-09-07 07:00:00,2024-09-07T11:00:00Z,18.0,19.3,96,0.0,0.0,0.0,3,9.5
2024-09-07 08:00:00,2024-09-07T12:00:00Z,19.2,19.6,89,0.1,0.1,0.0,51,15.3
2024-09-07 09:00:00,2024-09-07T13:00:00Z,19.8,20.5,87,0.1,0.1,0.0,51,14.3
2024-09-07 10:00:00,2024-09-07T14:00:00Z,20.8,20.7,81,0.1,0.1,0.0,51,19.4
2024-09-07 11:00:00,2024-09-07T15:00:00Z,21.7,21.6,76,0.3,0.3,0.0,51,18.9
2024-09-07 12:00:00,2024-09-07T16:00:00Z,22.5,21.7,69,0.1,0.1,0.0,51,20.5
2024-09-07 13:00:00,2024-09-07T17:00:00Z,23.3,22.9,67,0.1,0.1,0.0,51,19.6
2024-09-07 14:00:00,2024-09-07T18:00:00Z,22.2,21.5,71,0.1,0.1,0.0,51,21.0
2024-09-07 15:00:00,2024-09-07T19:00:00Z,22.9,21.9,69,0.2,0.2,0.0,51,23.8
2024-09-07 16:00:00,2024-09-07T20:00:00Z,21.0,21.2,84,3.2,3.2,0.0,63,19.4
2024-09-07 17:00:00,2024-09-07T21:00:00Z,18.0,15.7,76,0.4,0.4,0.0,51,24.3
2024-09-07 18:00:00,2024-09-07T22:00:00Z,17.4,16.2,74,0.1,0.1,0.0,51,14.0
2024-09-07 19:00:00,2024-09-07T23:00:00Z,17.2,16.8,74,0.0,0.0,0.0,3,7.8
2024-09-07 20:00:00,2024-09-08T00:00:00Z,16.7,16.2,77,0.1,0.1,0.0,51,9.3
2024-09-07 21:00:00,2024-09-08T01:00:00Z,16.1,15.8,80,0.0,0.0,0.0,2,7.9
2024-09-07 22:00:00,2024-09-08T02:00:00Z,15.5,15.8,85,0.0,0.0,0.0,0,4.3
2024-09-07 23:00:00,2024-09-08T03:00:00Z,13.5,13.4,93,0.0,0.0,0.0,0,6.3
2024-09-08 00:00:00,2024-09-08T04:00:00Z,13.3,13.2,95,0.0,0.0,0.0,0,5.5
2024-09-08 01:00:00,2024-09-08T05:00:00Z,13.9,13.2,92,0.0,0.0,0.0,0,10.5
2024-09-08 02:00:00,2024-09-08T06:00:00Z,13.7,12.4,89,0.0,0.0,0.0,0,12.6
2024-09-08 03:00:00,2024-09-08T07:00:00Z,13.1,11.1,84,0.0,0.0,0.0,0,14.6
2024-09-08 04:00:00,2024-09-08T08:00:00Z,12.3,10.1,81,0.0,0.0,0.0,0,13.3
2024-09-08 05:00:00,2024-09-08T09:00:00Z,11.4,9.5,82,0.0,0.0,0.0,0,10.7
2024-09-08 06:00:00,2024-09-08T10:00:00Z,10.9,8.7,83,0.0,0.0,0.0,0,11.6
2024-09-08 07:00:00,2024-09-08T11:00:00Z,10.7,8.6,84,0.0,0.0,0.0,0,10.7
2024-09-08 08:00:00,2024-09-08T12:00:00Z,12.0,9.6,77,0.0,0.0,0.0,0,12.9
2024-09-08 09:00:00,2024-09-08T13:00:00Z,14.0,10.7,62,0.0,0.0,0.0,0,17.1
2024-09-08 10:00:00,2024-09-08T14:00:00Z,15.2,11.4,53,0.0,0.0,0.0,0,18.4
2024-09-08 11:00:00,2024-09-08T15:00:00Z,16.4,13.5,49,0.0,0.0,0.0,0,16.3
2024-09-08 12:00:00,2024-09-08T16:00:00Z,17.7,14.8,44,0.0,0.0,0.0,1,19.1
2024-09-08 13:00:00,2024-09-08T17:00:00Z,18.8,16.0,39,0.0,0.0,0.0,0,18.0
2024-09-08 14:00:00,2024-09-08T18:00:00Z,19.9,17.2,36,0.0,0.0,0.0,0,18.5
2024-09-08 15:00:00,2024-09-08T19:00:00Z,20.3,17.0,34,0.0,0.0,0.0,0,20.1
2024-09-08 16:00:00,2024-09-08T20:00:00Z,20.9,16.7,32,0.0,0.0,0.0,0,19.6
2024-09-08 17:00:00,2024-09-08T21:00:00Z,20.5,16.0,32,0.0,0.0,0.0,0,19.8
2024-09-08 18:00:00,2024-09-08T22:00:00Z,19.9,15.9,35,0.0,0.0,0.0,0,17.4
2024-09-08 19:00:00,2024-09-08T23:00:00Z,18.1,14.3,39,0.0,0.0,0.0,0,16.4
2024-09-08 20:00:00,2024-09-09T00:00:00Z,16.9,13.3,42,0.0,0.0,0.0,0,15.0
2024-09-08 21:00:00,2024-09-09T01:00:00Z,15.6,12.9,50,0.0,0.0,0.0,0,10.3
2024-09-08 22:00:00,2024-09-09T02:00:00Z,14.6,11.8,54,0.0,0.0,0.0,0,11.2
2024-09-08 23:00:00,2024-09-09T03:00:00Z,14.1,11.1,54,0.0,0.0,0.0,0,11.9
2024-09-09 00:00:00,2024-09-09T04:00:00Z,13.5,10.5,56,0.0,0.0,0.0,0,11.9
2024-09-09 01:00:00,2024-09-09T05:00:00Z,12.9,10.0,59,0.0,0.0,0.0,0,12.0
2024-09-09 02:00:00,2024-09-09T06:00:00Z,12.6,9.7,60,0.0,0.0,0.0,0,11.2
2024-09-09 03:00:00,2024-09-09T07:00:00Z,12.0,9.5,64,0.0,0.0,0.0,0,8.8
2024-09-09 04:00:00,2024-09-09T08:00:00Z,11.5,9.2,67,0.0,0.0,0.0,1,8.0
2024-09-09 05:00:00,2024-09-09T09:00:00Z,11.1,8.9,68,0.0,0.0,0.0,0,7.9
2024-09-09 06:00:00,2024-09-09T10:00:00Z,10.6,8.4,71,0.0,0.0,0.0,0,7.6
2024-09-09 07:00:00,2024-09-09T11:00:00Z,10.6,8.5,73,0.0,0.0,0.0,0,6.8
2024-09-09 08:00:00,2024-09-09T12:00:00Z,12.7,11.0,69,0.0,0.0,0.0,0,6.7
2024-09-09 09:00:00,2024-09-09T13:00:00Z,15.3,13.8,61,0.0,0.0,0.0,0,6.8
2024-09-09 10:00:00,2024-09-09T14:00:00Z,18.1,16.5,54,0.0,0.0,0.0,0,8.5
2024-09-09 11:00:00,2024-09-09T15:00:00Z,20.2,17.9,45,0.0,0.0,0.0,0,15.2
2024-09-09 12:00:00,2024-09-09T16:00:00Z,21.6,19.9,42,0.0,0.0,0.0,0,15.1
2024-09-09 13:00:00,2024-09-09T17:00:00Z,22.8,21.3,39,0.0,0.0,0.0,0,15.8
2024-09-09 14:00:00,2024-09-09T18:00:00Z,23.3,21.4,37,0.0,0.0,0.0,0,16.3
2024-09-09 15:00:00,2024-09-09T19:00:00Z,23.7,21.4,35,0.0,0.0,0.0,2,16.7
2024-09-09 16:00:00,2024-09-09T20:00:00Z,23.7,20.4,34,0.0,0.0,0.0,2,17.7
2024-09-09 17:00:00,2024-09-09T21:00:00Z,23.4,20.0,35,0.0,0.0,0.0,0,18.4
2024-09-09 18:00:00,2024-09-09T22:00:00Z,22.1,18.7,40,0.0,0.0,0.0,1,18.9
2024-09-09 19:00:00,2024-09-09T23:00:00Z,20.8,17.7,39,0.0,0.0,0.0,0,15.3
2024-09-09 20:00:00,2024-09-10T00:00:00Z,19.3,17.2,44,0.0,0.0,0.0,0,8.9
2024-09-09 21:00:00,2024-09-10T01:00:00Z,18.6,15.8,48,0.0,0.0,0.0,0,14.8
2024-09-09 22:00:00,2024-09-10T02:00:00Z,17.3,15.3,54,0.0,0.0,0.0,0,9.7
2024-09-09 23:00:00,2024-09-10T03:00:00Z,16.3,14.4,60,0.0,0.0,0.0,1,10.3
2024-09-10 00:00:00,2024-09-10T04:00:00Z,15.6,13.6,61,0.0,0.0,0.0,1,10.8
2024-09-10 01:00:00,2024-09-10T05:00:00Z,15.1,12.9,63,0.0,0.0,0.0,0,11.2
2024-09-10 02:00:00,2024-09-10T06:00:00Z,14.8,12.7,63,0.0,0.0,0.0,0,10.9
2024-09-10 03:00:00,2024-09-10T07:00:00Z,14.5,12.3,65,0.0,0.0,0.0,1,10.8
2024-09-10 04:00:00,2024-09-10T08:00:00Z,14.3,12.1,65,0.0,0.0,0.0,0,10.6
2024-09-10 05:00:00,2024-09-10T09:00:00Z,14.0,11.9,65,0.0,0.0,0.0,0,10.0
2024-09-10 06:00:00,2024-09-10T10:00:00Z,13.5,11.9,69,0.0,0.0,0.0,0,6.9
2024-09-10 07:00:00,2024-09-10T11:00:00Z,13.7,12.3,73,0.0,0.0,0.0,0,7.9
2024-09-10 08:00:00,2024-09-10T12:00:00Z,15.9,14.6,72,0.0,0.0,0.0,0,10.2
2024-09-10 09:00:00,2024-09-10T13:00:00Z,18.3,17.3,70,0.0,0.0,0.0,0,13.0
2024-09-10 10:00:00,2024-09-10T14:00:00Z,19.9,19.1,65,0.0,0.0,0.0,0,12.3
2024-09-10 11:00:00,2024-09-10T15:00:00Z,21.3,21.1,59,0.0,0.0,0.0,0,10.9
2024-09-10 12:00:00,2024-09-10T16:00:00Z,22.5,22.8,53,0.0,0.0,0.0,0,10.5
2024-09-10 13:00:00,2024-09-10T17:00:00Z,23.6,24.0,47,0.0,0.0,0.0,0,10.5
2024-09-10 14:00:00,2024-09-10T18:00:00Z,24.4,24.4,41,0.0,0.0,0.0,0,9.8
2024-09-10 15:00:00,2024-09-10T19:00:00Z,24.8,24.3,38,0.0,0.0,0.0,0,10.0
2024-09-10 16:00:00,2024-09-10T20:00:00Z,24.9,23.4,36,0.0,0.0,0.0,0,10.5
2024-09-10 17:00:00,2024-09-10T21:00:00Z,24.6,22.4,35,0.0,0.0,0.0,0,11.0
2024-09-10 18:00:00,2024-09-10T22:00:00Z,23.4,21.9,40,0.0,0.0,0.0,0,8.8
2024-09-10 19:00:00,2024-09-10T23:00:00Z,20.4,19.4,51,0.0,0.0,0.0,0,6.9
2024-09-10 20:00:00,2024-09-11T00:00:00Z,18.3,17.4,59,0.0,0.0,0.0,0,7.1
2024-09-10 21:00:00,2024-09-11T01:00:00Z,17.7,16.9,64,0.0,0.0,0.0,0,7.1
2024-09-10 22:00:00,2024-09-11T02:00:00Z,17.4,16.3,65,0.0,0.0,0.0,0,9.5
2024-09-10 23:00:00,2024-09-11T03:00:00Z,16.8,15.3,65,0.0,0.0,0.0,0,10.6
2024-09-11 00:00:00,2024-09-11T04:00:00Z,15.8,14.1,64,0.0,0.0,0.0,1,10.2
2024-09-11 01:00:00,2024-09-11T05:00:00Z,14.7,13.1,68,0.0,0.0,0.0,0,8.7
2024-09-11 02:00:00,2024-09-11T06:00:00Z,13.6,12.4,76,0.0,0.0,0.0,2,7.2
2024-09-11 03:00:00,2024-09-11T07:00:00Z,12.7,11.8,83,0.0,0.0,0.0,2,5.8
2024-09-11 04:00:00,2024-09-11T08:00:00Z,12.1,11.3,88,0.0,0.0,0.0,3,5.4
2024-09-11 05:00:00,2024-09-11T09:00:00Z,11.8,10.8,89,0.0,0.0,0.0,3,7.2
2024-09-11 06:00:00,2024-09-11T10:00:00Z,11.6,10.3,88,0.0,0.0,0.0,3,7.9
2024-09-11 07:00:00,2024-09-11T11:00:00Z,11.7,10.1,85,0.0,0.0,0.0,3,9.4
2024-09-11 08:00:00,2024-09-11T12:00:00Z,13.7,12.1,78,0.0,0.0,0.0,0,10.8
2024-09-11 09:00:00,2024-09-11T13:00:00Z,16.4,15.0,65,0.0,0.0,0.0,1,8.8
2024-09-11 10:00:00,2024-09-11T14:00:00Z,19.1,17.7,54,0.0,0.0,0.0,2,8.2
2024-09-11 11:00:00,2024-09-11T15:00:00Z,21.0,20.4,47,0.0,0.0,0.0,3,6.5
2024-09-11 12:00:00,2024-09-11T16:00:00Z,22.3,22.2,41,0.0,0.0,0.0,3,5.1
2024-09-11 13:00:00,2024-09-11T17:00:00Z,23.3,23.5,38,0.0,0.0,0.0,3,4.1
2024-09-11 14:00:00,2024-09-11T18:00:00Z,24.1,24.7,35,0.0,0.0,0.0,3,2.3
2024-09-11 15:00:00,2024-09-11T19:00:00Z,24.6,24.7,35,0.0,0.0,0.0,2,4.2
2024-09-11 16:00:00,2024-09-11T20:00:00Z,24.3,23.0,38,0.0,0.0,0.0,2,9.6
2024-09-11 17:00:00,2024-09-11T21:00:00Z,23.4,21.5,40,0.0,0.0,0.0,0,11.5
2024-09-11 18:00:00,2024-09-11T22:00:00Z,22.1,20.5,46,0.0,0.0,0.0,0,10.5
2024-09-11 19:00:00,2024-09-11T23:00:00Z,19.8,19.0,60,0.0,0.0,0.0,3,9.7
2024-09-11 20:00:00,2024-09-12T00:00:00Z,18.0,18.1,81,0.0,0.0,0.0,3,9.8
2024-09-11 21:00:00,2024-09-12T01:00:00Z,16.8,17.7,91,0.0,0.0,0.0,0,6.0
2024-09-11 22:00:00,2024-09-12T02:00:00Z,15.5,15.8,95,0.0,0.0,0.0,0,8.2
2024-09-11 23:00:00,2024-09-12T03:00:00Z,16.2,17.0,94,0.0,0.0,0.0,0,6.8
2024-09-12 00:00:00,2024-09-12T04:00:00Z,16.7,17.9,95,0.0,0.0,0.0,0,5.1
2024-09-12 01:00:00,2024-09-12T05:00:00Z,16.2,17.6,98,0.0,0.0,0.0,1,4.4
2024-09-12 02:00:00,2024-09-12T06:00:00Z,14.1,14.8,100,0.0,0.0,0.0,3,4.4
2024-09-12 03:00:00,2024-09-12T07:00:00Z,14.3,15.2,99,0.0,0.0,0.0,3,3.4
2024-09-12 04:00:00,2024-09-12T08:00:00Z,13.7,14.1,100,0.0,0.0,0.0,3,4.8
2024-09-12 05:00:00,2024-09-12T09:00:00Z,14.8,15.8,98,0.0,0.0,0.0,1,3.6
2024-09-12 06:00:00,2024-09-12T10:00:00Z,15.0,16.1,99,0.0,0.0,0.0,0,3.4
2024-09-12 07:00:00,2024-09-12T11:00:00Z,14.7,15.9,100,0.0,0.0,0.0,3,2.6
2024-09-12 08:00:00,2024-09-12T12:00:00Z,15.9,17.4,98,0.0,0.0,0.0,3,2.7
2024-09-12 09:00:00,2024-09-12T13:00:00Z,17.3,19.0,89,0.0,0.0,0.0,3,1.6
2024-09-12 10:00:00,2024-09-12T14:00:00Z,18.9,20.5,80,0.0,0.0,0.0,1,1.6
2024-09-12 11:00:00,2024-09-12T15:00:00Z,20.8,22.5,69,0.0,0.0,0.0,0,1.8
2024-09-12 12:00:00,2024-09-12T16:00:00Z,22.7,24.8,56,0.0,0.0,0.0,0,1.8
2024-09-12 13:00:00,2024-09-12T17:00:00Z,24.1,26.1,47,0.0,0.0,0.0,0,2.2
2024-09-12 14:00:00,2024-09-12T18:00:00Z,25.1,26.5,43,0.0,0.0,0.0,0,4.3
2024-09-12 15:00:00,2024-09-12T19:00:00Z,25.4,25.8,43,0.0,0.0,0.0,0,7.6
2024-09-12 16:00:00,2024-09-12T20:00:00Z,25.1,24.0,41,0.0,0.0,0.0,0,11.4
2024-09-12 17:00:00,2024-09-12T21:00:00Z,23.7,21.6,43,0.0,0.0,0.0,0,14.9
2024-09-12 18:00:00,2024-09-12T22:00:00Z,21.8,20.2,54,0.0,0.0,0.0,0,15.0
2024-09-12 19:00:00,2024-09-12T23:00:00Z,19.7,19.3,68,0.0,0.0,0.0,1,11.0
2024-09-12 20:00:00,2024-09-13T00:00:00Z,18.2,18.8,83,0.0,0.0,0.0,0,8.6
2024-09-12 21:00:00,2024-09-13T01:00:00Z,17.1,17.8,89,0.0,0.0,0.0,0,6.8
2024-09-12 22:00:00,2024-09-13T02:00:00Z,15.8,16.1,93,0.0,0.0,0.0,0,8.6
2024-09-12 23:00:00,2024-09-13T03:00:00Z,17.2,18.1,89,0.0,0.0,0.0,0,6.1
2024-09-13 00:00:00,2024-09-13T04:00:00Z,16.9,18.4,91,0.0,0.0,0.0,0,2.1
2024-09-13 01:00:00,2024-09-13T05:00:00Z,16.2,17.9,95,0.0,0.0,0.0,0,0.8
2024-09-13 02:00:00,2024-09-13T06:00:00Z,14.8,16.0,98,0.0,0.0,0.0,0,1.4
2024-09-13 03:00:00,2024-09-13T07:00:00Z,13.9,14.5,99,0.0,0.0,0.0,0,3.8
2024-09-13 04:00:00,2024-09-13T08:00:00Z,13.9,14.3,97,0.0,0.0,0.0,0,5.2
2024-09-13 05:00:00,2024-09-13T09:00:00Z,13.6,13.7,98,0.0,0.0,0.0,0,6.1
2024-09-13 06:00:00,2024-09-13T10:00:00Z,12.9,13.3,100,0.0,0.0,0.0,3,4.0
2024-09-13 07:00:00,2024-09-13T11:00:00Z,13.1,13.7,100,0.0,0.0,0.0,3,1.9
2024-09-13 08:00:00,2024-09-13T12:00:00Z,14.0,15.0,100,0.0,0.0,0.0,3,1.9
2024-09-13 09:00:00,2024-09-13T13:00:00Z,16.5,17.9,92,0.0,0.0,0.0,0,2.3
2024-09-13 10:00:00,2024-09-13T14:00:00Z,19.7,21.6,79,0.0,0.0,0.0,0,1.3
2024-09-13 11:00:00,2024-09-13T15:00:00Z,22.0,24.2,65,0.0,0.0,0.0,0,0.7
2024-09-13 12:00:00,2024-09-13T16:00:00Z,23.8,26.0,54,0.0,0.0,0.0,0,2.0
2024-09-13 13:00:00,2024-09-13T17:00:00Z,25.1,27.1,47,0.0,0.0,0.0,0,3.4
2024-09-13 14:00:00,2024-09-13T18:00:00Z,26.2,27.8,41,0.0,0.0,0.0,0,3.3
2024-09-13 15:00:00,2024-09-13T19:00:00Z,26.7,27.4,38,0.0,0.0,0.0,0,4.9
2024-09-13 16:00:00,2024-09-13T20:00:00Z,26.2,25.7,42,0.0,0.0,0.0,0,9.4
2024-09-13 17:00:00,2024-09-13T21:00:00Z,24.8,24.0,49,0.0,0.0,0.0,0,12.8
2024-09-13 18:00:00,2024-09-13T22:00:00Z,23.4,22.7,55,0.0,0.0,0.0,0,12.4
2024-09-13 19:00:00,2024-09-13T23:00:00Z,21.4,20.9,61,0.0,0.0,0.0,0,10.9
2024-09-13 20:00:00,2024-09-14T00:00:00Z,19.5,19.9,73,0.0,0.0,0.0,0,7.2
2024-09-13 21:00:00,2024-09-14T01:00:00Z,18.0,19.1,86,0.0,0.0,0.0,0,5.6
2024-09-13 22:00:00,2024-09-14T02:00:00Z,18.8,20.5,84,0.0,0.0,0.0,0,2.5
2024-09-13 23:00:00,2024-09-14T03:00:00Z,16.7,17.8,91,0.0,0.0,0.0,0,4.7
2024-09-14 00:00:00,2024-09-14T04:00:00Z,17.5,19.0,86,0.0,0.0,0.0,0,1.4
2024-09-14 01:00:00,2024-09-14T05:00:00Z,17.2,18.5,89,0.0,0.0,0.0,0,3.7
2024-09-14 02:00:00,2024-09-14T06:00:00Z,16.0,17.0,96,0.0,0.0,0.0,0,5.9
2024-09-14 03:00:00,2024-09-14T07:00:00Z,15.2,16.4,100,0.0,0.0,0.0,3,3.1
2024-09-14 04:00:00,2024-09-14T08:00:00Z,15.0,16.0,99,0.0,0.0,0.0,3,4.3
2024-09-14 05:00:00,2024-09-14T09:00:00Z,14.4,14.9,98,0.0,0.0,0.0,2,6.1
2024-09-14 06:00:00,2024-09-14T10:00:00Z,14.1,14.4,97,0.0,0.0,0.0,0,6.3
2024-09-14 07:00:00,2024-09-14T11:00:00Z,14.5,14.3,94,0.0,0.0,0.0,0,9.0
2024-09-14 08:00:00,2024-09-14T12:00:00Z,17.0,17.1,86,0.0,0.0,0.0,0,9.8
2024-09-14 09:00:00,2024-09-14T13:00:00Z,19.6,20.3,78,0.0,0.0,0.0,0,8.4
2024-09-14 10:00:00,2024-09-14T14:00:00Z,22.1,23.1,71,0.0,0.0,0.0,0,9.2
2024-09-14 11:00:00,2024-09-14T15:00:00Z,24.2,25.8,65,0.0,0.0,0.0,0,8.3
2024-09-14 12:00:00,2024-09-14T16:00:00Z,25.8,28.0,58,0.0,0.0,0.0,0,8.7
2024-09-14 13:00:00,2024-09-14T17:00:00Z,26.8,28.2,52,0.0,0.0,0.0,0,10.1
2024-09-14 14:00:00,2024-09-14T18:00:00Z,27.6,28.6,46,0.0,0.0,0.0,0,11.4
2024-09-14 15:00:00,2024-09-14T19:00:00Z,28.0,28.0,43,0.0,0.0,0.0,0,14.0
2024-09-14 16:00:00,2024-09-14T20:00:00Z,27.8,26.7,42,0.0,0.0,0.0,0,15.4
2024-09-14 17:00:00,2024-09-14T21:00:00Z,27.2,26.2,42,0.0,0.0,0.0,0,13.9
2024-09-14 18:00:00,2024-09-14T22:00:00Z,26.2,26.2,47,0.0,0.0,0.0,0,8.3
2024-09-14 19:00:00,2024-09-14T23:00:00Z,23.1,24.0,62,0.0,0.0,0.0,0,6.0
2024-09-14 20:00:00,2024-09-15T00:00:00Z,21.4,22.6,75,0.0,0.0,0.0,0,7.9
2024-09-14 21:00:00,2024-09-15T01:00:00Z,20.1,21.6,82,0.0,0.0,0.0,0,6.5
2024-09-14 22:00:00,2024-09-15T02:00:00Z,18.6,20.1,91,0.0,0.0,0.0,0,7.4
2024-09-14 23:00:00,2024-09-15T03:00:00Z,19.7,21.8,86,0.0,0.0,0.0,0,3.2
2024-09-15 00:00:00,2024-09-15T04:00:00Z,17.4,19.0,94,0.0,0.0,0.0,0,4.0
2024-09-15 01:00:00,2024-09-15T05:00:00Z,17.0,18.6,96,0.0,0.0,0.0,0,4.3
2024-09-15 02:00:00,2024-09-15T06:00:00Z,16.8,18.2,96,0.0,0.0,0.0,0,4.5
2024-09-15 03:00:00,2024-09-15T07:00:00Z,16.6,17.8,96,0.0,0.0,0.0,0,5.5
2024-09-15 04:00:00,2024-09-15T08:00:00Z,16.5,17.5,95,0.0,0.0,0.0,0,6.2
2024-09-15 05:00:00,2024-09-15T09:00:00Z,16.5,17.2,94,0.0,0.0,0.0,0,7.6
2024-09-15 06:00:00,2024-09-15T10:00:00Z,16.6,17.4,94,0.0,0.0,0.0,0,8.1
2024-09-15 07:00:00,2024-09-15T11:00:00Z,16.8,17.6,96,0.0,0.0,0.0,0,9.2
2024-09-15 08:00:00,2024-09-15T12:00:00Z,18.9,19.4,89,0.0,0.0,0.0,1,13.7
2024-09-15 09:00:00,2024-09-15T13:00:00Z,20.1,20.6,83,0.0,0.0,0.0,1,13.7
2024-09-15 10:00:00,2024-09-15T14:00:00Z,21.4,22.2,74,0.0,0.0,0.0,0,10.5
2024-09-15 11:00:00,2024-09-15T15:00:00Z,23.3,24.2,63,0.0,0.0,0.0,0,9.5
2024-09-15 12:00:00,2024-09-15T16:00:00Z,24.7,25.8,55,0.0,0.0,0.0,0,10.1
2024-09-15 13:00:00,2024-09-15T17:00:00Z,26.0,26.9,48,0.0,0.0,0.0,0,11.4
2024-09-15 14:00:00,2024-09-15T18:00:00Z,26.8,27.1,45,0.0,0.0,0.0,0,14.2
2024-09-15 15:00:00,2024-09-15T19:00:00Z,26.6,26.1,44,0.0,0.0,0.0,1,14.1
2024-09-15 16:00:00,2024-09-15T20:00:00Z,26.2,25.1,44,0.0,0.0,0.0,0,13.7
2024-09-15 17:00:00,2024-09-15T21:00:00Z,25.1,23.5,43,0.0,0.0,0.0,0,14.3
2024-09-15 18:00:00,2024-09-15T22:00:00Z,22.6,20.0,44,0.0,0.0,0.0,0,17.0
2024-09-15 19:00:00,2024-09-15T23:00:00Z,20.0,17.7,48,0.0,0.0,0.0,0,13.8
2024-09-15 20:00:00,2024-09-16T00:00:00Z,18.7,17.3,58,0.0,0.0,0.0,0,10.6
2024-09-15 21:00:00,2024-09-16T01:00:00Z,17.4,16.5,63,0.0,0.0,0.0,0,7.0
2024-09-15 22:00:00,2024-09-16T02:00:00Z,16.3,15.7,70,0.0,0.0,0.0,0,6.1
2024-09-15 23:00:00,2024-09-16T03:00:00Z,14.8,14.3,81,0.0,0.0,0.0,0,7.3
2024-09-16 00:00:00,2024-09-16T04:00:00Z,14.2,13.8,86,0.0,0.0,0.0,0,6.6
2024-09-16 01:00:00,2024-09-16T05:00:00Z,14.4,14.2,87,0.0,0.0,0.0,0,5.9
2024-09-16 02:00:00,2024-09-16T06:00:00Z,14.2,14.0,90,0.0,0.0,0.0,0,6.9
2024-09-16 03:00:00,2024-09-16T07:00:00Z,13.8,13.5,92,0.0,0.0,0.0,3,7.3
2024-09-16 04:00:00,2024-09-16T08:00:00Z,13.3,13.1,93,0.0,0.0,0.0,3,6.5
2024-09-16 05:00:00,2024-09-16T09:00:00Z,12.9,12.7,94,0.0,0.0,0.0,3,6.0
2024-09-16 06:00:00,2024-09-16T10:00:00Z,12.7,12.3,95,0.0,0.0,0.0,0,7.1
2024-09-16 07:00:00,2024-09-16T11:00:00Z,12.7,11.9,96,0.0,0.0,0.0,2,9.6
2024-09-16 08:00:00,2024-09-16T12:00:00Z,14.6,14.0,89,0.0,0.0,0.0,1,9.7
2024-09-16 09:00:00,2024-09-16T13:00:00Z,17.1,16.8,79,0.0,0.0,0.0,1,9.7
2024-09-16 10:00:00,2024-09-16T14:00:00Z,19.1,18.5,69,0.0,0.0,0.0,1,11.3
2024-09-16 11:00:00,2024-09-16T15:00:00Z,20.6,20.1,60,0.0,0.0,0.0,1,10.9
2024-09-16 12:00:00,2024-09-16T16:00:00Z,22.2,22.1,51,0.0,0.0,0.0,3,10.9
2024-09-16 13:00:00,2024-09-16T17:00:00Z,23.3,23.0,43,0.0,0.0,0.0,3,11.0
2024-09-16 14:00:00,2024-09-16T18:00:00Z,23.9,22.9,40,0.0,0.0,0.0,3,12.1
2024-09-16 15:00:00,2024-09-16T19:00:00Z,24.3,22.9,39,0.0,0.0,0.0,3,11.3
2024-09-16 16:00:00,2024-09-16T20:00:00Z,24.6,23.3,41,0.0,0.0,0.0,3,9.8
2024-09-16 17:00:00,2024-09-16T21:00:00Z,24.3,23.4,44,0.0,0.0,0.0,3,8.7
2024-09-16 18:00:00,2024-09-16T22:00:00Z,22.7,22.6,58,0.0,0.0,0.0,3,9.7
2024-09-16 19:00:00,2024-09-16T23:00:00Z,20.0,20.4,77,0.0,0.0,0.0,3,11.1
2024-09-16 20:00:00,2024-09-17T00:00:00Z,18.5,19.4,86,0.0,0.0,0.0,3,8.2
2024-09-16 21:00:00,2024-09-17T01:00:00Z,16.9,17.5,87,0.0,0.0,0.0,3,6.8
2024-09-16 22:00:00,2024-09-17T02:00:00Z,17.9,19.0,84,0.0,0.0,0.0,3,3.8
2024-09-16 23:00:00,2024-09-17T03:00:00Z,17.5,18.9,86,0.0,0.0,0.0,3,2.3
2024-09-17 00:00:00,2024-09-17T04:00:00Z,15.5,16.4,94,0.0,0.0,0.0,3,3.9
2024-09-17 01:00:00,2024-09-17T05:00:00Z,15.0,15.5,95,0.0,0.0,0.0,3,5.6
2024-09-17 02:00:00,2024-09-17T06:00:00Z,14.4,14.5,95,0.0,0.0,0.0,3,7.0
2024-09-17 03:00:00,2024-09-17T07:00:00Z,13.8,13.6,94,0.0,0.0,0.0,3,7.2
2024-09-17 04:00:00,2024-09-17T08:00:00Z,13.9,13.4,92,0.0,0.0,0.0,3,8.8
2024-09-17 05:00:00,2024-09-17T09:00:00Z,13.9,13.6,94,0.0,0.0,0.0,3,8.2
2024-09-17 06:00:00,2024-09-17T10:00:00Z,13.6,13.3,97,0.0,0.0,0.0,3,9.0
2024-09-17 07:00:00,2024-09-17T11:00:00Z,13.6,13.4,98,0.0,0.0,0.0,3,9.1
2024-09-17 08:00:00,2024-09-17T12:00:00Z,15.0,15.1,95,0.0,0.0,0.0,3,9.0
2024-09-17 09:00:00,2024-09-17T13:00:00Z,17.1,17.5,85,0.0,0.0,0.0,3,7.4
2024-09-17 10:00:00,2024-09-17T14:00:00Z,19.8,20.1,74,0.0,0.0,0.0,3,8.9
2024-09-17 11:00:00,2024-09-17T15:00:00Z,21.8,22.2,66,0.0,0.0,0.0,3,9.4
2024-09-17 12:00:00,2024-09-17T16:00:00Z,23.4,24.5,60,0.0,0.0,0.0,3,9.0
2024-09-17 13:00:00,2024-09-17T17:00:00Z,24.9,26.3,55,0.0,0.0,0.0,3,10.0
2024-09-17 14:00:00,2024-09-17T18:00:00Z,25.7,26.3,51,0.0,0.0,0.0,3,10.9
2024-09-17 15:00:00,2024-09-17T19:00:00Z,26.0,25.8,48,0.0,0.0,0.0,3,11.3
2024-09-17 16:00:00,2024-09-17T20:00:00Z,26.1,25.5,47,0.0,0.0,0.0,3,12.4
2024-09-17 17:00:00,2024-09-17T21:00:00Z,25.1,24.2,50,0.0,0.0,0.0,3,14.8
2024-09-17 18:00:00,2024-09-17T22:00:00Z,23.6,23.1,58,0.0,0.0,0.0,1,13.8
2024-09-17 19:00:00,2024-09-17T23:00:00Z,21.4,21.6,68,0.0,0.0,0.0,3,10.5
2024-09-17 20:00:00,2024-09-18T00:00:00Z,19.8,20.4,77,0.0,0.0,0.0,3,9.5
2024-09-17 21:00:00,2024-09-18T01:00:00Z,19.2,20.1,77,0.0,0.0,0.0,3,5.5
2024-09-17 22:00:00,2024-09-18T02:00:00Z,18.3,19.4,84,0.0,0.0,0.0,3,5.4
2024-09-17 23:00:00,2024-09-18T03:00:00Z,17.5,18.6,90,0.0,0.0,0.0,2,5.6
2024-09-18 00:00:00,2024-09-18T04:00:00Z,17.0,18.0,94,0.0,0.0,0.0,3,7.7
2024-09-18 01:00:00,2024-09-18T05:00:00Z,17.2,18.5,94,0.0,0.0,0.0,3,6.2
2024-09-18 02:00:00,2024-09-18T06:00:00Z,17.4,18.3,92,0.0,0.0,0.0,3,8.7
2024-09-18 03:00:00,2024-09-18T07:00:00Z,17.2,17.9,93,0.0,0.0,0.0,3,10.0
2024-09-18 04:00:00,2024-09-18T08:00:00Z,17.5,18.1,93,0.0,0.0,0.0,3,10.9
2024-09-18 05:00:00,2024-09-18T09:00:00Z,17.4,18.1,94,0.0,0.0,0.0,3,10.2
2024-09-18 06:00:00,2024-09-18T10:00:00Z,17.2,17.3,91,0.0,0.0,0.0,3,12.7
2024-09-18 07:00:00,2024-09-18T11:00:00Z,17.5,17.5,87,0.2,0.2,0.0,51,12.8
2024-09-18 08:00:00,2024-09-18T12:00:00Z,18.1,18.2,85,0.0,0.0,0.0,3,12.1
2024-09-18 09:00:00,2024-09-18T13:00:00Z,18.8,19.0,81,0.0,0.0,0.0,3,11.5
2024-09-18 10:00:00,2024-09-18T14:00:00Z,19.3,19.6,79,0.0,0.0,0.0,3,10.8
2024-09-18 11:00:00,2024-09-18T15:00:00Z,20.6,20.6,73,0.0,0.0,0.0,3,12.8
2024-09-18 12:00:00,2024-09-18T16:00:00Z,21.7,21.5,67,0.0,0.0,0.0,3,13.3
2024-09-18 13:00:00,2024-09-18T17:00:00Z,22.4,21.8,61,0.0,0.0,0.0,3,14.1
2024-09-18 14:00:00,2024-09-18T18:00:00Z,22.7,21.7,57,0.0,0.0,0.0,3,15.1
2024-09-18 15:00:00,2024-09-18T19:00:00Z,22.8,21.8,56,0.0,0.0,0.0,3,14.3
2024-09-18 16:00:00,2024-09-18T20:00:00Z,22.5,21.4,57,0.0,0.0,0.0,3,15.2
2024-09-18 17:00:00,2024-09-18T21:00:00Z,22.4,21.4,57,0.0,0.0,0.0,3,15.0
2024-09-18 18:00:00,2024-09-18T22:00:00Z,21.7,21.0,61,0.0,0.0,0.0,3,13.5
2024-09-18 19:00:00,2024-09-18T23:00:00Z,21.2,20.6,63,0.0,0.0,0.0,3,12.7
2024-09-18 20:00:00,2024-09-19T00:00:00Z,20.7,20.3,67,0.0,0.0,0.0,3,12.6
2024-09-18 21:00:00,2024-09-19T01:00:00Z,19.8,19.9,77,0.0,0.0,0.0,3,12.6
2024-09-18 22:00:00,2024-09-19T02:00:00Z,19.8,20.1,78,0.0,0.0,0.0,3,11.8
2024-09-18 23:00:00,2024-09-19T03:00:00Z,19.0,19.7,83,0.0,0.0,0.0,3,9.0
2024-09-19 00:00:00,2024-09-19T04:00:00Z,18.2,18.9,86,0.0,0.0,0.0,3,9.0
2024-09-19 01:00:00,2024-09-19T05:00:00Z,18.0,18.3,85,0.0,0.0,0.0,3,10.5
2024-09-19 02:00:00,2024-09-19T06:00:00Z,17.5,17.5,82,0.0,0.0,0.0,3,9.7
2024-09-19 03:00:00,2024-09-19T07:00:00Z,17.1,16.9,80,0.0,0.0,0.0,3,9.7
2024-09-19 04:00:00,2024-09-19T08:00:00Z,16.9,16.3,79,0.0,0.0,0.0,3,10.8
2024-09-19 05:00:00,2024-09-19T09:00:00Z,16.0,15.4,82,0.0,0.0,0.0,3,10.8
2024-09-19 06:00:00,2024-09-19T10:00:00Z,15.7,15.0,83,0.0,0.0,0.0,3,10.8
2024-09-19 07:00:00,2024-09-19T11:00:00Z,15.4,14.6,84,0.0,0.0,0.0,3,11.2
2024-09-19 08:00:00,2024-09-19T12:00:00Z,17.4,16.3,74,0.0,0.0,0.0,3,13.4
2024-09-19 09:00:00,2024-09-19T13:00:00Z,19.6,19.1,71,0.0,0.0,0.0,3,12.6
2024-09-19 10:00:00,2024-09-19T14:00:00Z,22.0,21.3,61,0.0,0.0,0.0,3,13.5
2024-09-19 11:00:00,2024-09-19T15:00:00Z,24.2,23.0,49,0.0,0.0,0.0,3,14.8
2024-09-19 12:00:00,2024-09-19T16:00:00Z,25.9,25.1,42,0.0,0.0,0.0,2,14.9
2024-09-19 13:00:00,2024-09-19T17:00:00Z,27.2,26.8,38,0.0,0.0,0.0,2,13.7
2024-09-19 14:00:00,2024-09-19T18:00:00Z,27.9,27.6,37,0.0,0.0,0.0,3,13.2
2024-09-19 15:00:00,2024-09-19T19:00:00Z,28.4,27.7,38,0.0,0.0,0.0,3,14.2
2024-09-19 16:00:00,2024-09-19T20:00:00Z,28.5,27.2,38,0.0,0.0,0.0,3,15.5
2024-09-19 17:00:00,2024-09-19T21:00:00Z,28.2,27.1,40,0.0,0.0,0.0,3,15.1
2024-09-19 18:00:00,2024-09-19T22:00:00Z,27.0,26.8,44,0.0,0.0,0.0,3,9.8
2024-09-19 19:00:00,2024-09-19T23:00:00Z,23.2,23.6,57,0.0,0.0,0.0,3,7.1
2024-09-19 20:00:00,2024-09-20T00:00:00Z,22.4,22.7,61,0.0,0.0,0.0,3,8.6
2024-09-19 21:00:00,2024-09-20T01:00:00Z,21.5,21.6,67,0.0,0.0,0.0,3,10.8
2024-09-19 22:00:00,2024-09-20T02:00:00Z,20.5,21.0,72,0.0,0.0,0.0,3,9.0
2024-09-19 23:00:00,2024-09-20T03:00:00Z,19.7,20.3,75,0.0,0.0,0.0,3,7.1
2024-09-20 00:00:00,2024-09-20T04:00:00Z,19.2,20.1,79,0.0,0.0,0.0,3,6.6
2024-09-20 01:00:00,2024-09-20T05:00:00Z,18.5,19.2,83,0.0,0.0,0.0,0,7.5
2024-09-20 02:00:00,2024-09-20T06:00:00Z,17.7,18.3,86,0.0,0.0,0.0,0,8.8
2024-09-20 03:00:00,2024-09-20T07:00:00Z,17.3,17.5,89,0.0,0.0,0.0,1,10.8
2024-09-20 04:00:00,2024-09-20T08:00:00Z,17.1,17.1,90,0.0,0.0,0.0,1,12.3
2024-09-20 05:00:00,2024-09-20T09:00:00Z,16.8,16.7,90,0.0,0.0,0.0,1,12.2
2024-09-20 06:00:00,2024-09-20T10:00:00Z,16.5,16.2,90,0.0,0.0,0.0,1,13.3
2024-09-20 07:00:00,2024-09-20T11:00:00Z,16.6,16.0,89,0.0,0.0,0.0,1,14.9
2024-09-20 08:00:00,2024-09-20T12:00:00Z,18.8,17.5,78,0.0,0.0,0.0,0,19.7
2024-09-20 09:00:00,2024-09-20T13:00:00Z,19.9,20.5,82,0.0,0.0,0.0,1,12.3
2024-09-20 10:00:00,2024-09-20T14:00:00Z,21.8,21.6,71,0.0,0.0,0.0,3,16.3
2024-09-20 11:00:00,2024-09-20T15:00:00Z,22.8,22.9,66,0.0,0.0,0.0,3,14.0
2024-09-20 12:00:00,2024-09-20T16:00:00Z,23.5,23.8,63,0.0,0.0,0.0,1,12.4
2024-09-20 13:00:00,2024-09-20T17:00:00Z,25.4,26.2,55,0.0,0.0,0.0,1,14.0
2024-09-20 14:00:00,2024-09-20T18:00:00Z,26.1,26.4,51,0.0,0.0,0.0,0,14.0
2024-09-20 15:00:00,2024-09-20T19:00:00Z,26.5,26.2,47,0.0,0.0,0.0,0,14.4
2024-09-20 16:00:00,2024-09-20T20:00:00Z,26.4,25.6,47,0.0,0.0,0.0,0,14.4
2024-09-20 17:00:00,2024-09-20T21:00:00Z,26.0,25.1,47,0.0,0.0,0.0,1,14.3
2024-09-20 18:00:00,2024-09-20T22:00:00Z,24.3,23.6,52,0.0,0.0,0.0,1,13.6
2024-09-20 19:00:00,2024-09-20T23:00:00Z,22.1,21.5,61,0.0,0.0,0.0,1,13.4
2024-09-20 20:00:00,2024-09-21T00:00:00Z,20.9,20.6,66,0.0,0.0,0.0,0,12.2
2024-09-20 21:00:00,2024-09-21T01:00:00Z,19.6,20.2,76,0.0,0.0,0.0,0,8.0
2024-09-20 22:00:00,2024-09-21T02:00:00Z,19.1,19.2,77,0.0,0.0,0.0,0,10.5
2024-09-20 23:00:00,2024-09-21T03:00:00Z,18.3,18.0,78,0.0,0.0,0.0,0,11.8
2024-09-21 00:00:00,2024-09-21T04:00:00Z,17.4,17.1,80,0.0,0.0,0.0,0,10.8
2024-09-21 01:00:00,2024-09-21T05:00:00Z,16.6,16.2,82,0.0,0.0,0.0,0,10.6
2024-09-21 02:00:00,2024-09-21T06:00:00Z,16.0,15.6,84,0.0,0.0,0.0,0,10.4
2024-09-21 03:00:00,2024-09-21T07:00:00Z,15.5,15.0,86,0.0,0.0,0.0,0,10.4
2024-09-21 04:00:00,2024-09-21T08:00:00Z,14.9,14.2,90,0.0,0.0,0.0,0,11.6
2024-09-21 05:00:00,2024-09-21T09:00:00Z,14.7,13.9,90,0.0,0.0,0.0,0,12.1
2024-09-21 06:00:00,2024-09-21T10:00:00Z,14.6,13.6,90,0.0,0.0,0.0,2,13.0
2024-09-21 07:00:00,2024-09-21T11:00:00Z,14.5,13.5,90,0.0,0.0,0.0,1,13.7
2024-09-21 08:00:00,2024-09-21T12:00:00Z,16.1,15.2,83,0.0,0.0,0.0,3,13.4
2024-09-21 09:00:00,2024-09-21T13:00:00Z,18.9,18.0,70,0.0,0.0,0.0,2,14.1
2024-09-21 10:00:00,2024-09-21T14:00:00Z,20.8,19.6,60,0.0,0.0,0.0,2,13.8
2024-09-21 11:00:00,2024-09-21T15:00:00Z,22.5,21.4,52,0.0,0.0,0.0,2,12.2
2024-09-21 12:00:00,2024-09-21T16:00:00Z,23.8,23.2,47,0.0,0.0,0.0,2,11.7
2024-09-21 13:00:00,2024-09-21T17:00:00Z,24.7,24.3,44,0.0,0.0,0.0,2,11.9
2024-09-21 14:00:00,2024-09-21T18:00:00Z,25.7,24.8,40,0.0,0.0,0.0,3,13.0
2024-09-21 15:00:00,2024-09-21T19:00:00Z,25.6,23.9,40,0.0,0.0,0.0,3,15.3
2024-09-21 16:00:00,2024-09-21T20:00:00Z,24.5,22.3,40,0.0,0.0,0.0,3,15.2
2024-09-21 17:00:00,2024-09-21T21:00:00Z,23.4,21.1,42,0.0,0.0,0.0,0,15.5
2024-09-21 18:00:00,2024-09-21T22:00:00Z,21.7,19.7,52,0.0,0.0,0.0,0,16.0
2024-09-21 19:00:00,2024-09-21T23:00:00Z,19.7,18.2,61,0.0,0.0,0.0,0,13.7
2024-09-21 20:00:00,2024-09-22T00:00:00Z,18.2,16.7,68,0.0,0.0,0.0,0,15.5
2024-09-21 21:00:00,2024-09-22T01:00:00Z,18.2,17.0,67,0.0,0.0,0.0,0,12.4
2024-09-21 22:00:00,2024-09-22T02:00:00Z,17.6,15.9,67,0.0,0.0,0.0,0,15.0
2024-09-21 23:00:00,2024-09-22T03:00:00Z,16.7,15.0,69,0.0,0.0,0.0,3,14.0
2024-09-22 00:00:00,2024-09-22T04:00:00Z,15.9,14.8,76,0.0,0.0,0.0,1,11.5
2024-09-22 01:00:00,2024-09-22T05:00:00Z,15.1,14.1,81,0.0,0.0,0.0,1,10.8
2024-09-22 02:00:00,2024-09-22T06:00:00Z,14.5,13.5,85,0.0,0.0,0.0,2,10.6
2024-09-22 03:00:00,2024-09-22T07:00:00Z,14.1,13.0,87,0.0,0.0,0.0,3,11.8
2024-09-22 04:00:00,2024-09-22T08:00:00Z,13.6,12.6,89,0.0,0.0,0.0,2,11.0
2024-09-22 05:00:00,2024-09-22T09:00:00Z,13.3,12.6,91,0.0,0.0,0.0,2,8.7
2024-09-22 06:00:00,2024-09-22T10:00:00Z,12.9,12.3,93,0.0,0.0,0.0,1,8.3
2024-09-22 07:00:00,2024-09-22T11:00:00Z,12.8,11.7,94,0.0,0.0,0.0,0,10.9
2024-09-22 08:00:00,2024-09-22T12:00:00Z,14.2,13.0,85,0.0,0.0,0.0,0,11.8
2024-09-22 09:00:00,2024-09-22T13:00:00Z,16.0,14.8,75,0.0,0.0,0.0,0,11.2
2024-09-22 10:00:00,2024-09-22T14:00:00Z,18.1,16.9,65,0.0,0.0,0.0,0,11.2
2024-09-22 11:00:00,2024-09-22T15:00:00Z,19.9,19.1,57,0.0,0.0,0.0,0,9.3
2024-09-22 12:00:00,2024-09-22T16:00:00Z,21.3,21.3,51,0.0,0.0,0.0,0,8.0
2024-09-22 13:00:00,2024-09-22T17:00:00Z,23.8,23.4,43,0.0,0.0,0.0,3,10.2
2024-09-22 14:00:00,2024-09-22T18:00:00Z,23.7,22.1,43,0.0,0.0,0.0,3,13.3
2024-09-22 15:00:00,2024-09-22T19:00:00Z,22.6,20.4,47,0.0,0.0,0.0,2,16.2
2024-09-22 16:00:00,2024-09-22T20:00:00Z,21.9,19.9,49,0.0,0.0,0.0,1,15.6
2024-09-22 17:00:00,2024-09-22T21:00:00Z,21.6,19.5,50,0.0,0.0,0.0,0,16.0
2024-09-22 18:00:00,2024-09-22T22:00:00Z,20.7,18.5,52,0.0,0.0,0.0,0,16.2
2024-09-22 19:00:00,2024-09-22T23:00:00Z,19.6,18.1,56,0.0,0.0,0.0,0,11.5
2024-09-22 20:00:00,2024-09-23T00:00:00Z,18.9,17.7,58,0.0,0.0,0.0,0,9.0
2024-09-22 21:00:00,2024-09-23T01:00:00Z,17.5,16.6,64,0.0,0.0,0.0,3,7.7
2024-09-22 22:00:00,2024-09-23T02:00:00Z,17.2,15.1,63,0.0,0.0,0.0,1,14.5
2024-09-22 23:00:00,2024-09-23T03:00:00Z,16.2,14.5,66,0.0,0.0,0.0,0,11.2
2024-09-23 00:00:00,2024-09-23T04:00:00Z,15.5,14.2,70,0.0,0.0,0.0,0,9.0
2024-09-23 01:00:00,2024-09-23T05:00:00Z,14.7,13.6,72,0.0,0.0,0.0,0,6.4
2024-09-23 02:00:00,2024-09-23T06:00:00Z,14.0,12.5,75,0.0,0.0,0.0,0,9.0
2024-09-23 03:00:00,2024-09-23T07:00:00Z,13.3,11.9,78,0.0,0.0,0.0,1,9.2
2024-09-23 04:00:00,2024-09-23T08:00:00Z,12.8,11.3,82,0.0,0.0,0.0,3,9.8
2024-09-23 05:00:00,2024-09-23T09:00:00Z,12.8,11.1,82,0.0,0.0,0.0,3,11.0
2024-09-23 06:00:00,2024-09-23T10:00:00Z,12.7,11.1,83,0.0,0.0,0.0,3,10.3
2024-09-23 07:00:00,2024-09-23T11:00:00Z,12.6,11.2,85,0.0,0.0,0.0,2,9.5
2024-09-23 08:00:00,2024-09-23T12:00:00Z,13.9,12.5,81,0.0,0.0,0.0,3,11.2
2024-09-23 09:00:00,2024-09-23T13:00:00Z,15.0,13.9,75,0.0,0.0,0.0,3,9.0
2024-09-23 10:00:00,2024-09-23T14:00:00Z,16.3,15.2,69,0.0,0.0,0.0,2,8.9
2024-09-23 11:00:00,2024-09-23T15:00:00Z,18.1,16.3,57,0.0,0.0,0.0,3,11.2
2024-09-23 12:00:00,2024-09-23T16:00:00Z,18.7,16.2,51,0.0,0.0,0.0,3,14.2
2024-09-23 13:00:00,2024-09-23T17:00:00Z,18.9,16.1,50,0.0,0.0,0.0,3,15.6
2024-09-23 14:00:00,2024-09-23T18:00:00Z,19.0,16.1,50,0.0,0.0,0.0,3,17.0
2024-09-23 15:00:00,2024-09-23T19:00:00Z,18.5,15.7,53,0.0,0.0,0.0,3,16.9
2024-09-23 16:00:00,2024-09-23T20:00:00Z,19.7,17.5,51,0.2,0.2,0.0,51,13.8
2024-09-23 17:00:00,2024-09-23T21:00:00Z,19.7,17.9,51,0.0,0.0,0.0,3,10.8
2024-09-23 18:00:00,2024-09-23T22:00:00Z,18.9,17.0,52,0.0,0.0,0.0,3,11.2
2024-09-23 19:00:00,2024-09-23T23:00:00Z,18.4,16.4,53,0.0,0.0,0.0,3,11.3
2024-09-23 20:00:00,2024-09-24T00:00:00Z,17.9,16.5,55,0.0,0.0,0.0,3,8.0
2024-09-23 21:00:00,2024-09-24T01:00:00Z,16.0,15.5,71,0.1,0.1,0.0,51,4.5
2024-09-23 22:00:00,2024-09-24T02:00:00Z,16.3,15.6,67,0.0,0.0,0.0,3,5.2
2024-09-23 23:00:00,2024-09-24T03:00:00Z,16.0,15.5,68,0.0,0.0,0.0,3,3.3
2024-09-24 00:00:00,2024-09-24T04:00:00Z,15.8,15.0,67,0.0,0.0,0.0,3,4.9
2024-09-24 01:00:00,2024-09-24T05:00:00Z,15.9,14.7,67,0.0,0.0,0.0,3,7.6
2024-09-24 02:00:00,2024-09-24T06:00:00Z,15.6,14.3,71,0.0,0.0,0.0,3,9.8
2024-09-24 03:00:00,2024-09-24T07:00:00Z,15.5,14.1,75,0.0,0.0,0.0,3,11.6
2024-09-24 04:00:00,2024-09-24T08:00:00Z,15.1,13.6,76,0.0,0.0,0.0,3,12.3
2024-09-24 05:00:00,2024-09-24T09:00:00Z,14.2,12.7,81,0.0,0.0,0.0,3,12.0
2024-09-24 06:00:00,2024-09-24T10:00:00Z,13.3,11.9,84,0.0,0.0,0.0,3,11.5
2024-09-24 07:00:00,2024-09-24T11:00:00Z,12.7,10.9,86,0.0,0.0,0.0,3,13.0
2024-09-24 08:00:00,2024-09-24T12:00:00Z,14.0,12.2,79,0.0,0.0,0.0,3,13.0
2024-09-24 09:00:00,2024-09-24T13:00:00Z,14.9,13.4,75,0.0,0.0,0.0,3,11.7
2024-09-24 10:00:00,2024-09-24T14:00:00Z,15.8,13.8,70,0.0,0.0,0.0,3,14.5
2024-09-24 11:00:00,2024-09-24T15:00:00Z,16.7,14.4,64,0.0,0.0,0.0,3,15.9
2024-09-24 12:00:00,2024-09-24T16:00:00Z,17.1,14.8,62,0.0,0.0,0.0,3,14.8
2024-09-24 13:00:00,2024-09-24T17:00:00Z,17.5,15.6,62,0.0,0.0,0.0,3,13.3
2024-09-24 14:00:00,2024-09-24T18:00:00Z,18.3,16.6,60,0.1,0.1,0.0,51,12.4
2024-09-24 15:00:00,2024-09-24T19:00:00Z,18.7,17.2,58,0.1,0.1,0.0,51,10.5
2024-09-24 16:00:00,2024-09-24T20:00:00Z,18.9,17.3,57,0.0,0.0,0.0,3,10.8
2024-09-24 17:00:00,2024-09-24T21:00:00Z,18.8,17.1,57,0.0,0.0,0.0,3,12.1
2024-09-24 18:00:00,2024-09-24T22:00:00Z,18.4,16.7,58,0.0,0.0,0.0,3,11.8
2024-09-24 19:00:00,2024-09-24T23:00:00Z,17.9,16.2,60,0.0,0.0,0.0,3,11.8
2024-09-24 20:00:00,2024-09-25T00:00:00Z,17.4,15.5,65,0.0,0.0,0.0,3,14.9
2024-09-24 21:00:00,2024-09-25T01:00:00Z,16.3,14.2,64,0.0,0.0,0.0,3,13.6
2024-09-24 22:00:00,2024-09-25T02:00:00Z,15.5,13.5,70,0.0,0.0,0.0,3,14.1
2024-09-24 23:00:00,2024-09-25T03:00:00Z,15.2,13.6,75,0.0,0.0,0.0,3,13.0
2024-09-25 00:00:00,2024-09-25T04:00:00Z,15.5,13.9,75,0.0,0.0,0.0,3,13.2
2024-09-25 01:00:00,2024-09-25T05:00:00Z,15.7,13.8,74,0.0,0.0,0.0,3,15.0
2024-09-25 02:00:00,2024-09-25T06:00:00Z,15.6,13.8,75,0.0,0.0,0.0,3,14.6
2024-09-25 03:00:00,2024-09-25T07:00:00Z,15.4,13.6,75,0.0,0.0,0.0,3,14.5
2024-09-25 04:00:00,2024-09-25T08:00:00Z,15.0,13.4,77,0.0,0.0,0.0,3,12.8
2024-09-25 05:00:00,2024-09-25T09:00:00Z,15.1,13.6,76,0.0,0.0,0.0,3,12.1
2024-09-25 06:00:00,2024-09-25T10:00:00Z,15.2,13.9,75,0.0,0.0,0.0,3,11.1
2024-09-25 07:00:00,2024-09-25T11:00:00Z,15.2,13.7,75,0.0,0.0,0.0,3,12.0
2024-09-25 08:00:00,2024-09-25T12:00:00Z,15.6,14.0,73,0.0,0.0,0.0,3,12.1
2024-09-25 09:00:00,2024-09-25T13:00:00Z,15.8,14.7,76,0.7,0.7,0.0,53,11.0
2024-09-25 10:00:00,2024-09-25T14:00:00Z,16.5,15.2,73,0.0,0.0,0.0,3,11.7
2024-09-25 11:00:00,2024-09-25T15:00:00Z,17.9,16.5,67,0.0,0.0,0.0,3,13.3
2024-09-25 12:00:00,2024-09-25T16:00:00Z,19.7,18.1,61,0.0,0.0,0.0,3,15.1
2024-09-25 13:00:00,2024-09-25T17:00:00Z,19.0,17.4,63,0.0,0.0,0.0,3,15.4
2024-09-25 14:00:00,2024-09-25T18:00:00Z,19.1,17.4,63,0.0,0.0,0.0,3,15.4
2024-09-25 15:00:00,2024-09-25T19:00:00Z,19.6,17.7,61,0.0,0.0,0.0,3,17.1
2024-09-25 16:00:00,2024-09-25T20:00:00Z,19.3,17.2,63,0.0,0.0,0.0,3,18.7
2024-09-25 17:00:00,2024-09-25T21:00:00Z,18.5,16.6,67,0.2,0.2,0.0,51,17.5
2024-09-25 18:00:00,2024-09-25T22:00:00Z,18.0,16.4,70,0.0,0.0,0.0,3,16.5
2024-09-25 19:00:00,2024-09-25T23:00:00Z,17.6,16.5,74,0.0,0.0,0.0,3,13.6
2024-09-25 20:00:00,2024-09-26T00:00:00Z,17.3,16.4,77,0.0,0.0,0.0,3,12.5
2024-09-25 21:00:00,2024-09-26T01:00:00Z,16.0,15.2,82,0.0,0.0,0.0,3,12.1
2024-09-25 22:00:00,2024-09-26T02:00:00Z,16.0,15.0,82,0.0,0.0,0.0,3,12.8
2024-09-25 23:00:00,2024-09-26T03:00:00Z,16.1,15.3,82,0.0,0.0,0.0,3,11.7
2024-09-26 00:00:00,2024-09-26T04:00:00Z,16.1,15.7,83,0.0,0.0,0.0,3,9.4
2024-09-26 01:00:00,2024-09-26T05:00:00Z,16.0,15.9,84,0.0,0.0,0.0,3,8.0
2024-09-26 02:00:00,2024-09-26T06:00:00Z,16.2,15.9,84,0.0,0.0,0.0,3,9.2
2024-09-26 03:00:00,2024-09-26T07:00:00Z,16.4,16.3,85,0.0,0.0,0.0,3,9.2
2024-09-26 04:00:00,2024-09-26T08:00:00Z,16.7,16.8,86,0.0,0.0,0.0,3,9.4
2024-09-26 05:00:00,2024-09-26T09:00:00Z,17.1,17.4,87,0.0,0.0,0.0,3,9.1
2024-09-26 06:00:00,2024-09-26T10:00:00Z,17.5,18.1,89,0.1,0.1,0.0,51,8.7
2024-09-26 07:00:00,2024-09-26T11:00:00Z,17.8,18.7,90,0.2,0.2,0.0,51,8.3
2024-09-26 08:00:00,2024-09-26T12:00:00Z,18.3,19.0,91,0.3,0.3,0.0,51,11.5
2024-09-26 09:00:00,2024-09-26T13:00:00Z,19.2,20.1,89,0.0,0.0,0.0,3,11.7
2024-09-26 10:00:00,2024-09-26T14:00:00Z,20.5,21.1,85,0.0,0.0,0.0,3,15.5
2024-09-26 11:00:00,2024-09-26T15:00:00Z,20.4,21.1,87,0.2,0.2,0.0,51,15.9
2024-09-26 12:00:00,2024-09-26T16:00:00Z,20.3,21.5,93,1.0,1.0,0.0,55,15.5
2024-09-26 13:00:00,2024-09-26T17:00:00Z,20.6,22.2,94,0.8,0.8,0.0,53,14.2
2024-09-26 14:00:00,2024-09-26T18:00:00Z,22.2,23.6,86,1.3,1.3,0.0,61,15.4
2024-09-26 15:00:00,2024-09-26T19:00:00Z,22.0,24.2,90,0.4,0.4,0.0,51,11.9
2024-09-26 16:00:00,2024-09-26T20:00:00Z,22.5,24.5,87,0.1,0.1,0.0,51,13.4
2024-09-26 17:00:00,2024-09-26T21:00:00Z,22.3,24.2,89,0.0,0.0,0.0,3,14.7
2024-09-26 18:00:00,2024-09-26T22:00:00Z,21.7,23.9,91,0.0,0.0,0.0,3,12.1
2024-09-26 19:00:00,2024-09-26T23:00:00Z,20.7,23.2,95,0.0,0.0,0.0,3,8.5
2024-09-26 20:00:00,2024-09-27T00:00:00Z,20.8,23.3,95,0.0,0.0,0.0,3,8.9
2024-09-26 21:00:00,2024-09-27T01:00:00Z,20.4,23.2,96,0.0,0.0,0.0,3,6.3
2024-09-26 22:00:00,2024-09-27T02:00:00Z,20.2,23.0,96,0.0,0.0,0.0,3,6.0
2024-09-26 23:00:00,2024-09-27T03:00:00Z,20.7,24.1,96,0.0,0.0,0.0,3,3.7
2024-09-27 00:00:00,2024-09-27T04:00:00Z,20.1,23.8,99,0.0,0.0,0.0,3,0.8
2024-09-27 01:00:00,2024-09-27T05:00:00Z,18.7,21.4,100,0.0,0.0,0.0,3,4.0
2024-09-27 02:00:00,2024-09-27T06:00:00Z,19.2,21.5,98,0.0,0.0,0.0,3,7.1
2024-09-27 03:00:00,2024-09-27T07:00:00Z,19.3,21.3,97,0.3,0.3,0.0,51,8.0
2024-09-27 04:00:00,2024-09-27T08:00:00Z,19.3,21.2,96,0.1,0.1,0.0,51,8.6
2024-09-27 05:00:00,2024-09-27T09:00:00Z,19.0,20.5,95,0.1,0.1,0.0,51,10.5
2024-09-27 06:00:00,2024-09-27T10:00:00Z,18.7,19.9,95,0.0,0.0,0.0,3,10.9
2024-09-27 07:00:00,2024-09-27T11:00:00Z,18.3,19.6,94,0.0,0.0,0.0,3,9.7
2024-09-27 08:00:00,2024-09-27T12:00:00Z,18.7,19.2,91,0.0,0.0,0.0,3,14.0
2024-09-27 09:00:00,2024-09-27T13:00:00Z,17.9,18.2,87,0.0,0.0,0.0,3,11.7
2024-09-27 10:00:00,2024-09-27T14:00:00Z,18.9,19.5,81,0.0,0.0,0.0,3,9.3
2024-09-27 11:00:00,2024-09-27T15:00:00Z,19.9,20.2,73,0.0,0.0,0.0,3,8.9
2024-09-27 12:00:00,2024-09-27T16:00:00Z,20.8,21.0,66,0.0,0.0,0.0,3,8.3
2024-09-27 13:00:00,2024-09-27T17:00:00Z,21.2,21.7,64,0.0,0.0,0.0,3,5.6
2024-09-27 14:00:00,2024-09-27T18:00:00Z,21.4,21.9,63,0.0,0.0,0.0,3,5.4
2024-09-27 15:00:00,2024-09-27T19:00:00Z,21.3,21.9,64,0.0,0.0,0.0,3,5.5
2024-09-27 16:00:00,2024-09-27T20:00:00Z,21.3,22.1,65,0.0,0.0,0.0,3,4.6
2024-09-27 17:00:00,2024-09-27T21:00:00Z,21.3,22.2,65,0.0,0.0,0.0,3,4.1
2024-09-27 18:00:00,2024-09-27T22:00:00Z,20.6,21.1,69,0.0,0.0,0.0,3,7.6
2024-09-27 19:00:00,2024-09-27T23:00:00Z,19.8,20.2,72,0.0,0.0,0.0,3,7.2
2024-09-27 20:00:00,2024-09-28T00:00:00Z,19.1,19.7,76,0.0,0.0,0.0,3,7.2
2024-09-27 21:00:00,2024-09-28T01:00:00Z,18.6,19.4,82,0.3,0.3,0.0,51,7.2
2024-09-27 22:00:00,2024-09-28T02:00:00Z,18.3,19.0,82,0.0,0.0,0.0,3,7.0
2024-09-27 23:00:00,2024-09-28T03:00:00Z,18.3,18.9,80,0.0,0.0,0.0,3,6.5
2024-09-28 00:00:00,2024-09-28T04:00:00Z,17.9,18.1,81,0.0,0.0,0.0,3,8.9
2024-09-28 01:00:00,2024-09-28T05:00:00Z,17.3,17.0,82,0.1,0.1,0.0,51,11.2
2024-09-28 02:00:00,2024-09-28T06:00:00Z,17.2,16.9,83,0.1,0.1,0.0,51,11.8
2024-09-28 03:00:00,2024-09-28T07:00:00Z,16.9,16.8,85,0.0,0.0,0.0,2,10.2
2024-09-28 04:00:00,2024-09-28T08:00:00Z,16.8,16.5,86,0.0,0.0,0.0,2,12.3
2024-09-28 05:00:00,2024-09-28T09:00:00Z,17.1,16.4,85,0.0,0.0,0.0,0,15.5
2024-09-28 06:00:00,2024-09-28T10:00:00Z,17.2,16.4,85,0.0,0.0,0.0,3,16.0
2024-09-28 07:00:00,2024-09-28T11:00:00Z,17.4,16.3,83,0.0,0.0,0.0,3,17.6
2024-09-28 08:00:00,2024-09-28T12:00:00Z,18.1,17.0,79,0.0,0.0,0.0,3,16.9
2024-09-28 09:00:00,2024-09-28T13:00:00Z,17.1,16.1,86,0.2,0.2,0.0,51,18.2
2024-09-28 10:00:00,2024-09-28T14:00:00Z,16.9,15.8,90,0.8,0.8,0.0,53,19.2
2024-09-28 11:00:00,2024-09-28T15:00:00Z,17.1,16.0,89,1.0,1.0,0.0,55,19.6
2024-09-28 12:00:00,2024-09-28T16:00:00Z,18.6,17.3,83,0.0,0.0,0.0,3,21.5
2024-09-28 13:00:00,2024-09-28T17:00:00Z,19.1,17.7,77,0.1,0.1,0.0,51,21.2
2024-09-28 14:00:00,2024-09-28T18:00:00Z,19.2,18.8,78,0.7,0.7,0.0,53,14.7
2024-09-28 15:00:00,2024-09-28T19:00:00Z,18.9,18.8,82,1.1,1.1,0.0,55,13.9
2024-09-28 16:00:00,2024-09-28T20:00:00Z,18.4,17.8,83,1.3,1.3,0.0,61,16.6
2024-09-28 17:00:00,2024-09-28T21:00:00Z,17.8,16.7,85,1.0,1.0,0.0,55,19.6
2024-09-28 18:00:00,2024-09-28T22:00:00Z,17.7,16.1,79,0.1,0.1,0.0,51,19.7
2024-09-28 19:00:00,2024-09-28T23:00:00Z,17.4,15.7,77,0.1,0.1,0.0,51,19.0
2024-09-28 20:00:00,2024-09-29T00:00:00Z,17.2,15.5,77,0.5,0.5,0.0,53,19.1
2024-09-28 21:00:00,2024-09-29T01:00:00Z,15.5,14.4,89,0.4,0.4,0.0,51,15.3
2024-09-28 22:00:00,2024-09-29T02:00:00Z,15.6,14.1,86,0.1,0.1,0.0,51,17.5
2024-09-28 23:00:00,2024-09-29T03:00:00Z,15.7,14.2,85,0.0,0.0,0.0,3,17.3
2024-09-29 00:00:00,2024-09-29T04:00:00Z,15.8,14.2,83,0.0,0.0,0.0,3,17.2
2024-09-29 01:00:00,2024-09-29T05:00:00Z,15.9,14.5,83,0.0,0.0,0.0,3,16.3
2024-09-29 02:00:00,2024-09-29T06:00:00Z,16.1,15.0,83,0.0,0.0,0.0,3,14.4
2024-09-29 03:00:00,2024-09-29T07:00:00Z,16.1,15.2,84,0.0,0.0,0.0,3,13.4
2024-09-29 04:00:00,2024-09-29T08:00:00Z,16.1,15.4,85,0.3,0.3,0.0,51,13.3
2024-09-29 05:00:00,2024-09-29T09:00:00Z,16.1,15.2,88,0.5,0.5,0.0,53,15.2
2024-09-29 06:00:00,2024-09-29T10:00:00Z,15.8,15.1,92,0.3,0.3,0.0,51,14.7
2024-09-29 07:00:00,2024-09-29T11:00:00Z,16.0,15.3,91,0.2,0.2,0.0,51,14.8
2024-09-29 08:00:00,2024-09-29T12:00:00Z,16.2,15.6,91,0.1,0.1,0.0,51,15.0
2024-09-29 09:00:00,2024-09-29T13:00:00Z,16.1,15.4,89,0.2,0.2,0.0,51,14.7
2024-09-29 10:00:00,2024-09-29T14:00:00Z,16.5,15.4,88,0.2,0.2,0.0,51,17.6
2024-09-29 11:00:00,2024-09-29T15:00:00Z,16.6,15.4,87,0.2,0.2,0.0,51,18.1
2024-09-29 12:00:00,2024-09-29T16:00:00Z,16.9,15.7,84,0.2,0.2,0.0,51,17.5
2024-09-29 13:00:00,2024-09-29T17:00:00Z,17.2,16.1,82,0.2,0.2,0.0,51,16.6
2024-09-29 14:00:00,2024-09-29T18:00:00Z,17.3,16.4,81,0.1,0.1,0.0,51,15.7
2024-09-29 15:00:00,2024-09-29T19:00:00Z,17.4,16.3,80,0.0,0.0,0.0,3,15.8
2024-09-29 16:00:00,2024-09-29T20:00:00Z,17.0,15.8,80,0.0,0.0,0.0,3,16.2
2024-09-29 17:00:00,2024-09-29T21:00:00Z,16.8,15.5,80,0.0,0.0,0.0,3,15.7
2024-09-29 18:00:00,2024-09-29T22:00:00Z,16.7,15.7,80,0.0,0.0,0.0,3,13.1
2024-09-29 19:00:00,2024-09-29T23:00:00Z,16.5,15.8,81,0.0,0.0,0.0,3,11.5
2024-09-29 20:00:00,2024-09-30T00:00:00Z,16.5,15.9,80,0.0,0.0,0.0,2,10.7
2024-09-29 21:00:00,2024-09-30T01:00:00Z,16.0,15.5,85,0.0,0.0,0.0,3,10.4
2024-09-29 22:00:00,2024-09-30T02:00:00Z,16.1,16.0,84,0.0,0.0,0.0,3,7.8
2024-09-29 23:00:00,2024-09-30T03:00:00Z,16.0,15.8,83,0.0,0.0,0.0,3,8.1
2024-09-30 00:00:00,2024-09-30T04:00:00Z,15.8,15.7,83,0.0,0.0,0.0,3,7.1
2024-09-30 01:00:00,2024-09-30T05:00:00Z,15.7,15.4,84,0.0,0.0,0.0,3,8.1
2024-09-30 02:00:00,2024-09-30T06:00:00Z,15.6,15.5,83,0.0,0.0,0.0,3,7.2
2024-09-30 03:00:00,2024-09-30T07:00:00Z,15.5,15.2,84,0.0,0.0,0.0,3,7.6
2024-09-30 04:00:00,2024-09-30T08:00:00Z,14.8,14.5,88,0.0,0.0,0.0,3,8.5
2024-09-30 05:00:00,2024-09-30T09:00:00Z,14.1,13.5,92,0.0,0.0,0.0,3,9.5
2024-09-30 06:00:00,2024-09-30T10:00:00Z,13.6,13.0,94,0.0,0.0,0.0,3,9.9
2024-09-30 07:00:00,2024-09-30T11:00:00Z,13.7,12.9,92,0.0,0.0,0.0,3,10.3
2024-09-30 08:00:00,2024-09-30T12:00:00Z,14.6,13.9,88,0.0,0.0,0.0,3,10.4
2024-09-30 09:00:00,2024-09-30T13:00:00Z,16.5,15.8,80,0.0,0.0,0.0,3,11.6
2024-09-30 10:00:00,2024-09-30T14:00:00Z,17.8,16.9,74,0.0,0.0,0.0,3,12.5
2024-09-30 11:00:00,2024-09-30T15:00:00Z,19.3,17.6,65,0.0,0.0,0.0,3,16.9
2024-09-30 12:00:00,2024-09-30T16:00:00Z,20.6,19.0,60,0.0,0.0,0.0,3,16.9
2024-09-30 13:00:00,2024-09-30T17:00:00Z,21.0,19.9,57,0.0,0.0,0.0,2,15.6
2024-09-30 14:00:00,2024-09-30T18:00:00Z,21.3,20.0,53,0.0,0.0,0.0,1,15.7
2024-09-30 15:00:00,2024-09-30T19:00:00Z,21.4,19.0,50,0.0,0.0,0.0,2,17.6
2024-09-30 16:00:00,2024-09-30T20:00:00Z,21.1,18.6,50,0.0,0.0,0.0,3,17.7
2024-09-30 17:00:00,2024-09-30T21:00:00Z,21.0,19.4,53,0.0,0.0,0.0,3,12.5
2024-09-30 18:00:00,2024-09-30T22:00:00Z,20.1,19.4,63,0.0,0.0,0.0,3,10.4
2024-09-30 19:00:00,2024-09-30T23:00:00Z,17.6,17.1,77,0.0,0.0,0.0,3,10.4
2024-09-30 20:00:00,2024-10-01T00:00:00Z,16.3,15.6,77,0.0,0.0,0.0,3,9.8
2024-09-30 21:00:00,2024-10-01T01:00:00Z,15.6,16.1,89,0.0,0.0,0.0,3,5.6
2024-09-30 22:00:00,2024-10-01T02:00:00Z,15.4,15.9,87,0.0,0.0,0.0,3,4.2
2024-09-30 23:00:00,2024-10-01T03:00:00Z,15.5,15.1,81,0.0,0.0,0.0,3,7.9
2024-10-01 00:00:00,2024-10-01T04:00:00Z,15.3,14.5,77,0.0,0.0,0.0,3,8.6
2024-10-01 01:00:00,2024-10-01T05:00:00Z,15.2,14.0,76,0.0,0.0,0.0,3,10.0
2024-10-01 02:00:00,2024-10-01T06:00:00Z,14.6,13.7,81,0.0,0.0,0.0,3,9.2
2024-10-01 03:00:00,2024-10-01T07:00:00Z,14.2,13.2,85,0.0,0.0,0.0,3,10.2
2024-10-01 04:00:00,2024-10-01T08:00:00Z,14.3,13.4,87,0.0,0.0,0.0,3,10.5
2024-10-01 05:00:00,2024-10-01T09:00:00Z,14.2,13.2,89,0.0,0.0,0.0,3,11.8
2024-10-01 06:00:00,2024-10-01T10:00:00Z,14.0,13.3,91,0.0,0.0,0.0,3,10.6
2024-10-01 07:00:00,2024-10-01T11:00:00Z,14.1,13.6,91,0.0,0.0,0.0,3,9.5
2024-10-01 08:00:00,2024-10-01T12:00:00Z,15.2,14.3,86,0.0,0.0,0.0,3,12.5
2024-10-01 09:00:00,2024-10-01T13:00:00Z,16.6,15.6,81,0.0,0.0,0.0,3,14.5
2024-10-01 10:00:00,2024-10-01T14:00:00Z,17.6,16.3,73,0.0,0.0,0.0,3,14.9
2024-10-01 11:00:00,2024-10-01T15:00:00Z,18.4,16.8,67,0.0,0.0,0.0,3,15.1
2024-10-01 12:00:00,2024-10-01T16:00:00Z,19.6,17.9,61,0.0,0.0,0.0,3,15.7
2024-10-01 13:00:00,2024-10-01T17:00:00Z,20.2,18.3,58,0.0,0.0,0.0,3,16.8
2024-10-01 14:00:00,2024-10-01T18:00:00Z,20.4,18.8,58,0.0,0.0,0.0,3,15.3
2024-10-01 15:00:00,2024-10-01T19:00:00Z,20.5,18.9,59,0.0,0.0,0.0,3,15.2
2024-10-01 16:00:00,2024-10-01T20:00:00Z,20.4,18.9,60,0.1,0.1,0.0,51,14.7
2024-10-01 17:00:00,2024-10-01T21:00:00Z,20.2,18.9,60,0.0,0.0,0.0,1,13.1
2024-10-01 18:00:00,2024-10-01T22:00:00Z,19.3,18.4,61,0.0,0.0,0.0,3,9.6
2024-10-01 19:00:00,2024-10-01T23:00:00Z,17.2,16.4,71,0.0,0.0,0.0,0,9.3
2024-10-01 20:00:00,2024-10-02T00:00:00Z,15.8,15.3,81,0.0,0.0,0.0,0,8.7
2024-10-01 21:00:00,2024-10-02T01:00:00Z,14.3,14.1,87,0.0,0.0,0.0,0,6.2
2024-10-01 22:00:00,2024-10-02T02:00:00Z,14.6,14.1,85,0.0,0.0,0.0,2,8.3
2024-10-01 23:00:00,2024-10-02T03:00:00Z,14.1,13.2,86,0.0,0.0,0.0,0,10.0
2024-10-02 00:00:00,2024-10-02T04:00:00Z,13.8,12.5,87,0.0,0.0,0.0,0,12.8
2024-10-02 01:00:00,2024-10-02T05:00:00Z,13.6,12.3,89,0.0,0.0,0.0,0,12.3
2024-10-02 02:00:00,2024-10-02T06:00:00Z,13.3,12.4,92,0.0,0.0,0.0,0,10.7
2024-10-02 03:00:00,2024-10-02T07:00:00Z,13.1,12.9,94,0.0,0.0,0.0,1,5.9
2024-10-02 04:00:00,2024-10-02T08:00:00Z,13.3,13.1,95,0.1,0.1,0.0,51,6.6
2024-10-02 05:00:00,2024-10-02T09:00:00Z,13.3,12.8,95,0.1,0.1,0.0,51,8.9
2024-10-02 06:00:00,2024-10-02T10:00:00Z,12.9,12.0,93,0.0,0.0,0.0,1,9.8
2024-10-02 07:00:00,2024-10-02T11:00:00Z,12.5,11.3,92,0.0,0.0,0.0,1,10.7
2024-10-02 08:00:00,2024-10-02T12:00:00Z,13.1,11.4,87,0.0,0.0,0.0,1,13.6
2024-10-02 09:00:00,2024-10-02T13:00:00Z,14.4,13.3,81,0.0,0.0,0.0,3,10.0
2024-10-02 10:00:00,2024-10-02T14:00:00Z,15.1,14.0,77,0.0,0.0,0.0,3,10.4
2024-10-02 11:00:00,2024-10-02T15:00:00Z,16.4,15.2,69,0.0,0.0,0.0,3,10.1
2024-10-02 12:00:00,2024-10-02T16:00:00Z,17.6,16.3,62,0.0,0.0,0.0,2,10.1
2024-10-02 13:00:00,2024-10-02T17:00:00Z,18.6,17.3,58,0.0,0.0,0.0,2,9.2
2024-10-02 14:00:00,2024-10-02T18:00:00Z,19.4,18.1,54,0.0,0.0,0.0,2,8.6
2024-10-02 15:00:00,2024-10-02T19:00:00Z,19.8,18.5,51,0.0,0.0,0.0,2,8.0
2024-10-02 16:00:00,2024-10-02T20:00:00Z,19.8,18.5,51,0.0,0.0,0.0,3,7.7
2024-10-02 17:00:00,2024-10-02T21:00:00Z,18.7,17.2,53,0.0,0.0,0.0,3,8.5
2024-10-02 18:00:00,2024-10-02T22:00:00Z,17.8,16.2,60,0.0,0.0,0.0,2,10.2
2024-10-02 19:00:00,2024-10-02T23:00:00Z,16.4,15.5,69,0.0,0.0,0.0,3,8.1
2024-10-02 20:00:00,2024-10-03T00:00:00Z,16.1,15.3,72,0.0,0.0,0.0,3,7.4
2024-10-02 21:00:00,2024-10-03T01:00:00Z,15.8,15.8,76,0.0,0.0,0.0,3,3.6
2024-10-02 22:00:00,2024-10-03T02:00:00Z,16.0,16.3,78,0.0,0.0,0.0,3,1.9
2024-10-02 23:00:00,2024-10-03T03:00:00Z,15.9,16.1,78,0.0,0.0,0.0,3,3.4
2024-10-03 00:00:00,2024-10-03T04:00:00Z,15.7,15.9,80,0.0,0.0,0.0,3,3.7
2024-10-03 01:00:00,2024-10-03T05:00:00Z,15.3,15.6,85,0.0,0.0,0.0,3,3.7
2024-10-03 02:00:00,2024-10-03T06:00:00Z,15.4,15.5,83,0.0,0.0,0.0,3,4.9
2024-10-03 03:00:00,2024-10-03T07:00:00Z,14.6,14.7,89,0.0,0.0,0.0,3,4.9
2024-10-03 04:00:00,2024-10-03T08:00:00Z,14.4,14.9,90,0.0,0.0,0.0,3,2.7
2024-10-03 05:00:00,2024-10-03T09:00:00Z,14.4,14.5,89,0.0,0.0,0.0,3,4.9
2024-10-03 06:00:00,2024-10-03T10:00:00Z,14.4,14.5,89,0.0,0.0,0.0,3,4.7
2024-10-03 07:00:00,2024-10-03T11:00:00Z,14.4,14.6,88,0.0,0.0,0.0,3,3.8
2024-10-03 08:00:00,2024-10-03T12:00:00Z,14.8,15.0,85,0.0,0.0,0.0,3,3.0
2024-10-03 09:00:00,2024-10-03T13:00:00Z,16.3,16.8,81,0.0,0.0,0.0,2,2.6
2024-10-03 10:00:00,2024-10-03T14:00:00Z,18.0,18.4,74,0.0,0.0,0.0,2,4.5
2024-10-03 11:00:00,2024-10-03T15:00:00Z,19.6,19.7,65,0.0,0.0,0.0,3,5.2
2024-10-03 12:00:00,2024-10-03T16:00:00Z,20.5,20.5,61,0.1,0.1,0.0,51,5.3
2024-10-03 13:00:00,2024-10-03T17:00:00Z,20.8,20.5,57,0.0,0.0,0.0,3,6.0
2024-10-03 14:00:00,2024-10-03T18:00:00Z,21.1,20.5,54,0.0,0.0,0.0,3,7.6
2024-10-03 15:00:00,2024-10-03T19:00:00Z,21.5,20.8,53,0.0,0.0,0.0,3,7.8
2024-10-03 16:00:00,2024-10-03T20:00:00Z,21.6,20.9,52,0.0,0.0,0.0,1,8.1
2024-10-03 17:00:00,2024-10-03T21:00:00Z,20.8,19.6,58,0.0,0.0,0.0,0,12.5
2024-10-03 18:00:00,2024-10-03T22:00:00Z,18.4,17.1,69,0.0,0.0,0.0,0,14.3
2024-10-03 19:00:00,2024-10-03T23:00:00Z,16.9,16.0,77,0.0,0.0,0.0,1,12.0
2024-10-03 20:00:00,2024-10-04T00:00:00Z,16.1,15.5,83,0.0,0.0,0.0,1,11.4
2024-10-03 21:00:00,2024-10-04T01:00:00Z,15.6,15.4,89,0.0,0.0,0.0,2,9.7
2024-10-03 22:00:00,2024-10-04T02:00:00Z,15.2,15.2,91,0.0,0.0,0.0,3,8.3
2024-10-03 23:00:00,2024-10-04T03:00:00Z,14.6,14.7,93,0.0,0.0,0.0,3,6.4
2024-10-04 00:00:00,2024-10-04T04:00:00Z,14.0,14.1,95,0.0,0.0,0.0,3,6.1
2024-10-04 01:00:00,2024-10-04T05:00:00Z,13.5,13.5,96,0.0,0.0,0.0,3,5.9
2024-10-04 02:00:00,2024-10-04T06:00:00Z,12.9,12.9,96,0.0,0.0,0.0,1,4.8
2024-10-04 03:00:00,2024-10-04T07:00:00Z,12.4,12.2,97,0.0,0.0,0.0,0,5.9
2024-10-04 04:00:00,2024-10-04T08:00:00Z,11.8,11.2,98,0.0,0.0,0.0,3,7.6
2024-10-04 05:00:00,2024-10-04T09:00:00Z,11.8,11.3,98,0.0,0.0,0.0,3,6.7
2024-10-04 06:00:00,2024-10-04T10:00:00Z,11.6,11.1,100,0.0,0.0,0.0,3,6.8
2024-10-04 07:00:00,2024-10-04T11:00:00Z,11.3,10.7,100,0.0,0.0,0.0,3,6.2
2024-10-04 08:00:00,2024-10-04T12:00:00Z,12.9,13.0,99,0.0,0.0,0.0,3,5.4
2024-10-04 09:00:00,2024-10-04T13:00:00Z,14.7,15.4,94,0.0,0.0,0.0,3,3.2
2024-10-04 10:00:00,2024-10-04T14:00:00Z,17.5,18.5,84,0.0,0.0,0.0,2,3.5
2024-10-04 11:00:00,2024-10-04T15:00:00Z,20.0,20.9,74,0.0,0.0,0.0,3,5.4
2024-10-04 12:00:00,2024-10-04T16:00:00Z,21.6,22.1,65,0.0,0.0,0.0,3,7.5
2024-10-04 13:00:00,2024-10-04T17:00:00Z,22.5,22.3,58,0.0,0.0,0.0,3,9.2
2024-10-04 14:00:00,2024-10-04T18:00:00Z,22.8,22.4,55,0.0,0.0,0.0,3,9.6
2024-10-04 15:00:00,2024-10-04T19:00:00Z,21.8,21.2,63,0.0,0.0,0.0,3,13.7
2024-10-04 16:00:00,2024-10-04T20:00:00Z,21.1,20.2,66,0.0,0.0,0.0,3,16.5
2024-10-04 17:00:00,2024-10-04T21:00:00Z,20.4,19.5,67,0.0,0.0,0.0,3,15.9
2024-10-04 18:00:00,2024-10-04T22:00:00Z,18.8,17.7,71,0.0,0.0,0.0,3,14.4
2024-10-04 19:00:00,2024-10-04T23:00:00Z,17.9,17.2,75,0.0,0.0,0.0,3,12.4
2024-10-04 20:00:00,2024-10-05T00:00:00Z,17.4,16.8,80,0.0,0.0,0.0,2,12.4
2024-10-04 21:00:00,2024-10-05T01:00:00Z,17.4,17.3,83,0.0,0.0,0.0,3,11.2
2024-10-04 22:00:00,2024-10-05T02:00:00Z,17.3,17.7,85,0.2,0.2,0.0,51,7.8
2024-10-04 23:00:00,2024-10-05T03:00:00Z,17.5,17.8,83,0.0,0.0,0.0,3,7.6
2024-10-05 00:00:00,2024-10-05T04:00:00Z,16.8,17.2,85,0.0,0.0,0.0,3,7.4
2024-10-05 01:00:00,2024-10-05T05:00:00Z,17.0,17.4,85,0.0,0.0,0.0,3,6.9
2024-10-05 02:00:00,2024-10-05T06:00:00Z,16.2,16.5,90,0.3,0.3,0.0,51,7.7
2024-10-05 03:00:00,2024-10-05T07:00:00Z,15.7,16.5,95,0.0,0.0,0.0,2,5.1
2024-10-05 04:00:00,2024-10-05T08:00:00Z,15.8,16.8,95,0.0,0.0,0.0,0,4.8
2024-10-05 05:00:00,2024-10-05T09:00:00Z,15.1,15.9,97,0.0,0.0,0.0,0,5.4
2024-10-05 06:00:00,2024-10-05T10:00:00Z,15.0,15.0,96,0.0,0.0,0.0,0,10.2
2024-10-05 07:00:00,2024-10-05T11:00:00Z,14.7,14.1,94,0.0,0.0,0.0,0,12.1
2024-10-05 08:00:00,2024-10-05T12:00:00Z,15.2,14.4,90,0.0,0.0,0.0,0,12.7
2024-10-05 09:00:00,2024-10-05T13:00:00Z,16.9,15.8,79,0.0,0.0,0.0,0,14.8
2024-10-05 10:00:00,2024-10-05T14:00:00Z,18.5,17.1,70,0.0,0.0,0.0,0,15.8
2024-10-05 11:00:00,2024-10-05T15:00:00Z,20.0,18.3,61,0.0,0.0,0.0,0,16.7
2024-10-05 12:00:00,2024-10-05T16:00:00Z,21.3,19.7,52,0.0,0.0,0.0,0,16.6
2024-10-05 13:00:00,2024-10-05T17:00:00Z,22.2,20.6,45,0.0,0.0,0.0,0,15.6
2024-10-05 14:00:00,2024-10-05T18:00:00Z,22.8,20.8,40,0.0,0.0,0.0,0,15.4
2024-10-05 15:00:00,2024-10-05T19:00:00Z,22.9,20.1,37,0.0,0.0,0.0,0,16.8
2024-10-05 16:00:00,2024-10-05T20:00:00Z,22.5,19.4,36,0.0,0.0,0.0,0,16.1
2024-10-05 17:00:00,2024-10-05T21:00:00Z,22.0,19.1,37,0.0,0.0,0.0,0,14.0
2024-10-05 18:00:00,2024-10-05T22:00:00Z,20.4,18.2,43,0.0,0.0,0.0,0,10.8
2024-10-05 19:00:00,2024-10-05T23:00:00Z,18.1,16.3,50,0.0,0.0,0.0,0,8.5
2024-10-05 20:00:00,2024-10-06T00:00:00Z,17.1,14.9,54,0.0,0.0,0.0,0,10.8
2024-10-05 21:00:00,2024-10-06T01:00:00Z,15.3,14.0,64,0.0,0.0,0.0,0,6.7
2024-10-05 22:00:00,2024-10-06T02:00:00Z,14.4,12.9,67,0.0,0.0,0.0,0,7.0
2024-10-05 23:00:00,2024-10-06T03:00:00Z,13.5,12.1,71,0.0,0.0,0.0,0,6.1
2024-10-06 00:00:00,2024-10-06T04:00:00Z,12.7,11.5,76,0.0,0.0,0.0,0,5.4
2024-10-06 01:00:00,2024-10-06T05:00:00Z,12.3,11.0,79,0.0,0.0,0.0,0,6.1
2024-10-06 02:00:00,2024-10-06T06:00:00Z,11.7,10.3,82,0.0,0.0,0.0,0,7.0
2024-10-06 03:00:00,2024-10-06T07:00:00Z,11.0,9.7,86,0.0,0.0,0.0,0,6.9
2024-10-06 04:00:00,2024-10-06T08:00:00Z,10.5,9.0,87,0.0,0.0,0.0,0,7.8
2024-10-06 05:00:00,2024-10-06T09:00:00Z,10.2,8.6,87,0.0,0.0,0.0,0,7.9
2024-10-06 06:00:00,2024-10-06T10:00:00Z,9.9,8.1,87,0.0,0.0,0.0,0,8.2
2024-10-06 07:00:00,2024-10-06T11:00:00Z,9.6,7.8,86,0.0,0.0,0.0,0,8.0
2024-10-06 08:00:00,2024-10-06T12:00:00Z,10.9,9.0,79,0.0,0.0,0.0,0,8.8
2024-10-06 09:00:00,2024-10-06T13:00:00Z,13.6,11.8,65,0.0,0.0,0.0,0,7.0
2024-10-06 10:00:00,2024-10-06T14:00:00Z,15.9,14.4,58,0.0,0.0,0.0,0,5.6
2024-10-06 11:00:00,2024-10-06T15:00:00Z,17.8,16.9,55,0.0,0.0,0.0,0,3.8
2024-10-06 12:00:00,2024-10-06T16:00:00Z,19.5,19.2,51,0.0,0.0,0.0,0,5.2
2024-10-06 13:00:00,2024-10-06T17:00:00Z,20.7,20.1,48,0.0,0.0,0.0,0,8.1
2024-10-06 14:00:00,2024-10-06T18:00:00Z,21.3,20.2,46,0.0,0.0,0.0,0,10.5
2024-10-06 15:00:00,2024-10-06T19:00:00Z,20.9,19.1,50,0.0,0.0,0.0,0,12.4
2024-10-06 16:00:00,2024-10-06T20:00:00Z,20.4,18.6,56,0.0,0.0,0.0,0,14.6
2024-10-06 17:00:00,2024-10-06T21:00:00Z,19.2,17.6,63,0.0,0.0,0.0,0,15.6
2024-10-06 18:00:00,2024-10-06T22:00:00Z,17.7,16.4,75,0.0,0.0,0.0,0,15.8
2024-10-06 19:00:00,2024-10-06T23:00:00Z,16.2,15.3,86,0.0,0.0,0.0,0,14.9
2024-10-06 20:00:00,2024-10-07T00:00:00Z,16.1,15.2,87,0.0,0.0,0.0,2,15.6
2024-10-06 21:00:00,2024-10-07T01:00:00Z,16.3,15.0,82,0.0,0.0,0.0,3,15.6
2024-10-06 22:00:00,2024-10-07T02:00:00Z,16.4,14.9,79,0.0,0.0,0.0,3,16.5
2024-10-06 23:00:00,2024-10-07T03:00:00Z,16.3,14.9,79,0.0,0.0,0.0,3,15.2
2024-10-07 00:00:00,2024-10-07T04:00:00Z,15.5,14.6,81,0.0,0.0,0.0,2,11.2
2024-10-07 01:00:00,2024-10-07T05:00:00Z,15.1,13.9,82,0.0,0.0,0.0,3,12.8
2024-10-07 02:00:00,2024-10-07T06:00:00Z,15.2,13.9,83,0.0,0.0,0.0,3,13.6
2024-10-07 03:00:00,2024-10-07T07:00:00Z,15.6,14.1,83,0.0,0.0,0.0,3,16.0
2024-10-07 04:00:00,2024-10-07T08:00:00Z,15.7,14.5,85,0.8,0.8,0.0,53,14.4
2024-10-07 05:00:00,2024-10-07T09:00:00Z,15.7,15.1,87,0.1,0.1,0.0,51,12.5
2024-10-07 06:00:00,2024-10-07T10:00:00Z,15.6,15.1,88,2.8,2.8,0.0,63,11.6
2024-10-07 07:00:00,2024-10-07T11:00:00Z,15.7,15.1,89,2.0,2.0,0.0,61,12.4
2024-10-07 08:00:00,2024-10-07T12:00:00Z,15.9,15.8,91,0.0,0.0,0.0,2,10.7
2024-10-07 09:00:00,2024-10-07T13:00:00Z,17.3,17.2,87,0.3,0.3,0.0,51,12.5
2024-10-07 10:00:00,2024-10-07T14:00:00Z,18.1,18.1,84,0.1,0.1,0.0,51,12.8
2024-10-07 11:00:00,2024-10-07T15:00:00Z,19.8,19.2,72,0.0,0.0,0.0,0,14.6
2024-10-07 12:00:00,2024-10-07T16:00:00Z,20.8,19.2,57,0.1,0.1,0.0,51,16.6
2024-10-07 13:00:00,2024-10-07T17:00:00Z,21.9,20.1,48,0.0,0.0,0.0,0,16.0
2024-10-07 14:00:00,2024-10-07T18:00:00Z,22.4,20.2,41,0.0,0.0,0.0,0,16.6
2024-10-07 15:00:00,2024-10-07T19:00:00Z,22.3,19.2,38,0.0,0.0,0.0,0,17.7
2024-10-07 16:00:00,2024-10-07T20:00:00Z,21.7,18.1,38,0.0,0.0,0.0,0,18.7
2024-10-07 17:00:00,2024-10-07T21:00:00Z,21.0,17.3,39,0.0,0.0,0.0,0,18.7
2024-10-07 18:00:00,2024-10-07T22:00:00Z,19.4,16.1,42,0.0,0.0,0.0,0,15.8
2024-10-07 19:00:00,2024-10-07T23:00:00Z,17.7,14.6,46,0.0,0.0,0.0,0,14.3
2024-10-07 20:00:00,2024-10-08T00:00:00Z,16.1,13.4,52,0.0,0.0,0.0,0,12.2
2024-10-07 21:00:00,2024-10-08T01:00:00Z,15.3,12.5,58,0.0,0.0,0.0,0,14.6
2024-10-07 22:00:00,2024-10-08T02:00:00Z,14.8,12.1,61,0.0,0.0,0.0,1,13.7
2024-10-07 23:00:00,2024-10-08T03:00:00Z,14.3,11.7,64,0.0,0.0,0.0,3,13.0
2024-10-08 00:00:00,2024-10-08T04:00:00Z,13.7,11.2,66,0.0,0.0,0.0,0,12.7
2024-10-08 01:00:00,2024-10-08T05:00:00Z,13.1,10.8,68,0.0,0.0,0.0,0,11.1
2024-10-08 02:00:00,2024-10-08T06:00:00Z,11.9,9.6,73,0.0,0.0,0.0,0,10.8
2024-10-08 03:00:00,2024-10-08T07:00:00Z,11.3,9.1,76,0.0,0.0,0.0,0,10.1
2024-10-08 04:00:00,2024-10-08T08:00:00Z,10.9,8.7,78,0.0,0.0,0.0,0,10.3
2024-10-08 05:00:00,2024-10-08T09:00:00Z,10.5,8.3,79,0.0,0.0,0.0,0,10.1
2024-10-08 06:00:00,2024-10-08T10:00:00Z,10.2,7.9,80,0.0,0.0,0.0,0,10.3
2024-10-08 07:00:00,2024-10-08T11:00:00Z,10.0,7.7,81,0.0,0.0,0.0,0,10.4
2024-10-08 08:00:00,2024-10-08T12:00:00Z,11.1,8.7,80,0.0,0.0,0.0,0,11.9
2024-10-08 09:00:00,2024-10-08T13:00:00Z,12.9,10.5,68,0.0,0.0,0.0,0,11.3
2024-10-08 10:00:00,2024-10-08T14:00:00Z,14.9,12.0,51,0.0,0.0,0.0,0,11.7
2024-10-08 11:00:00,2024-10-08T15:00:00Z,16.2,13.5,46,0.0,0.0,0.0,0,9.3
2024-10-08 12:00:00,2024-10-08T16:00:00Z,17.4,15.5,43,0.0,0.0,0.0,0,7.7
2024-10-08 13:00:00,2024-10-08T17:00:00Z,18.5,16.6,39,0.0,0.0,0.0,1,8.6
2024-10-08 14:00:00,2024-10-08T18:00:00Z,19.6,16.4,34,0.0,0.0,0.0,2,15.2
2024-10-08 15:00:00,2024-10-08T19:00:00Z,19.6,15.6,32,0.0,0.0,0.0,3,15.6
2024-10-08 16:00:00,2024-10-08T20:00:00Z,19.7,15.7,30,0.0,0.0,0.0,3,14.8
2024-10-08 17:00:00,2024-10-08T21:00:00Z,19.2,15.4,31,0.0,0.0,0.0,2,13.0
2024-10-08 18:00:00,2024-10-08T22:00:00Z,18.0,14.2,34,0.0,0.0,0.0,3,13.0
2024-10-08 19:00:00,2024-10-08T23:00:00Z,16.4,12.7,38,0.0,0.0,0.0,3,12.5
2024-10-08 20:00:00,2024-10-09T00:00:00Z,15.5,12.5,42,0.0,0.0,0.0,3,9.1
2024-10-08 21:00:00,2024-10-09T01:00:00Z,14.0,11.3,51,0.0,0.0,0.0,0,8.7
2024-10-08 22:00:00,2024-10-09T02:00:00Z,13.1,10.4,54,0.0,0.0,0.0,0,8.8
2024-10-08 23:00:00,2024-10-09T03:00:00Z,12.7,9.7,55,0.0,0.0,0.0,1,10.8
2024-10-09 00:00:00,2024-10-09T04:00:00Z,12.3,9.3,57,0.0,0.0,0.0,1,11.1
2024-10-09 01:00:00,2024-10-09T05:00:00Z,12.8,9.9,58,0.0,0.0,0.0,2,11.2
2024-10-09 02:00:00,2024-10-09T06:00:00Z,13.1,10.0,61,0.0,0.0,0.0,1,14.3
2024-10-09 03:00:00,2024-10-09T07:00:00Z,12.5,10.0,65,0.0,0.0,0.0,1,10.7
2024-10-09 04:00:00,2024-10-09T08:00:00Z,10.9,9.1,74,0.0,0.0,0.0,0,5.5
2024-10-09 05:00:00,2024-10-09T09:00:00Z,9.5,7.6,82,0.0,0.0,0.0,0,7.0
2024-10-09 06:00:00,2024-10-09T10:00:00Z,8.6,6.7,87,0.0,0.0,0.0,0,6.8
2024-10-09 07:00:00,2024-10-09T11:00:00Z,8.9,7.1,86,0.0,0.0,0.0,3,6.1
2024-10-09 08:00:00,2024-10-09T12:00:00Z,10.7,9.2,77,0.0,0.0,0.0,3,4.3
2024-10-09 09:00:00,2024-10-09T13:00:00Z,12.7,11.2,68,0.0,0.0,0.0,1,4.8
2024-10-09 10:00:00,2024-10-09T14:00:00Z,14.9,13.0,55,0.0,0.0,0.0,0,5.6
2024-10-09 11:00:00,2024-10-09T15:00:00Z,16.3,14.4,49,0.0,0.0,0.0,1,5.7
2024-10-09 12:00:00,2024-10-09T16:00:00Z,17.6,14.8,42,0.0,0.0,0.0,1,11.1
2024-10-09 13:00:00,2024-10-09T17:00:00Z,18.3,14.6,40,0.0,0.0,0.0,1,15.7
2024-10-09 14:00:00,2024-10-09T18:00:00Z,18.6,14.6,37,0.0,0.0,0.0,1,17.7
2024-10-09 15:00:00,2024-10-09T19:00:00Z,18.1,13.9,37,0.0,0.0,0.0,1,17.9
2024-10-09 16:00:00,2024-10-09T20:00:00Z,18.6,14.4,35,0.0,0.0,0.0,1,17.8
2024-10-09 17:00:00,2024-10-09T21:00:00Z,18.2,13.6,34,0.0,0.0,0.0,3,19.2
2024-10-09 18:00:00,2024-10-09T22:00:00Z,16.8,13.3,37,0.0,0.0,0.0,0,11.6
2024-10-09 19:00:00,2024-10-09T23:00:00Z,14.5,11.3,44,0.0,0.0,0.0,0,9.9
2024-10-09 20:00:00,2024-10-10T00:00:00Z,13.4,10.3,49,0.0,0.0,0.0,1,10.1
2024-10-09 21:00:00,2024-10-10T01:00:00Z,14.1,11.4,52,0.0,0.0,0.0,1,8.7
2024-10-09 22:00:00,2024-10-10T02:00:00Z,13.5,10.5,52,0.0,0.0,0.0,0,10.4
2024-10-09 23:00:00,2024-10-10T03:00:00Z,12.4,7.6,54,0.0,0.0,0.0,0,21.9
2024-10-10 00:00:00,2024-10-10T04:00:00Z,10.9,6.5,59,0.0,0.0,0.0,0,19.7
2024-10-10 01:00:00,2024-10-10T05:00:00Z,10.5,5.9,60,0.0,0.0,0.0,0,20.1
2024-10-10 02:00:00,2024-10-10T06:00:00Z,9.8,5.3,63,0.0,0.0,0.0,0,19.6
2024-10-10 03:00:00,2024-10-10T07:00:00Z,9.0,4.5,67,0.0,0.0,0.0,0,20.1
2024-10-10 04:00:00,2024-10-10T08:00:00Z,8.3,3.8,70,0.0,0.0,0.0,0,20.1
2024-10-10 05:00:00,2024-10-10T09:00:00Z,7.8,3.5,72,0.0,0.0,0.0,0,18.0
2024-10-10 06:00:00,2024-10-10T10:00:00Z,7.4,3.6,73,0.0,0.0,0.0,0,14.5
2024-10-10 07:00:00,2024-10-10T11:00:00Z,7.1,3.6,74,0.0,0.0,0.0,0,11.9
2024-10-10 08:00:00,2024-10-10T12:00:00Z,8.0,4.3,69,0.0,0.0,0.0,0,13.5
2024-10-10 09:00:00,2024-10-10T13:00:00Z,9.4,5.5,62,0.0,0.0,0.0,0,15.3
2024-10-10 10:00:00,2024-10-10T14:00:00Z,10.9,7.0,56,0.0,0.0,0.0,0,14.7
2024-10-10 11:00:00,2024-10-10T15:00:00Z,12.3,8.1,50,0.0,0.0,0.0,0,16.2
2024-10-10 12:00:00,2024-10-10T16:00:00Z,14.3,10.3,41,0.0,0.0,0.0,1,17.2
2024-10-10 13:00:00,2024-10-10T17:00:00Z,15.6,11.3,37,0.0,0.0,0.0,1,18.4
2024-10-10 14:00:00,2024-10-10T18:00:00Z,16.3,11.3,34,0.0,0.0,0.0,0,20.3
2024-10-10 15:00:00,2024-10-10T19:00:00Z,17.0,12.0,31,0.0,0.0,0.0,1,19.8
2024-10-10 16:00:00,2024-10-10T20:00:00Z,16.1,11.2,37,0.0,0.0,0.0,0,20.2
2024-10-10 17:00:00,2024-10-10T21:00:00Z,15.5,10.6,38,0.0,0.0,0.0,0,20.1
2024-10-10 18:00:00,2024-10-10T22:00:00Z,14.2,10.1,42,0.0,0.0,0.0,0,15.6
2024-10-10 19:00:00,2024-10-10T23:00:00Z,12.7,8.6,47,0.0,0.0,0.0,0,15.2
2024-10-10 20:00:00,2024-10-11T00:00:00Z,11.6,7.5,51,0.0,0.0,0.0,0,15.4
2024-10-10 21:00:00,2024-10-11T01:00:00Z,10.3,6.2,57,0.0,0.0,0.0,0,16.4
2024-10-10 22:00:00,2024-10-11T02:00:00Z,9.6,5.5,60,0.0,0.0,0.0,0,15.8
2024-10-10 23:00:00,2024-10-11T03:00:00Z,8.9,5.0,62,0.0,0.0,0.0,0,14.3
2024-10-11 00:00:00,2024-10-11T04:00:00Z,8.1,4.5,65,0.0,0.0,0.0,0,12.3
2024-10-11 01:00:00,2024-10-11T05:00:00Z,7.7,4.0,67,0.0,0.0,0.0,0,13.1
2024-10-11 02:00:00,2024-10-11T06:00:00Z,7.3,3.8,70,0.0,0.0,0.0,0,11.7
2024-10-11 03:00:00,2024-10-11T07:00:00Z,6.9,3.9,74,0.0,0.0,0.0,0,9.1
2024-10-11 04:00:00,2024-10-11T08:00:00Z,6.7,4.1,78,0.0,0.0,0.0,0,7.1
2024-10-11 05:00:00,2024-10-11T09:00:00Z,6.6,4.0,81,0.0,0.0,0.0,0,7.6
2024-10-11 06:00:00,2024-10-11T10:00:00Z,6.5,3.8,83,0.0,0.0,0.0,0,8.5
2024-10-11 07:00:00,2024-10-11T11:00:00Z,6.3,3.8,86,0.0,0.0,0.0,0,7.8
2024-10-11 08:00:00,2024-10-11T12:00:00Z,7.8,5.0,80,0.0,0.0,0.0,0,10.2
2024-10-11 09:00:00,2024-10-11T13:00:00Z,10.2,7.2,68,0.0,0.0,0.0,0,11.8
2024-10-11 10:00:00,2024-10-11T14:00:00Z,12.3,9.3,61,0.0,0.0,0.0,0,11.9
2024-10-11 11:00:00,2024-10-11T15:00:00Z,14.2,11.1,55,0.0,0.0,0.0,0,13.5
2024-10-11 12:00:00,2024-10-11T16:00:00Z,16.4,13.4,46,0.0,0.0,0.0,0,14.7
2024-10-11 13:00:00,2024-10-11T17:00:00Z,18.0,15.0,40,0.0,0.0,0.0,0,15.4
2024-10-11 14:00:00,2024-10-11T18:00:00Z,19.2,15.9,36,0.0,0.0,0.0,0,15.9
2024-10-11 15:00:00,2024-10-11T19:00:00Z,19.8,15.9,33,0.0,0.0,0.0,0,17.2
2024-10-11 16:00:00,2024-10-11T20:00:00Z,20.0,15.9,33,0.0,0.0,0.0,0,16.9
2024-10-11 17:00:00,2024-10-11T21:00:00Z,19.6,15.8,34,0.0,0.0,0.0,0,15.5
2024-10-11 18:00:00,2024-10-11T22:00:00Z,17.8,14.6,40,0.0,0.0,0.0,0,12.5
2024-10-11 19:00:00,2024-10-11T23:00:00Z,16.1,12.4,46,0.0,0.0,0.0,0,15.9
2024-10-11 20:00:00,2024-10-12T00:00:00Z,15.4,11.6,47,0.0,0.0,0.0,0,16.3
2024-10-11 21:00:00,2024-10-12T01:00:00Z,14.7,11.0,49,0.0,0.0,0.0,0,15.7
2024-10-11 22:00:00,2024-10-12T02:00:00Z,14.1,10.4,52,0.0,0.0,0.0,0,16.2
2024-10-11 23:00:00,2024-10-12T03:00:00Z,13.8,9.7,54,0.0,0.0,0.0,0,18.8
2024-10-12 00:00:00,2024-10-12T04:00:00Z,13.6,9.7,56,0.0,0.0,0.0,0,18.3
2024-10-12 01:00:00,2024-10-12T05:00:00Z,13.5,9.7,58,0.0,0.0,0.0,0,17.6
2024-10-12 02:00:00,2024-10-12T06:00:00Z,13.5,9.9,58,0.0,0.0,0.0,0,16.3
2024-10-12 03:00:00,2024-10-12T07:00:00Z,13.6,10.2,57,0.0,0.0,0.0,2,15.0
2024-10-12 04:00:00,2024-10-12T08:00:00Z,14.2,10.6,53,0.0,0.0,0.0,0,15.7
2024-10-12 05:00:00,2024-10-12T09:00:00Z,14.5,10.9,51,0.0,0.0,0.0,0,15.8
2024-10-12 06:00:00,2024-10-12T10:00:00Z,14.6,11.1,52,0.0,0.0,0.0,1,15.8
2024-10-12 07:00:00,2024-10-12T11:00:00Z,14.7,11.2,53,0.0,0.0,0.0,0,16.1
2024-10-12 08:00:00,2024-10-12T12:00:00Z,15.4,12.0,54,0.0,0.0,0.0,0,16.7
2024-10-12 09:00:00,2024-10-12T13:00:00Z,18.0,15.3,52,0.0,0.0,0.0,0,14.8
2024-10-12 10:00:00,2024-10-12T14:00:00Z,19.6,15.8,47,0.0,0.0,0.0,0,22.2
2024-10-12 11:00:00,2024-10-12T15:00:00Z,20.4,16.3,41,0.0,0.0,0.0,0,22.4
2024-10-12 12:00:00,2024-10-12T16:00:00Z,21.1,17.5,39,0.0,0.0,0.0,0,21.1
2024-10-12 13:00:00,2024-10-12T17:00:00Z,21.5,18.3,38,0.0,0.0,0.0,1,20.1
2024-10-12 14:00:00,2024-10-12T18:00:00Z,21.8,18.3,34,0.0,0.0,0.0,1,19.7
2024-10-12 15:00:00,2024-10-12T19:00:00Z,21.8,17.9,32,0.0,0.0,0.0,1,18.4
2024-10-12 16:00:00,2024-10-12T20:00:00Z,21.5,17.4,29,0.0,0.0,0.0,2,17.1
2024-10-12 17:00:00,2024-10-12T21:00:00Z,20.7,16.8,30,0.0,0.0,0.0,1,15.3
2024-10-12 18:00:00,2024-10-12T22:00:00Z,18.6,15.5,35,0.0,0.0,0.0,0,10.1
2024-10-12 19:00:00,2024-10-12T23:00:00Z,15.7,12.9,43,0.0,0.0,0.0,0,8.3
2024-10-12 20:00:00,2024-10-13T00:00:00Z,14.3,11.4,48,0.0,0.0,0.0,0,9.2
2024-10-12 21:00:00,2024-10-13T01:00:00Z,13.3,10.4,47,0.0,0.0,0.0,0,7.9
2024-10-12 22:00:00,2024-10-13T02:00:00Z,12.4,9.3,50,0.0,0.0,0.0,0,8.8
2024-10-12 23:00:00,2024-10-13T03:00:00Z,11.7,8.5,51,0.0,0.0,0.0,0,9.9
2024-10-13 00:00:00,2024-10-13T04:00:00Z,10.8,7.8,56,0.0,0.0,0.0,0,8.2
2024-10-13 01:00:00,2024-10-13T05:00:00Z,9.8,7.1,61,0.0,0.0,0.0,0,7.0
2024-10-13 02:00:00,2024-10-13T06:00:00Z,9.1,6.5,65,0.0,0.0,0.0,3,6.6
2024-10-13 03:00:00,2024-10-13T07:00:00Z,10.7,8.1,59,0.0,0.0,0.0,3,7.0
2024-10-13 04:00:00,2024-10-13T08:00:00Z,11.0,8.4,60,0.0,0.0,0.0,3,7.1
2024-10-13 05:00:00,2024-10-13T09:00:00Z,11.2,8.9,63,0.0,0.0,0.0,3,6.4
2024-10-13 06:00:00,2024-10-13T10:00:00Z,11.3,8.8,66,0.0,0.0,0.0,3,8.5
2024-10-13 07:00:00,2024-10-13T11:00:00Z,11.1,8.4,65,0.0,0.0,0.0,3,10.2
2024-10-13 08:00:00,2024-10-13T12:00:00Z,11.1,7.9,61,0.0,0.0,0.0,2,11.7
2024-10-13 09:00:00,2024-10-13T13:00:00Z,11.8,8.0,53,0.0,0.0,0.0,0,13.9
2024-10-13 10:00:00,2024-10-13T14:00:00Z,13.9,10.6,53,0.0,0.0,0.0,2,13.5
2024-10-13 11:00:00,2024-10-13T15:00:00Z,16.4,13.9,54,0.0,0.0,0.0,1,11.7
2024-10-13 12:00:00,2024-10-13T16:00:00Z,18.8,17.5,52,0.0,0.0,0.0,1,8.3
2024-10-13 13:00:00,2024-10-13T17:00:00Z,20.8,19.9,51,0.0,0.0,0.0,2,9.4
2024-10-13 14:00:00,2024-10-13T18:00:00Z,21.6,20.1,53,0.0,0.0,0.0,0,14.0
2024-10-13 15:00:00,2024-10-13T19:00:00Z,22.2,20.9,54,0.0,0.0,0.0,0,14.3
2024-10-13 16:00:00,2024-10-13T20:00:00Z,22.3,21.1,57,0.0,0.0,0.0,0,15.2
2024-10-13 17:00:00,2024-10-13T21:00:00Z,21.7,21.3,64,0.0,0.0,0.0,3,13.0
2024-10-13 18:00:00,2024-10-13T22:00:00Z,20.5,20.4,69,0.0,0.0,0.0,2,10.7
2024-10-13 19:00:00,2024-10-13T23:00:00Z,20.2,18.5,59,0.0,0.0,0.0,1,15.8
2024-10-13 20:00:00,2024-10-14T00:00:00Z,19.7,18.2,60,0.0,0.0,0.0,2,13.9
2024-10-13 21:00:00,2024-10-14T01:00:00Z,16.3,16.3,86,0.0,0.0,0.0,3,8.4
2024-10-13 22:00:00,2024-10-14T02:00:00Z,15.8,16.3,87,0.0,0.0,0.0,3,4.9
2024-10-13 23:00:00,2024-10-14T03:00:00Z,15.0,15.9,93,0.0,0.0,0.0,3,2.2
2024-10-14 00:00:00,2024-10-14T04:00:00Z,13.8,14.3,94,0.0,0.0,0.0,0,2.2
2024-10-14 01:00:00,2024-10-14T05:00:00Z,13.2,12.9,96,0.0,0.0,0.0,1,7.6
2024-10-14 02:00:00,2024-10-14T06:00:00Z,11.1,9.7,100,0.0,0.0,0.0,3,12.1
2024-10-14 03:00:00,2024-10-14T07:00:00Z,10.5,8.8,98,0.0,0.0,0.0,2,11.6
2024-10-14 04:00:00,2024-10-14T08:00:00Z,10.5,8.8,93,0.0,0.0,0.0,1,10.3
2024-10-14 05:00:00,2024-10-14T09:00:00Z,10.4,9.1,92,0.0,0.0,0.0,2,7.8
2024-10-14 06:00:00,2024-10-14T10:00:00Z,10.3,9.6,92,0.0,0.0,0.0,2,2.9
2024-10-14 07:00:00,2024-10-14T11:00:00Z,9.9,9.1,95,0.0,0.0,0.0,2,3.9
2024-10-14 08:00:00,2024-10-14T12:00:00Z,10.3,9.5,96,0.0,0.0,0.0,2,4.8
2024-10-14 09:00:00,2024-10-14T13:00:00Z,10.6,9.7,89,0.0,0.0,0.0,3,4.5
2024-10-14 10:00:00,2024-10-14T14:00:00Z,13.0,12.9,83,0.0,0.0,0.0,2,0.4
2024-10-14 11:00:00,2024-10-14T15:00:00Z,15.9,15.2,73,0.1,0.1,0.0,51,7.0
2024-10-14 12:00:00,2024-10-14T16:00:00Z,18.2,13.2,39,0.0,0.0,0.0,0,24.3
2024-10-14 13:00:00,2024-10-14T17:00:00Z,18.2,12.2,32,0.0,0.0,0.0,0,31.2
2024-10-14 14:00:00,2024-10-14T18:00:00Z,17.8,11.9,34,0.0,0.0,0.0,0,30.6
2024-10-14 15:00:00,2024-10-14T19:00:00Z,17.9,11.1,33,0.0,0.0,0.0,3,33.9
2024-10-14 16:00:00,2024-10-14T20:00:00Z,15.8,9.1,42,0.0,0.0,0.0,2,34.4
2024-10-14 17:00:00,2024-10-14T21:00:00Z,12.6,6.1,46,0.0,0.0,0.0,0,31.8
2024-10-14 18:00:00,2024-10-14T22:00:00Z,10.9,4.6,49,0.0,0.0,0.0,1,28.6
2024-10-14 19:00:00,2024-10-14T23:00:00Z,9.6,3.5,52,0.0,0.0,0.0,1,27.5
2024-10-14 20:00:00,2024-10-15T00:00:00Z,8.8,2.9,55,0.0,0.0,0.0,1,25.9
2024-10-14 21:00:00,2024-10-15T01:00:00Z,8.8,3.1,58,0.0,0.0,0.0,0,25.2
2024-10-14 22:00:00,2024-10-15T02:00:00Z,8.2,2.9,60,0.0,0.0,0.0,0,22.9
2024-10-14 23:00:00,2024-10-15T03:00:00Z,7.7,2.9,64,0.0,0.0,0.0,0,19.7
2024-10-15 00:00:00,2024-10-15T04:00:00Z,7.2,2.8,67,0.0,0.0,0.0,0,17.2
2024-10-15 01:00:00,2024-10-15T05:00:00Z,6.8,2.9,68,0.0,0.0,0.0,3,13.8
2024-10-15 02:00:00,2024-10-15T06:00:00Z,6.7,2.9,70,0.0,0.0,0.0,3,12.9
2024-10-15 03:00:00,2024-10-15T07:00:00Z,6.3,2.5,72,0.0,0.0,0.0,0,13.4
2024-10-15 04:00:00,2024-10-15T08:00:00Z,5.8,1.9,75,0.0,0.0,0.0,0,13.9
2024-10-15 05:00:00,2024-10-15T09:00:00Z,5.4,1.6,77,0.0,0.0,0.0,0,13.3
2024-10-15 06:00:00,2024-10-15T10:00:00Z,5.0,1.2,78,0.0,0.0,0.0,0,13.3
2024-10-15 07:00:00,2024-10-15T11:00:00Z,4.8,1.0,78,0.0,0.0,0.0,2,12.7
2024-10-15 08:00:00,2024-10-15T12:00:00Z,5.6,1.8,75,0.0,0.0,0.0,0,13.1
2024-10-15 09:00:00,2024-10-15T13:00:00Z,7.7,3.5,62,0.0,0.0,0.0,2,15.0
2024-10-15 10:00:00,2024-10-15T14:00:00Z,9.4,5.2,56,0.0,0.0,0.0,1,15.0
2024-10-15 11:00:00,2024-10-15T15:00:00Z,10.9,6.7,51,0.0,0.0,0.0,0,15.3
2024-10-15 12:00:00,2024-10-15T16:00:00Z,12.3,8.3,44,0.0,0.0,0.0,0,15.5
2024-10-15 13:00:00,2024-10-15T17:00:00Z,13.3,9.0,38,0.0,0.0,0.0,1,16.8
2024-10-15 14:00:00,2024-10-15T18:00:00Z,13.5,8.2,35,0.0,0.0,0.0,1,19.7
2024-10-15 15:00:00,2024-10-15T19:00:00Z,13.4,8.4,35,0.1,0.1,0.0,51,18.4
2024-10-15 16:00:00,2024-10-15T20:00:00Z,13.6,8.5,33,0.0,0.0,0.0,1,18.4
2024-10-15 17:00:00,2024-10-15T21:00:00Z,12.9,7.8,34,0.0,0.0,0.0,1,18.3
2024-10-15 18:00:00,2024-10-15T22:00:00Z,11.7,6.9,39,0.0,0.0,0.0,1,16.6
2024-10-15 19:00:00,2024-10-15T23:00:00Z,10.1,6.2,49,0.0,0.0,0.0,0,12.1
2024-10-15 20:00:00,2024-10-16T00:00:00Z,8.7,5.3,57,0.0,0.0,0.0,0,9.8
2024-10-15 21:00:00,2024-10-16T01:00:00Z,8.2,4.9,58,0.0,0.0,0.0,0,8.1
2024-10-15 22:00:00,2024-10-16T02:00:00Z,7.5,4.2,63,0.0,0.0,0.0,0,9.3
2024-10-15 23:00:00,2024-10-16T03:00:00Z,7.5,3.5,63,0.0,0.0,0.0,0,13.5
2024-10-16 00:00:00,2024-10-16T04:00:00Z,7.1,3.1,63,0.0,0.0,0.0,0,13.8
2024-10-16 01:00:00,2024-10-16T05:00:00Z,6.5,2.3,66,0.0,0.0,0.0,0,14.8
2024-10-16 02:00:00,2024-10-16T06:00:00Z,6.3,1.9,65,0.0,0.0,0.0,0,15.5
2024-10-16 03:00:00,2024-10-16T07:00:00Z,5.9,1.6,66,0.0,0.0,0.0,0,14.4
2024-10-16 04:00:00,2024-10-16T08:00:00Z,5.6,1.4,67,0.0,0.0,0.0,0,14.5
2024-10-16 05:00:00,2024-10-16T09:00:00Z,5.3,1.2,69,0.0,0.0,0.0,0,14.1
2024-10-16 06:00:00,2024-10-16T10:00:00Z,5.1,1.1,72,0.0,0.0,0.0,0,13.3
2024-10-16 07:00:00,2024-10-16T11:00:00Z,5.0,1.0,75,0.0,0.0,0.0,0,13.6
2024-10-16 08:00:00,2024-10-16T12:00:00Z,5.9,1.7,73,0.0,0.0,0.0,0,15.3
2024-10-16 09:00:00,2024-10-16T13:00:00Z,8.0,3.4,62,0.0,0.0,0.0,0,18.1
2024-10-16 10:00:00,2024-10-16T14:00:00Z,9.8,4.7,53,0.0,0.0,0.0,3,21.0
2024-10-16 11:00:00,2024-10-16T15:00:00Z,10.6,5.8,49,0.0,0.0,0.0,2,19.0
2024-10-16 12:00:00,2024-10-16T16:00:00Z,12.3,7.3,41,0.0,0.0,0.0,2,19.0
2024-10-16 13:00:00,2024-10-16T17:00:00Z,13.5,8.5,37,0.0,0.0,0.0,2,19.3
2024-10-16 14:00:00,2024-10-16T18:00:00Z,13.9,8.9,36,0.0,0.0,0.0,1,18.9
2024-10-16 15:00:00,2024-10-16T19:00:00Z,14.3,9.3,34,0.0,0.0,0.0,2,18.5
2024-10-16 16:00:00,2024-10-16T20:00:00Z,14.4,9.6,33,0.0,0.0,0.0,1,16.6
2024-10-16 17:00:00,2024-10-16T21:00:00Z,13.6,8.6,34,0.0,0.0,0.0,0,17.8
2024-10-16 18:00:00,2024-10-16T22:00:00Z,12.0,7.9,39,0.0,0.0,0.0,0,12.1
2024-10-16 19:00:00,2024-10-16T23:00:00Z,10.2,5.8,46,0.0,0.0,0.0,0,14.5
2024-10-16 20:00:00,2024-10-17T00:00:00Z,9.4,4.5,50,0.0,0.0,0.0,0,17.9
2024-10-16 21:00:00,2024-10-17T01:00:00Z,8.4,4.3,58,0.0,0.0,0.0,0,14.5
2024-10-16 22:00:00,2024-10-17T02:00:00Z,8.0,3.5,60,0.0,0.0,0.0,0,17.0
2024-10-16 23:00:00,2024-10-17T03:00:00Z,7.3,3.1,62,0.0,0.0,0.0,0,14.7
2024-10-17 00:00:00,2024-10-17T04:00:00Z,6.3,2.7,68,0.0,0.0,0.0,0,10.4
2024-10-17 01:00:00,2024-10-17T05:00:00Z,5.4,2.2,74,0.0,0.0,0.0,0,8.3
2024-10-17 02:00:00,2024-10-17T06:00:00Z,5.0,0.9,76,0.0,0.0,0.0,0,14.8
2024-10-17 03:00:00,2024-10-17T07:00:00Z,4.7,0.7,75,0.0,0.0,0.0,0,13.2
2024-10-17 04:00:00,2024-10-17T08:00:00Z,4.3,0.5,76,0.0,0.0,0.0,0,11.4
2024-10-17 05:00:00,2024-10-17T09:00:00Z,4.0,-0.1,77,0.0,0.0,0.0,0,13.4
2024-10-17 06:00:00,2024-10-17T10:00:00Z,3.8,0.0,77,0.0,0.0,0.0,0,11.7
2024-10-17 07:00:00,2024-10-17T11:00:00Z,3.4,0.3,80,0.0,0.0,0.0,0,6.9
2024-10-17 08:00:00,2024-10-17T12:00:00Z,4.2,-0.1,79,0.0,0.0,0.0,1,15.6
2024-10-17 09:00:00,2024-10-17T13:00:00Z,6.4,2.2,67,0.0,0.0,0.0,0,15.0
2024-10-17 10:00:00,2024-10-17T14:00:00Z,8.8,4.5,57,0.0,0.0,0.0,0,15.4
2024-10-17 11:00:00,2024-10-17T15:00:00Z,10.7,6.6,47,0.0,0.0,0.0,0,13.3
2024-10-17 12:00:00,2024-10-17T16:00:00Z,12.1,8.4,43,0.0,0.0,0.0,0,12.6
2024-10-17 13:00:00,2024-10-17T17:00:00Z,13.2,9.8,39,0.0,0.0,0.0,0,12.2
2024-10-17 14:00:00,2024-10-17T18:00:00Z,14.0,10.0,35,0.0,0.0,0.0,3,15.1
2024-10-17 15:00:00,2024-10-17T19:00:00Z,14.0,9.2,35,0.0,0.0,0.0,3,16.9
2024-10-17 16:00:00,2024-10-17T20:00:00Z,14.1,9.1,35,0.0,0.0,0.0,3,18.4
2024-10-17 17:00:00,2024-10-17T21:00:00Z,13.4,7.9,36,0.0,0.0,0.0,3,21.5
2024-10-17 18:00:00,2024-10-17T22:00:00Z,12.2,7.5,41,0.0,0.0,0.0,3,17.2
2024-10-17 19:00:00,2024-10-17T23:00:00Z,10.9,7.3,49,0.0,0.0,0.0,0,10.6
2024-10-17 20:00:00,2024-10-18T00:00:00Z,9.5,5.7,53,0.0,0.0,0.0,0,11.8
2024-10-17 21:00:00,2024-10-18T01:00:00Z,9.4,5.3,52,0.0,0.0,0.0,0,13.1
2024-10-17 22:00:00,2024-10-18T02:00:00Z,8.7,4.6,53,0.0,0.0,0.0,0,13.0
2024-10-17 23:00:00,2024-10-18T03:00:00Z,7.8,3.9,59,0.0,0.0,0.0,0,12.2
2024-10-18 00:00:00,2024-10-18T04:00:00Z,7.2,3.2,64,0.0,0.0,0.0,0,13.8
2024-10-18 01:00:00,2024-10-18T05:00:00Z,7.0,3.0,68,0.0,0.0,0.0,0,14.7
2024-10-18 02:00:00,2024-10-18T06:00:00Z,6.8,3.0,70,0.0,0.0,0.0,0,12.9
2024-10-18 03:00:00,2024-10-18T07:00:00Z,6.6,3.1,70,0.0,0.0,0.0,0,10.7
2024-10-18 04:00:00,2024-10-18T08:00:00Z,6.3,2.7,71,0.0,0.0,0.0,0,11.6
2024-10-18 05:00:00,2024-10-18T09:00:00Z,6.5,2.4,69,0.0,0.0,0.0,0,15.1
2024-10-18 06:00:00,2024-10-18T10:00:00Z,6.6,2.1,67,0.0,0.0,0.0,0,16.8
2024-10-18 07:00:00,2024-10-18T11:00:00Z,6.4,1.9,66,0.0,0.0,0.0,0,17.3
2024-10-18 08:00:00,2024-10-18T12:00:00Z,7.1,2.5,63,0.0,0.0,0.0,0,17.6
2024-10-18 09:00:00,2024-10-18T13:00:00Z,9.3,5.1,60,0.0,0.0,0.0,0,16.6
2024-10-18 10:00:00,2024-10-18T14:00:00Z,11.9,7.7,50,0.0,0.0,0.0,0,16.6
2024-10-18 11:00:00,2024-10-18T15:00:00Z,14.2,9.6,40,0.0,0.0,0.0,0,17.7
2024-10-18 12:00:00,2024-10-18T16:00:00Z,15.7,11.0,33,0.0,0.0,0.0,0,18.6
2024-10-18 13:00:00,2024-10-18T17:00:00Z,16.8,12.4,30,0.0,0.0,0.0,0,18.0
2024-10-18 14:00:00,2024-10-18T18:00:00Z,17.8,13.4,27,0.0,0.0,0.0,0,16.9
2024-10-18 15:00:00,2024-10-18T19:00:00Z,18.3,13.5,26,0.0,0.0,0.0,0,16.5
2024-10-18 16:00:00,2024-10-18T20:00:00Z,18.2,13.4,26,0.0,0.0,0.0,0,16.1
2024-10-18 17:00:00,2024-10-18T21:00:00Z,17.5,13.1,28,0.0,0.0,0.0,0,13.7
2024-10-18 18:00:00,2024-10-18T22:00:00Z,15.0,11.4,34,0.0,0.0,0.0,0,9.2
2024-10-18 19:00:00,2024-10-18T23:00:00Z,13.2,9.4,40,0.0,0.0,0.0,0,11.1
2024-10-18 20:00:00,2024-10-19T00:00:00Z,12.3,8.4,43,0.0,0.0,0.0,0,12.2
2024-10-18 21:00:00,2024-10-19T01:00:00Z,11.2,7.8,48,0.0,0.0,0.0,0,9.1
2024-10-18 22:00:00,2024-10-19T02:00:00Z,10.0,6.9,52,0.0,0.0,0.0,0,7.8
2024-10-18 23:00:00,2024-10-19T03:00:00Z,9.2,6.1,56,0.0,0.0,0.0,0,7.4
2024-10-19 00:00:00,2024-10-19T04:00:00Z,8.4,5.4,59,0.0,0.0,0.0,0,7.2
2024-10-19 01:00:00,2024-10-19T05:00:00Z,8.1,5.0,60,0.0,0.0,0.0,0,7.8
2024-10-19 02:00:00,2024-10-19T06:00:00Z,8.0,4.7,59,0.0,0.0,0.0,0,8.5
2024-10-19 03:00:00,2024-10-19T07:00:00Z,7.8,4.4,59,0.0,0.0,0.0,0,9.2
2024-10-19 04:00:00,2024-10-19T08:00:00Z,7.7,4.3,60,0.0,0.0,0.0,0,9.7
2024-10-19 05:00:00,2024-10-19T09:00:00Z,7.5,4.2,64,0.0,0.0,0.0,0,9.4
2024-10-19 06:00:00,2024-10-19T10:00:00Z,7.2,4.1,69,0.0,0.0,0.0,0,9.2
2024-10-19 07:00:00,2024-10-19T11:00:00Z,6.9,3.9,74,0.0,0.0,0.0,0,9.4
2024-10-19 08:00:00,2024-10-19T12:00:00Z,7.7,4.5,74,0.0,0.0,0.0,0,11.2
2024-10-19 09:00:00,2024-10-19T13:00:00Z,10.0,7.6,71,0.0,0.0,0.0,0,8.1
2024-10-19 10:00:00,2024-10-19T14:00:00Z,13.1,11.1,60,0.0,0.0,0.0,0,6.7
2024-10-19 11:00:00,2024-10-19T15:00:00Z,16.0,14.0,49,0.0,0.0,0.0,0,5.4
2024-10-19 12:00:00,2024-10-19T16:00:00Z,18.0,16.6,42,0.0,0.0,0.0,0,3.1
2024-10-19 13:00:00,2024-10-19T17:00:00Z,19.2,18.4,38,0.0,0.0,0.0,0,0.6
2024-10-19 14:00:00,2024-10-19T18:00:00Z,20.0,18.9,34,0.0,0.0,0.0,0,0.6
2024-10-19 15:00:00,2024-10-19T19:00:00Z,20.5,18.7,33,0.0,0.0,0.0,0,1.9
2024-10-19 16:00:00,2024-10-19T20:00:00Z,20.6,18.5,32,0.0,0.0,0.0,0,3.3
2024-10-19 17:00:00,2024-10-19T21:00:00Z,19.7,18.0,38,0.0,0.0,0.0,0,3.1
2024-10-19 18:00:00,2024-10-19T22:00:00Z,16.0,13.8,47,0.0,0.0,0.0,0,6.5
2024-10-19 19:00:00,2024-10-19T23:00:00Z,13.8,11.1,54,0.0,0.0,0.0,0,9.3
2024-10-19 20:00:00,2024-10-20T00:00:00Z,12.2,9.9,63,0.0,0.0,0.0,0,7.7
2024-10-19 21:00:00,2024-10-20T01:00:00Z,11.5,9.9,77,0.0,0.0,0.0,0,6.9
2024-10-19 22:00:00,2024-10-20T02:00:00Z,10.4,8.8,83,0.0,0.0,0.0,0,6.9
2024-10-19 23:00:00,2024-10-20T03:00:00Z,9.5,7.8,86,0.0,0.0,0.0,0,6.2
2024-10-20 00:00:00,2024-10-20T04:00:00Z,9.1,7.1,83,0.0,0.0,0.0,0,7.0
2024-10-20 01:00:00,2024-10-20T05:00:00Z,9.0,6.8,82,0.0,0.0,0.0,0,8.3
2024-10-20 02:00:00,2024-10-20T06:00:00Z,8.6,6.4,83,0.0,0.0,0.0,0,8.1
2024-10-20 03:00:00,2024-10-20T07:00:00Z,8.2,5.9,79,0.0,0.0,0.0,0,7.1
2024-10-20 04:00:00,2024-10-20T08:00:00Z,7.5,5.1,77,0.0,0.0,0.0,0,6.0
2024-10-20 05:00:00,2024-10-20T09:00:00Z,7.0,4.6,77,0.0,0.0,0.0,0,5.6
2024-10-20 06:00:00,2024-10-20T10:00:00Z,6.5,3.9,79,0.0,0.0,0.0,0,6.2
2024-10-20 07:00:00,2024-10-20T11:00:00Z,5.6,2.9,84,0.0,0.0,0.0,0,7.6
2024-10-20 08:00:00,2024-10-20T12:00:00Z,7.2,4.9,78,0.0,0.0,0.0,0,5.1
2024-10-20 09:00:00,2024-10-20T13:00:00Z,9.3,7.6,77,0.0,0.0,0.0,0,3.7
2024-10-20 10:00:00,2024-10-20T14:00:00Z,13.3,12.1,63,0.0,0.0,0.0,0,2.1
2024-10-20 11:00:00,2024-10-20T15:00:00Z,17.0,15.6,46,0.0,0.0,0.0,0,1.9
2024-10-20 12:00:00,2024-10-20T16:00:00Z,19.5,18.3,38,0.0,0.0,0.0,0,1.9
2024-10-20 13:00:00,2024-10-20T17:00:00Z,21.2,19.6,32,0.0,0.0,0.0,0,4.9
2024-10-20 14:00:00,2024-10-20T18:00:00Z,22.3,20.3,29,0.0,0.0,0.0,0,6.8
2024-10-20 15:00:00,2024-10-20T19:00:00Z,23.0,20.2,27,0.0,0.0,0.0,1,7.9
2024-10-20 16:00:00,2024-10-20T20:00:00Z,23.1,20.0,25,0.0,0.0,0.0,0,8.7
2024-10-20 17:00:00,2024-10-20T21:00:00Z,21.8,19.4,30,0.0,0.0,0.0,2,6.4
2024-10-20 18:00:00,2024-10-20T22:00:00Z,17.9,15.0,37,0.0,0.0,0.0,0,8.8
2024-10-20 19:00:00,2024-10-20T23:00:00Z,14.1,11.0,47,0.0,0.0,0.0,0,10.0
2024-10-20 20:00:00,2024-10-21T00:00:00Z,14.0,10.9,45,0.0,0.0,0.0,0,8.8
2024-10-20 21:00:00,2024-10-21T01:00:00Z,14.4,11.1,43,0.0,0.0,0.0,0,10.0
2024-10-20 22:00:00,2024-10-21T02:00:00Z,13.1,10.2,49,0.0,0.0,0.0,0,8.5
2024-10-20 23:00:00,2024-10-21T03:00:00Z,11.8,9.1,55,0.0,0.0,0.0,0,7.8
2024-10-21 00:00:00,2024-10-21T04:00:00Z,11.0,8.4,59,0.0,0.0,0.0,0,7.4
2024-10-21 01:00:00,2024-10-21T05:00:00Z,10.3,7.8,65,0.0,0.0,0.0,0,7.3
2024-10-21 02:00:00,2024-10-21T06:00:00Z,9.7,7.4,70,0.0,0.0,0.0,0,7.1
2024-10-21 03:00:00,2024-10-21T07:00:00Z,9.0,6.9,76,0.0,0.0,0.0,0,6.4
2024-10-21 04:00:00,2024-10-21T08:00:00Z,8.0,5.7,83,0.0,0.0,0.0,0,8.0
2024-10-21 05:00:00,2024-10-21T09:00:00Z,8.1,6.2,84,0.0,0.0,0.0,0,5.7
2024-10-21 06:00:00,2024-10-21T10:00:00Z,7.9,6.0,86,0.0,0.0,0.0,0,5.8
2024-10-21 07:00:00,2024-10-21T11:00:00Z,7.7,5.7,87,0.0,0.0,0.0,0,6.2
2024-10-21 08:00:00,2024-10-21T12:00:00Z,9.2,7.1,80,0.0,0.0,0.0,0,7.5
2024-10-21 09:00:00,2024-10-21T13:00:00Z,14.1,12.1,60,0.0,0.0,0.0,0,7.2
2024-10-21 10:00:00,2024-10-21T14:00:00Z,17.3,15.5,48,0.0,0.0,0.0,0,5.7
2024-10-21 11:00:00,2024-10-21T15:00:00Z,19.9,18.5,42,0.0,0.0,0.0,0,3.6
2024-10-21 12:00:00,2024-10-21T16:00:00Z,22.4,21.1,37,0.0,0.0,0.0,0,4.2
2024-10-21 13:00:00,2024-10-21T17:00:00Z,24.2,23.0,33,0.0,0.0,0.0,0,5.2
2024-10-21 14:00:00,2024-10-21T18:00:00Z,25.5,24.0,31,0.0,0.0,0.0,0,6.9
2024-10-21 15:00:00,2024-10-21T19:00:00Z,26.2,24.0,29,0.0,0.0,0.0,0,9.9
2024-10-21 16:00:00,2024-10-21T20:00:00Z,26.4,23.7,28,0.0,0.0,0.0,0,11.8
2024-10-21 17:00:00,2024-10-21T21:00:00Z,25.5,23.1,30,0.0,0.0,0.0,0,11.0
2024-10-21 18:00:00,2024-10-21T22:00:00Z,22.3,19.9,35,0.0,0.0,0.0,0,9.4
2024-10-21 19:00:00,2024-10-21T23:00:00Z,20.9,18.3,39,0.0,0.0,0.0,0,11.7
2024-10-21 20:00:00,2024-10-22T00:00:00Z,19.9,17.5,44,0.0,0.0,0.0,0,12.2
2024-10-21 21:00:00,2024-10-22T01:00:00Z,18.7,16.5,48,0.0,0.0,0.0,0,10.0
2024-10-21 22:00:00,2024-10-22T02:00:00Z,17.5,15.7,53,0.0,0.0,0.0,0,8.5
2024-10-21 23:00:00,2024-10-22T03:00:00Z,16.5,15.0,58,0.0,0.0,0.0,0,7.4
2024-10-22 00:00:00,2024-10-22T04:00:00Z,15.1,13.7,67,0.0,0.0,0.0,0,7.7
2024-10-22 01:00:00,2024-10-22T05:00:00Z,14.0,12.5,74,0.0,0.0,0.0,0,9.6
2024-10-22 02:00:00,2024-10-22T06:00:00Z,13.6,12.2,77,0.0,0.0,0.0,0,8.9
2024-10-22 03:00:00,2024-10-22T07:00:00Z,12.9,11.5,80,0.0,0.0,0.0,0,8.7
2024-10-22 04:00:00,2024-10-22T08:00:00Z,12.7,11.4,81,0.0,0.0,0.0,0,7.9
2024-10-22 05:00:00,2024-10-22T09:00:00Z,12.8,11.6,80,0.0,0.0,0.0,0,7.7
2024-10-22 06:00:00,2024-10-22T10:00:00Z,12.1,10.6,84,0.0,0.0,0.0,0,9.1
2024-10-22 07:00:00,2024-10-22T11:00:00Z,12.5,11.5,83,0.0,0.0,0.0,0,5.9
2024-10-22 08:00:00,2024-10-22T12:00:00Z,13.2,12.0,81,0.0,0.0,0.0,0,8.4
2024-10-22 09:00:00,2024-10-22T13:00:00Z,16.3,15.4,69,0.0,0.0,0.0,0,7.7
2024-10-22 10:00:00,2024-10-22T14:00:00Z,19.1,19.1,62,0.0,0.0,0.0,0,3.6
2024-10-22 11:00:00,2024-10-22T15:00:00Z,22.1,22.2,53,0.0,0.0,0.0,0,3.5
2024-10-22 12:00:00,2024-10-22T16:00:00Z,24.5,24.4,45,0.0,0.0,0.0,0,4.5
2024-10-22 13:00:00,2024-10-22T17:00:00Z,25.9,25.7,41,0.0,0.0,0.0,0,6.5
2024-10-22 14:00:00,2024-10-22T18:00:00Z,26.5,25.9,40,0.0,0.0,0.0,0,9.0
2024-10-22 15:00:00,2024-10-22T19:00:00Z,26.5,25.4,39,0.0,0.0,0.0,0,10.7
2024-10-22 16:00:00,2024-10-22T20:00:00Z,25.7,24.1,39,0.0,0.0,0.0,0,12.2
2024-10-22 17:00:00,2024-10-22T21:00:00Z,23.6,22.3,45,0.0,0.0,0.0,0,11.0
2024-10-22 18:00:00,2024-10-22T22:00:00Z,20.2,18.7,55,0.0,0.0,0.0,0,11.8
2024-10-22 19:00:00,2024-10-22T23:00:00Z,17.6,16.5,67,0.0,0.0,0.0,0,10.3
2024-10-22 20:00:00,2024-10-23T00:00:00Z,16.5,16.0,76,0.0,0.0,0.0,0,8.4
2024-10-22 21:00:00,2024-10-23T01:00:00Z,16.7,15.8,72,0.0,0.0,0.0,0,9.4
2024-10-22 22:00:00,2024-10-23T02:00:00Z,16.1,15.3,72,0.0,0.0,0.0,0,7.5
2024-10-22 23:00:00,2024-10-23T03:00:00Z,15.0,14.4,76,0.0,0.0,0.0,0,5.6
2024-10-23 00:00:00,2024-10-23T04:00:00Z,14.0,13.1,78,0.0,0.0,0.0,0,6.5
2024-10-23 01:00:00,2024-10-23T05:00:00Z,13.9,12.8,74,0.0,0.0,0.0,0,6.1
2024-10-23 02:00:00,2024-10-23T06:00:00Z,13.8,12.4,72,0.0,0.0,0.0,0,7.7
2024-10-23 03:00:00,2024-10-23T07:00:00Z,13.2,11.8,74,0.0,0.0,0.0,0,7.6
2024-10-23 04:00:00,2024-10-23T08:00:00Z,12.4,11.0,77,0.0,0.0,0.0,0,6.7
2024-10-23 05:00:00,2024-10-23T09:00:00Z,12.0,10.3,78,0.0,0.0,0.0,0,8.7
2024-10-23 06:00:00,2024-10-23T10:00:00Z,11.3,9.5,80,0.0,0.0,0.0,0,9.2
2024-10-23 07:00:00,2024-10-23T11:00:00Z,10.7,8.7,83,0.0,0.0,0.0,0,9.8
2024-10-23 08:00:00,2024-10-23T12:00:00Z,11.4,9.2,79,0.0,0.0,0.0,0,11.0
2024-10-23 09:00:00,2024-10-23T13:00:00Z,14.0,12.3,69,0.0,0.0,0.0,3,8.5
2024-10-23 10:00:00,2024-10-23T14:00:00Z,16.7,14.9,58,0.0,0.0,0.0,0,9.6
2024-10-23 11:00:00,2024-10-23T15:00:00Z,19.5,17.5,50,0.0,0.0,0.0,0,11.6
2024-10-23 12:00:00,2024-10-23T16:00:00Z,21.6,19.3,46,0.0,0.0,0.0,0,15.0
2024-10-23 13:00:00,2024-10-23T17:00:00Z,22.6,20.9,51,0.0,0.0,0.0,0,17.1
2024-10-23 14:00:00,2024-10-23T18:00:00Z,23.7,22.4,53,0.0,0.0,0.0,0,17.3
2024-10-23 15:00:00,2024-10-23T19:00:00Z,24.1,22.5,49,0.0,0.0,0.0,0,17.3
2024-10-23 16:00:00,2024-10-23T20:00:00Z,23.7,22.0,51,0.0,0.0,0.0,0,17.8
2024-10-23 17:00:00,2024-10-23T21:00:00Z,21.7,21.4,68,0.0,0.0,0.0,0,15.1
2024-10-23 18:00:00,2024-10-23T22:00:00Z,19.5,19.4,71,0.0,0.0,0.0,0,10.3
2024-10-23 19:00:00,2024-10-23T23:00:00Z,18.4,16.6,53,0.0,0.0,0.0,0,10.0
2024-10-23 20:00:00,2024-10-24T00:00:00Z,17.6,15.1,51,0.0,0.0,0.0,0,11.8
2024-10-23 21:00:00,2024-10-24T01:00:00Z,17.5,15.3,58,0.0,0.0,0.0,0,13.2
2024-10-23 22:00:00,2024-10-24T02:00:00Z,16.8,15.3,68,0.0,0.0,0.0,0,12.4
2024-10-23 23:00:00,2024-10-24T03:00:00Z,15.9,14.7,73,0.0,0.0,0.0,1,10.1
2024-10-24 00:00:00,2024-10-24T04:00:00Z,15.1,13.7,70,0.0,0.0,0.0,1,8.8
2024-10-24 01:00:00,2024-10-24T05:00:00Z,14.6,12.6,63,0.0,0.0,0.0,1,8.8
2024-10-24 02:00:00,2024-10-24T06:00:00Z,14.4,12.4,60,0.0,0.0,0.0,1,8.2
2024-10-24 03:00:00,2024-10-24T07:00:00Z,14.1,12.0,64,0.0,0.0,0.0,1,9.7
2024-10-24 04:00:00,2024-10-24T08:00:00Z,14.9,12.2,67,0.0,0.0,0.0,1,16.1
2024-10-24 05:00:00,2024-10-24T09:00:00Z,15.0,13.0,72,0.1,0.1,0.0,51,13.6
2024-10-24 06:00:00,2024-10-24T10:00:00Z,14.8,12.4,70,0.0,0.0,0.0,2,15.9
2024-10-24 07:00:00,2024-10-24T11:00:00Z,14.2,11.3,67,0.0,0.0,0.0,0,16.5
2024-10-24 08:00:00,2024-10-24T12:00:00Z,13.8,10.3,62,0.0,0.0,0.0,1,18.1
2024-10-24 09:00:00,2024-10-24T13:00:00Z,15.1,11.4,57,0.0,0.0,0.0,0,19.7
2024-10-24 10:00:00,2024-10-24T14:00:00Z,16.0,11.8,53,0.0,0.0,0.0,0,22.5
2024-10-24 11:00:00,2024-10-24T15:00:00Z,16.9,12.4,48,0.0,0.0,0.0,0,23.9
2024-10-24 12:00:00,2024-10-24T16:00:00Z,18.0,13.7,45,0.0,0.0,0.0,0,22.8
2024-10-24 13:00:00,2024-10-24T17:00:00Z,18.9,14.8,42,0.0,0.0,0.0,0,21.8
2024-10-24 14:00:00,2024-10-24T18:00:00Z,19.4,15.3,39,0.0,0.0,0.0,0,20.9
2024-10-24 15:00:00,2024-10-24T19:00:00Z,19.5,15.2,36,0.0,0.0,0.0,0,19.9
2024-10-24 16:00:00,2024-10-24T20:00:00Z,19.0,14.9,37,0.0,0.0,0.0,0,18.6
2024-10-24 17:00:00,2024-10-24T21:00:00Z,18.0,14.1,40,0.0,0.0,0.0,0,17.3
2024-10-24 18:00:00,2024-10-24T22:00:00Z,15.8,12.6,48,0.0,0.0,0.0,0,13.6
2024-10-24 19:00:00,2024-10-24T23:00:00Z,13.8,10.6,55,0.0,0.0,0.0,0,13.7
2024-10-24 20:00:00,2024-10-25T00:00:00Z,12.6,9.5,59,0.0,0.0,0.0,0,12.3
2024-10-24 21:00:00,2024-10-25T01:00:00Z,12.5,8.8,54,0.0,0.0,0.0,0,15.0
2024-10-24 22:00:00,2024-10-25T02:00:00Z,11.8,7.8,54,0.0,0.0,0.0,0,16.0
2024-10-24 23:00:00,2024-10-25T03:00:00Z,10.7,6.9,57,0.0,0.0,0.0,0,14.5
2024-10-25 00:00:00,2024-10-25T04:00:00Z,9.8,5.8,60,0.0,0.0,0.0,0,15.1
2024-10-25 01:00:00,2024-10-25T05:00:00Z,8.9,5.0,63,0.0,0.0,0.0,0,15.1
2024-10-25 02:00:00,2024-10-25T06:00:00Z,8.2,4.2,67,0.0,0.0,0.0,0,15.7
2024-10-25 03:00:00,2024-10-25T07:00:00Z,7.7,3.9,69,0.0,0.0,0.0,0,14.5
2024-10-25 04:00:00,2024-10-25T08:00:00Z,7.1,3.5,72,0.0,0.0,0.0,0,13.2
2024-10-25 05:00:00,2024-10-25T09:00:00Z,6.6,3.1,75,0.0,0.0,0.0,0,12.3
2024-10-25 06:00:00,2024-10-25T10:00:00Z,6.2,2.8,77,0.0,0.0,0.0,0,12.0
2024-10-25 07:00:00,2024-10-25T11:00:00Z,5.9,2.6,79,0.0,0.0,0.0,0,10.5
2024-10-25 08:00:00,2024-10-25T12:00:00Z,6.2,3.0,79,0.0,0.0,0.0,0,10.5
2024-10-25 09:00:00,2024-10-25T13:00:00Z,8.0,4.6,68,0.0,0.0,0.0,0,11.0
2024-10-25 10:00:00,2024-10-25T14:00:00Z,9.9,6.9,60,0.0,0.0,0.0,0,9.2
2024-10-25 11:00:00,2024-10-25T15:00:00Z,11.9,9.3,52,0.0,0.0,0.0,0,5.8
2024-10-25 12:00:00,2024-10-25T16:00:00Z,13.5,11.2,46,0.0,0.0,0.0,0,5.0
2024-10-25 13:00:00,2024-10-25T17:00:00Z,14.7,12.2,42,0.0,0.0,0.0,0,7.7
2024-10-25 14:00:00,2024-10-25T18:00:00Z,15.9,13.1,38,0.0,0.0,0.0,0,8.0
2024-10-25 15:00:00,2024-10-25T19:00:00Z,16.9,13.6,35,0.0,0.0,0.0,0,8.8
2024-10-25 16:00:00,2024-10-25T20:00:00Z,17.2,13.4,30,0.0,0.0,0.0,0,10.6
2024-10-25 17:00:00,2024-10-25T21:00:00Z,16.9,12.7,27,0.0,0.0,0.0,1,11.7
2024-10-25 18:00:00,2024-10-25T22:00:00Z,14.4,10.6,32,0.0,0.0,0.0,0,9.3
2024-10-25 19:00:00,2024-10-25T23:00:00Z,12.4,9.1,45,0.0,0.0,0.0,3,8.9
2024-10-25 20:00:00,2024-10-26T00:00:00Z,12.3,8.5,39,0.0,0.0,0.0,3,9.7
2024-10-25 21:00:00,2024-10-26T01:00:00Z,12.5,8.8,38,0.0,0.0,0.0,3,9.3
2024-10-25 22:00:00,2024-10-26T02:00:00Z,11.8,8.1,41,0.0,0.0,0.0,1,9.5
2024-10-25 23:00:00,2024-10-26T03:00:00Z,11.9,8.2,42,0.0,0.0,0.0,1,10.1
2024-10-26 00:00:00,2024-10-26T04:00:00Z,11.4,8.2,48,0.0,0.0,0.0,0,8.1
2024-10-26 01:00:00,2024-10-26T05:00:00Z,10.9,7.9,53,0.0,0.0,0.0,0,7.7
2024-10-26 02:00:00,2024-10-26T06:00:00Z,10.4,7.5,57,0.0,0.0,0.0,0,8.0
2024-10-26 03:00:00,2024-10-26T07:00:00Z,10.0,7.3,60,0.0,0.0,0.0,0,6.9
2024-10-26 04:00:00,2024-10-26T08:00:00Z,9.4,6.6,63,0.0,0.0,0.0,0,8.1
2024-10-26 05:00:00,2024-10-26T09:00:00Z,9.3,6.3,65,0.0,0.0,0.0,0,8.9
2024-10-26 06:00:00,2024-10-26T10:00:00Z,9.5,6.6,65,0.0,0.0,0.0,0,9.4
2024-10-26 07:00:00,2024-10-26T11:00:00Z,9.9,7.1,65,0.0,0.0,0.0,0,8.6
2024-10-26 08:00:00,2024-10-26T12:00:00Z,11.2,7.8,64,0.0,0.0,0.0,0,14.3
2024-10-26 09:00:00,2024-10-26T13:00:00Z,14.0,10.0,55,0.0,0.0,0.0,0,19.3
2024-10-26 10:00:00,2024-10-26T14:00:00Z,15.1,10.3,45,0.0,0.0,0.0,0,21.7
2024-10-26 11:00:00,2024-10-26T15:00:00Z,15.8,10.8,38,0.0,0.0,0.0,2,21.9
2024-10-26 12:00:00,2024-10-26T16:00:00Z,16.7,11.4,32,0.0,0.0,0.0,2,22.1
2024-10-26 13:00:00,2024-10-26T17:00:00Z,16.8,11.8,33,0.0,0.0,0.0,3,21.9
2024-10-26 14:00:00,2024-10-26T18:00:00Z,17.0,11.6,31,0.0,0.0,0.0,0,22.4
2024-10-26 15:00:00,2024-10-26T19:00:00Z,16.8,11.3,30,0.0,0.0,0.0,0,22.3
2024-10-26 16:00:00,2024-10-26T20:00:00Z,16.2,10.2,30,0.0,0.0,0.0,0,24.6
2024-10-26 17:00:00,2024-10-26T21:00:00Z,14.7,9.0,33,0.0,0.0,0.0,0,23.1
2024-10-26 18:00:00,2024-10-26T22:00:00Z,13.4,8.9,36,0.0,0.0,0.0,0,15.0
2024-10-26 19:00:00,2024-10-26T23:00:00Z,12.3,7.9,39,0.0,0.0,0.0,0,14.3
2024-10-26 20:00:00,2024-10-27T00:00:00Z,11.5,7.0,42,0.0,0.0,0.0,0,14.7
2024-10-26 21:00:00,2024-10-27T01:00:00Z,11.4,7.4,44,0.0,0.0,0.0,1,12.3
2024-10-26 22:00:00,2024-10-27T02:00:00Z,11.2,7.1,46,0.0,0.0,0.0,0,13.7
2024-10-26 23:00:00,2024-10-27T03:00:00Z,10.2,5.7,50,0.0,0.0,0.0,1,16.8
2024-10-27 00:00:00,2024-10-27T04:00:00Z,9.5,4.6,53,0.0,0.0,0.0,2,19.4
2024-10-27 01:00:00,2024-10-27T05:00:00Z,8.6,4.0,56,0.0,0.0,0.0,3,17.1
2024-10-27 02:00:00,2024-10-27T06:00:00Z,7.9,3.6,60,0.0,0.0,0.0,3,15.6
2024-10-27 03:00:00,2024-10-27T07:00:00Z,7.2,3.2,63,0.0,0.0,0.0,2,13.4
2024-10-27 04:00:00,2024-10-27T08:00:00Z,6.3,2.8,68,0.0,0.0,0.0,3,10.4
2024-10-27 05:00:00,2024-10-27T09:00:00Z,5.6,2.2,73,0.0,0.0,0.0,0,9.5
2024-10-27 06:00:00,2024-10-27T10:00:00Z,5.1,1.8,76,0.0,0.0,0.0,1,8.8
2024-10-27 07:00:00,2024-10-27T11:00:00Z,4.6,1.5,78,0.0,0.0,0.0,0,8.4
2024-10-27 08:00:00,2024-10-27T12:00:00Z,5.0,1.4,76,0.0,0.0,0.0,0,10.8
2024-10-27 09:00:00,2024-10-27T13:00:00Z,7.4,3.6,61,0.0,0.0,0.0,1,11.7
2024-10-27 10:00:00,2024-10-27T14:00:00Z,9.1,5.1,47,0.0,0.0,0.0,2,11.5
2024-10-27 11:00:00,2024-10-27T15:00:00Z,10.5,6.4,37,0.0,0.0,0.0,0,9.8
2024-10-27 12:00:00,2024-10-27T16:00:00Z,11.8,7.5,27,0.0,0.0,0.0,0,9.7
2024-10-27 13:00:00,2024-10-27T17:00:00Z,12.8,8.7,20,0.0,0.0,0.0,0,8.7
2024-10-27 14:00:00,2024-10-27T18:00:00Z,13.4,9.1,17,0.0,0.0,0.0,0,8.0
2024-10-27 15:00:00,2024-10-27T19:00:00Z,13.7,9.1,17,0.0,0.0,0.0,0,8.4
2024-10-27 16:00:00,2024-10-27T20:00:00Z,13.7,9.0,17,0.0,0.0,0.0,0,8.9
2024-10-27 17:00:00,2024-10-27T21:00:00Z,13.2,8.7,17,0.0,0.0,0.0,3,8.3
2024-10-27 18:00:00,2024-10-27T22:00:00Z,9.9,5.7,30,0.0,0.0,0.0,2,8.5
2024-10-27 19:00:00,2024-10-27T23:00:00Z,8.1,3.9,38,0.0,0.0,0.0,2,8.9
2024-10-27 20:00:00,2024-10-28T00:00:00Z,7.7,3.9,39,0.0,0.0,0.0,0,6.7
2024-10-27 21:00:00,2024-10-28T01:00:00Z,7.2,3.9,53,0.0,0.0,0.0,1,6.4
2024-10-27 22:00:00,2024-10-28T02:00:00Z,5.6,2.3,65,0.0,0.0,0.0,2,7.7
2024-10-27 23:00:00,2024-10-28T03:00:00Z,4.9,1.6,65,0.0,0.0,0.0,0,7.2
2024-10-28 00:00:00,2024-10-28T04:00:00Z,4.4,1.0,68,0.0,0.0,0.0,0,7.5
2024-10-28 01:00:00,2024-10-28T05:00:00Z,3.6,0.3,72,0.0,0.0,0.0,0,7.2
2024-10-28 02:00:00,2024-10-28T06:00:00Z,3.9,0.9,74,0.0,0.0,0.0,0,5.6
2024-10-28 03:00:00,2024-10-28T07:00:00Z,3.1,0.1,82,0.0,0.0,0.0,0,6.2
2024-10-28 04:00:00,2024-10-28T08:00:00Z,2.7,-0.2,88,0.0,0.0,0.0,0,6.5
2024-10-28 05:00:00,2024-10-28T09:00:00Z,2.5,-0.4,91,0.0,0.0,0.0,0,6.9
2024-10-28 06:00:00,2024-10-28T10:00:00Z,2.4,-0.5,93,0.0,0.0,0.0,0,6.4
2024-10-28 07:00:00,2024-10-28T11:00:00Z,2.3,-0.5,93,0.0,0.0,0.0,0,5.8
2024-10-28 08:00:00,2024-10-28T12:00:00Z,3.5,0.8,87,0.0,0.0,0.0,1,5.6
2024-10-28 09:00:00,2024-10-28T13:00:00Z,6.2,3.3,66,0.0,0.0,0.0,2,5.2
2024-10-28 10:00:00,2024-10-28T14:00:00Z,9.4,6.7,50,0.0,0.0,0.0,1,3.2
2024-10-28 11:00:00,2024-10-28T15:00:00Z,11.9,9.0,39,0.0,0.0,0.0,1,4.0
2024-10-28 12:00:00,2024-10-28T16:00:00Z,13.5,10.4,33,0.0,0.0,0.0,0,4.7
2024-10-28 13:00:00,2024-10-28T17:00:00Z,14.5,11.7,31,0.0,0.0,0.0,0,3.8
2024-10-28 14:00:00,2024-10-28T18:00:00Z,15.1,12.1,29,0.0,0.0,0.0,1,3.6
2024-10-28 15:00:00,2024-10-28T19:00:00Z,15.4,12.0,28,0.0,0.0,0.0,0,5.6
2024-10-28 16:00:00,2024-10-28T20:00:00Z,14.9,10.9,31,0.0,0.0,0.0,1,10.3
2024-10-28 17:00:00,2024-10-28T21:00:00Z,13.5,9.1,36,0.0,0.0,0.0,3,14.2
2024-10-28 18:00:00,2024-10-28T22:00:00Z,11.8,8.3,48,0.0,0.0,0.0,1,10.9
2024-10-28 19:00:00,2024-10-28T23:00:00Z,10.6,7.6,58,0.0,0.0,0.0,1,9.3
2024-10-28 20:00:00,2024-10-29T00:00:00Z,10.0,7.0,62,0.0,0.0,0.0,2,9.6
2024-10-28 21:00:00,2024-10-29T01:00:00Z,9.1,6.3,71,0.0,0.0,0.0,2,9.2
2024-10-28 22:00:00,2024-10-29T02:00:00Z,8.7,6.3,79,0.0,0.0,0.0,1,8.6
2024-10-28 23:00:00,2024-10-29T03:00:00Z,8.3,6.2,86,0.0,0.0,0.0,1,7.8
2024-10-29 00:00:00,2024-10-29T04:00:00Z,8.1,6.1,88,0.0,0.0,0.0,0,7.2
2024-10-29 01:00:00,2024-10-29T05:00:00Z,7.6,5.5,89,0.0,0.0,0.0,0,7.2
2024-10-29 02:00:00,2024-10-29T06:00:00Z,7.7,5.4,86,0.0,0.0,0.0,1,8.5
2024-10-29 03:00:00,2024-10-29T07:00:00Z,8.9,7.7,81,0.0,0.0,0.0,0,1.1
2024-10-29 04:00:00,2024-10-29T08:00:00Z,7.2,5.4,91,0.0,0.0,0.0,0,4.7
2024-10-29 05:00:00,2024-10-29T09:00:00Z,7.2,5.3,92,0.0,0.0,0.0,0,5.8
2024-10-29 06:00:00,2024-10-29T10:00:00Z,6.4,4.4,93,0.0,0.0,0.0,0,5.9
2024-10-29 07:00:00,2024-10-29T11:00:00Z,6.1,3.9,93,0.0,0.0,0.0,3,6.4
2024-10-29 08:00:00,2024-10-29T12:00:00Z,6.1,4.0,95,0.0,0.0,0.0,1,6.3
2024-10-29 09:00:00,2024-10-29T13:00:00Z,10.6,9.4,79,0.0,0.0,0.0,1,3.1
2024-10-29 10:00:00,2024-10-29T14:00:00Z,13.9,12.8,66,0.0,0.0,0.0,2,2.7
2024-10-29 11:00:00,2024-10-29T15:00:00Z,16.1,13.5,57,0.0,0.0,0.0,3,13.9
2024-10-29 12:00:00,2024-10-29T16:00:00Z,16.6,13.0,56,0.1,0.1,0.0,51,20.8
2024-10-29 13:00:00,2024-10-29T17:00:00Z,16.4,13.0,61,0.1,0.1,0.0,51,21.4
2024-10-29 14:00:00,2024-10-29T18:00:00Z,16.3,13.1,66,0.3,0.3,0.0,51,21.2
2024-10-29 15:00:00,2024-10-29T19:00:00Z,15.9,12.7,69,0.0,0.0,0.0,3,22.2
2024-10-29 16:00:00,2024-10-29T20:00:00Z,15.7,12.9,74,0.1,0.1,0.0,51,21.0
2024-10-29 17:00:00,2024-10-29T21:00:00Z,15.6,13.2,76,0.0,0.0,0.0,3,19.1
2024-10-29 18:00:00,2024-10-29T22:00:00Z,14.7,13.1,85,0.2,0.2,0.0,51,15.9
2024-10-29 19:00:00,2024-10-29T23:00:00Z,14.5,13.3,90,0.1,0.1,0.0,51,14.7
2024-10-29 20:00:00,2024-10-30T00:00:00Z,14.6,13.7,93,0.0,0.0,0.0,3,13.1
2024-10-29 21:00:00,2024-10-30T01:00:00Z,14.6,13.2,84,0.0,0.0,0.0,3,13.6
2024-10-29 22:00:00,2024-10-30T02:00:00Z,13.7,13.0,89,0.0,0.0,0.0,3,9.1
2024-10-29 23:00:00,2024-10-30T03:00:00Z,13.0,12.6,92,0.0,0.0,0.0,3,6.5
2024-10-30 00:00:00,2024-10-30T04:00:00Z,12.3,11.5,95,0.0,0.0,0.0,3,8.6
2024-10-30 01:00:00,2024-10-30T05:00:00Z,11.7,11.3,97,0.0,0.0,0.0,1,5.5
2024-10-30 02:00:00,2024-10-30T06:00:00Z,11.4,10.6,98,0.0,0.0,0.0,3,7.7
2024-10-30 03:00:00,2024-10-30T07:00:00Z,10.6,9.9,98,0.0,0.0,0.0,1,5.6
2024-10-30 04:00:00,2024-10-30T08:00:00Z,10.7,10.1,99,0.0,0.0,0.0,3,4.7
2024-10-30 05:00:00,2024-10-30T09:00:00Z,11.0,10.5,100,0.0,0.0,0.0,3,5.5
2024-10-30 06:00:00,2024-10-30T10:00:00Z,11.2,10.5,100,0.0,0.0,0.0,3,6.6
2024-10-30 07:00:00,2024-10-30T11:00:00Z,10.8,10.0,100,0.0,0.0,0.0,3,7.2
2024-10-30 08:00:00,2024-10-30T12:00:00Z,10.7,9.8,99,0.0,0.0,0.0,3,6.9
2024-10-30 09:00:00,2024-10-30T13:00:00Z,12.5,11.2,85,0.0,0.0,0.0,2,8.9
2024-10-30 10:00:00,2024-10-30T14:00:00Z,14.8,13.4,71,0.0,0.0,0.0,1,8.9
2024-10-30 11:00:00,2024-10-30T15:00:00Z,17.3,15.7,60,0.0,0.0,0.0,0,10.0
2024-10-30 12:00:00,2024-10-30T16:00:00Z,19.7,18.3,54,0.0,0.0,0.0,1,10.0
2024-10-30 13:00:00,2024-10-30T17:00:00Z,21.9,20.6,49,0.0,0.0,0.0,2,9.9
2024-10-30 14:00:00,2024-10-30T18:00:00Z,23.6,22.3,45,0.0,0.0,0.0,1,11.2
2024-10-30 15:00:00,2024-10-30T19:00:00Z,24.8,23.2,42,0.0,0.0,0.0,3,12.9
2024-10-30 16:00:00,2024-10-30T20:00:00Z,25.0,23.2,41,0.0,0.0,0.0,3,13.8
2024-10-30 17:00:00,2024-10-30T21:00:00Z,23.5,22.1,45,0.0,0.0,0.0,3,11.0
2024-10-30 18:00:00,2024-10-30T22:00:00Z,21.0,19.7,52,0.0,0.0,0.0,3,10.6
2024-10-30 19:00:00,2024-10-30T23:00:00Z,19.8,18.3,57,0.0,0.0,0.0,3,12.7
2024-10-30 20:00:00,2024-10-31T00:00:00Z,18.6,17.1,63,0.0,0.0,0.0,3,13.3
2024-10-30 21:00:00,2024-10-31T01:00:00Z,18.1,16.7,68,0.0,0.0,0.0,3,13.9
2024-10-30 22:00:00,2024-10-31T02:00:00Z,17.3,16.0,72,0.0,0.0,0.0,3,13.0
2024-10-30 23:00:00,2024-10-31T03:00:00Z,16.4,15.2,76,0.0,0.0,0.0,3,12.6
2024-10-31 00:00:00,2024-10-31T04:00:00Z,15.7,14.4,78,0.0,0.0,0.0,3,12.3
2024-10-31 01:00:00,2024-10-31T05:00:00Z,15.0,13.9,80,0.0,0.0,0.0,2,11.0
2024-10-31 02:00:00,2024-10-31T06:00:00Z,14.0,13.0,84,0.0,0.0,0.0,2,9.6
2024-10-31 03:00:00,2024-10-31T07:00:00Z,13.6,12.4,85,0.0,0.0,0.0,2,10.1
2024-10-31 04:00:00,2024-10-31T08:00:00Z,13.0,12.1,87,0.0,0.0,0.0,2,7.6
2024-10-31 05:00:00,2024-10-31T09:00:00Z,12.3,11.5,90,0.0,0.0,0.0,1,6.7
2024-10-31 06:00:00,2024-10-31T10:00:00Z,11.9,11.0,92,0.0,0.0,0.0,2,7.8
2024-10-31 07:00:00,2024-10-31T11:00:00Z,11.7,10.6,94,0.0,0.0,0.0,3,8.7
2024-10-31 08:00:00,2024-10-31T12:00:00Z,11.9,10.6,95,0.0,0.0,0.0,2,11.0
2024-10-31 09:00:00,2024-10-31T13:00:00Z,14.5,13.4,83,0.0,0.0,0.0,1,11.3
2024-10-31 10:00:00,2024-10-31T14:00:00Z,17.7,16.9,71,0.0,0.0,0.0,1,10.4
2024-10-31 11:00:00,2024-10-31T15:00:00Z,21.2,20.4,59,0.0,0.0,0.0,1,11.5
2024-10-31 12:00:00,2024-10-31T16:00:00Z,23.8,22.5,49,0.0,0.0,0.0,1,13.5
2024-10-31 13:00:00,2024-10-31T17:00:00Z,25.3,23.7,44,0.0,0.0,0.0,2,15.8
2024-10-31 14:00:00,2024-10-31T18:00:00Z,26.4,24.3,41,0.0,0.0,0.0,2,18.4
2024-10-31 15:00:00,2024-10-31T19:00:00Z,26.9,24.7,39,0.0,0.0,0.0,3,18.3
2024-10-31 16:00:00,2024-10-31T20:00:00Z,26.6,24.6,39,0.0,0.0,0.0,3,17.6
2024-10-31 17:00:00,2024-10-31T21:00:00Z,25.5,24.0,43,0.0,0.0,0.0,3,15.1
2024-10-31 18:00:00,2024-10-31T22:00:00Z,23.6,22.1,49,0.0,0.0,0.0,3,14.5
2024-10-31 19:00:00,2024-10-31T23:00:00Z,22.7,21.0,51,0.0,0.0,0.0,3,16.7
2024-10-31 20:00:00,2024-11-01T00:00:00Z,22.2,20.1,53,0.0,0.0,0.0,3,18.9
2024-10-31 21:00:00,2024-11-01T01:00:00Z,21.6,19.4,56,0.0,0.0,0.0,3,20.3
2024-10-31 22:00:00,2024-11-01T02:00:00Z,21.1,19.0,59,0.0,0.0,0.0,3,20.3
2024-10-31 23:00:00,2024-11-01T03:00:00Z,20.9,18.8,61,0.0,0.0,0.0,3,21.3
2024-11-01 00:00:00,2024-11-01T04:00:00Z,20.6,18.2,63,0.0,0.0,0.0,3,23.8
2024-11-01 01:00:00,2024-11-01T05:00:00Z,20.3,17.9,64,0.0,0.0,0.0,3,23.2
2024-11-01 02:00:00,2024-11-01T06:00:00Z,19.5,17.4,67,0.0,0.0,0.0,2,21.5
2024-11-01 03:00:00,2024-11-01T07:00:00Z,19.2,17.0,67,0.0,0.0,0.0,3,21.2
2024-11-01 04:00:00,2024-11-01T08:00:00Z,19.1,16.8,67,0.0,0.0,0.0,3,21.1
2024-11-01 05:00:00,2024-11-01T09:00:00Z,18.7,16.4,67,0.0,0.0,0.0,3,20.6
2024-11-01 06:00:00,2024-11-01T10:00:00Z,18.9,16.6,66,0.1,0.1,0.0,51,20.8
2024-11-01 07:00:00,2024-11-01T11:00:00Z,18.4,16.2,67,0.0,0.0,0.0,3,19.4
2024-11-01 08:00:00,2024-11-01T12:00:00Z,18.6,16.4,66,0.0,0.0,0.0,3,19.1
2024-11-01 09:00:00,2024-11-01T13:00:00Z,18.8,17.5,74,0.4,0.4,0.0,51,18.1
2024-11-01 10:00:00,2024-11-01T14:00:00Z,20.0,18.5,70,0.0,0.0,0.0,3,20.2
2024-11-01 11:00:00,2024-11-01T15:00:00Z,21.9,19.8,60,0.0,0.0,0.0,3,22.5
2024-11-01 12:00:00,2024-11-01T16:00:00Z,23.6,20.1,46,0.0,0.0,0.0,0,27.1
2024-11-01 13:00:00,2024-11-01T17:00:00Z,24.8,20.8,37,0.0,0.0,0.0,0,26.7
2024-11-01 14:00:00,2024-11-01T18:00:00Z,25.2,20.1,30,0.0,0.0,0.0,0,27.9
2024-11-01 15:00:00,2024-11-01T19:00:00Z,25.0,19.3,23,0.0,0.0,0.0,0,27.6
2024-11-01 16:00:00,2024-11-01T20:00:00Z,23.8,19.2,32,0.0,0.0,0.0,0,24.9
2024-11-01 17:00:00,2024-11-01T21:00:00Z,22.7,18.2,30,0.0,0.0,0.0,0,21.7
2024-11-01 18:00:00,2024-11-01T22:00:00Z,20.8,15.9,27,0.0,0.0,0.0,0,20.1
2024-11-01 19:00:00,2024-11-01T23:00:00Z,19.1,14.1,28,0.0,0.0,0.0,0,19.6
2024-11-01 20:00:00,2024-11-02T00:00:00Z,16.8,12.6,39,0.0,0.0,0.0,0,17.5
2024-11-01 21:00:00,2024-11-02T01:00:00Z,16.6,12.8,40,0.0,0.0,0.0,0,15.3
2024-11-01 22:00:00,2024-11-02T02:00:00Z,15.3,11.4,45,0.0,0.0,0.0,0,16.8
2024-11-01 23:00:00,2024-11-02T03:00:00Z,14.1,10.3,49,0.0,0.0,0.0,0,15.2
2024-11-02 00:00:00,2024-11-02T04:00:00Z,13.0,9.5,54,0.0,0.0,0.0,0,14.4
2024-11-02 01:00:00,2024-11-02T05:00:00Z,12.3,8.8,57,0.0,0.0,0.0,0,14.4
2024-11-02 02:00:00,2024-11-02T06:00:00Z,11.6,8.1,59,0.0,0.0,0.0,0,14.1
2024-11-02 03:00:00,2024-11-02T07:00:00Z,10.8,7.0,59,0.0,0.0,0.0,0,15.1
2024-11-02 04:00:00,2024-11-02T08:00:00Z,10.2,6.6,60,0.0,0.0,0.0,0,13.1
2024-11-02 05:00:00,2024-11-02T09:00:00Z,9.7,6.0,61,0.0,0.0,0.0,0,13.2
2024-11-02 06:00:00,2024-11-02T10:00:00Z,9.3,5.5,60,0.0,0.0,0.0,0,13.6
2024-11-02 07:00:00,2024-11-02T11:00:00Z,8.8,5.2,62,0.0,0.0,0.0,0,12.1
2024-11-02 08:00:00,2024-11-02T12:00:00Z,8.8,4.9,62,0.0,0.0,0.0,0,14.4
2024-11-02 09:00:00,2024-11-02T13:00:00Z,10.7,6.0,51,0.0,0.0,0.0,0,18.6
2024-11-02 10:00:00,2024-11-02T14:00:00Z,11.6,6.8,47,0.0,0.0,0.0,0,18.8
2024-11-02 11:00:00,2024-11-02T15:00:00Z,12.6,8.0,43,0.0,0.0,0.0,0,17.5
2024-11-02 12:00:00,2024-11-02T16:00:00Z,13.4,8.9,41,0.0,0.0,0.0,0,16.1
2024-11-02 13:00:00,2024-11-02T17:00:00Z,14.2,10.0,38,0.0,0.0,0.0,0,14.4
2024-11-02 14:00:00,2024-11-02T18:00:00Z,14.7,10.6,36,0.0,0.0,0.0,0,13.3
2024-11-02 15:00:00,2024-11-02T19:00:00Z,15.0,11.0,36,0.0,0.0,0.0,0,12.4
2024-11-02 16:00:00,2024-11-02T20:00:00Z,14.7,10.6,37,0.0,0.0,0.0,0,13.1
2024-11-02 17:00:00,2024-11-02T21:00:00Z,13.6,9.3,39,0.0,0.0,0.0,1,14.7
2024-11-02 18:00:00,2024-11-02T22:00:00Z,11.8,7.9,45,0.0,0.0,0.0,0,12.4
2024-11-02 19:00:00,2024-11-02T23:00:00Z,10.6,6.7,50,0.0,0.0,0.0,0,12.7
2024-11-02 20:00:00,2024-11-03T00:00:00Z,9.7,5.6,52,0.0,0.0,0.0,0,13.8
2024-11-02 21:00:00,2024-11-03T01:00:00Z,8.9,4.4,49,0.0,0.0,0.0,1,14.7
2024-11-02 22:00:00,2024-11-03T02:00:00Z,8.2,3.9,51,0.0,0.0,0.0,0,13.4
2024-11-02 23:00:00,2024-11-03T03:00:00Z,7.4,3.3,54,0.0,0.0,0.0,0,11.8
2024-11-03 00:00:00,2024-11-03T04:00:00Z,6.5,2.5,58,0.0,0.0,0.0,0,11.4
2024-11-03 01:00:00,2024-11-03T05:00:00Z,5.8,1.9,61,0.0,0.0,0.0,0,11.2
2024-11-03 01:00:00,2024-11-03T06:00:00Z,5.1,1.2,65,0.0,0.0,0.0,0,11.4
2024-11-03 02:00:00,2024-11-03T07:00:00Z,4.5,0.4,68,0.0,0.0,0.0,0,12.6
2024-11-03 03:00:00,2024-11-03T08:00:00Z,4.0,-0.4,66,0.0,0.0,0.0,0,14.1
2024-11-03 04:00:00,2024-11-03T09:00:00Z,3.7,-1.0,64,0.0,0.0,0.0,0,14.7
2024-11-03 05:00:00,2024-11-03T10:00:00Z,3.3,-1.3,64,0.0,0.0,0.0,0,14.4
2024-11-03 06:00:00,2024-11-03T11:00:00Z,3.0,-1.4,65,0.0,0.0,0.0,0,13.0
2024-11-03 07:00:00,2024-11-03T12:00:00Z,3.0,-1.2,66,0.0,0.0,0.0,1,11.9
2024-11-03 08:00:00,2024-11-03T13:00:00Z,4.2,-0.2,61,0.0,0.0,0.0,3,12.5
2024-11-03 09:00:00,2024-11-03T14:00:00Z,6.1,1.5,51,0.0,0.0,0.0,0,13.8
2024-11-03 10:00:00,2024-11-03T15:00:00Z,7.8,3.4,44,0.0,0.0,0.0,0,12.2
2024-11-03 11:00:00,2024-11-03T16:00:00Z,9.3,5.3,39,0.0,0.0,0.0,0,9.5
2024-11-03 12:00:00,2024-11-03T17:00:00Z,10.6,6.8,34,0.0,0.0,0.0,0,8.1
2024-11-03 13:00:00,2024-11-03T18:00:00Z,11.7,7.6,29,0.0,0.0,0.0,1,8.3
2024-11-03 14:00:00,2024-11-03T19:00:00Z,12.2,7.9,25,0.0,0.0,0.0,2,8.9
2024-11-03 15:00:00,2024-11-03T20:00:00Z,12.2,7.5,22,0.0,0.0,0.0,0,10.8
2024-11-03 16:00:00,2024-11-03T21:00:00Z,11.5,6.6,22,0.0,0.0,0.0,1,11.1
2024-11-03 17:00:00,2024-11-03T22:00:00Z,9.0,4.8,29,0.0,0.0,0.0,0,7.2
2024-11-03 18:00:00,2024-11-03T23:00:00Z,7.8,3.6,33,0.0,0.0,0.0,0,7.4
2024-11-03 19:00:00,2024-11-04T00:00:00Z,6.9,2.8,36,0.0,0.0,0.0,0,7.5
2024-11-03 20:00:00,2024-11-04T01:00:00Z,5.4,1.6,46,0.0,0.0,0.0,1,7.0
2024-11-03 21:00:00,2024-11-04T02:00:00Z,5.0,1.1,51,0.0,0.0,0.0,0,7.7
2024-11-03 22:00:00,2024-11-04T03:00:00Z,4.4,0.6,55,0.0,0.0,0.0,0,7.8
2024-11-03 23:00:00,2024-11-04T04:00:00Z,3.9,0.3,61,0.0,0.0,0.0,0,6.8
2024-11-04 00:00:00,2024-11-04T05:00:00Z,3.5,0.3,68,0.0,0.0,0.0,0,5.5
2024-11-04 01:00:00,2024-11-04T06:00:00Z,3.0,-0.2,78,0.0,0.0,0.0,1,6.4
2024-11-04 02:00:00,2024-11-04T07:00:00Z,3.5,0.6,81,0.0,0.0,0.0,0,5.6
2024-11-04 03:00:00,2024-11-04T08:00:00Z,3.6,0.7,86,0.0,0.0,0.0,3,6.6
2024-11-04 04:00:00,2024-11-04T09:00:00Z,3.3,0.6,88,0.0,0.0,0.0,3,5.9
2024-11-04 05:00:00,2024-11-04T10:00:00Z,3.6,0.6,85,0.0,0.0,0.0,3,7.5
2024-11-04 06:00:00,2024-11-04T11:00:00Z,3.9,0.7,83,0.0,0.0,0.0,3,8.9
2024-11-04 07:00:00,2024-11-04T12:00:00Z,4.6,1.2,78,0.0,0.0,0.0,3,10.0
2024-11-04 08:00:00,2024-11-04T13:00:00Z,6.1,2.5,74,0.0,0.0,0.0,3,11.6
2024-11-04 09:00:00,2024-11-04T14:00:00Z,9.1,5.7,64,0.0,0.0,0.0,3,11.7
2024-11-04 10:00:00,2024-11-04T15:00:00Z,11.4,7.5,54,0.0,0.0,0.0,3,15.2
2024-11-04 11:00:00,2024-11-04T16:00:00Z,12.8,8.8,50,0.0,0.0,0.0,3,16.4
2024-11-04 12:00:00,2024-11-04T17:00:00Z,13.2,8.9,50,0.0,0.0,0.0,3,18.4
2024-11-04 13:00:00,2024-11-04T18:00:00Z,13.4,9.2,49,0.0,0.0,0.0,3,17.8
2024-11-04 14:00:00,2024-11-04T19:00:00Z,13.5,9.2,49,0.0,0.0,0.0,3,18.0
2024-11-04 15:00:00,2024-11-04T20:00:00Z,13.2,9.3,57,0.0,0.0,0.0,3,17.6
2024-11-04 16:00:00,2024-11-04T21:00:00Z,13.3,9.4,54,0.0,0.0,0.0,3,17.2
2024-11-04 17:00:00,2024-11-04T22:00:00Z,12.5,9.5,60,0.0,0.0,0.0,3,12.2
2024-11-04 18:00:00,2024-11-04T23:00:00Z,10.9,8.6,69,0.0,0.0,0.0,0,8.1
2024-11-04 19:00:00,2024-11-05T00:00:00Z,10.7,8.4,75,0.0,0.0,0.0,3,9.6
2024-11-04 20:00:00,2024-11-05T01:00:00Z,9.2,7.6,87,0.0,0.0,0.0,0,6.1
2024-11-04 21:00:00,2024-11-05T02:00:00Z,10.3,8.6,83,0.0,0.0,0.0,1,7.5
2024-11-04 22:00:00,2024-11-05T03:00:00Z,8.8,6.9,90,0.0,0.0,0.0,0,8.3
2024-11-04 23:00:00,2024-11-05T04:00:00Z,9.8,7.9,90,0.0,0.0,0.0,0,9.7
2024-11-05 00:00:00,2024-11-05T05:00:00Z,9.6,7.8,92,0.0,0.0,0.0,0,9.5
2024-11-05 01:00:00,2024-11-05T06:00:00Z,9.5,7.7,93,0.0,0.0,0.0,0,9.7
2024-11-05 02:00:00,2024-11-05T07:00:00Z,9.3,7.6,95,0.0,0.0,0.0,0,9.2
2024-11-05 03:00:00,2024-11-05T08:00:00Z,9.2,7.5,96,0.0,0.0,0.0,0,8.7
2024-11-05 04:00:00,2024-11-05T09:00:00Z,9.0,7.5,96,0.0,0.0,0.0,0,7.2
2024-11-05 05:00:00,2024-11-05T10:00:00Z,8.7,7.3,96,0.0,0.0,0.0,2,6.1
2024-11-05 06:00:00,2024-11-05T11:00:00Z,8.8,7.3,96,0.0,0.0,0.0,0,6.6
2024-11-05 07:00:00,2024-11-05T12:00:00Z,9.1,7.5,96,0.0,0.0,0.0,0,8.6
2024-11-05 08:00:00,2024-11-05T13:00:00Z,11.4,9.7,88,0.0,0.0,0.0,0,10.5
2024-11-05 09:00:00,2024-11-05T14:00:00Z,13.8,12.0,78,0.0,0.0,0.0,3,12.3
2024-11-05 10:00:00,2024-11-05T15:00:00Z,16.0,14.4,72,0.0,0.0,0.0,3,13.3
2024-11-05 11:00:00,2024-11-05T16:00:00Z,18.3,16.3,65,0.0,0.0,0.0,3,16.8
2024-11-05 12:00:00,2024-11-05T17:00:00Z,20.5,18.5,59,0.0,0.0,0.0,3,18.6
2024-11-05 13:00:00,2024-11-05T18:00:00Z,21.5,19.4,56,0.0,0.0,0.0,1,19.5
2024-11-05 14:00:00,2024-11-05T19:00:00Z,21.6,19.5,55,0.0,0.0,0.0,1,19.5
2024-11-05 15:00:00,2024-11-05T20:00:00Z,21.3,19.2,56,0.0,0.0,0.0,0,18.6
2024-11-05 16:00:00,2024-11-05T21:00:00Z,20.9,19.2,58,0.0,0.0,0.0,0,16.0
2024-11-05 17:00:00,2024-11-05T22:00:00Z,19.5,18.2,63,0.0,0.0,0.0,0,13.1
2024-11-05 18:00:00,2024-11-05T23:00:00Z,18.7,17.3,66,0.0,0.0,0.0,0,14.5
2024-11-05 19:00:00,2024-11-06T00:00:00Z,18.4,16.8,70,0.0,0.0,0.0,0,16.5
2024-11-05 20:00:00,2024-11-06T01:00:00Z,17.7,15.8,72,0.0,0.0,0.0,0,18.7
2024-11-05 21:00:00,2024-11-06T02:00:00Z,17.3,15.4,77,0.0,0.0,0.0,0,19.5
2024-11-05 22:00:00,2024-11-06T03:00:00Z,16.9,15.3,80,0.0,0.0,0.0,0,18.9
2024-11-05 23:00:00,2024-11-06T04:00:00Z,16.6,15.1,84,0.0,0.0,0.0,0,18.4
2024-11-06 00:00:00,2024-11-06T05:00:00Z,16.4,14.9,87,0.0,0.0,0.0,0,19.5
2024-11-06 01:00:00,2024-11-06T06:00:00Z,16.4,14.5,84,0.0,0.0,0.0,0,21.3
2024-11-06 02:00:00,2024-11-06T07:00:00Z,16.7,14.4,79,0.0,0.0,0.0,0,22.2
2024-11-06 03:00:00,2024-11-06T08:00:00Z,16.8,14.5,76,0.0,0.0,0.0,0,21.1
2024-11-06 04:00:00,2024-11-06T09:00:00Z,16.4,14.3,76,0.0,0.0,0.0,0,19.2
2024-11-06 05:00:00,2024-11-06T10:00:00Z,16.2,14.1,77,0.0,0.0,0.0,0,18.7
2024-11-06 06:00:00,2024-11-06T11:00:00Z,15.8,13.8,80,0.0,0.0,0.0,0,19.0
2024-11-06 07:00:00,2024-11-06T12:00:00Z,15.6,13.6,81,0.0,0.0,0.0,0,19.2
2024-11-06 08:00:00,2024-11-06T13:00:00Z,17.8,16.3,73,0.0,0.0,0.0,0,16.0
2024-11-06 09:00:00,2024-11-06T14:00:00Z,19.4,17.2,65,0.0,0.0,0.0,0,20.8
2024-11-06 10:00:00,2024-11-06T15:00:00Z,20.9,18.8,60,0.0,0.0,0.0,0,20.6
2024-11-06 11:00:00,2024-11-06T16:00:00Z,22.4,20.4,56,0.0,0.0,0.0,0,20.8
2024-11-06 12:00:00,2024-11-06T17:00:00Z,23.9,22.1,52,0.0,0.0,0.0,1,20.2
2024-11-06 13:00:00,2024-11-06T18:00:00Z,25.0,23.2,49,0.0,0.0,0.0,1,19.6
2024-11-06 14:00:00,2024-11-06T19:00:00Z,25.7,23.9,47,0.0,0.0,0.0,1,20.4
2024-11-06 15:00:00,2024-11-06T20:00:00Z,25.9,24.0,46,0.0,0.0,0.0,2,20.2
2024-11-06 16:00:00,2024-11-06T21:00:00Z,25.3,23.9,48,0.0,0.0,0.0,2,16.8
2024-11-06 17:00:00,2024-11-06T22:00:00Z,23.7,23.1,52,0.0,0.0,0.0,1,10.9
2024-11-06 18:00:00,2024-11-06T23:00:00Z,22.3,21.9,56,0.0,0.0,0.0,1,9.5
2024-11-06 19:00:00,2024-11-07T00:00:00Z,20.8,20.3,62,0.0,0.0,0.0,2,10.6
2024-11-06 20:00:00,2024-11-07T01:00:00Z,21.6,21.2,59,0.0,0.0,0.0,1,10.4
2024-11-06 21:00:00,2024-11-07T02:00:00Z,20.1,19.7,66,0.0,0.0,0.0,1,10.3
2024-11-06 22:00:00,2024-11-07T03:00:00Z,19.3,18.8,69,0.0,0.0,0.0,0,10.8
2024-11-06 23:00:00,2024-11-07T04:00:00Z,18.3,18.1,74,0.0,0.0,0.0,1,9.0
2024-11-07 00:00:00,2024-11-07T05:00:00Z,17.3,17.5,80,0.0,0.0,0.0,3,7.3
2024-11-07 01:00:00,2024-11-07T06:00:00Z,16.9,17.3,85,0.0,0.0,0.0,3,6.7
2024-11-07 02:00:00,2024-11-07T07:00:00Z,16.2,16.7,90,0.0,0.0,0.0,2,7.4
2024-11-07 03:00:00,2024-11-07T08:00:00Z,16.0,16.4,93,0.0,0.0,0.0,3,7.9
2024-11-07 04:00:00,2024-11-07T09:00:00Z,15.6,15.8,94,0.0,0.0,0.0,2,9.0
2024-11-07 05:00:00,2024-11-07T10:00:00Z,15.7,15.9,92,0.0,0.0,0.0,3,9.1
2024-11-07 06:00:00,2024-11-07T11:00:00Z,15.4,15.5,92,0.0,0.0,0.0,3,8.2
2024-11-07 07:00:00,2024-11-07T12:00:00Z,15.1,15.1,93,0.0,0.0,0.0,3,9.4
2024-11-07 08:00:00,2024-11-07T13:00:00Z,17.1,16.9,82,0.0,0.0,0.0,3,9.7
2024-11-07 09:00:00,2024-11-07T14:00:00Z,19.4,18.2,63,0.0,0.0,0.0,0,12.9
2024-11-07 10:00:00,2024-11-07T15:00:00Z,20.4,18.2,53,0.0,0.0,0.0,0,15.5
2024-11-07 11:00:00,2024-11-07T16:00:00Z,21.1,18.5,47,0.0,0.0,0.0,0,17.3
2024-11-07 12:00:00,2024-11-07T17:00:00Z,21.7,18.6,44,0.0,0.0,0.0,0,19.7
2024-11-07 13:00:00,2024-11-07T18:00:00Z,21.6,18.5,44,0.0,0.0,0.0,0,18.9
2024-11-07 14:00:00,2024-11-07T19:00:00Z,21.4,17.9,41,0.0,0.0,0.0,0,19.8
2024-11-07 15:00:00,2024-11-07T20:00:00Z,20.3,16.5,40,0.0,0.0,0.0,0,19.7
2024-11-07 16:00:00,2024-11-07T21:00:00Z,18.9,15.3,43,0.0,0.0,0.0,0,17.6
2024-11-07 17:00:00,2024-11-07T22:00:00Z,16.5,12.8,48,0.0,0.0,0.0,0,17.7
2024-11-07 18:00:00,2024-11-07T23:00:00Z,14.8,10.8,52,0.0,0.0,0.0,0,18.8
2024-11-07 19:00:00,2024-11-08T00:00:00Z,13.6,10.3,55,0.0,0.0,0.0,0,13.6
2024-11-07 20:00:00,2024-11-08T01:00:00Z,13.3,9.9,56,0.0,0.0,0.0,0,14.3
2024-11-07 21:00:00,2024-11-08T02:00:00Z,12.4,9.1,58,0.0,0.0,0.0,0,13.7
2024-11-07 22:00:00,2024-11-08T03:00:00Z,11.5,8.1,59,0.0,0.0,0.0,0,12.8
2024-11-07 23:00:00,2024-11-08T04:00:00Z,10.5,7.3,61,0.0,0.0,0.0,0,11.1
2024-11-08 00:00:00,2024-11-08T05:00:00Z,9.6,6.5,64,0.0,0.0,0.0,0,10.3
2024-11-08 01:00:00,2024-11-08T06:00:00Z,9.0,6.1,67,0.0,0.0,0.0,0,8.7
2024-11-08 02:00:00,2024-11-08T07:00:00Z,8.2,5.8,71,0.0,0.0,0.0,0,5.9
2024-11-08 03:00:00,2024-11-08T08:00:00Z,7.3,4.9,79,0.0,0.0,0.0,0,6.3
2024-11-08 04:00:00,2024-11-08T09:00:00Z,7.1,4.9,83,0.0,0.0,0.0,0,5.9
2024-11-08 05:00:00,2024-11-08T10:00:00Z,6.9,4.5,84,0.0,0.0,0.0,0,7.1
2024-11-08 06:00:00,2024-11-08T11:00:00Z,6.6,4.3,85,0.0,0.0,0.0,0,6.7
2024-11-08 07:00:00,2024-11-08T12:00:00Z,6.5,4.2,86,0.0,0.0,0.0,0,6.8
2024-11-08 08:00:00,2024-11-08T13:00:00Z,8.8,5.9,72,0.0,0.0,0.0,0,10.2
2024-11-08 09:00:00,2024-11-08T14:00:00Z,11.3,8.4,61,0.0,0.0,0.0,0,10.4
2024-11-08 10:00:00,2024-11-08T15:00:00Z,14.3,10.6,44,0.0,0.0,0.0,0,12.8
2024-11-08 11:00:00,2024-11-08T16:00:00Z,16.6,12.2,35,0.0,0.0,0.0,0,16.2
2024-11-08 12:00:00,2024-11-08T17:00:00Z,18.5,13.5,29,0.0,0.0,0.0,0,19.8
2024-11-08 13:00:00,2024-11-08T18:00:00Z,19.4,13.8,27,0.0,0.0,0.0,0,23.9
2024-11-08 14:00:00,2024-11-08T19:00:00Z,19.6,13.9,27,0.0,0.0,0.0,0,25.0
2024-11-08 15:00:00,2024-11-08T20:00:00Z,19.6,13.4,25,0.0,0.0,0.0,0,26.7
2024-11-08 16:00:00,2024-11-08T21:00:00Z,18.3,13.0,31,0.0,0.0,0.0,0,22.8
2024-11-08 17:00:00,2024-11-08T22:00:00Z,16.7,12.1,37,0.0,0.0,0.0,0,19.2
2024-11-08 18:00:00,2024-11-08T23:00:00Z,15.2,11.3,43,0.0,0.0,0.0,0,14.9
2024-11-08 19:00:00,2024-11-09T00:00:00Z,14.4,10.4,45,0.0,0.0,0.0,2,16.2
2024-11-08 20:00:00,2024-11-09T01:00:00Z,15.3,9.9,40,0.0,0.0,0.0,0,24.2
2024-11-08 21:00:00,2024-11-09T02:00:00Z,13.4,7.9,43,0.0,0.0,0.0,1,24.9
2024-11-08 22:00:00,2024-11-09T03:00:00Z,12.3,7.4,45,0.0,0.0,0.0,0,19.6
2024-11-08 23:00:00,2024-11-09T04:00:00Z,11.2,5.8,49,0.0,0.0,0.0,1,22.9
2024-11-09 00:00:00,2024-11-09T05:00:00Z,10.1,4.4,52,0.0,0.0,0.0,0,24.9
2024-11-09 01:00:00,2024-11-09T06:00:00Z,8.4,3.0,52,0.0,0.0,0.0,0,21.5
2024-11-09 02:00:00,2024-11-09T07:00:00Z,7.2,1.8,52,0.0,0.0,0.0,0,20.1
2024-11-09 03:00:00,2024-11-09T08:00:00Z,6.1,0.7,51,0.0,0.0,0.0,0,19.8
2024-11-09 04:00:00,2024-11-09T09:00:00Z,5.3,0.0,51,0.0,0.0,0.0,0,17.9
2024-11-09 05:00:00,2024-11-09T10:00:00Z,4.7,-0.4,51,0.0,0.0,0.0,0,15.7
2024-11-09 06:00:00,2024-11-09T11:00:00Z,4.1,-0.7,51,0.0,0.0,0.0,0,13.5
2024-11-09 07:00:00,2024-11-09T12:00:00Z,3.8,-0.8,52,0.0,0.0,0.0,0,11.9
2024-11-09 08:00:00,2024-11-09T13:00:00Z,5.6,0.7,45,0.0,0.0,0.0,0,13.9
2024-11-09 09:00:00,2024-11-09T14:00:00Z,6.7,1.6,39,0.0,0.0,0.0,0,14.9
2024-11-09 10:00:00,2024-11-09T15:00:00Z,8.0,2.9,34,0.0,0.0,0.0,0,14.8
2024-11-09 11:00:00,2024-11-09T16:00:00Z,9.4,4.1,29,0.0,0.0,0.0,0,15.0
2024-11-09 12:00:00,2024-11-09T17:00:00Z,10.6,5.2,25,0.0,0.0,0.0,0,15.2
2024-11-09 13:00:00,2024-11-09T18:00:00Z,11.4,6.0,22,0.0,0.0,0.0,0,14.9
2024-11-09 14:00:00,2024-11-09T19:00:00Z,11.9,6.9,21,0.0,0.0,0.0,0,12.4
2024-11-09 15:00:00,2024-11-09T20:00:00Z,12.1,7.1,21,0.0,0.0,0.0,0,12.1
2024-11-09 16:00:00,2024-11-09T21:00:00Z,11.4,6.5,23,0.0,0.0,0.0,0,11.6
2024-11-09 17:00:00,2024-11-09T22:00:00Z,9.3,5.1,31,0.0,0.0,0.0,0,7.8
2024-11-09 18:00:00,2024-11-09T23:00:00Z,8.2,4.2,35,0.0,0.0,0.0,0,7.8
2024-11-09 19:00:00,2024-11-10T00:00:00Z,7.6,3.2,38,0.0,0.0,0.0,0,10.1
2024-11-09 20:00:00,2024-11-10T01:00:00Z,7.0,2.7,39,0.0,0.0,0.0,0,9.3
2024-11-09 21:00:00,2024-11-10T02:00:00Z,6.0,2.2,44,0.0,0.0,0.0,1,6.6
2024-11-09 22:00:00,2024-11-10T03:00:00Z,5.2,1.5,50,0.0,0.0,0.0,3,6.3
2024-11-09 23:00:00,2024-11-10T04:00:00Z,4.6,1.1,55,0.0,0.0,0.0,1,5.6
2024-11-10 00:00:00,2024-11-10T05:00:00Z,3.3,-0.2,67,0.0,0.0,0.0,0,7.3
2024-11-10 01:00:00,2024-11-10T06:00:00Z,3.4,0.2,70,0.0,0.0,0.0,0,5.9
2024-11-10 02:00:00,2024-11-10T07:00:00Z,2.5,-0.9,79,0.0,0.0,0.0,3,7.3
2024-11-10 03:00:00,2024-11-10T08:00:00Z,2.5,-0.6,80,0.0,0.0,0.0,3,5.9
2024-11-10 04:00:00,2024-11-10T09:00:00Z,2.2,-0.7,83,0.0,0.0,0.0,3,5.1
2024-11-10 05:00:00,2024-11-10T10:00:00Z,1.9,-1.0,87,0.0,0.0,0.0,3,5.2
2024-11-10 06:00:00,2024-11-10T11:00:00Z,2.6,-0.1,84,0.0,0.0,0.0,3,4.4
2024-11-10 07:00:00,2024-11-10T12:00:00Z,4.0,1.9,78,0.0,0.0,0.0,3,0.5
2024-11-10 08:00:00,2024-11-10T13:00:00Z,4.2,1.8,79,0.0,0.0,0.0,3,2.2
2024-11-10 09:00:00,2024-11-10T14:00:00Z,6.8,4.1,59,0.0,0.0,0.0,3,3.6
2024-11-10 10:00:00,2024-11-10T15:00:00Z,8.5,5.8,53,0.0,0.0,0.0,3,3.1
2024-11-10 11:00:00,2024-11-10T16:00:00Z,10.6,7.5,46,0.0,0.0,0.0,3,6.5
2024-11-10 12:00:00,2024-11-10T17:00:00Z,12.5,8.3,39,0.0,0.0,0.0,3,13.2
2024-11-10 13:00:00,2024-11-10T18:00:00Z,13.7,8.5,35,0.0,0.0,0.0,3,19.6
2024-11-10 14:00:00,2024-11-10T19:00:00Z,13.3,8.1,36,0.0,0.0,0.0,3,19.1
2024-11-10 15:00:00,2024-11-10T20:00:00Z,12.9,8.1,39,0.0,0.0,0.0,3,17.9
2024-11-10 16:00:00,2024-11-10T21:00:00Z,12.3,8.1,47,0.0,0.0,0.0,3,15.5
2024-11-10 17:00:00,2024-11-10T22:00:00Z,11.8,8.0,51,0.0,0.0,0.0,3,13.8
2024-11-10 18:00:00,2024-11-10T23:00:00Z,11.6,7.9,57,0.1,0.1,0.0,51,14.7
2024-11-10 19:00:00,2024-11-11T00:00:00Z,11.4,8.1,64,0.2,0.2,0.0,51,14.0
2024-11-10 20:00:00,2024-11-11T01:00:00Z,11.9,8.6,67,0.0,0.0,0.0,3,15.3
2024-11-10 21:00:00,2024-11-11T02:00:00Z,11.8,8.8,79,0.5,0.5,0.0,53,17.4
2024-11-10 22:00:00,2024-11-11T03:00:00Z,12.4,9.7,85,0.2,0.2,0.0,51,18.5
2024-11-10 23:00:00,2024-11-11T04:00:00Z,12.5,9.8,89,0.3,0.3,0.0,51,19.6
2024-11-11 00:00:00,2024-11-11T05:00:00Z,12.6,9.7,93,0.3,0.3,0.0,51,22.5
2024-11-11 01:00:00,2024-11-11T06:00:00Z,12.8,10.0,93,0.4,0.4,0.0,51,22.4
2024-11-11 02:00:00,2024-11-11T07:00:00Z,13.0,10.0,93,0.3,0.3,0.0,51,25.1
2024-11-11 03:00:00,2024-11-11T08:00:00Z,13.1,10.5,94,0.9,0.9,0.0,53,22.5
2024-11-11 04:00:00,2024-11-11T09:00:00Z,13.1,10.7,93,1.0,1.0,0.0,55,20.6
2024-11-11 05:00:00,2024-11-11T10:00:00Z,13.2,10.8,93,0.0,0.0,0.0,3,20.3
2024-11-11 06:00:00,2024-11-11T11:00:00Z,13.2,11.0,93,0.0,0.0,0.0,3,19.1
2024-11-11 07:00:00,2024-11-11T12:00:00Z,13.2,11.2,93,0.0,0.0,0.0,3,18.1
2024-11-11 08:00:00,2024-11-11T13:00:00Z,14.0,12.1,92,0.0,0.0,0.0,3,18.3
2024-11-11 09:00:00,2024-11-11T14:00:00Z,15.0,12.9,86,0.0,0.0,0.0,1,20.1
2024-11-11 10:00:00,2024-11-11T15:00:00Z,16.4,14.4,74,0.0,0.0,0.0,0,17.6
2024-11-11 11:00:00,2024-11-11T16:00:00Z,17.9,15.1,61,0.0,0.0,0.0,0,19.2
2024-11-11 12:00:00,2024-11-11T17:00:00Z,19.2,15.4,49,0.0,0.0,0.0,0,22.3
2024-11-11 13:00:00,2024-11-11T18:00:00Z,19.8,15.7,44,0.0,0.0,0.0,0,22.8
2024-11-11 14:00:00,2024-11-11T19:00:00Z,19.9,15.9,43,0.0,0.0,0.0,0,21.8
2024-11-11 15:00:00,2024-11-11T20:00:00Z,19.5,15.8,43,0.0,0.0,0.0,0,19.7
2024-11-11 16:00:00,2024-11-11T21:00:00Z,18.5,15.2,45,0.0,0.0,0.0,0,16.4
2024-11-11 17:00:00,2024-11-11T22:00:00Z,16.5,13.3,49,0.0,0.0,0.0,0,14.3
2024-11-11 18:00:00,2024-11-11T23:00:00Z,15.3,11.8,53,0.0,0.0,0.0,0,16.1
2024-11-11 19:00:00,2024-11-12T00:00:00Z,14.1,10.7,58,0.0,0.0,0.0,0,15.7
2024-11-11 20:00:00,2024-11-12T01:00:00Z,12.6,9.6,59,0.0,0.0,0.0,0,11.8
2024-11-11 21:00:00,2024-11-12T02:00:00Z,11.6,9.2,64,0.0,0.0,0.0,0,7.7
2024-11-11 22:00:00,2024-11-12T03:00:00Z,10.8,8.5,67,0.0,0.0,0.0,0,7.6
2024-11-11 23:00:00,2024-11-12T04:00:00Z,10.7,7.7,68,0.0,0.0,0.0,0,11.5
2024-11-12 00:00:00,2024-11-12T05:00:00Z,10.6,7.1,67,0.0,0.0,0.0,0,14.9
2024-11-12 01:00:00,2024-11-12T06:00:00Z,10.8,6.9,63,0.0,0.0,0.0,0,16.6
2024-11-12 02:00:00,2024-11-12T07:00:00Z,11.7,7.1,56,0.0,0.0,0.0,0,20.3
2024-11-12 03:00:00,2024-11-12T08:00:00Z,11.2,5.7,56,0.0,0.0,0.0,0,26.3
2024-11-12 04:00:00,2024-11-12T09:00:00Z,9.5,3.7,57,0.0,0.0,0.0,0,26.4
2024-11-12 05:00:00,2024-11-12T10:00:00Z,8.6,3.0,61,0.0,0.0,0.0,0,25.6
2024-11-12 06:00:00,2024-11-12T11:00:00Z,8.8,3.4,61,0.0,0.0,0.0,0,24.5
2024-11-12 07:00:00,2024-11-12T12:00:00Z,8.6,3.4,63,0.0,0.0,0.0,0,22.7
2024-11-12 08:00:00,2024-11-12T13:00:00Z,10.0,5.1,57,0.0,0.0,0.0,1,21.6
2024-11-12 09:00:00,2024-11-12T14:00:00Z,9.7,3.8,51,0.0,0.0,0.0,1,25.9
2024-11-12 10:00:00,2024-11-12T15:00:00Z,9.6,3.6,46,0.0,0.0,0.0,0,25.2
2024-11-12 11:00:00,2024-11-12T16:00:00Z,9.7,3.9,43,0.0,0.0,0.0,0,23.4
2024-11-12 12:00:00,2024-11-12T17:00:00Z,9.7,4.0,42,0.0,0.0,0.0,0,22.1
2024-11-12 13:00:00,2024-11-12T18:00:00Z,10.0,4.3,39,0.0,0.0,0.0,0,21.4
2024-11-12 14:00:00,2024-11-12T19:00:00Z,10.0,4.3,37,0.0,0.0,0.0,0,21.2
2024-11-12 15:00:00,2024-11-12T20:00:00Z,9.8,4.2,36,0.0,0.0,0.0,0,19.7
2024-11-12 16:00:00,2024-11-12T21:00:00Z,9.0,3.5,37,0.0,0.0,0.0,0,19.0
2024-11-12 17:00:00,2024-11-12T22:00:00Z,8.1,2.6,37,0.0,0.0,0.0,0,18.0
2024-11-12 18:00:00,2024-11-12T23:00:00Z,7.2,1.6,39,0.0,0.0,0.0,0,18.3
2024-11-12 19:00:00,2024-11-13T00:00:00Z,6.3,0.9,40,0.0,0.0,0.0,0,17.2
2024-11-12 20:00:00,2024-11-13T01:00:00Z,6.3,0.9,39,0.0,0.0,0.0,0,16.5
2024-11-12 21:00:00,2024-11-13T02:00:00Z,5.5,0.1,40,0.0,0.0,0.0,0,16.4
2024-11-12 22:00:00,2024-11-13T03:00:00Z,4.8,-0.3,42,0.0,0.0,0.0,0,14.5
2024-11-12 23:00:00,2024-11-13T04:00:00Z,4.2,-0.9,44,0.0,0.0,0.0,0,14.7
2024-11-13 00:00:00,2024-11-13T05:00:00Z,3.7,-1.3,46,0.0,0.0,0.0,0,13.3
2024-11-13 01:00:00,2024-11-13T06:00:00Z,3.2,-1.7,48,0.0,0.0,0.0,0,12.6
2024-11-13 02:00:00,2024-11-13T07:00:00Z,2.7,-2.1,49,0.0,0.0,0.0,0,12.5
2024-11-13 03:00:00,2024-11-13T08:00:00Z,2.1,-2.7,51,0.0,0.0,0.0,0,12.8
2024-11-13 04:00:00,2024-11-13T09:00:00Z,1.7,-3.2,53,0.0,0.0,0.0,0,13.2
2024-11-13 05:00:00,2024-11-13T10:00:00Z,1.3,-3.6,55,0.0,0.0,0.0,0,13.0
2024-11-13 06:00:00,2024-11-13T11:00:00Z,0.9,-3.8,57,0.0,0.0,0.0,0,12.3
2024-11-13 07:00:00,2024-11-13T12:00:00Z,0.7,-3.9,58,0.0,0.0,0.0,0,11.2
2024-11-13 08:00:00,2024-11-13T13:00:00Z,1.9,-2.9,52,0.0,0.0,0.0,0,12.6
2024-11-13 09:00:00,2024-11-13T14:00:00Z,3.0,-1.9,47,0.0,0.0,0.0,0,13.0
2024-11-13 10:00:00,2024-11-13T15:00:00Z,4.5,-0.2,40,0.0,0.0,0.0,0,11.5
2024-11-13 11:00:00,2024-11-13T16:00:00Z,5.9,1.3,34,0.0,0.0,0.0,0,9.8
2024-11-13 12:00:00,2024-11-13T17:00:00Z,7.0,2.6,30,0.0,0.0,0.0,0,8.7
2024-11-13 13:00:00,2024-11-13T18:00:00Z,7.9,3.6,28,0.0,0.0,0.0,0,7.6
2024-11-13 14:00:00,2024-11-13T19:00:00Z,8.4,4.2,26,0.0,0.0,0.0,0,6.4
2024-11-13 15:00:00,2024-11-13T20:00:00Z,8.5,4.2,26,0.0,0.0,0.0,0,7.1
2024-11-13 16:00:00,2024-11-13T21:00:00Z,8.0,3.7,28,0.0,0.0,0.0,0,7.7
2024-11-13 17:00:00,2024-11-13T22:00:00Z,7.1,3.1,32,0.0,0.0,0.0,0,6.1
2024-11-13 18:00:00,2024-11-13T23:00:00Z,6.5,2.4,35,0.0,0.0,0.0,0,7.2
2024-11-13 19:00:00,2024-11-14T00:00:00Z,5.7,1.5,39,0.0,0.0,0.0,0,8.0
2024-11-13 20:00:00,2024-11-14T01:00:00Z,5.0,0.9,40,0.0,0.0,0.0,0,7.5
2024-11-13 21:00:00,2024-11-14T02:00:00Z,4.3,0.1,45,0.0,0.0,0.0,1,8.6
2024-11-13 22:00:00,2024-11-14T03:00:00Z,3.7,-0.6,48,0.0,0.0,0.0,0,9.2
2024-11-13 23:00:00,2024-11-14T04:00:00Z,3.4,-0.9,47,0.0,0.0,0.0,0,9.1
2024-11-14 00:00:00,2024-11-14T05:00:00Z,3.1,-1.1,45,0.0,0.0,0.0,0,7.6
2024-11-14 01:00:00,2024-11-14T06:00:00Z,2.9,-1.6,43,0.0,0.0,0.0,0,9.3
2024-11-14 02:00:00,2024-11-14T07:00:00Z,2.7,-1.9,41,0.0,0.0,0.0,0,9.6
2024-11-14 03:00:00,2024-11-14T08:00:00Z,2.3,-2.0,42,0.0,0.0,0.0,2,7.1
2024-11-14 04:00:00,2024-11-14T09:00:00Z,1.7,-3.0,41,0.0,0.0,0.0,3,9.8
2024-11-14 05:00:00,2024-11-14T10:00:00Z,1.1,-3.6,41,0.0,0.0,0.0,3,9.7
2024-11-14 06:00:00,2024-11-14T11:00:00Z,0.9,-3.9,44,0.0,0.0,0.0,3,10.5
2024-11-14 07:00:00,2024-11-14T12:00:00Z,0.7,-3.9,47,0.0,0.0,0.0,3,9.9
2024-11-14 08:00:00,2024-11-14T13:00:00Z,1.2,-3.1,52,0.0,0.0,0.0,3,8.4
2024-11-14 09:00:00,2024-11-14T14:00:00Z,2.8,-1.5,46,0.0,0.0,0.0,3,8.6
2024-11-14 10:00:00,2024-11-14T15:00:00Z,4.4,0.3,44,0.0,0.0,0.0,3,7.5
2024-11-14 11:00:00,2024-11-14T16:00:00Z,5.7,1.9,44,0.0,0.0,0.0,3,7.0
2024-11-14 12:00:00,2024-11-14T17:00:00Z,6.7,3.1,43,0.0,0.0,0.0,3,5.6
2024-11-14 13:00:00,2024-11-14T18:00:00Z,7.0,3.6,42,0.0,0.0,0.0,3,4.4
2024-11-14 14:00:00,2024-11-14T19:00:00Z,7.0,3.5,40,0.0,0.0,0.0,3,4.8
2024-11-14 15:00:00,2024-11-14T20:00:00Z,6.9,3.3,38,0.0,0.0,0.0,3,4.2
2024-11-14 16:00:00,2024-11-14T21:00:00Z,6.5,2.7,38,0.0,0.0,0.0,3,5.6
2024-11-14 17:00:00,2024-11-14T22:00:00Z,6.0,2.2,42,0.0,0.0,0.0,3,5.9
2024-11-14 18:00:00,2024-11-14T23:00:00Z,5.7,2.3,48,0.0,0.0,0.0,3,5.0
2024-11-14 19:00:00,2024-11-15T00:00:00Z,5.5,2.5,54,0.0,0.0,0.0,3,2.8
2024-11-14 20:00:00,2024-11-15T01:00:00Z,5.0,2.5,65,0.0,0.0,0.0,3,1.7
2024-11-14 21:00:00,2024-11-15T02:00:00Z,4.9,2.3,66,0.0,0.0,0.0,3,2.2
2024-11-14 22:00:00,2024-11-15T03:00:00Z,4.7,2.2,68,0.0,0.0,0.0,3,1.8
2024-11-14 23:00:00,2024-11-15T04:00:00Z,4.7,1.5,62,0.0,0.0,0.0,3,5.3
2024-11-15 00:00:00,2024-11-15T05:00:00Z,4.2,0.8,58,0.0,0.0,0.0,3,5.6
2024-11-15 01:00:00,2024-11-15T06:00:00Z,3.7,0.5,59,0.0,0.0,0.0,3,3.6
2024-11-15 02:00:00,2024-11-15T07:00:00Z,3.7,0.3,54,0.0,0.0,0.0,3,4.7
2024-11-15 03:00:00,2024-11-15T08:00:00Z,3.8,0.4,55,0.0,0.0,0.0,3,4.3
2024-11-15 04:00:00,2024-11-15T09:00:00Z,3.9,-0.1,51,0.0,0.0,0.0,3,7.7
2024-11-15 05:00:00,2024-11-15T10:00:00Z,3.8,0.1,48,0.0,0.0,0.0,3,5.3
2024-11-15 06:00:00,2024-11-15T11:00:00Z,2.9,-0.9,50,0.0,0.0,0.0,3,6.2
2024-11-15 07:00:00,2024-11-15T12:00:00Z,2.7,-1.2,49,0.0,0.0,0.0,3,6.5
2024-11-15 08:00:00,2024-11-15T13:00:00Z,3.8,-0.1,45,0.0,0.0,0.0,3,5.8
2024-11-15 09:00:00,2024-11-15T14:00:00Z,5.0,1.1,38,0.0,0.0,0.0,3,5.3
2024-11-15 10:00:00,2024-11-15T15:00:00Z,6.8,2.7,31,0.0,0.0,0.0,3,6.2
2024-11-15 11:00:00,2024-11-15T16:00:00Z,9.1,4.9,30,0.0,0.0,0.0,3,8.1
2024-11-15 12:00:00,2024-11-15T17:00:00Z,11.0,6.8,32,0.0,0.0,0.0,3,9.3
2024-11-15 13:00:00,2024-11-15T18:00:00Z,12.6,8.5,33,0.0,0.0,0.0,1,10.2
2024-11-15 14:00:00,2024-11-15T19:00:00Z,13.6,9.7,32,0.0,0.0,0.0,0,9.5
2024-11-15 15:00:00,2024-11-15T20:00:00Z,14.1,10.4,35,0.0,0.0,0.0,0,10.0
2024-11-15 16:00:00,2024-11-15T21:00:00Z,13.5,10.0,39,0.0,0.0,0.0,0,9.4
2024-11-15 17:00:00,2024-11-15T22:00:00Z,12.2,8.6,44,0.0,0.0,0.0,0,10.0
2024-11-15 18:00:00,2024-11-15T23:00:00Z,11.3,7.7,49,0.0,0.0,0.0,0,10.8
2024-11-15 19:00:00,2024-11-16T00:00:00Z,10.4,6.8,52,0.0,0.0,0.0,0,11.6
2024-11-15 20:00:00,2024-11-16T01:00:00Z,10.4,6.2,50,0.0,0.0,0.0,0,14.5
2024-11-15 21:00:00,2024-11-16T02:00:00Z,9.5,5.0,47,0.0,0.0,0.0,0,14.8
2024-11-15 22:00:00,2024-11-16T03:00:00Z,8.6,3.8,43,0.0,0.0,0.0,0,14.8
2024-11-15 23:00:00,2024-11-16T04:00:00Z,7.9,2.8,37,0.0,0.0,0.0,0,14.8
2024-11-16 00:00:00,2024-11-16T05:00:00Z,7.2,1.9,33,0.0,0.0,0.0,0,15.3
2024-11-16 01:00:00,2024-11-16T06:00:00Z,6.7,1.5,33,0.0,0.0,0.0,0,13.8
2024-11-16 02:00:00,2024-11-16T07:00:00Z,6.3,1.4,35,0.0,0.0,0.0,0,12.6
2024-11-16 03:00:00,2024-11-16T08:00:00Z,6.0,1.4,40,0.0,0.0,0.0,0,11.1
2024-11-16 04:00:00,2024-11-16T09:00:00Z,5.8,1.4,43,0.0,0.0,0.0,0,10.5
2024-11-16 05:00:00,2024-11-16T10:00:00Z,5.8,1.4,45,0.0,0.0,0.0,0,11.0
2024-11-16 06:00:00,2024-11-16T11:00:00Z,5.8,1.3,50,0.0,0.0,0.0,0,12.5
2024-11-16 07:00:00,2024-11-16T12:00:00Z,6.0,1.4,54,0.0,0.0,0.0,0,14.3
2024-11-16 08:00:00,2024-11-16T13:00:00Z,8.2,3.4,45,0.0,0.0,0.0,0,15.6
2024-11-16 09:00:00,2024-11-16T14:00:00Z,9.5,5.1,41,0.0,0.0,0.0,0,12.9
2024-11-16 10:00:00,2024-11-16T15:00:00Z,11.0,6.2,36,0.0,0.0,0.0,0,15.5
2024-11-16 11:00:00,2024-11-16T16:00:00Z,12.6,7.8,34,0.0,0.0,0.0,0,15.7
2024-11-16 12:00:00,2024-11-16T17:00:00Z,14.3,9.5,30,0.0,0.0,0.0,0,15.4
2024-11-16 13:00:00,2024-11-16T18:00:00Z,15.4,10.4,26,0.0,0.0,0.0,0,16.3
2024-11-16 14:00:00,2024-11-16T19:00:00Z,15.7,10.6,26,0.0,0.0,0.0,0,17.1
2024-11-16 15:00:00,2024-11-16T20:00:00Z,15.4,10.4,26,0.0,0.0,0.0,0,16.3
2024-11-16 16:00:00,2024-11-16T21:00:00Z,14.2,9.7,30,0.0,0.0,0.0,0,13.8
2024-11-16 17:00:00,2024-11-16T22:00:00Z,12.9,8.4,33,0.0,0.0,0.0,0,12.9
2024-11-16 18:00:00,2024-11-16T23:00:00Z,11.9,7.4,35,0.0,0.0,0.0,0,13.2
2024-11-16 19:00:00,2024-11-17T00:00:00Z,11.0,6.3,36,0.0,0.0,0.0,0,14.4
2024-11-16 20:00:00,2024-11-17T01:00:00Z,10.9,6.1,37,0.0,0.0,0.0,0,15.5
2024-11-16 21:00:00,2024-11-17T02:00:00Z,10.1,5.3,37,0.0,0.0,0.0,0,14.7
2024-11-16 22:00:00,2024-11-17T03:00:00Z,9.4,4.6,37,0.0,0.0,0.0,0,14.0
2024-11-16 23:00:00,2024-11-17T04:00:00Z,8.8,4.0,36,0.0,0.0,0.0,0,13.0
2024-11-17 00:00:00,2024-11-17T05:00:00Z,8.2,3.5,37,0.0,0.0,0.0,0,13.1
2024-11-17 01:00:00,2024-11-17T06:00:00Z,7.7,2.8,39,0.0,0.0,0.0,0,14.1
2024-11-17 02:00:00,2024-11-17T07:00:00Z,7.2,2.4,42,0.0,0.0,0.0,0,13.9
2024-11-17 03:00:00,2024-11-17T08:00:00Z,6.8,2.4,45,0.0,0.0,0.0,0,12.0
2024-11-17 04:00:00,2024-11-17T09:00:00Z,6.5,2.2,47,0.0,0.0,0.0,0,11.2
2024-11-17 05:00:00,2024-11-17T10:00:00Z,6.2,2.1,49,0.0,0.0,0.0,0,10.1
2024-11-17 06:00:00,2024-11-17T11:00:00Z,6.0,2.1,50,0.0,0.0,0.0,0,8.8
2024-11-17 07:00:00,2024-11-17T12:00:00Z,6.0,2.1,49,0.0,0.0,0.0,0,8.1
2024-11-17 08:00:00,2024-11-17T13:00:00Z,7.1,3.4,49,0.0,0.0,0.0,0,8.1
2024-11-17 09:00:00,2024-11-17T14:00:00Z,9.2,5.7,40,0.0,0.0,0.0,2,6.0
2024-11-17 10:00:00,2024-11-17T15:00:00Z,11.7,8.4,33,0.0,0.0,0.0,3,4.6
2024-11-17 11:00:00,2024-11-17T16:00:00Z,13.8,10.4,28,0.0,0.0,0.0,2,4.8
2024-11-17 12:00:00,2024-11-17T17:00:00Z,15.5,11.9,24,0.0,0.0,0.0,3,5.3
2024-11-17 13:00:00,2024-11-17T18:00:00Z,16.7,13.0,21,0.0,0.0,0.0,3,5.4
2024-11-17 14:00:00,2024-11-17T19:00:00Z,17.3,13.5,19,0.0,0.0,0.0,3,6.3
2024-11-17 15:00:00,2024-11-17T20:00:00Z,17.4,13.4,19,0.0,0.0,0.0,3,7.1
2024-11-17 16:00:00,2024-11-17T21:00:00Z,15.6,12.6,30,0.0,0.0,0.0,3,4.0
2024-11-17 17:00:00,2024-11-17T22:00:00Z,13.7,10.6,33,0.0,0.0,0.0,3,4.7
2024-11-17 18:00:00,2024-11-17T23:00:00Z,13.7,9.9,29,0.0,0.0,0.0,3,7.6
2024-11-17 19:00:00,2024-11-18T00:00:00Z,12.6,8.7,32,0.0,0.0,0.0,3,8.3
2024-11-17 20:00:00,2024-11-18T01:00:00Z,11.3,7.6,38,0.0,0.0,0.0,3,8.4
2024-11-17 21:00:00,2024-11-18T02:00:00Z,10.5,6.8,42,0.0,0.0,0.0,3,9.3
2024-11-17 22:00:00,2024-11-18T03:00:00Z,9.6,6.0,46,0.0,0.0,0.0,3,9.0
2024-11-17 23:00:00,2024-11-18T04:00:00Z,8.9,5.5,50,0.0,0.0,0.0,3,7.9
2024-11-18 00:00:00,2024-11-18T05:00:00Z,8.1,4.9,54,0.0,0.0,0.0,3,6.8
2024-11-18 01:00:00,2024-11-18T06:00:00Z,7.7,4.3,56,0.0,0.0,0.0,3,8.5
2024-11-18 02:00:00,2024-11-18T07:00:00Z,7.4,3.9,57,0.0,0.0,0.0,3,9.1
2024-11-18 03:00:00,2024-11-18T08:00:00Z,7.3,3.7,58,0.0,0.0,0.0,3,9.6
2024-11-18 04:00:00,2024-11-18T09:00:00Z,7.8,4.4,57,0.0,0.0,0.0,3,8.1
2024-11-18 05:00:00,2024-11-18T10:00:00Z,7.9,4.7,58,0.0,0.0,0.0,3,7.5
2024-11-18 06:00:00,2024-11-18T11:00:00Z,8.9,5.5,56,0.0,0.0,0.0,3,9.0
2024-11-18 07:00:00,2024-11-18T12:00:00Z,8.9,5.7,58,0.0,0.0,0.0,0,8.1
2024-11-18 08:00:00,2024-11-18T13:00:00Z,10.2,6.6,55,0.0,0.0,0.0,0,12.2
2024-11-18 09:00:00,2024-11-18T14:00:00Z,11.7,8.4,53,0.0,0.0,0.0,0,10.6
2024-11-18 10:00:00,2024-11-18T15:00:00Z,13.6,10.5,52,0.0,0.0,0.0,0,10.7
2024-11-18 11:00:00,2024-11-18T16:00:00Z,14.8,11.8,50,0.0,0.0,0.0,0,12.1
2024-11-18 12:00:00,2024-11-18T17:00:00Z,15.9,12.6,48,0.0,0.0,0.0,0,13.6
2024-11-18 13:00:00,2024-11-18T18:00:00Z,16.9,13.6,43,0.0,0.0,0.0,0,13.6
2024-11-18 14:00:00,2024-11-18T19:00:00Z,17.1,13.5,40,0.0,0.0,0.0,0,14.2
2024-11-18 15:00:00,2024-11-18T20:00:00Z,16.8,13.3,41,0.0,0.0,0.0,1,13.1
2024-11-18 16:00:00,2024-11-18T21:00:00Z,16.1,12.8,41,0.0,0.0,0.0,1,11.1
2024-11-18 17:00:00,2024-11-18T22:00:00Z,14.9,11.4,40,0.0,0.0,0.0,3,11.3
2024-11-18 18:00:00,2024-11-18T23:00:00Z,14.2,10.1,40,0.0,0.0,0.0,1,14.0
2024-11-18 19:00:00,2024-11-19T00:00:00Z,13.2,9.1,42,0.0,0.0,0.0,2,13.9
2024-11-18 20:00:00,2024-11-19T01:00:00Z,13.2,9.2,38,0.0,0.0,0.0,0,12.1
2024-11-18 21:00:00,2024-11-19T02:00:00Z,12.4,8.4,41,0.0,0.0,0.0,0,12.3
2024-11-18 22:00:00,2024-11-19T03:00:00Z,11.6,7.5,45,0.0,0.0,0.0,0,14.0
2024-11-18 23:00:00,2024-11-19T04:00:00Z,10.6,6.5,48,0.0,0.0,0.0,0,13.6
2024-11-19 00:00:00,2024-11-19T05:00:00Z,9.6,5.8,51,0.0,0.0,0.0,0,11.4
2024-11-19 01:00:00,2024-11-19T06:00:00Z,8.9,5.3,55,0.0,0.0,0.0,0,10.6
2024-11-19 02:00:00,2024-11-19T07:00:00Z,8.5,4.9,59,0.0,0.0,0.0,0,11.5
2024-11-19 03:00:00,2024-11-19T08:00:00Z,8.0,4.4,64,0.0,0.0,0.0,0,11.5
2024-11-19 04:00:00,2024-11-19T09:00:00Z,7.3,4.0,68,0.0,0.0,0.0,1,10.1
2024-11-19 05:00:00,2024-11-19T10:00:00Z,6.6,3.5,72,0.0,0.0,0.0,1,9.0
2024-11-19 06:00:00,2024-11-19T11:00:00Z,6.1,3.1,73,0.0,0.0,0.0,1,7.6
2024-11-19 07:00:00,2024-11-19T12:00:00Z,5.7,3.1,74,0.0,0.0,0.0,3,4.7
2024-11-19 08:00:00,2024-11-19T13:00:00Z,7.3,4.4,60,0.0,0.0,0.0,2,4.9
2024-11-19 09:00:00,2024-11-19T14:00:00Z,8.6,5.4,54,0.0,0.0,0.0,3,6.5
2024-11-19 10:00:00,2024-11-19T15:00:00Z,10.1,6.7,47,0.0,0.0,0.0,3,7.8
2024-11-19 11:00:00,2024-11-19T16:00:00Z,11.4,8.1,42,0.0,0.0,0.0,3,6.8
2024-11-19 12:00:00,2024-11-19T17:00:00Z,12.5,9.3,39,0.0,0.0,0.0,2,5.7
2024-11-19 13:00:00,2024-11-19T18:00:00Z,13.5,10.4,35,0.0,0.0,0.0,1,5.1
2024-11-19 14:00:00,2024-11-19T19:00:00Z,13.9,10.9,34,0.0,0.0,0.0,3,4.6
2024-11-19 15:00:00,2024-11-19T20:00:00Z,13.7,10.8,34,0.0,0.0,0.0,2,3.6
2024-11-19 16:00:00,2024-11-19T21:00:00Z,13.5,10.7,35,0.0,0.0,0.0,3,2.8
2024-11-19 17:00:00,2024-11-19T22:00:00Z,11.9,9.3,41,0.0,0.0,0.0,3,1.7
2024-11-19 18:00:00,2024-11-19T23:00:00Z,11.4,8.9,42,0.0,0.0,0.0,3,1.5
2024-11-19 19:00:00,2024-11-20T00:00:00Z,11.0,8.9,49,0.0,0.0,0.0,3,0.7
2024-11-19 20:00:00,2024-11-20T01:00:00Z,10.8,8.1,46,0.0,0.0,0.0,3,3.4
2024-11-19 21:00:00,2024-11-20T02:00:00Z,10.9,8.2,46,0.0,0.0,0.0,2,3.7
2024-11-19 22:00:00,2024-11-20T03:00:00Z,10.6,8.1,50,0.0,0.0,0.0,2,3.2
2024-11-19 23:00:00,2024-11-20T04:00:00Z,10.3,7.9,53,0.0,0.0,0.0,2,3.5
2024-11-20 00:00:00,2024-11-20T05:00:00Z,9.7,7.6,57,0.0,0.0,0.0,0,1.3
2024-11-20 01:00:00,2024-11-20T06:00:00Z,8.7,6.4,59,0.0,0.0,0.0,0,2.4
2024-11-20 02:00:00,2024-11-20T07:00:00Z,7.9,5.5,64,0.0,0.0,0.0,3,3.4
2024-11-20 03:00:00,2024-11-20T08:00:00Z,8.7,6.2,60,0.0,0.0,0.0,2,4.2
2024-11-20 04:00:00,2024-11-20T09:00:00Z,8.5,5.8,61,0.0,0.0,0.0,2,5.0
2024-11-20 05:00:00,2024-11-20T10:00:00Z,7.9,5.3,64,0.0,0.0,0.0,1,4.7
2024-11-20 06:00:00,2024-11-20T11:00:00Z,7.4,4.9,65,0.0,0.0,0.0,0,3.8
2024-11-20 07:00:00,2024-11-20T12:00:00Z,6.9,4.5,66,0.0,0.0,0.0,2,3.4
2024-11-20 08:00:00,2024-11-20T13:00:00Z,9.6,7.0,57,0.0,0.0,0.0,2,4.5
2024-11-20 09:00:00,2024-11-20T14:00:00Z,10.5,8.0,52,0.0,0.0,0.0,2,3.9
2024-11-20 10:00:00,2024-11-20T15:00:00Z,11.7,9.1,48,0.0,0.0,0.0,2,4.1
2024-11-20 11:00:00,2024-11-20T16:00:00Z,13.1,10.6,44,0.0,0.0,0.0,1,3.9
2024-11-20 12:00:00,2024-11-20T17:00:00Z,14.2,11.8,43,0.0,0.0,0.0,2,3.8
2024-11-20 13:00:00,2024-11-20T18:00:00Z,14.9,12.5,42,0.0,0.0,0.0,2,4.8
2024-11-20 14:00:00,2024-11-20T19:00:00Z,15.0,12.6,43,0.0,0.0,0.0,1,4.8
2024-11-20 15:00:00,2024-11-20T20:00:00Z,14.7,11.9,45,0.0,0.0,0.0,1,7.3
2024-11-20 16:00:00,2024-11-20T21:00:00Z,13.6,10.9,50,0.0,0.0,0.0,2,8.1
2024-11-20 17:00:00,2024-11-20T22:00:00Z,12.5,10.2,59,0.0,0.0,0.0,1,7.0
2024-11-20 18:00:00,2024-11-20T23:00:00Z,11.8,9.8,67,0.0,0.0,0.0,1,6.7
2024-11-20 19:00:00,2024-11-21T00:00:00Z,11.5,9.2,70,0.0,0.0,0.0,2,9.1
2024-11-20 20:00:00,2024-11-21T01:00:00Z,11.7,9.6,69,0.0,0.0,0.0,3,7.8
2024-11-20 21:00:00,2024-11-21T02:00:00Z,11.8,9.5,71,0.0,0.0,0.0,3,9.9
2024-11-20 22:00:00,2024-11-21T03:00:00Z,11.3,8.9,75,0.0,0.0,0.0,3,11.6
2024-11-20 23:00:00,2024-11-21T04:00:00Z,11.2,8.4,75,0.0,0.0,0.0,3,13.2
2024-11-21 00:00:00,2024-11-21T05:00:00Z,11.0,8.1,75,0.0,0.0,0.0,3,14.2
2024-11-21 01:00:00,2024-11-21T06:00:00Z,10.9,8.0,74,0.0,0.0,0.0,3,13.3
2024-11-21 02:00:00,2024-11-21T07:00:00Z,9.9,7.4,86,2.6,2.6,0.0,63,12.4
2024-11-21 03:00:00,2024-11-21T08:00:00Z,9.6,8.0,92,3.1,3.1,0.0,63,7.8
2024-11-21 04:00:00,2024-11-21T09:00:00Z,9.2,7.2,94,6.1,6.1,0.0,63,11.1
2024-11-21 05:00:00,2024-11-21T10:00:00Z,9.0,6.5,95,4.2,4.2,0.0,63,14.1
2024-11-21 06:00:00,2024-11-21T11:00:00Z,8.1,5.5,96,3.5,3.5,0.0,63,13.7
2024-11-21 07:00:00,2024-11-21T12:00:00Z,7.0,3.6,96,1.8,1.8,0.0,61,16.6
2024-11-21 08:00:00,2024-11-21T13:00:00Z,7.1,4.7,91,0.0,0.0,0.0,3,9.2
2024-11-21 09:00:00,2024-11-21T14:00:00Z,7.0,4.6,91,0.5,0.5,0.0,53,9.0
2024-11-21 10:00:00,2024-11-21T15:00:00Z,7.4,4.4,89,0.5,0.5,0.0,53,13.7
2024-11-21 11:00:00,2024-11-21T16:00:00Z,7.5,4.4,89,0.5,0.5,0.0,53,14.3
2024-11-21 12:00:00,2024-11-21T17:00:00Z,7.6,4.6,90,0.5,0.5,0.0,53,14.0
2024-11-21 13:00:00,2024-11-21T18:00:00Z,7.7,4.7,91,0.5,0.5,0.0,53,14.6
2024-11-21 14:00:00,2024-11-21T19:00:00Z,7.7,4.9,92,0.6,0.6,0.0,53,13.1
2024-11-21 15:00:00,2024-11-21T20:00:00Z,7.7,5.3,95,0.6,0.6,0.0,53,11.0
2024-11-21 16:00:00,2024-11-21T21:00:00Z,7.7,5.5,95,0.4,0.4,0.0,51,9.3
2024-11-21 17:00:00,2024-11-21T22:00:00Z,7.5,5.5,96,0.9,0.9,0.0,53,8.3
2024-11-21 18:00:00,2024-11-21T23:00:00Z,7.4,5.1,97,2.9,2.9,0.0,63,10.1
2024-11-21 19:00:00,2024-11-22T00:00:00Z,6.7,3.5,96,3.6,3.6,0.0,63,15.3
2024-11-21 20:00:00,2024-11-22T01:00:00Z,5.5,2.2,94,1.9,1.9,0.0,61,13.3
2024-11-21 21:00:00,2024-11-22T02:00:00Z,4.5,0.6,96,2.3,2.3,0.0,61,16.2
2024-11-21 22:00:00,2024-11-22T03:00:00Z,3.9,-0.1,96,2.8,2.8,0.0,63,16.4
2024-11-21 23:00:00,2024-11-22T04:00:00Z,2.0,-1.9,100,4.2,4.0,0.14,71,14.3
2024-11-22 00:00:00,2024-11-22T05:00:00Z,1.7,-2.1,99,2.7,2.1,0.42,73,13.6
2024-11-22 01:00:00,2024-11-22T06:00:00Z,2.1,-2.6,96,1.2,1.2,0.0,55,19.7
2024-11-22 02:00:00,2024-11-22T07:00:00Z,2.7,-2.2,95,0.8,0.8,0.0,53,21.7
2024-11-22 03:00:00,2024-11-22T08:00:00Z,2.5,-2.7,96,0.7,0.7,0.0,53,23.1
2024-11-22 04:00:00,2024-11-22T09:00:00Z,2.8,-2.7,92,0.6,0.6,0.0,53,24.7
2024-11-22 05:00:00,2024-11-22T10:00:00Z,2.9,-2.6,90,0.5,0.5,0.0,53,24.4
2024-11-22 06:00:00,2024-11-22T11:00:00Z,2.7,-2.9,90,0.6,0.6,0.0,53,25.0
2024-11-22 07:00:00,2024-11-22T12:00:00Z,2.1,-3.4,93,0.8,0.8,0.0,53,24.8
2024-11-22 08:00:00,2024-11-22T13:00:00Z,2.7,-2.6,86,0.5,0.5,0.0,53,22.4
2024-11-22 09:00:00,2024-11-22T14:00:00Z,2.7,-2.8,86,0.4,0.4,0.0,51,23.4
2024-11-22 10:00:00,2024-11-22T15:00:00Z,3.1,-2.6,83,0.3,0.3,0.0,51,25.1
2024-11-22 11:00:00,2024-11-22T16:00:00Z,3.8,-1.8,77,0.1,0.1,0.0,51,24.0
2024-11-22 12:00:00,2024-11-22T17:00:00Z,4.0,-1.3,76,0.2,0.2,0.0,51,21.3
2024-11-22 13:00:00,2024-11-22T18:00:00Z,3.4,-1.3,79,0.4,0.4,0.0,51,18.0
2024-11-22 14:00:00,2024-11-22T19:00:00Z,3.3,-1.4,80,0.2,0.2,0.0,51,18.2
2024-11-22 15:00:00,2024-11-22T20:00:00Z,3.3,-1.2,82,0.2,0.2,0.0,51,16.4
2024-11-22 16:00:00,2024-11-22T21:00:00Z,3.2,-0.8,85,0.3,0.3,0.0,51,13.7
2024-11-22 17:00:00,2024-11-22T22:00:00Z,3.0,-0.8,87,0.4,0.4,0.0,51,12.6
2024-11-22 18:00:00,2024-11-22T23:00:00Z,2.5,-1.0,94,0.9,0.9,0.0,53,11.6
2024-11-22 19:00:00,2024-11-23T00:00:00Z,2.3,-0.8,95,1.0,1.0,0.0,55,8.6
2024-11-22 20:00:00,2024-11-23T01:00:00Z,1.8,-0.7,97,0.6,0.6,0.0,53,4.1
2024-11-22 21:00:00,2024-11-23T02:00:00Z,1.5,-1.1,99,0.7,0.7,0.0,53,4.6
2024-11-22 22:00:00,2024-11-23T03:00:00Z,1.7,-1.0,97,0.6,0.6,0.0,53,5.1
2024-11-22 23:00:00,2024-11-23T04:00:00Z,2.1,-0.8,96,0.4,0.4,0.0,51,6.9
2024-11-23 00:00:00,2024-11-23T05:00:00Z,2.2,-0.9,96,0.3,0.3,0.0,51,8.3
2024-11-23 01:00:00,2024-11-23T06:00:00Z,2.2,-1.0,95,0.1,0.1,0.0,51,9.0
2024-11-23 02:00:00,2024-11-23T07:00:00Z,2.3,-1.1,95,0.1,0.1,0.0,51,10.7
2024-11-23 03:00:00,2024-11-23T08:00:00Z,2.6,-1.0,94,0.1,0.1,0.0,51,12.3
2024-11-23 04:00:00,2024-11-23T09:00:00Z,2.7,-1.2,92,0.1,0.1,0.0,51,14.2
2024-11-23 05:00:00,2024-11-23T10:00:00Z,2.4,-1.8,90,0.0,0.0,0.0,2,14.9
2024-11-23 06:00:00,2024-11-23T11:00:00Z,1.8,-2.3,88,0.0,0.0,0.0,1,13.5
2024-11-23 07:00:00,2024-11-23T12:00:00Z,2.1,-1.8,86,0.0,0.0,0.0,0,12.6
2024-11-23 08:00:00,2024-11-23T13:00:00Z,4.2,0.3,80,0.0,0.0,0.0,0,13.1
2024-11-23 09:00:00,2024-11-23T14:00:00Z,5.7,1.5,73,0.0,0.0,0.0,3,15.2
2024-11-23 10:00:00,2024-11-23T15:00:00Z,6.4,1.7,67,0.0,0.0,0.0,3,17.9
2024-11-23 11:00:00,2024-11-23T16:00:00Z,6.8,1.4,66,0.0,0.0,0.0,3,23.1
2024-11-23 12:00:00,2024-11-23T17:00:00Z,6.4,0.6,68,0.0,0.0,0.0,3,26.0
2024-11-23 13:00:00,2024-11-23T18:00:00Z,7.7,2.1,63,0.0,0.0,0.0,3,24.5
2024-11-23 14:00:00,2024-11-23T19:00:00Z,8.0,2.7,63,0.0,0.0,0.0,0,23.4
2024-11-23 15:00:00,2024-11-23T20:00:00Z,8.0,2.6,60,0.0,0.0,0.0,0,22.7
2024-11-23 16:00:00,2024-11-23T21:00:00Z,7.2,2.3,64,0.0,0.0,0.0,0,20.0
2024-11-23 17:00:00,2024-11-23T22:00:00Z,6.3,1.3,68,0.0,0.0,0.0,0,20.9
2024-11-23 18:00:00,2024-11-23T23:00:00Z,5.9,1.1,70,0.0,0.0,0.0,0,19.1
2024-11-23 19:00:00,2024-11-24T00:00:00Z,5.6,1.3,71,0.0,0.0,0.0,3,15.5
2024-11-23 20:00:00,2024-11-24T01:00:00Z,6.9,2.9,68,0.0,0.0,0.0,3,14.2
2024-11-23 21:00:00,2024-11-24T02:00:00Z,7.2,3.1,69,0.0,0.0,0.0,3,15.8
2024-11-23 22:00:00,2024-11-24T03:00:00Z,7.2,3.3,71,0.0,0.0,0.0,2,15.0
2024-11-23 23:00:00,2024-11-24T04:00:00Z,6.8,2.5,71,0.0,0.0,0.0,1,17.0
2024-11-24 00:00:00,2024-11-24T05:00:00Z,6.4,1.8,71,0.0,0.0,0.0,1,18.4
2024-11-24 01:00:00,2024-11-24T06:00:00Z,6.1,1.8,71,0.0,0.0,0.0,0,16.1
2024-11-24 02:00:00,2024-11-24T07:00:00Z,5.6,1.3,70,0.0,0.0,0.0,1,15.8
2024-11-24 03:00:00,2024-11-24T08:00:00Z,5.4,1.3,70,0.0,0.0,0.0,3,13.8
2024-11-24 04:00:00,2024-11-24T09:00:00Z,5.2,0.9,67,0.0,0.0,0.0,3,14.7
2024-11-24 05:00:00,2024-11-24T10:00:00Z,4.9,0.6,67,0.0,0.0,0.0,0,14.0
2024-11-24 06:00:00,2024-11-24T11:00:00Z,4.5,0.4,71,0.0,0.0,0.0,1,13.1
2024-11-24 07:00:00,2024-11-24T12:00:00Z,5.1,0.8,73,0.0,0.0,0.0,2,15.1
2024-11-24 08:00:00,2024-11-24T13:00:00Z,7.1,2.5,63,0.0,0.0,0.0,3,16.9
2024-11-24 09:00:00,2024-11-24T14:00:00Z,7.6,3.3,62,0.0,0.0,0.0,2,16.2
2024-11-24 10:00:00,2024-11-24T15:00:00Z,8.4,3.0,57,0.0,0.0,0.0,3,23.0
2024-11-24 11:00:00,2024-11-24T16:00:00Z,8.6,3.3,56,0.0,0.0,0.0,1,21.7
2024-11-24 12:00:00,2024-11-24T17:00:00Z,9.1,3.7,52,0.0,0.0,0.0,3,22.1
2024-11-24 13:00:00,2024-11-24T18:00:00Z,9.6,4.0,46,0.0,0.0,0.0,3,22.3
2024-11-24 14:00:00,2024-11-24T19:00:00Z,9.8,4.4,45,0.0,0.0,0.0,3,20.9
2024-11-24 15:00:00,2024-11-24T20:00:00Z,9.8,5.1,50,0.0,0.0,0.0,1,17.3
2024-11-24 16:00:00,2024-11-24T21:00:00Z,9.0,5.1,57,0.0,0.0,0.0,1,13.4
2024-11-24 17:00:00,2024-11-24T22:00:00Z,8.3,4.6,62,0.0,0.0,0.0,2,12.0
2024-11-24 18:00:00,2024-11-24T23:00:00Z,8.0,4.4,65,0.0,0.0,0.0,3,12.1
2024-11-24 19:00:00,2024-11-25T00:00:00Z,7.7,4.3,66,0.0,0.0,0.0,3,11.0
2024-11-24 20:00:00,2024-11-25T01:00:00Z,7.8,4.3,62,0.0,0.0,0.0,2,10.2
2024-11-24 21:00:00,2024-11-25T02:00:00Z,6.6,3.1,64,0.0,0.0,0.0,0,9.8
2024-11-24 22:00:00,2024-11-25T03:00:00Z,6.0,2.3,65,0.0,0.0,0.0,0,10.4
2024-11-24 23:00:00,2024-11-25T04:00:00Z,5.5,1.7,67,0.0,0.0,0.0,0,11.1
2024-11-25 00:00:00,2024-11-25T05:00:00Z,4.9,1.3,71,0.0,0.0,0.0,0,9.9
2024-11-25 01:00:00,2024-11-25T06:00:00Z,4.4,0.6,73,0.0,0.0,0.0,0,11.0
2024-11-25 02:00:00,2024-11-25T07:00:00Z,3.9,0.0,73,0.0,0.0,0.0,0,11.5
2024-11-25 03:00:00,2024-11-25T08:00:00Z,3.4,-0.3,76,0.0,0.0,0.0,0,10.1
2024-11-25 04:00:00,2024-11-25T09:00:00Z,3.0,-0.5,79,0.0,0.0,0.0,2,9.2
2024-11-25 05:00:00,2024-11-25T10:00:00Z,2.7,-0.8,80,0.0,0.0,0.0,3,8.9
2024-11-25 06:00:00,2024-11-25T11:00:00Z,2.8,-0.6,80,0.0,0.0,0.0,1,8.5
2024-11-25 07:00:00,2024-11-25T12:00:00Z,2.2,-0.9,83,0.0,0.0,0.0,3,6.6
2024-11-25 08:00:00,2024-11-25T13:00:00Z,3.6,0.4,76,0.0,0.0,0.0,0,6.8
2024-11-25 09:00:00,2024-11-25T14:00:00Z,4.9,2.0,70,0.0,0.0,0.0,0,5.1
2024-11-25 10:00:00,2024-11-25T15:00:00Z,6.0,3.2,65,0.0,0.0,0.0,0,4.6
2024-11-25 11:00:00,2024-11-25T16:00:00Z,7.1,4.2,62,0.0,0.0,0.0,0,5.5
2024-11-25 12:00:00,2024-11-25T17:00:00Z,8.1,5.2,58,0.0,0.0,0.0,0,5.4
2024-11-25 13:00:00,2024-11-25T18:00:00Z,9.0,6.0,55,0.0,0.0,0.0,0,6.3
2024-11-25 14:00:00,2024-11-25T19:00:00Z,9.6,6.6,53,0.0,0.0,0.0,2,6.4
2024-11-25 15:00:00,2024-11-25T20:00:00Z,10.0,7.1,53,0.0,0.0,0.0,3,5.9
2024-11-25 16:00:00,2024-11-25T21:00:00Z,8.9,6.8,67,0.0,0.0,0.0,3,3.0
2024-11-25 17:00:00,2024-11-25T22:00:00Z,7.4,4.9,70,0.0,0.0,0.0,2,4.8
2024-11-25 18:00:00,2024-11-25T23:00:00Z,7.0,4.3,71,0.0,0.0,0.0,3,6.2
2024-11-25 19:00:00,2024-11-26T00:00:00Z,6.7,4.1,72,0.0,0.0,0.0,3,5.8
2024-11-25 20:00:00,2024-11-26T01:00:00Z,7.5,4.6,66,0.0,0.0,0.0,3,6.5
2024-11-25 21:00:00,2024-11-26T02:00:00Z,7.1,4.6,71,0.0,0.0,0.0,3,5.0
2024-11-25 22:00:00,2024-11-26T03:00:00Z,7.8,5.5,71,0.0,0.0,0.0,3,4.9
2024-11-25 23:00:00,2024-11-26T04:00:00Z,7.9,5.6,72,0.0,0.0,0.0,3,5.3
2024-11-26 00:00:00,2024-11-26T05:00:00Z,7.9,5.5,74,0.0,0.0,0.0,3,5.9
2024-11-26 01:00:00,2024-11-26T06:00:00Z,8.0,5.7,74,0.0,0.0,0.0,3,5.0
2024-11-26 02:00:00,2024-11-26T07:00:00Z,8.0,5.7,74,0.0,0.0,0.0,3,5.7
2024-11-26 03:00:00,2024-11-26T08:00:00Z,8.2,5.8,74,0.0,0.0,0.0,3,6.2
2024-11-26 04:00:00,2024-11-26T09:00:00Z,8.4,6.0,75,0.0,0.0,0.0,2,6.7
2024-11-26 05:00:00,2024-11-26T10:00:00Z,8.0,5.9,83,0.0,0.0,0.0,3,6.8
2024-11-26 06:00:00,2024-11-26T11:00:00Z,8.9,7.3,89,0.0,0.0,0.0,3,5.8
2024-11-26 07:00:00,2024-11-26T12:00:00Z,10.2,8.7,91,0.0,0.0,0.0,3,7.8
2024-11-26 08:00:00,2024-11-26T13:00:00Z,11.3,10.0,91,1.0,1.0,0.0,55,8.3
2024-11-26 09:00:00,2024-11-26T14:00:00Z,11.2,10.0,96,1.3,1.3,0.0,61,9.2
2024-11-26 10:00:00,2024-11-26T15:00:00Z,10.5,9.3,96,0.8,0.8,0.0,53,8.5
2024-11-26 11:00:00,2024-11-26T16:00:00Z,11.4,9.9,90,0.4,0.4,0.0,51,10.0
2024-11-26 12:00:00,2024-11-26T17:00:00Z,11.9,10.0,84,0.0,0.0,0.0,2,12.1
2024-11-26 13:00:00,2024-11-26T18:00:00Z,13.4,10.9,71,0.0,0.0,0.0,1,14.2
2024-11-26 14:00:00,2024-11-26T19:00:00Z,13.9,11.3,64,0.0,0.0,0.0,0,13.2
2024-11-26 15:00:00,2024-11-26T20:00:00Z,13.8,11.6,63,0.0,0.0,0.0,0,9.4
2024-11-26 16:00:00,2024-11-26T21:00:00Z,12.9,10.6,62,0.0,0.0,0.0,0,9.1
2024-11-26 17:00:00,2024-11-26T22:00:00Z,11.5,8.6,63,0.0,0.0,0.0,0,10.8
2024-11-26 18:00:00,2024-11-26T23:00:00Z,9.9,5.8,54,0.0,0.0,0.0,0,15.1
2024-11-26 19:00:00,2024-11-27T00:00:00Z,8.9,4.8,55,0.0,0.0,0.0,0,13.5
2024-11-26 20:00:00,2024-11-27T01:00:00Z,8.5,4.8,56,0.0,0.0,0.0,0,10.8
2024-11-26 21:00:00,2024-11-27T02:00:00Z,7.2,3.9,63,0.0,0.0,0.0,0,8.5
2024-11-26 22:00:00,2024-11-27T03:00:00Z,6.1,2.9,70,0.0,0.0,0.0,0,7.8
2024-11-26 23:00:00,2024-11-27T04:00:00Z,5.4,2.2,71,0.0,0.0,0.0,0,8.3
2024-11-27 00:00:00,2024-11-27T05:00:00Z,4.8,1.6,71,0.0,0.0,0.0,0,7.7
2024-11-27 01:00:00,2024-11-27T06:00:00Z,4.3,1.0,72,0.0,0.0,0.0,1,7.4
2024-11-27 02:00:00,2024-11-27T07:00:00Z,3.7,0.5,74,0.0,0.0,0.0,3,7.0
2024-11-27 03:00:00,2024-11-27T08:00:00Z,3.3,0.1,76,0.0,0.0,0.0,3,6.8
2024-11-27 04:00:00,2024-11-27T09:00:00Z,3.2,0.1,76,0.0,0.0,0.0,2,6.3
2024-11-27 05:00:00,2024-11-27T10:00:00Z,2.7,-0.4,79,0.0,0.0,0.0,1,5.6
2024-11-27 06:00:00,2024-11-27T11:00:00Z,2.4,-0.7,80,0.0,0.0,0.0,1,6.0
2024-11-27 07:00:00,2024-11-27T12:00:00Z,2.0,-1.1,81,0.0,0.0,0.0,1,6.2
2024-11-27 08:00:00,2024-11-27T13:00:00Z,2.8,-0.7,76,0.0,0.0,0.0,3,8.0
2024-11-27 09:00:00,2024-11-27T14:00:00Z,4.2,0.9,71,0.0,0.0,0.0,2,7.5
2024-11-27 10:00:00,2024-11-27T15:00:00Z,5.8,2.5,65,0.0,0.0,0.0,3,7.7
2024-11-27 11:00:00,2024-11-27T16:00:00Z,7.6,4.1,56,0.0,0.0,0.0,3,8.7
2024-11-27 12:00:00,2024-11-27T17:00:00Z,8.7,4.9,50,0.0,0.0,0.0,0,10.2
2024-11-27 13:00:00,2024-11-27T18:00:00Z,9.3,5.5,48,0.0,0.0,0.0,1,10.0
2024-11-27 14:00:00,2024-11-27T19:00:00Z,9.5,5.8,47,0.0,0.0,0.0,0,9.5
2024-11-27 15:00:00,2024-11-27T20:00:00Z,9.3,5.7,49,0.0,0.0,0.0,1,9.3
2024-11-27 16:00:00,2024-11-27T21:00:00Z,8.3,5.2,56,0.0,0.0,0.0,3,7.0
2024-11-27 17:00:00,2024-11-27T22:00:00Z,6.9,3.9,63,0.0,0.0,0.0,3,6.3
2024-11-27 18:00:00,2024-11-27T23:00:00Z,6.3,3.5,67,0.0,0.0,0.0,3,5.3
2024-11-27 19:00:00,2024-11-28T00:00:00Z,5.9,3.3,71,0.0,0.0,0.0,3,4.7
2024-11-27 20:00:00,2024-11-28T01:00:00Z,4.7,1.8,71,0.0,0.0,0.0,3,4.8
2024-11-27 21:00:00,2024-11-28T02:00:00Z,4.2,1.4,74,0.0,0.0,0.0,3,4.6
2024-11-27 22:00:00,2024-11-28T03:00:00Z,4.7,2.1,74,0.0,0.0,0.0,3,4.2
2024-11-27 23:00:00,2024-11-28T04:00:00Z,4.7,2.2,77,0.0,0.0,0.0,3,3.5
2024-11-28 00:00:00,2024-11-28T05:00:00Z,4.8,2.7,76,0.0,0.0,0.0,3,0.8
2024-11-28 01:00:00,2024-11-28T06:00:00Z,4.4,2.3,80,0.0,0.0,0.0,3,1.6
2024-11-28 02:00:00,2024-11-28T07:00:00Z,4.6,2.2,79,0.0,0.0,0.0,3,3.0
2024-11-28 03:00:00,2024-11-28T08:00:00Z,4.6,1.9,78,0.0,0.0,0.0,3,5.1
2024-11-28 04:00:00,2024-11-28T09:00:00Z,4.9,2.1,79,0.1,0.1,0.0,51,6.2
2024-11-28 05:00:00,2024-11-28T10:00:00Z,5.1,1.8,80,0.3,0.3,0.0,51,10.6
2024-11-28 06:00:00,2024-11-28T11:00:00Z,5.2,2.1,87,0.6,0.6,0.0,53,10.3
2024-11-28 07:00:00,2024-11-28T12:00:00Z,5.4,2.0,93,1.1,1.1,0.0,55,13.6
2024-11-28 08:00:00,2024-11-28T13:00:00Z,5.3,1.8,95,1.8,1.8,0.0,61,14.8
2024-11-28 09:00:00,2024-11-28T14:00:00Z,6.7,3.9,95,1.8,1.8,0.0,61,11.9
2024-11-28 10:00:00,2024-11-28T15:00:00Z,7.9,6.6,95,1.8,1.8,0.0,61,3.8
2024-11-28 11:00:00,2024-11-28T16:00:00Z,8.8,6.5,97,1.6,1.6,0.0,61,12.6
2024-11-28 12:00:00,2024-11-28T17:00:00Z,8.9,7.0,97,0.7,0.7,0.0,53,9.9
2024-11-28 13:00:00,2024-11-28T18:00:00Z,10.3,8.6,96,0.5,0.5,0.0,53,11.2
2024-11-28 14:00:00,2024-11-28T19:00:00Z,10.0,6.7,92,0.4,0.4,0.0,51,19.9
2024-11-28 15:00:00,2024-11-28T20:00:00Z,8.3,5.1,90,0.3,0.3,0.0,51,16.1
2024-11-28 16:00:00,2024-11-28T21:00:00Z,6.5,2.5,86,0.0,0.0,0.0,2,18.0
2024-11-28 17:00:00,2024-11-28T22:00:00Z,5.6,1.3,80,0.0,0.0,0.0,2,17.8
2024-11-28 18:00:00,2024-11-28T23:00:00Z,5.3,0.3,76,0.0,0.0,0.0,2,20.8
2024-11-28 19:00:00,2024-11-29T00:00:00Z,4.7,-0.2,74,0.0,0.0,0.0,2,19.6
2024-11-28 20:00:00,2024-11-29T01:00:00Z,4.8,0.1,75,0.0,0.0,0.0,2,18.3
2024-11-28 21:00:00,2024-11-29T02:00:00Z,4.7,0.1,73,0.0,0.0,0.0,1,17.1
2024-11-28 22:00:00,2024-11-29T03:00:00Z,4.4,-0.3,74,0.0,0.0,0.0,1,17.7
2024-11-28 23:00:00,2024-11-29T04:00:00Z,4.3,-0.4,72,0.0,0.0,0.0,0,17.2
2024-11-29 00:00:00,2024-11-29T05:00:00Z,3.5,-1.0,70,0.0,0.0,0.0,0,14.7
2024-11-29 01:00:00,2024-11-29T06:00:00Z,2.9,-1.4,71,0.0,0.0,0.0,0,12.6
2024-11-29 02:00:00,2024-11-29T07:00:00Z,2.5,-1.6,72,0.0,0.0,0.0,0,11.7
2024-11-29 03:00:00,2024-11-29T08:00:00Z,2.0,-1.6,75,0.0,0.0,0.0,0,8.4
2024-11-29 04:00:00,2024-11-29T09:00:00Z,1.5,-2.0,80,0.0,0.0,0.0,0,7.7
2024-11-29 05:00:00,2024-11-29T10:00:00Z,1.1,-2.3,83,0.0,0.0,0.0,0,7.3
2024-11-29 06:00:00,2024-11-29T11:00:00Z,0.9,-2.5,86,0.0,0.0,0.0,0,7.6
2024-11-29 07:00:00,2024-11-29T12:00:00Z,0.7,-2.8,88,0.0,0.0,0.0,0,8.2
2024-11-29 08:00:00,2024-11-29T13:00:00Z,2.6,-0.6,84,0.0,0.0,0.0,3,8.0
2024-11-29 09:00:00,2024-11-29T14:00:00Z,3.2,0.1,82,0.0,0.0,0.0,3,7.1
2024-11-29 10:00:00,2024-11-29T15:00:00Z,4.2,1.0,78,0.0,0.0,0.0,1,7.6
2024-11-29 11:00:00,2024-11-29T16:00:00Z,5.7,2.5,69,0.0,0.0,0.0,1,7.8
2024-11-29 12:00:00,2024-11-29T17:00:00Z,6.8,1.9,51,0.1,0.1,0.0,51,16.3
2024-11-29 13:00:00,2024-11-29T18:00:00Z,7.0,1.7,49,0.0,0.0,0.0,3,18.4
2024-11-29 14:00:00,2024-11-29T19:00:00Z,6.0,1.0,56,0.0,0.0,0.0,3,17.0
2024-11-29 15:00:00,2024-11-29T20:00:00Z,4.7,1.0,70,0.3,0.3,0.0,51,9.9
2024-11-29 16:00:00,2024-11-29T21:00:00Z,4.4,0.4,71,0.0,0.0,0.0,2,12.8
2024-11-29 17:00:00,2024-11-29T22:00:00Z,3.7,-0.3,73,0.0,0.0,0.0,0,12.1
2024-11-29 18:00:00,2024-11-29T23:00:00Z,3.1,-0.7,75,0.0,0.0,0.0,0,10.6
2024-11-29 19:00:00,2024-11-30T00:00:00Z,2.9,-1.5,68,0.0,0.0,0.0,1,12.7
2024-11-29 20:00:00,2024-11-30T01:00:00Z,1.9,-2.9,58,0.0,0.0,0.0,0,13.2
2024-11-29 21:00:00,2024-11-30T02:00:00Z,1.3,-3.3,61,0.0,0.0,0.0,0,12.1
2024-11-29 22:00:00,2024-11-30T03:00:00Z,0.8,-3.9,61,0.0,0.0,0.0,0,12.7
2024-11-29 23:00:00,2024-11-30T04:00:00Z,0.3,-4.4,61,0.0,0.0,0.0,0,12.2
2024-11-30 00:00:00,2024-11-30T05:00:00Z,-0.3,-4.9,64,0.0,0.0,0.0,0,11.5
2024-11-30 01:00:00,2024-11-30T06:00:00Z,-0.8,-5.4,65,0.0,0.0,0.0,0,11.4
2024-11-30 02:00:00,2024-11-30T07:00:00Z,-1.3,-5.9,66,0.0,0.0,0.0,0,11.2
2024-11-30 03:00:00,2024-11-30T08:00:00Z,-1.6,-6.2,67,0.0,0.0,0.0,0,11.1
2024-11-30 04:00:00,2024-11-30T09:00:00Z,-1.9,-6.5,67,0.0,0.0,0.0,0,10.5
2024-11-30 05:00:00,2024-11-30T10:00:00Z,-2.2,-6.7,68,0.0,0.0,0.0,0,10.3
2024-11-30 06:00:00,2024-11-30T11:00:00Z,-2.4,-6.9,68,0.0,0.0,0.0,0,10.3
2024-11-30 07:00:00,2024-11-30T12:00:00Z,-2.6,-7.2,69,0.0,0.0,0.0,0,10.1
2024-11-30 08:00:00,2024-11-30T13:00:00Z,-1.6,-5.8,67,0.0,0.0,0.0,0,8.0
2024-11-30 09:00:00,2024-11-30T14:00:00Z,-0.6,-5.0,60,0.0,0.0,0.0,0,9.7
2024-11-30 10:00:00,2024-11-30T15:00:00Z,0.5,-4.2,55,0.0,0.0,0.0,0,11.9
2024-11-30 11:00:00,2024-11-30T16:00:00Z,1.5,-3.4,51,0.0,0.0,0.0,0,12.4
2024-11-30 12:00:00,2024-11-30T17:00:00Z,2.2,-3.0,47,0.0,0.0,0.0,0,14.1
2024-11-30 13:00:00,2024-11-30T18:00:00Z,2.7,-2.8,43,0.0,0.0,0.0,1,16.2
2024-11-30 14:00:00,2024-11-30T19:00:00Z,2.8,-2.9,41,0.0,0.0,0.0,1,17.2
2024-11-30 15:00:00,2024-11-30T20:00:00Z,2.5,-3.2,41,0.0,0.0,0.0,3,16.9
2024-11-30 16:00:00,2024-11-30T21:00:00Z,1.9,-3.0,45,0.0,0.0,0.0,3,11.9
2024-11-30 17:00:00,2024-11-30T22:00:00Z,1.2,-3.7,49,0.0,0.0,0.0,2,11.7
2024-11-30 18:00:00,2024-11-30T23:00:00Z,0.4,-4.3,53,0.0,0.0,0.0,0,11.1
2024-11-30 19:00:00,2024-12-01T00:00:00Z,-0.4,-5.0,56,0.0,0.0,0.0,0,10.3
2024-11-30 20:00:00,2024-12-01T01:00:00Z,-0.8,-5.7,54,0.0,0.0,0.0,0,11.7
2024-11-30 21:00:00,2024-12-01T02:00:00Z,-1.4,-6.3,57,0.0,0.0,0.0,0,11.7
2024-11-30 22:00:00,2024-12-01T03:00:00Z,-1.9,-6.9,59,0.0,0.0,0.0,0,12.1
2024-11-30 23:00:00,2024-12-01T04:00:00Z,-2.3,-7.2,60,0.0,0.0,0.0,0,11.6
2024-12-01 00:00:00,2024-12-01T05:00:00Z,-2.7,-7.4,61,0.0,0.0,0.0,0,10.3
2024-12-01 01:00:00,2024-12-01T06:00:00Z,-3.0,-7.4,63,0.0,0.0,0.0,0,8.4
2024-12-01 02:00:00,2024-12-01T07:00:00Z,-3.4,-7.8,65,0.0,0.0,0.0,0,8.6
2024-12-01 03:00:00,2024-12-01T08:00:00Z,-3.8,-8.3,66,0.0,0.0,0.0,1,8.8
2024-12-01 04:00:00,2024-12-01T09:00:00Z,-4.0,-8.3,66,0.0,0.0,0.0,3,7.5
2024-12-01 05:00:00,2024-12-01T10:00:00Z,-4.2,-8.3,69,0.0,0.0,0.0,1,6.7
2024-12-01 06:00:00,2024-12-01T11:00:00Z,-4.2,-8.4,71,0.0,0.0,0.0,0,7.6
2024-12-01 07:00:00,2024-12-01T12:00:00Z,-4.2,-8.5,72,0.0,0.0,0.0,3,7.8
2024-12-01 08:00:00,2024-12-01T13:00:00Z,-3.7,-8.3,60,0.0,0.0,0.0,3,8.9
2024-12-01 09:00:00,2024-12-01T14:00:00Z,-2.5,-7.2,54,0.0,0.0,0.0,3,9.5
2024-12-01 10:00:00,2024-12-01T15:00:00Z,-1.1,-5.9,49,0.0,0.0,0.0,3,9.8
2024-12-01 11:00:00,2024-12-01T16:00:00Z,0.5,-4.7,44,0.0,0.0,0.0,3,12.7
2024-12-01 12:00:00,2024-12-01T17:00:00Z,1.5,-4.4,38,0.0,0.0,0.0,3,17.6
2024-12-01 13:00:00,2024-12-01T18:00:00Z,1.8,-4.1,38,0.0,0.0,0.0,0,17.5
2024-12-01 14:00:00,2024-12-01T19:00:00Z,2.0,-3.9,37,0.0,0.0,0.0,0,18.0
2024-12-01 15:00:00,2024-12-01T20:00:00Z,1.5,-4.1,39,0.0,0.0,0.0,0,15.8
2024-12-01 16:00:00,2024-12-01T21:00:00Z,0.6,-4.5,43,0.0,0.0,0.0,0,12.4
2024-12-01 17:00:00,2024-12-01T22:00:00Z,-0.4,-5.4,48,0.0,0.0,0.0,0,11.7
2024-12-01 18:00:00,2024-12-01T23:00:00Z,-0.7,-5.8,51,0.0,0.0,0.0,0,12.8
2024-12-01 19:00:00,2024-12-02T00:00:00Z,-1.0,-5.9,53,0.0,0.0,0.0,0,11.2
2024-12-01 20:00:00,2024-12-02T01:00:00Z,-1.2,-5.7,56,0.0,0.0,0.0,0,9.2
2024-12-01 21:00:00,2024-12-02T02:00:00Z,-1.8,-6.0,60,0.0,0.0,0.0,0,7.6
2024-12-01 22:00:00,2024-12-02T03:00:00Z,-1.9,-6.2,60,0.0,0.0,0.0,0,7.7
2024-12-01 23:00:00,2024-12-02T04:00:00Z,-2.0,-6.3,60,0.0,0.0,0.0,0,7.4
2024-12-02 00:00:00,2024-12-02T05:00:00Z,-2.2,-6.3,60,0.0,0.0,0.0,0,6.8
2024-12-02 01:00:00,2024-12-02T06:00:00Z,-2.4,-6.4,62,0.0,0.0,0.0,0,6.2
2024-12-02 02:00:00,2024-12-02T07:00:00Z,-2.6,-6.6,63,0.0,0.0,0.0,0,5.5
2024-12-02 03:00:00,2024-12-02T08:00:00Z,-2.8,-6.7,65,0.0,0.0,0.0,0,5.1
2024-12-02 04:00:00,2024-12-02T09:00:00Z,-2.9,-6.8,65,0.0,0.0,0.0,0,5.4
2024-12-02 05:00:00,2024-12-02T10:00:00Z,-2.9,-6.9,66,0.0,0.0,0.0,0,5.7
2024-12-02 06:00:00,2024-12-02T11:00:00Z,-3.0,-7.0,67,0.0,0.0,0.0,0,5.7
2024-12-02 07:00:00,2024-12-02T12:00:00Z,-3.1,-7.0,68,0.0,0.0,0.0,0,5.5
2024-12-02 08:00:00,2024-12-02T13:00:00Z,-2.7,-7.1,59,0.0,0.0,0.0,0,7.9
2024-12-02 09:00:00,2024-12-02T14:00:00Z,-1.3,-5.7,52,0.0,0.0,0.0,0,8.1
2024-12-02 10:00:00,2024-12-02T15:00:00Z,0.2,-4.3,48,0.0,0.0,0.0,0,8.2
2024-12-02 11:00:00,2024-12-02T16:00:00Z,1.5,-2.9,44,0.0,0.0,0.0,0,8.0
2024-12-02 12:00:00,2024-12-02T17:00:00Z,2.2,-2.1,46,0.0,0.0,0.0,0,7.9
2024-12-02 13:00:00,2024-12-02T18:00:00Z,3.0,-1.6,43,0.0,0.0,0.0,2,10.5
2024-12-02 14:00:00,2024-12-02T19:00:00Z,3.2,-1.4,43,0.0,0.0,0.0,2,10.5
2024-12-02 15:00:00,2024-12-02T20:00:00Z,2.8,-1.4,47,0.0,0.0,0.0,1,7.7
2024-12-02 16:00:00,2024-12-02T21:00:00Z,1.4,-2.2,57,0.0,0.0,0.0,1,4.8
2024-12-02 17:00:00,2024-12-02T22:00:00Z,0.0,-3.9,61,0.0,0.0,0.0,1,6.7
2024-12-02 18:00:00,2024-12-02T23:00:00Z,-0.9,-4.6,67,0.0,0.0,0.0,0,5.3
2024-12-02 19:00:00,2024-12-03T00:00:00Z,-1.3,-5.0,70,0.0,0.0,0.0,0,5.4
2024-12-02 20:00:00,2024-12-03T01:00:00Z,-1.0,-4.9,67,0.0,0.0,0.0,0,6.9
2024-12-02 21:00:00,2024-12-03T02:00:00Z,-1.3,-5.3,68,0.0,0.0,0.0,0,7.2
2024-12-02 22:00:00,2024-12-03T03:00:00Z,-1.4,-5.4,70,0.0,0.0,0.0,0,7.4
2024-12-02 23:00:00,2024-12-03T04:00:00Z,-1.7,-5.5,72,0.0,0.0,0.0,0,6.1
2024-12-03 00:00:00,2024-12-03T05:00:00Z,-1.8,-5.7,74,0.0,0.0,0.0,0,6.6
2024-12-03 01:00:00,2024-12-03T06:00:00Z,-2.0,-5.8,75,0.0,0.0,0.0,0,6.4
2024-12-03 02:00:00,2024-12-03T07:00:00Z,-2.2,-5.9,76,0.0,0.0,0.0,0,5.7
2024-12-03 03:00:00,2024-12-03T08:00:00Z,-2.3,-6.1,76,0.0,0.0,0.0,0,6.2
2024-12-03 04:00:00,2024-12-03T09:00:00Z,-2.4,-6.2,77,0.0,0.0,0.0,0,6.7
2024-12-03 05:00:00,2024-12-03T10:00:00Z,-2.5,-6.4,77,0.0,0.0,0.0,0,6.9
2024-12-03 06:00:00,2024-12-03T11:00:00Z,-2.5,-6.4,77,0.0,0.0,0.0,0,7.2
2024-12-03 07:00:00,2024-12-03T12:00:00Z,-2.4,-6.3,77,0.0,0.0,0.0,0,7.0
2024-12-03 08:00:00,2024-12-03T13:00:00Z,-1.0,-4.8,76,0.0,0.0,0.0,0,7.3
2024-12-03 09:00:00,2024-12-03T14:00:00Z,0.4,-3.2,72,0.0,0.0,0.0,0,6.7
2024-12-03 10:00:00,2024-12-03T15:00:00Z,1.8,-1.8,66,0.0,0.0,0.0,0,6.7
2024-12-03 11:00:00,2024-12-03T16:00:00Z,3.1,-1.2,54,0.0,0.0,0.0,2,10.2
2024-12-03 12:00:00,2024-12-03T17:00:00Z,3.6,-0.8,52,0.0,0.0,0.0,1,10.6
2024-12-03 13:00:00,2024-12-03T18:00:00Z,4.1,-0.4,46,0.0,0.0,0.0,1,10.3
2024-12-03 14:00:00,2024-12-03T19:00:00Z,4.4,-0.2,43,0.0,0.0,0.0,1,10.7
2024-12-03 15:00:00,2024-12-03T20:00:00Z,4.2,-0.3,42,0.0,0.0,0.0,1,9.7
2024-12-03 16:00:00,2024-12-03T21:00:00Z,3.3,-0.9,48,0.0,0.0,0.0,1,8.6
2024-12-03 17:00:00,2024-12-03T22:00:00Z,2.4,-2.1,54,0.0,0.0,0.0,1,11.1
2024-12-03 18:00:00,2024-12-03T23:00:00Z,1.4,-3.1,60,0.0,0.0,0.0,0,11.6
2024-12-03 19:00:00,2024-12-04T00:00:00Z,0.6,-3.8,63,0.0,0.0,0.0,0,10.6
2024-12-03 20:00:00,2024-12-04T01:00:00Z,0.2,-4.5,59,0.0,0.0,0.0,0,11.4
2024-12-03 21:00:00,2024-12-04T02:00:00Z,-0.3,-4.9,59,0.0,0.0,0.0,0,10.3
2024-12-03 22:00:00,2024-12-04T03:00:00Z,-1.2,-5.5,61,0.0,0.0,0.0,0,8.4
2024-12-03 23:00:00,2024-12-04T04:00:00Z,-1.8,-5.9,64,0.0,0.0,0.0,0,7.0
2024-12-04 00:00:00,2024-12-04T05:00:00Z,-2.5,-6.2,70,0.0,0.0,0.0,0,4.8
2024-12-04 01:00:00,2024-12-04T06:00:00Z,-2.7,-6.4,71,0.0,0.0,0.0,0,4.7
2024-12-04 02:00:00,2024-12-04T07:00:00Z,-2.8,-6.5,72,0.0,0.0,0.0,0,4.7
2024-12-04 03:00:00,2024-12-04T08:00:00Z,-3.2,-6.7,75,0.0,0.0,0.0,0,3.8
2024-12-04 04:00:00,2024-12-04T09:00:00Z,-3.4,-6.8,80,0.0,0.0,0.0,0,3.5
2024-12-04 05:00:00,2024-12-04T10:00:00Z,-3.4,-6.9,84,0.0,0.0,0.0,0,4.1
2024-12-04 06:00:00,2024-12-04T11:00:00Z,-3.5,-7.0,87,0.0,0.0,0.0,0,4.7
2024-12-04 07:00:00,2024-12-04T12:00:00Z,-3.6,-7.1,89,0.0,0.0,0.0,0,5.2
2024-12-04 08:00:00,2024-12-04T13:00:00Z,-3.3,-7.2,74,0.0,0.0,0.0,3,5.6
2024-12-04 09:00:00,2024-12-04T14:00:00Z,-1.9,-5.6,65,0.0,0.0,0.0,2,4.5
2024-12-04 10:00:00,2024-12-04T15:00:00Z,-0.2,-4.1,57,0.0,0.0,0.0,3,5.8
2024-12-04 11:00:00,2024-12-04T16:00:00Z,1.2,-3.2,49,0.0,0.0,0.0,3,8.3
2024-12-04 12:00:00,2024-12-04T17:00:00Z,1.6,-3.0,48,0.0,0.0,0.0,3,10.1
2024-12-04 13:00:00,2024-12-04T18:00:00Z,1.6,-3.1,49,0.0,0.0,0.0,3,10.9
2024-12-04 14:00:00,2024-12-04T19:00:00Z,1.5,-3.0,49,0.0,0.0,0.0,3,9.8
2024-12-04 15:00:00,2024-12-04T20:00:00Z,1.8,-2.6,49,0.0,0.0,0.0,3,9.0
2024-12-04 16:00:00,2024-12-04T21:00:00Z,1.4,-3.1,51,0.0,0.0,0.0,3,9.7
2024-12-04 17:00:00,2024-12-04T22:00:00Z,1.4,-3.4,51,0.0,0.0,0.0,3,12.1
2024-12-04 18:00:00,2024-12-04T23:00:00Z,1.6,-3.5,52,0.0,0.0,0.0,3,14.3
2024-12-04 19:00:00,2024-12-05T00:00:00Z,1.6,-3.5,54,0.0,0.0,0.0,3,14.6
2024-12-04 20:00:00,2024-12-05T01:00:00Z,2.8,-2.4,54,0.0,0.0,0.0,3,15.7
2024-12-04 21:00:00,2024-12-05T02:00:00Z,2.9,-2.2,56,0.0,0.0,0.0,3,15.6
2024-12-04 22:00:00,2024-12-05T03:00:00Z,3.0,-2.0,56,0.0,0.0,0.0,3,14.9
2024-12-04 23:00:00,2024-12-05T04:00:00Z,3.1,-1.8,57,0.0,0.0,0.0,3,15.0
2024-12-05 00:00:00,2024-12-05T05:00:00Z,1.9,-2.9,75,0.4,0.2,0.14,71,16.1
2024-12-05 01:00:00,2024-12-05T06:00:00Z,1.1,-3.6,87,0.9,0.3,0.42,73,16.7
2024-12-05 02:00:00,2024-12-05T07:00:00Z,1.2,-3.4,88,0.3,0.2,0.07,71,16.2
2024-12-05 03:00:00,2024-12-05T08:00:00Z,1.5,-2.9,85,0.1,0.1,0.0,51,14.7
2024-12-05 04:00:00,2024-12-05T09:00:00Z,1.9,-2.2,81,0.1,0.1,0.0,51,13.0
2024-12-05 05:00:00,2024-12-05T10:00:00Z,2.4,-2.0,75,0.1,0.1,0.0,51,13.8
2024-12-05 06:00:00,2024-12-05T11:00:00Z,2.8,-2.3,69,0.3,0.2,0.07,71,18.0
2024-12-05 07:00:00,2024-12-05T12:00:00Z,2.0,-3.0,78,0.5,0.5,0.0,53,18.2
2024-12-05 08:00:00,2024-12-05T13:00:00Z,1.3,-3.2,87,0.4,0.2,0.14,71,15.2
2024-12-05 09:00:00,2024-12-05T14:00:00Z,1.8,-2.7,87,0.0,0.0,0.0,3,15.6
2024-12-05 10:00:00,2024-12-05T15:00:00Z,2.6,-1.4,87,0.0,0.0,0.0,2,13.9
2024-12-05 11:00:00,2024-12-05T16:00:00Z,3.8,-1.8,73,0.1,0.1,0.0,51,23.6
2024-12-05 12:00:00,2024-12-05T17:00:00Z,3.3,-3.1,51,0.0,0.0,0.0,0,23.9
2024-12-05 13:00:00,2024-12-05T18:00:00Z,2.4,-4.8,44,0.0,0.0,0.0,0,27.4
2024-12-05 14:00:00,2024-12-05T19:00:00Z,2.0,-5.2,47,0.0,0.0,0.0,2,27.8
2024-12-05 15:00:00,2024-12-05T20:00:00Z,1.5,-4.7,54,0.0,0.0,0.0,2,22.5
2024-12-05 16:00:00,2024-12-05T21:00:00Z,0.9,-4.8,60,0.0,0.0,0.0,0,19.6
2024-12-05 17:00:00,2024-12-05T22:00:00Z,0.6,-5.1,61,0.0,0.0,0.0,0,19.0
2024-12-05 18:00:00,2024-12-05T23:00:00Z,0.7,-5.4,57,0.0,0.0,0.0,0,21.3
2024-12-05 19:00:00,2024-12-06T00:00:00Z,-0.1,-6.3,56,0.0,0.0,0.0,2,21.7
2024-12-05 20:00:00,2024-12-06T01:00:00Z,0.0,-6.3,52,0.0,0.0,0.0,1,22.0
2024-12-05 21:00:00,2024-12-06T02:00:00Z,-0.6,-6.7,55,0.0,0.0,0.0,3,20.7
2024-12-05 22:00:00,2024-12-06T03:00:00Z,-0.4,-6.3,57,0.0,0.0,0.0,1,19.3
2024-12-05 23:00:00,2024-12-06T04:00:00Z,-0.8,-6.5,61,0.0,0.0,0.0,1,18.2
2024-12-06 00:00:00,2024-12-06T05:00:00Z,-0.8,-6.5,60,0.0,0.0,0.0,1,18.6
2024-12-06 01:00:00,2024-12-06T06:00:00Z,-0.7,-6.4,60,0.0,0.0,0.0,2,17.9
2024-12-06 02:00:00,2024-12-06T07:00:00Z,-1.0,-6.6,63,0.0,0.0,0.0,2,17.6
2024-12-06 03:00:00,2024-12-06T08:00:00Z,-1.7,-7.5,63,0.0,0.0,0.0,3,18.8
2024-12-06 04:00:00,2024-12-06T09:00:00Z,-2.0,-7.8,63,0.0,0.0,0.0,3,18.4
2024-12-06 05:00:00,2024-12-06T10:00:00Z,-2.3,-7.8,63,0.0,0.0,0.0,1,16.6
2024-12-06 06:00:00,2024-12-06T11:00:00Z,-2.4,-7.9,62,0.0,0.0,0.0,3,16.0
2024-12-06 07:00:00,2024-12-06T12:00:00Z,-2.3,-7.6,61,0.0,0.0,0.0,3,14.6
2024-12-06 08:00:00,2024-12-06T13:00:00Z,-1.6,-7.0,55,0.0,0.0,0.0,3,15.0
2024-12-06 09:00:00,2024-12-06T14:00:00Z,-1.5,-7.4,53,0.0,0.0,0.0,3,18.6
2024-12-06 10:00:00,2024-12-06T15:00:00Z,-1.5,-7.3,54,0.0,0.0,0.0,3,17.2
2024-12-06 11:00:00,2024-12-06T16:00:00Z,-1.6,-7.4,52,0.0,0.0,0.0,3,17.2
2024-12-06 12:00:00,2024-12-06T17:00:00Z,-1.2,-7.2,49,0.0,0.0,0.0,3,18.5
2024-12-06 13:00:00,2024-12-06T18:00:00Z,-1.1,-7.0,49,0.0,0.0,0.0,2,18.0
2024-12-06 14:00:00,2024-12-06T19:00:00Z,-0.7,-6.6,43,0.0,0.0,0.0,0,17.0
2024-12-06 15:00:00,2024-12-06T20:00:00Z,-0.8,-6.5,40,0.0,0.0,0.0,1,15.4
2024-12-06 16:00:00,2024-12-06T21:00:00Z,-1.6,-6.8,47,0.0,0.0,0.0,0,12.9
2024-12-06 17:00:00,2024-12-06T22:00:00Z,-2.4,-7.4,53,0.0,0.0,0.0,1,11.3
2024-12-06 18:00:00,2024-12-06T23:00:00Z,-2.8,-7.5,57,0.0,0.0,0.0,2,9.8
2024-12-06 19:00:00,2024-12-07T00:00:00Z,-2.7,-7.2,58,0.0,0.0,0.0,2,8.5
2024-12-06 20:00:00,2024-12-07T01:00:00Z,-2.4,-6.5,58,0.0,0.0,0.0,0,5.9
2024-12-06 21:00:00,2024-12-07T02:00:00Z,-2.7,-7.1,58,0.0,0.0,0.0,1,7.9
2024-12-06 22:00:00,2024-12-07T03:00:00Z,-2.8,-7.5,57,0.0,0.0,0.0,3,9.7
2024-12-06 23:00:00,2024-12-07T04:00:00Z,-2.5,-7.4,58,0.0,0.0,0.0,1,11.9
2024-12-07 00:00:00,2024-12-07T05:00:00Z,-2.5,-7.5,62,0.0,0.0,0.0,1,12.5
2024-12-07 01:00:00,2024-12-07T06:00:00Z,-2.4,-7.4,63,0.0,0.0,0.0,3,12.8
2024-12-07 02:00:00,2024-12-07T07:00:00Z,-2.4,-7.4,63,0.0,0.0,0.0,2,12.9
2024-12-07 03:00:00,2024-12-07T08:00:00Z,-2.5,-7.5,62,0.0,0.0,0.0,0,13.2
2024-12-07 04:00:00,2024-12-07T09:00:00Z,-2.7,-7.7,63,0.0,0.0,0.0,0,12.6
2024-12-07 05:00:00,2024-12-07T10:00:00Z,-2.9,-7.8,64,0.0,0.0,0.0,0,11.9
2024-12-07 06:00:00,2024-12-07T11:00:00Z,-3.1,-8.1,65,0.0,0.0,0.0,0,12.1
2024-12-07 07:00:00,2024-12-07T12:00:00Z,-3.3,-8.1,65,0.0,0.0,0.0,0,11.5
2024-12-07 08:00:00,2024-12-07T13:00:00Z,-1.6,-6.0,65,0.0,0.0,0.0,0,9.4
2024-12-07 09:00:00,2024-12-07T14:00:00Z,-0.5,-5.0,62,0.0,0.0,0.0,0,10.7
2024-12-07 10:00:00,2024-12-07T15:00:00Z,0.9,-3.9,56,0.0,0.0,0.0,0,12.1
2024-12-07 11:00:00,2024-12-07T16:00:00Z,2.2,-2.8,51,0.0,0.0,0.0,0,13.5
2024-12-07 12:00:00,2024-12-07T17:00:00Z,3.1,-1.8,48,0.0,0.0,0.0,0,13.5
2024-12-07 13:00:00,2024-12-07T18:00:00Z,3.7,-1.4,46,0.0,0.0,0.0,3,14.0
2024-12-07 14:00:00,2024-12-07T19:00:00Z,4.0,-1.1,45,0.0,0.0,0.0,3,14.2
2024-12-07 15:00:00,2024-12-07T20:00:00Z,3.6,-1.3,45,0.0,0.0,0.0,1,13.1
2024-12-07 16:00:00,2024-12-07T21:00:00Z,2.8,-1.5,51,0.0,0.0,0.0,3,9.3
2024-12-07 17:00:00,2024-12-07T22:00:00Z,2.1,-2.2,56,0.0,0.0,0.0,3,10.0
2024-12-07 18:00:00,2024-12-07T23:00:00Z,1.3,-3.0,59,0.0,0.0,0.0,3,10.0
2024-12-07 19:00:00,2024-12-08T00:00:00Z,1.1,-3.3,60,0.0,0.0,0.0,3,10.0
2024-12-07 20:00:00,2024-12-08T01:00:00Z,0.9,-3.4,59,0.0,0.0,0.0,3,9.2
2024-12-07 21:00:00,2024-12-08T02:00:00Z,0.8,-3.6,59,0.0,0.0,0.0,3,10.4
2024-12-07 22:00:00,2024-12-08T03:00:00Z,0.8,-3.8,60,0.0,0.0,0.0,3,11.9
2024-12-07 23:00:00,2024-12-08T04:00:00Z,0.9,-3.9,61,0.1,0.0,0.07,71,13.0
2024-12-08 00:00:00,2024-12-08T05:00:00Z,0.7,-4.2,58,0.0,0.0,0.0,3,13.5
2024-12-08 01:00:00,2024-12-08T06:00:00Z,0.9,-4.1,54,0.0,0.0,0.0,3,14.0
2024-12-08 02:00:00,2024-12-08T07:00:00Z,1.1,-4.0,53,0.0,0.0,0.0,3,14.0
2024-12-08 03:00:00,2024-12-08T08:00:00Z,1.3,-3.7,54,0.0,0.0,0.0,3,13.7
2024-12-08 04:00:00,2024-12-08T09:00:00Z,1.3,-3.8,55,0.0,0.0,0.0,3,14.7
2024-12-08 05:00:00,2024-12-08T10:00:00Z,1.7,-3.5,55,0.0,0.0,0.0,3,15.6
2024-12-08 06:00:00,2024-12-08T11:00:00Z,2.1,-3.3,56,0.0,0.0,0.0,3,17.3
2024-12-08 07:00:00,2024-12-08T12:00:00Z,2.3,-3.2,56,0.0,0.0,0.0,3,18.0
2024-12-08 08:00:00,2024-12-08T13:00:00Z,3.5,-1.5,50,0.0,0.0,0.0,2,14.7
2024-12-08 09:00:00,2024-12-08T14:00:00Z,4.3,-0.7,50,0.0,0.0,0.0,1,14.9
2024-12-08 10:00:00,2024-12-08T15:00:00Z,5.9,1.8,50,0.0,0.0,0.0,3,9.6
2024-12-08 11:00:00,2024-12-08T16:00:00Z,7.4,3.4,49,0.0,0.0,0.0,3,10.2
2024-12-08 12:00:00,2024-12-08T17:00:00Z,9.1,5.2,48,0.0,0.0,0.0,3,10.5
2024-12-08 13:00:00,2024-12-08T18:00:00Z,10.4,5.0,42,0.0,0.0,0.0,3,20.3
2024-12-08 14:00:00,2024-12-08T19:00:00Z,10.2,5.3,44,0.0,0.0,0.0,3,17.8
2024-12-08 15:00:00,2024-12-08T20:00:00Z,9.5,5.1,48,0.0,0.0,0.0,0,14.5
2024-12-08 16:00:00,2024-12-08T21:00:00Z,8.6,4.4,52,0.0,0.0,0.0,0,13.1
2024-12-08 17:00:00,2024-12-08T22:00:00Z,7.6,3.6,57,0.0,0.0,0.0,0,11.9
2024-12-08 18:00:00,2024-12-08T23:00:00Z,6.9,3.0,60,0.0,0.0,0.0,0,11.9
2024-12-08 19:00:00,2024-12-09T00:00:00Z,6.4,2.4,62,0.0,0.0,0.0,0,12.6
2024-12-08 20:00:00,2024-12-09T01:00:00Z,5.9,2.7,62,0.0,0.0,0.0,0,6.4
2024-12-08 21:00:00,2024-12-09T02:00:00Z,5.1,2.0,65,0.0,0.0,0.0,0,6.2
2024-12-08 22:00:00,2024-12-09T03:00:00Z,4.0,1.0,71,0.0,0.0,0.0,0,5.1
2024-12-08 23:00:00,2024-12-09T04:00:00Z,3.5,0.8,72,0.0,0.0,0.0,0,2.7
2024-12-09 00:00:00,2024-12-09T05:00:00Z,2.5,-0.0,77,0.0,0.0,0.0,0,1.8
2024-12-09 01:00:00,2024-12-09T06:00:00Z,2.0,-0.3,79,0.0,0.0,0.0,0,0.0
2024-12-09 02:00:00,2024-12-09T07:00:00Z,1.3,-1.2,82,0.0,0.0,0.0,2,1.2
2024-12-09 03:00:00,2024-12-09T08:00:00Z,0.7,-1.8,85,0.0,0.0,0.0,3,1.1
2024-12-09 04:00:00,2024-12-09T09:00:00Z,0.7,-1.9,86,0.0,0.0,0.0,3,2.2
2024-12-09 05:00:00,2024-12-09T10:00:00Z,0.7,-1.9,86,0.0,0.0,0.0,3,1.7
2024-12-09 06:00:00,2024-12-09T11:00:00Z,0.5,-2.2,86,0.0,0.0,0.0,3,2.6
2024-12-09 07:00:00,2024-12-09T12:00:00Z,0.5,-2.5,87,0.0,0.0,0.0,3,4.0
2024-12-09 08:00:00,2024-12-09T13:00:00Z,1.3,-1.9,78,0.0,0.0,0.0,3,5.7
2024-12-09 09:00:00,2024-12-09T14:00:00Z,4.0,0.7,70,0.0,0.0,0.0,3,7.0
2024-12-09 10:00:00,2024-12-09T15:00:00Z,6.6,3.5,67,0.0,0.0,0.0,3,7.5
2024-12-09 11:00:00,2024-12-09T16:00:00Z,8.2,5.2,69,0.0,0.0,0.0,3,9.2
2024-12-09 12:00:00,2024-12-09T17:00:00Z,9.1,6.0,73,0.0,0.0,0.0,3,12.4
2024-12-09 13:00:00,2024-12-09T18:00:00Z,9.5,6.7,77,0.3,0.3,0.0,51,11.7
2024-12-09 14:00:00,2024-12-09T19:00:00Z,8.3,6.3,90,2.0,2.0,0.0,61,8.5
2024-12-09 15:00:00,2024-12-09T20:00:00Z,8.0,6.4,94,2.0,2.0,0.0,61,6.2
2024-12-09 16:00:00,2024-12-09T21:00:00Z,8.0,6.6,95,1.5,1.5,0.0,61,4.5
2024-12-09 17:00:00,2024-12-09T22:00:00Z,7.8,6.5,96,0.8,0.8,0.0,53,4.4
2024-12-09 18:00:00,2024-12-09T23:00:00Z,7.4,5.4,97,0.3,0.3,0.0,51,8.5
2024-12-09 19:00:00,2024-12-10T00:00:00Z,5.8,3.6,99,0.0,0.0,0.0,0,7.5
2024-12-09 20:00:00,2024-12-10T01:00:00Z,6.0,4.7,100,0.0,0.0,0.0,3,2.4
2024-12-09 21:00:00,2024-12-10T02:00:00Z,5.1,3.5,99,0.0,0.0,0.0,3,3.1
2024-12-09 22:00:00,2024-12-10T03:00:00Z,5.4,3.9,98,0.0,0.0,0.0,3,2.0
2024-12-09 23:00:00,2024-12-10T04:00:00Z,5.8,4.4,98,0.0,0.0,0.0,3,2.1
2024-12-10 00:00:00,2024-12-10T05:00:00Z,5.9,4.5,98,0.0,0.0,0.0,3,2.0
2024-12-10 01:00:00,2024-12-10T06:00:00Z,5.6,4.3,99,0.0,0.0,0.0,3,1.2
2024-12-10 02:00:00,2024-12-10T07:00:00Z,5.6,4.1,99,0.0,0.0,0.0,3,2.4
2024-12-10 03:00:00,2024-12-10T08:00:00Z,5.7,4.1,99,0.0,0.0,0.0,3,3.2
2024-12-10 04:00:00,2024-12-10T09:00:00Z,5.8,3.9,99,0.0,0.0,0.0,3,5.6
2024-12-10 05:00:00,2024-12-10T10:00:00Z,6.0,3.8,99,0.0,0.0,0.0,3,8.1
2024-12-10 06:00:00,2024-12-10T11:00:00Z,5.9,3.4,98,0.0,0.0,0.0,3,9.6
2024-12-10 07:00:00,2024-12-10T12:00:00Z,5.8,3.5,97,0.0,0.0,0.0,3,7.6
2024-12-10 08:00:00,2024-12-10T13:00:00Z,5.9,3.5,95,0.0,0.0,0.0,3,8.3
2024-12-10 09:00:00,2024-12-10T14:00:00Z,6.0,3.4,94,0.0,0.0,0.0,3,9.7
2024-12-10 10:00:00,2024-12-10T15:00:00Z,6.4,3.8,93,0.0,0.0,0.0,3,9.5
2024-12-10 11:00:00,2024-12-10T16:00:00Z,6.6,4.2,92,0.1,0.1,0.0,51,8.7
2024-12-10 12:00:00,2024-12-10T17:00:00Z,7.3,4.9,91,0.0,0.0,0.0,3,9.9
2024-12-10 13:00:00,2024-12-10T18:00:00Z,8.5,6.1,88,0.0,0.0,0.0,3,10.7
2024-12-10 14:00:00,2024-12-10T19:00:00Z,9.1,6.8,89,0.0,0.0,0.0,3,11.0
2024-12-10 15:00:00,2024-12-10T20:00:00Z,9.3,7.6,92,0.0,0.0,0.0,3,8.4
2024-12-10 16:00:00,2024-12-10T21:00:00Z,9.1,7.2,94,0.0,0.0,0.0,3,9.6
2024-12-10 17:00:00,2024-12-10T22:00:00Z,9.3,7.6,95,0.0,0.0,0.0,3,8.5
2024-12-10 18:00:00,2024-12-10T23:00:00Z,9.5,7.7,96,0.0,0.0,0.0,3,10.2
2024-12-10 19:00:00,2024-12-11T00:00:00Z,9.9,8.1,96,0.0,0.0,0.0,3,10.8
2024-12-10 20:00:00,2024-12-11T01:00:00Z,8.4,6.2,98,0.2,0.2,0.0,51,11.0
2024-12-10 21:00:00,2024-12-11T02:00:00Z,9.0,7.0,98,1.5,1.5,0.0,61,11.3
2024-12-10 22:00:00,2024-12-11T03:00:00Z,9.8,7.8,98,1.2,1.2,0.0,55,12.5
2024-12-10 23:00:00,2024-12-11T04:00:00Z,10.0,8.7,99,1.8,1.8,0.0,61,8.7
2024-12-11 00:00:00,2024-12-11T05:00:00Z,10.1,8.8,100,0.4,0.4,0.0,51,9.5
2024-12-11 01:00:00,2024-12-11T06:00:00Z,10.0,8.5,100,4.1,4.1,0.0,63,10.6
2024-12-11 02:00:00,2024-12-11T07:00:00Z,10.4,9.0,99,0.6,0.6,0.0,53,10.2
2024-12-11 03:00:00,2024-12-11T08:00:00Z,11.4,10.0,98,1.4,1.4,0.0,61,12.0
2024-12-11 04:00:00,2024-12-11T09:00:00Z,12.3,10.5,91,0.5,0.5,0.0,53,14.2
2024-12-11 05:00:00,2024-12-11T10:00:00Z,11.6,10.0,94,0.5,0.5,0.0,53,11.9
2024-12-11 06:00:00,2024-12-11T11:00:00Z,11.6,9.1,97,0.7,0.7,0.0,53,19.0
2024-12-11 07:00:00,2024-12-11T12:00:00Z,12.0,9.9,98,0.7,0.7,0.0,53,17.6
2024-12-11 08:00:00,2024-12-11T13:00:00Z,12.6,11.0,96,3.0,3.0,0.0,63,14.9
2024-12-11 09:00:00,2024-12-11T14:00:00Z,13.1,11.8,97,0.1,0.1,0.0,51,14.7
2024-12-11 10:00:00,2024-12-11T15:00:00Z,14.5,12.5,92,0.0,0.0,0.0,3,20.4
2024-12-11 11:00:00,2024-12-11T16:00:00Z,14.7,12.9,91,0.1,0.1,0.0,51,19.4
2024-12-11 12:00:00,2024-12-11T17:00:00Z,15.0,13.5,90,0.4,0.4,0.0,51,17.4
2024-12-11 13:00:00,2024-12-11T18:00:00Z,14.0,12.4,96,4.3,4.3,0.0,63,17.6
2024-12-11 14:00:00,2024-12-11T19:00:00Z,14.9,12.7,95,3.2,3.2,0.0,63,23.9
2024-12-11 15:00:00,2024-12-11T20:00:00Z,15.1,13.4,95,1.1,1.1,0.0,55,21.7
2024-12-11 16:00:00,2024-12-11T21:00:00Z,14.7,13.7,93,0.7,0.7,0.0,53,15.1
2024-12-11 17:00:00,2024-12-11T22:00:00Z,13.9,12.6,96,1.5,1.5,0.0,61,15.8
2024-12-11 18:00:00,2024-12-11T23:00:00Z,14.2,12.5,94,2.5,2.5,0.0,63,18.4
2024-12-11 19:00:00,2024-12-12T00:00:00Z,13.6,11.6,93,3.4,3.4,0.0,63,19.5
2024-12-11 20:00:00,2024-12-12T01:00:00Z,8.6,5.3,89,3.6,3.6,0.0,63,17.1
2024-12-11 21:00:00,2024-12-12T02:00:00Z,6.3,2.0,90,2.4,2.4,0.0,61,20.8
2024-12-11 22:00:00,2024-12-12T03:00:00Z,5.2,0.2,84,0.2,0.2,0.0,51,22.4
2024-12-11 23:00:00,2024-12-12T04:00:00Z,4.4,-0.8,78,0.1,0.1,0.0,51,22.0
2024-12-12 00:00:00,2024-12-12T05:00:00Z,4.1,-1.0,68,0.0,0.0,0.0,0,19.0
2024-12-12 01:00:00,2024-12-12T06:00:00Z,3.5,-1.1,71,0.0,0.0,0.0,1,15.8
2024-12-12 02:00:00,2024-12-12T07:00:00Z,2.6,-2.4,67,0.0,0.0,0.0,0,17.1
2024-12-12 03:00:00,2024-12-12T08:00:00Z,1.2,-4.0,66,0.0,0.0,0.0,0,16.9
2024-12-12 04:00:00,2024-12-12T09:00:00Z,0.4,-5.0,64,0.0,0.0,0.0,0,17.4
2024-12-12 05:00:00,2024-12-12T10:00:00Z,0.2,-5.1,62,0.0,0.0,0.0,0,16.1
2024-12-12 06:00:00,2024-12-12T11:00:00Z,-0.1,-5.4,63,0.0,0.0,0.0,0,16.0
2024-12-12 07:00:00,2024-12-12T12:00:00Z,-0.2,-5.6,62,0.0,0.0,0.0,0,17.0
2024-12-12 08:00:00,2024-12-12T13:00:00Z,0.9,-4.4,64,0.0,0.0,0.0,0,17.4
2024-12-12 09:00:00,2024-12-12T14:00:00Z,1.8,-3.2,62,0.0,0.0,0.0,0,15.3
2024-12-12 10:00:00,2024-12-12T15:00:00Z,2.8,-3.6,57,0.0,0.0,0.0,3,25.2
2024-12-12 11:00:00,2024-12-12T16:00:00Z,2.8,-3.9,47,0.0,0.0,0.0,1,25.1
2024-12-12 12:00:00,2024-12-12T17:00:00Z,1.9,-5.2,36,0.0,0.0,0.0,0,25.1
2024-12-12 13:00:00,2024-12-12T18:00:00Z,1.9,-5.4,32,0.0,0.0,0.0,0,26.2
2024-12-12 14:00:00,2024-12-12T19:00:00Z,0.8,-6.2,37,0.0,0.0,0.0,0,24.8
2024-12-12 15:00:00,2024-12-12T20:00:00Z,0.6,-6.0,40,0.0,0.0,0.0,0,21.7
2024-12-12 16:00:00,2024-12-12T21:00:00Z,0.2,-5.6,44,0.0,0.0,0.0,0,17.1
2024-12-12 17:00:00,2024-12-12T22:00:00Z,-0.9,-6.5,47,0.0,0.0,0.0,1,15.5
2024-12-12 18:00:00,2024-12-12T23:00:00Z,-1.5,-7.0,47,0.0,0.0,0.0,3,14.5
2024-12-12 19:00:00,2024-12-13T00:00:00Z,-2.0,-7.5,46,0.0,0.0,0.0,3,14.1
2024-12-12 20:00:00,2024-12-13T01:00:00Z,-1.0,-6.3,43,0.0,0.0,0.0,1,12.8
2024-12-12 21:00:00,2024-12-13T02:00:00Z,-1.9,-6.7,49,0.0,0.0,0.0,0,9.8
2024-12-12 22:00:00,2024-12-13T03:00:00Z,-2.6,-7.2,54,0.0,0.0,0.0,0,8.7
2024-12-12 23:00:00,2024-12-13T04:00:00Z,-3.2,-7.7,56,0.0,0.0,0.0,0,8.4
2024-12-13 00:00:00,2024-12-13T05:00:00Z,-3.6,-8.1,56,0.0,0.0,0.0,0,8.0
2024-12-13 01:00:00,2024-12-13T06:00:00Z,-3.8,-8.2,56,0.0,0.0,0.0,0,7.4
2024-12-13 02:00:00,2024-12-13T07:00:00Z,-4.0,-8.4,57,0.0,0.0,0.0,0,7.1
2024-12-13 03:00:00,2024-12-13T08:00:00Z,-4.1,-8.5,56,0.0,0.0,0.0,0,7.0
2024-12-13 04:00:00,2024-12-13T09:00:00Z,-4.3,-8.7,56,0.0,0.0,0.0,1,7.2
2024-12-13 05:00:00,2024-12-13T10:00:00Z,-4.4,-8.9,55,0.0,0.0,0.0,0,7.8
2024-12-13 06:00:00,2024-12-13T11:00:00Z,-4.4,-8.9,55,0.0,0.0,0.0,0,7.5
2024-12-13 07:00:00,2024-12-13T12:00:00Z,-4.4,-8.9,54,0.0,0.0,0.0,0,7.6
2024-12-13 08:00:00,2024-12-13T13:00:00Z,-3.7,-8.3,53,0.0,0.0,0.0,0,8.0
2024-12-13 09:00:00,2024-12-13T14:00:00Z,-2.9,-8.2,45,0.0,0.0,0.0,0,12.2
2024-12-13 10:00:00,2024-12-13T15:00:00Z,-2.2,-7.4,45,0.0,0.0,0.0,0,11.8
2024-12-13 11:00:00,2024-12-13T16:00:00Z,-1.5,-6.6,44,0.0,0.0,0.0,0,11.4
2024-12-13 12:00:00,2024-12-13T17:00:00Z,-1.1,-6.2,42,0.0,0.0,0.0,0,11.3
2024-12-13 13:00:00,2024-12-13T18:00:00Z,-0.7,-5.7,40,0.0,0.0,0.0,0,10.6
2024-12-13 14:00:00,2024-12-13T19:00:00Z,-0.6,-5.5,40,0.0,0.0,0.0,0,9.9
2024-12-13 15:00:00,2024-12-13T20:00:00Z,-0.7,-5.6,40,0.0,0.0,0.0,0,9.4
2024-12-13 16:00:00,2024-12-13T21:00:00Z,-1.4,-5.8,45,0.0,0.0,0.0,0,7.0
2024-12-13 17:00:00,2024-12-13T22:00:00Z,-2.5,-6.6,53,0.0,0.0,0.0,0,5.7
2024-12-13 18:00:00,2024-12-13T23:00:00Z,-2.9,-7.1,56,0.0,0.0,0.0,0,5.7
2024-12-13 19:00:00,2024-12-14T00:00:00Z,-3.4,-7.3,61,0.0,0.0,0.0,0,4.5
2024-12-13 20:00:00,2024-12-14T01:00:00Z,-3.5,-7.4,61,0.0,0.0,0.0,0,4.5
2024-12-13 21:00:00,2024-12-14T02:00:00Z,-3.7,-7.7,61,0.0,0.0,0.0,0,4.8
2024-12-13 22:00:00,2024-12-14T03:00:00Z,-3.7,-7.9,60,0.0,0.0,0.0,0,5.9
2024-12-13 23:00:00,2024-12-14T04:00:00Z,-4.0,-8.1,62,0.0,0.0,0.0,0,5.7
2024-12-14 00:00:00,2024-12-14T05:00:00Z,-4.2,-8.2,64,0.0,0.0,0.0,0,4.6
2024-12-14 01:00:00,2024-12-14T06:00:00Z,-4.6,-8.3,69,0.0,0.0,0.0,0,3.2
2024-12-14 02:00:00,2024-12-14T07:00:00Z,-4.7,-8.3,70,0.0,0.0,0.0,0,2.6
2024-12-14 03:00:00,2024-12-14T08:00:00Z,-4.6,-8.3,69,0.0,0.0,0.0,0,3.0
2024-12-14 04:00:00,2024-12-14T09:00:00Z,-4.6,-8.3,67,0.0,0.0,0.0,0,3.3
2024-12-14 05:00:00,2024-12-14T10:00:00Z,-4.7,-8.4,66,0.0,0.0,0.0,0,3.3
2024-12-14 06:00:00,2024-12-14T11:00:00Z,-4.6,-8.5,63,0.0,0.0,0.0,0,3.8
2024-12-14 07:00:00,2024-12-14T12:00:00Z,-4.6,-8.7,65,0.0,0.0,0.0,0,5.3
2024-12-14 08:00:00,2024-12-14T13:00:00Z,-6.1,-10.3,68,0.0,0.0,0.0,0,5.8
2024-12-14 09:00:00,2024-12-14T14:00:00Z,-4.7,-8.9,60,0.0,0.0,0.0,0,5.9
2024-12-14 10:00:00,2024-12-14T15:00:00Z,-3.1,-7.6,50,0.0,0.0,0.0,0,7.6
2024-12-14 11:00:00,2024-12-14T16:00:00Z,-1.7,-6.3,41,0.0,0.0,0.0,0,8.1
2024-12-14 12:00:00,2024-12-14T17:00:00Z,-0.7,-5.2,35,0.0,0.0,0.0,0,6.3
2024-12-14 13:00:00,2024-12-14T18:00:00Z,-0.1,-4.4,33,0.0,0.0,0.0,0,4.6
2024-12-14 14:00:00,2024-12-14T19:00:00Z,-0.0,-4.1,35,0.0,0.0,0.0,0,3.7
2024-12-14 15:00:00,2024-12-14T20:00:00Z,-0.2,-4.1,37,0.0,0.0,0.0,0,2.8
2024-12-14 16:00:00,2024-12-14T21:00:00Z,-1.2,-4.6,48,0.0,0.0,0.0,0,0.4
2024-12-14 17:00:00,2024-12-14T22:00:00Z,-2.0,-5.5,46,0.0,0.0,0.0,0,0.4
2024-12-14 18:00:00,2024-12-14T23:00:00Z,-2.4,-6.0,50,0.0,0.0,0.0,0,1.0
2024-12-14 19:00:00,2024-12-15T00:00:00Z,-3.0,-6.8,51,0.0,0.0,0.0,0,2.8
2024-12-14 20:00:00,2024-12-15T01:00:00Z,-3.0,-7.2,48,0.0,0.0,0.0,0,5.3
2024-12-14 21:00:00,2024-12-15T02:00:00Z,-3.5,-7.6,48,0.0,0.0,0.0,2,4.8
2024-12-14 22:00:00,2024-12-15T03:00:00Z,-3.9,-8.0,50,0.0,0.0,0.0,3,4.2
2024-12-14 23:00:00,2024-12-15T04:00:00Z,-4.4,-8.4,53,0.0,0.0,0.0,2,3.9
2024-12-15 00:00:00,2024-12-15T05:00:00Z,-4.6,-8.7,55,0.0,0.0,0.0,3,4.5
2024-12-15 01:00:00,2024-12-15T06:00:00Z,-5.1,-9.0,59,0.0,0.0,0.0,3,3.7
2024-12-15 02:00:00,2024-12-15T07:00:00Z,-5.1,-9.1,60,0.0,0.0,0.0,3,4.2
2024-12-15 03:00:00,2024-12-15T08:00:00Z,-5.1,-9.2,61,0.0,0.0,0.0,3,4.7
2024-12-15 04:00:00,2024-12-15T09:00:00Z,-5.2,-9.5,61,0.0,0.0,0.0,3,6.5
2024-12-15 05:00:00,2024-12-15T10:00:00Z,-5.2,-9.7,60,0.0,0.0,0.0,3,7.2
2024-12-15 06:00:00,2024-12-15T11:00:00Z,-5.1,-9.6,60,0.0,0.0,0.0,3,7.9
2024-12-15 07:00:00,2024-12-15T12:00:00Z,-4.8,-9.3,63,0.0,0.0,0.0,3,8.1
2024-12-15 08:00:00,2024-12-15T13:00:00Z,-5.0,-9.4,67,0.0,0.0,0.0,3,7.2
2024-12-15 09:00:00,2024-12-15T14:00:00Z,-3.4,-7.9,62,0.0,0.0,0.0,3,8.6
2024-12-15 10:00:00,2024-12-15T15:00:00Z,-1.1,-5.1,59,0.0,0.0,0.0,3,6.3
2024-12-15 11:00:00,2024-12-15T16:00:00Z,0.6,-3.5,58,0.0,0.0,0.0,3,7.8
2024-12-15 12:00:00,2024-12-15T17:00:00Z,1.7,-2.4,58,0.0,0.0,0.0,3,8.4
2024-12-15 13:00:00,2024-12-15T18:00:00Z,2.2,-1.7,61,0.0,0.0,0.0,3,8.1
2024-12-15 14:00:00,2024-12-15T19:00:00Z,2.3,-1.4,64,0.0,0.0,0.0,3,7.1
2024-12-15 15:00:00,2024-12-15T20:00:00Z,1.6,-1.9,71,0.0,0.0,0.0,3,6.2
2024-12-15 16:00:00,2024-12-15T21:00:00Z,0.9,-2.7,77,0.0,0.0,0.0,3,7.9
2024-12-15 17:00:00,2024-12-15T22:00:00Z,0.6,-2.9,80,0.0,0.0,0.0,3,7.0
2024-12-15 18:00:00,2024-12-15T23:00:00Z,0.4,-2.8,81,0.0,0.0,0.0,3,5.4
2024-12-15 19:00:00,2024-12-16T00:00:00Z,0.3,-2.9,82,0.0,0.0,0.0,3,5.0
2024-12-15 20:00:00,2024-12-16T01:00:00Z,0.8,-2.6,79,0.0,0.0,0.0,3,6.3
2024-12-15 21:00:00,2024-12-16T02:00:00Z,0.6,-2.7,80,0.0,0.0,0.0,3,5.5
2024-12-15 22:00:00,2024-12-16T03:00:00Z,0.6,-3.0,81,0.1,0.1,0.0,51,8.2
2024-12-15 23:00:00,2024-12-16T04:00:00Z,0.9,-2.6,82,0.1,0.1,0.0,51,7.7
2024-12-16 00:00:00,2024-12-16T05:00:00Z,1.1,-2.4,84,0.7,0.4,0.21,73,8.0
2024-12-16 01:00:00,2024-12-16T06:00:00Z,0.4,-2.7,93,1.2,0.5,0.49,73,6.5
2024-12-16 02:00:00,2024-12-16T07:00:00Z,0.8,-2.1,94,1.4,1.4,0.0,61,5.1
2024-12-16 03:00:00,2024-12-16T08:00:00Z,1.2,-1.9,95,2.0,2.0,0.0,61,6.8
2024-12-16 04:00:00,2024-12-16T09:00:00Z,1.4,-1.9,95,0.6,0.6,0.0,53,8.5
2024-12-16 05:00:00,2024-12-16T10:00:00Z,1.0,-2.0,98,0.8,0.8,0.0,53,7.0
2024-12-16 06:00:00,2024-12-16T11:00:00Z,1.1,-2.0,98,1.3,1.3,0.0,61,6.9
2024-12-16 07:00:00,2024-12-16T12:00:00Z,1.2,-1.8,98,1.6,1.6,0.0,61,6.8
2024-12-16 08:00:00,2024-12-16T13:00:00Z,2.2,-1.0,95,1.1,1.1,0.0,55,8.8
2024-12-16 09:00:00,2024-12-16T14:00:00Z,2.5,-0.6,96,0.7,0.7,0.0,53,8.8
2024-12-16 10:00:00,2024-12-16T15:00:00Z,3.3,0.2,96,0.3,0.3,0.0,51,9.6
2024-12-16 11:00:00,2024-12-16T16:00:00Z,4.0,1.1,95,0.1,0.1,0.0,51,8.6
2024-12-16 12:00:00,2024-12-16T17:00:00Z,5.6,2.4,93,0.1,0.1,0.0,51,12.4
2024-12-16 13:00:00,2024-12-16T18:00:00Z,5.5,2.7,96,0.1,0.1,0.0,51,10.2
2024-12-16 14:00:00,2024-12-16T19:00:00Z,5.9,3.3,96,0.3,0.3,0.0,51,9.6
2024-12-16 15:00:00,2024-12-16T20:00:00Z,6.8,4.4,95,0.6,0.6,0.0,53,10.1
2024-12-16 16:00:00,2024-12-16T21:00:00Z,7.4,5.2,96,0.1,0.1,0.0,51,9.6
2024-12-16 17:00:00,2024-12-16T22:00:00Z,8.2,6.0,97,0.0,0.0,0.0,3,11.4
2024-12-16 18:00:00,2024-12-16T23:00:00Z,8.2,6.3,98,0.0,0.0,0.0,3,8.9
2024-12-16 19:00:00,2024-12-17T00:00:00Z,7.6,5.9,99,0.0,0.0,0.0,3,7.2
2024-12-16 20:00:00,2024-12-17T01:00:00Z,7.9,6.1,99,0.0,0.0,0.0,3,8.3
2024-12-16 21:00:00,2024-12-17T02:00:00Z,7.9,5.8,99,0.0,0.0,0.0,3,9.9
2024-12-16 22:00:00,2024-12-17T03:00:00Z,8.3,6.0,97,0.0,0.0,0.0,3,11.9
2024-12-16 23:00:00,2024-12-17T04:00:00Z,8.6,5.8,96,0.3,0.3,0.0,51,15.5
2024-12-17 00:00:00,2024-12-17T05:00:00Z,8.9,6.2,97,0.9,0.9,0.0,53,15.7
2024-12-17 01:00:00,2024-12-17T06:00:00Z,8.9,6.1,97,0.3,0.3,0.0,51,16.2
2024-12-17 02:00:00,2024-12-17T07:00:00Z,9.0,6.3,96,0.6,0.6,0.0,53,15.8
2024-12-17 03:00:00,2024-12-17T08:00:00Z,9.1,6.4,96,0.5,0.5,0.0,53,15.6
2024-12-17 04:00:00,2024-12-17T09:00:00Z,9.0,6.3,96,0.0,0.0,0.0,3,15.5
2024-12-17 05:00:00,2024-12-17T10:00:00Z,9.0,6.4,96,0.0,0.0,0.0,3,15.0
2024-12-17 06:00:00,2024-12-17T11:00:00Z,9.0,6.6,96,0.0,0.0,0.0,3,13.8
2024-12-17 07:00:00,2024-12-17T12:00:00Z,8.9,6.6,96,0.0,0.0,0.0,3,13.1
2024-12-17 08:00:00,2024-12-17T13:00:00Z,9.3,7.1,97,0.0,0.0,0.0,3,12.9
2024-12-17 09:00:00,2024-12-17T14:00:00Z,9.8,7.5,95,0.0,0.0,0.0,3,13.8
2024-12-17 10:00:00,2024-12-17T15:00:00Z,10.2,7.8,92,0.0,0.0,0.0,3,14.8
2024-12-17 11:00:00,2024-12-17T16:00:00Z,10.8,8.3,89,0.0,0.0,0.0,3,15.4
2024-12-17 12:00:00,2024-12-17T17:00:00Z,12.0,9.8,81,0.0,0.0,0.0,2,12.9
2024-12-17 13:00:00,2024-12-17T18:00:00Z,13.3,11.6,75,0.0,0.0,0.0,0,10.1
2024-12-17 14:00:00,2024-12-17T19:00:00Z,13.8,12.0,72,0.0,0.0,0.0,0,10.4
2024-12-17 15:00:00,2024-12-17T20:00:00Z,13.7,11.7,70,0.0,0.0,0.0,0,10.4
2024-12-17 16:00:00,2024-12-17T21:00:00Z,12.5,10.0,63,0.0,0.0,0.0,0,9.6
2024-12-17 17:00:00,2024-12-17T22:00:00Z,10.7,8.1,67,0.0,0.0,0.0,0,9.2
2024-12-17 18:00:00,2024-12-17T23:00:00Z,10.0,6.9,66,0.0,0.0,0.0,0,10.8
2024-12-17 19:00:00,2024-12-18T00:00:00Z,8.8,5.5,63,0.0,0.0,0.0,2,10.5
2024-12-17 20:00:00,2024-12-18T01:00:00Z,7.8,4.8,67,0.0,0.0,0.0,3,8.5
2024-12-17 21:00:00,2024-12-18T02:00:00Z,7.0,4.0,70,0.0,0.0,0.0,2,7.7
2024-12-17 22:00:00,2024-12-18T03:00:00Z,6.6,3.4,70,0.0,0.0,0.0,0,8.6
2024-12-17 23:00:00,2024-12-18T04:00:00Z,6.3,2.9,70,0.0,0.0,0.0,1,9.7
2024-12-18 00:00:00,2024-12-18T05:00:00Z,5.6,2.2,71,0.0,0.0,0.0,0,9.1
2024-12-18 01:00:00,2024-12-18T06:00:00Z,4.7,1.4,75,0.0,0.0,0.0,0,9.1
2024-12-18 02:00:00,2024-12-18T07:00:00Z,3.3,0.5,82,0.0,0.0,0.0,0,5.0
2024-12-18 03:00:00,2024-12-18T08:00:00Z,2.9,0.6,80,0.0,0.0,0.0,1,1.3
2024-12-18 04:00:00,2024-12-18T09:00:00Z,2.6,0.3,81,0.0,0.0,0.0,0,0.3
2024-12-18 05:00:00,2024-12-18T10:00:00Z,1.8,-0.5,84,0.0,0.0,0.0,0,0.9
2024-12-18 06:00:00,2024-12-18T11:00:00Z,1.0,-1.6,89,0.0,0.0,0.0,0,2.4
2024-12-18 07:00:00,2024-12-18T12:00:00Z,0.6,-1.9,90,0.0,0.0,0.0,0,2.1
2024-12-18 08:00:00,2024-12-18T13:00:00Z,1.1,-1.5,91,0.0,0.0,0.0,0,2.9
2024-12-18 09:00:00,2024-12-18T14:00:00Z,3.0,0.3,85,0.0,0.0,0.0,0,4.0
2024-12-18 10:00:00,2024-12-18T15:00:00Z,5.2,3.0,78,0.0,0.0,0.0,0,2.6
2024-12-18 11:00:00,2024-12-18T16:00:00Z,6.9,4.6,70,0.0,0.0,0.0,0,3.3
2024-12-18 12:00:00,2024-12-18T17:00:00Z,8.2,5.8,67,0.0,0.0,0.0,0,4.1
2024-12-18 13:00:00,2024-12-18T18:00:00Z,9.0,6.6,64,0.0,0.0,0.0,0,4.5
2024-12-18 14:00:00,2024-12-18T19:00:00Z,9.2,6.4,63,0.0,0.0,0.0,2,7.9
2024-12-18 15:00:00,2024-12-18T20:00:00Z,8.9,6.4,65,0.0,0.0,0.0,2,5.4
2024-12-18 16:00:00,2024-12-18T21:00:00Z,7.9,5.5,74,0.0,0.0,0.0,3,6.0
2024-12-18 17:00:00,2024-12-18T22:00:00Z,7.6,5.3,79,0.0,0.0,0.0,3,6.2
2024-12-18 18:00:00,2024-12-18T23:00:00Z,7.5,4.9,84,0.0,0.0,0.0,3,9.2
2024-12-18 19:00:00,2024-12-19T00:00:00Z,7.6,5.7,87,0.6,0.6,0.0,53,5.5
2024-12-18 20:00:00,2024-12-19T01:00:00Z,6.5,4.6,94,1.4,1.4,0.0,61,5.9
2024-12-18 21:00:00,2024-12-19T02:00:00Z,6.4,4.4,96,0.4,0.4,0.0,51,6.1
2024-12-18 22:00:00,2024-12-19T03:00:00Z,6.1,3.9,96,0.6,0.6,0.0,53,7.4
2024-12-18 23:00:00,2024-12-19T04:00:00Z,5.9,3.6,95,0.9,0.9,0.0,53,8.0
2024-12-19 00:00:00,2024-12-19T05:00:00Z,5.5,2.4,94,0.7,0.7,0.0,53,12.3
2024-12-19 01:00:00,2024-12-19T06:00:00Z,5.0,1.9,94,0.4,0.4,0.0,51,11.3
2024-12-19 02:00:00,2024-12-19T07:00:00Z,4.6,0.7,89,0.2,0.2,0.0,51,15.1
2024-12-19 03:00:00,2024-12-19T08:00:00Z,3.9,-0.2,85,0.0,0.0,0.0,3,15.4
2024-12-19 04:00:00,2024-12-19T09:00:00Z,3.3,-0.8,82,0.0,0.0,0.0,3,14.4
2024-12-19 05:00:00,2024-12-19T10:00:00Z,2.9,-1.4,79,0.0,0.0,0.0,0,14.6
2024-12-19 06:00:00,2024-12-19T11:00:00Z,2.5,-1.7,77,0.0,0.0,0.0,0,13.4
2024-12-19 07:00:00,2024-12-19T12:00:00Z,2.2,-2.0,76,0.0,0.0,0.0,0,12.3
2024-12-19 08:00:00,2024-12-19T13:00:00Z,3.4,-0.9,68,0.0,0.0,0.0,0,13.4
2024-12-19 09:00:00,2024-12-19T14:00:00Z,3.8,-0.7,63,0.0,0.0,0.0,0,13.3
2024-12-19 10:00:00,2024-12-19T15:00:00Z,4.2,-0.2,59,0.0,0.0,0.0,1,12.8
2024-12-19 11:00:00,2024-12-19T16:00:00Z,4.8,0.9,58,0.0,0.0,0.0,0,9.8
2024-12-19 12:00:00,2024-12-19T17:00:00Z,5.3,1.6,57,0.0,0.0,0.0,0,8.3
2024-12-19 13:00:00,2024-12-19T18:00:00Z,5.6,1.6,55,0.0,0.0,0.0,3,10.0
2024-12-19 14:00:00,2024-12-19T19:00:00Z,5.6,1.3,52,0.0,0.0,0.0,3,11.5
2024-12-19 15:00:00,2024-12-19T20:00:00Z,5.0,0.8,53,0.0,0.0,0.0,3,10.2
2024-12-19 16:00:00,2024-12-19T21:00:00Z,4.2,0.6,57,0.0,0.0,0.0,3,6.9
2024-12-19 17:00:00,2024-12-19T22:00:00Z,3.2,-0.6,60,0.0,0.0,0.0,3,8.4
2024-12-19 18:00:00,2024-12-19T23:00:00Z,2.4,-1.6,63,0.0,0.0,0.0,3,9.0
2024-12-19 19:00:00,2024-12-20T00:00:00Z,1.7,-2.3,66,0.0,0.0,0.0,3,8.9
2024-12-19 20:00:00,2024-12-20T01:00:00Z,1.5,-2.3,66,0.0,0.0,0.0,3,7.2
2024-12-19 21:00:00,2024-12-20T02:00:00Z,1.1,-2.5,69,0.0,0.0,0.0,3,6.4
2024-12-19 22:00:00,2024-12-20T03:00:00Z,0.2,-3.3,74,0.0,0.0,0.0,3,5.2
2024-12-19 23:00:00,2024-12-20T04:00:00Z,0.4,-3.4,73,0.0,0.0,0.0,3,8.1
2024-12-20 00:00:00,2024-12-20T05:00:00Z,0.0,-3.9,72,0.0,0.0,0.0,3,7.9
2024-12-20 01:00:00,2024-12-20T06:00:00Z,-0.3,-4.2,72,0.0,0.0,0.0,3,7.4
2024-12-20 02:00:00,2024-12-20T07:00:00Z,-0.4,-4.3,71,0.0,0.0,0.0,3,7.0
2024-12-20 03:00:00,2024-12-20T08:00:00Z,-1.0,-4.7,73,0.0,0.0,0.0,3,5.7
2024-12-20 04:00:00,2024-12-20T09:00:00Z,-1.1,-4.9,74,0.0,0.0,0.0,3,7.0
2024-12-20 05:00:00,2024-12-20T10:00:00Z,-1.2,-5.0,77,0.0,0.0,0.0,3,6.9
2024-12-20 06:00:00,2024-12-20T11:00:00Z,-1.5,-5.4,79,0.0,0.0,0.0,3,7.7
2024-12-20 07:00:00,2024-12-20T12:00:00Z,-1.8,-5.8,82,0.0,0.0,0.0,3,9.0
2024-12-20 08:00:00,2024-12-20T13:00:00Z,-0.3,-4.7,80,0.0,0.0,0.0,3,12.6
2024-12-20 09:00:00,2024-12-20T14:00:00Z,0.4,-3.5,76,0.0,0.0,0.0,3,9.3
2024-12-20 10:00:00,2024-12-20T15:00:00Z,0.6,-3.6,76,0.0,0.0,0.0,3,10.7
2024-12-20 11:00:00,2024-12-20T16:00:00Z,0.9,-3.5,77,0.1,0.0,0.07,71,12.6
2024-12-20 12:00:00,2024-12-20T17:00:00Z,1.1,-3.2,80,0.2,0.0,0.14,71,13.1
2024-12-20 13:00:00,2024-12-20T18:00:00Z,1.8,-2.2,80,0.1,0.1,0.0,51,11.6
2024-12-20 14:00:00,2024-12-20T19:00:00Z,1.5,-2.3,85,0.2,0.2,0.0,51,10.5
2024-12-20 15:00:00,2024-12-20T20:00:00Z,1.4,-2.7,86,0.2,0.2,0.0,51,13.2
2024-12-20 16:00:00,2024-12-20T21:00:00Z,1.2,-3.1,87,0.1,0.1,0.0,51,13.6
2024-12-20 17:00:00,2024-12-20T22:00:00Z,0.6,-3.7,89,0.2,0.2,0.0,51,14.2
2024-12-20 18:00:00,2024-12-20T23:00:00Z,0.5,-3.7,89,0.2,0.1,0.07,71,13.0
2024-12-20 19:00:00,2024-12-21T00:00:00Z,0.4,-3.8,87,0.1,0.0,0.07,71,13.0
2024-12-20 20:00:00,2024-12-21T01:00:00Z,0.0,-4.3,86,0.1,0.0,0.07,71,12.9
2024-12-20 21:00:00,2024-12-21T02:00:00Z,-0.1,-4.3,86,0.1,0.0,0.07,71,12.0
2024-12-20 22:00:00,2024-12-21T03:00:00Z,-0.2,-4.2,85,0.2,0.0,0.14,71,10.6
2024-12-20 23:00:00,2024-12-21T04:00:00Z,-0.4,-4.2,86,0.1,0.0,0.07,71,9.5
2024-12-21 00:00:00,2024-12-21T05:00:00Z,-0.5,-4.2,87,0.1,0.0,0.07,71,8.1
2024-12-21 01:00:00,2024-12-21T06:00:00Z,-0.8,-4.3,89,0.2,0.0,0.14,71,7.3
2024-12-21 02:00:00,2024-12-21T07:00:00Z,-1.1,-4.9,90,0.4,0.0,0.28,73,8.5
2024-12-21 03:00:00,2024-12-21T08:00:00Z,-1.6,-5.4,91,0.7,0.0,0.49,73,8.7
2024-12-21 04:00:00,2024-12-21T09:00:00Z,-1.8,-5.5,92,0.6,0.0,0.42,73,7.6
2024-12-21 05:00:00,2024-12-21T10:00:00Z,-2.0,-5.9,90,0.5,0.0,0.35,73,8.6
2024-12-21 06:00:00,2024-12-21T11:00:00Z,-2.2,-6.2,89,0.6,0.0,0.42,73,9.4
2024-12-21 07:00:00,2024-12-21T12:00:00Z,-2.2,-6.0,90,0.5,0.0,0.35,73,7.9
2024-12-21 08:00:00,2024-12-21T13:00:00Z,-1.8,-6.9,81,0.2,0.0,0.14,71,15.7
2024-12-21 09:00:00,2024-12-21T14:00:00Z,-3.1,-9.0,72,0.0,0.0,0.0,2,19.8
2024-12-21 10:00:00,2024-12-21T15:00:00Z,-3.9,-9.8,68,0.0,0.0,0.0,1,18.8
2024-12-21 11:00:00,2024-12-21T16:00:00Z,-3.9,-9.9,64,0.0,0.0,0.0,0,19.4
2024-12-21 12:00:00,2024-12-21T17:00:00Z,-3.8,-9.9,60,0.0,0.0,0.0,0,19.5
2024-12-21 13:00:00,2024-12-21T18:00:00Z,-3.3,-9.9,55,0.0,0.0,0.0,2,22.4
2024-12-21 14:00:00,2024-12-21T19:00:00Z,-3.5,-9.5,61,0.0,0.0,0.0,2,18.5
2024-12-21 15:00:00,2024-12-21T20:00:00Z,-3.9,-9.7,63,0.0,0.0,0.0,3,17.6
2024-12-21 16:00:00,2024-12-21T21:00:00Z,-4.5,-10.2,64,0.0,0.0,0.0,3,16.9
2024-12-21 17:00:00,2024-12-21T22:00:00Z,-5.0,-10.7,65,0.0,0.0,0.0,3,16.5
2024-12-21 18:00:00,2024-12-21T23:00:00Z,-5.5,-11.2,66,0.0,0.0,0.0,3,15.7
2024-12-21 19:00:00,2024-12-22T00:00:00Z,-6.0,-11.5,66,0.0,0.0,0.0,3,14.2
2024-12-21 20:00:00,2024-12-22T01:00:00Z,-6.5,-12.3,61,0.0,0.0,0.0,0,15.9
2024-12-21 21:00:00,2024-12-22T02:00:00Z,-6.9,-12.5,62,0.0,0.0,0.0,0,14.4
2024-12-21 22:00:00,2024-12-22T03:00:00Z,-7.3,-12.9,64,0.0,0.0,0.0,0,14.5
2024-12-21 23:00:00,2024-12-22T04:00:00Z,-7.6,-13.2,65,0.0,0.0,0.0,0,14.4
2024-12-22 00:00:00,2024-12-22T05:00:00Z,-8.0,-13.4,66,0.0,0.0,0.0,0,13.2
2024-12-22 01:00:00,2024-12-22T06:00:00Z,-8.2,-13.4,67,0.0,0.0,0.0,0,11.8
2024-12-22 02:00:00,2024-12-22T07:00:00Z,-8.5,-13.5,68,0.0,0.0,0.0,1,10.8
2024-12-22 03:00:00,2024-12-22T08:00:00Z,-8.8,-13.8,69,0.0,0.0,0.0,1,10.3
2024-12-22 04:00:00,2024-12-22T09:00:00Z,-9.3,-14.3,70,0.0,0.0,0.0,0,10.0
2024-12-22 05:00:00,2024-12-22T10:00:00Z,-9.8,-14.5,73,0.0,0.0,0.0,0,8.0
2024-12-22 06:00:00,2024-12-22T11:00:00Z,-9.9,-14.5,73,0.0,0.0,0.0,0,7.7
2024-12-22 07:00:00,2024-12-22T12:00:00Z,-10.2,-15.9,62,0.0,0.0,0.0,0,14.1
2024-12-22 08:00:00,2024-12-22T13:00:00Z,-10.0,-15.6,57,0.0,0.0,0.0,0,13.2
2024-12-22 09:00:00,2024-12-22T14:00:00Z,-10.1,-15.9,56,0.0,0.0,0.0,0,14.4
2024-12-22 10:00:00,2024-12-22T15:00:00Z,-10.0,-15.9,55,0.0,0.0,0.0,0,14.7
2024-12-22 11:00:00,2024-12-22T16:00:00Z,-9.7,-15.5,53,0.0,0.0,0.0,0,14.1
2024-12-22 12:00:00,2024-12-22T17:00:00Z,-9.2,-14.8,51,0.0,0.0,0.0,0,13.0
2024-12-22 13:00:00,2024-12-22T18:00:00Z,-8.7,-14.3,50,0.0,0.0,0.0,0,13.0
2024-12-22 14:00:00,2024-12-22T19:00:00Z,-8.3,-13.7,49,0.0,0.0,0.0,0,12.1
2024-12-22 15:00:00,2024-12-22T20:00:00Z,-8.1,-13.4,48,0.0,0.0,0.0,1,10.5
2024-12-22 16:00:00,2024-12-22T21:00:00Z,-8.5,-13.2,51,0.0,0.0,0.0,0,6.9
2024-12-22 17:00:00,2024-12-22T22:00:00Z,-10.3,-14.8,56,0.0,0.0,0.0,1,5.1
2024-12-22 18:00:00,2024-12-22T23:00:00Z,-10.0,-14.8,57,0.0,0.0,0.0,0,7.4
2024-12-22 19:00:00,2024-12-23T00:00:00Z,-11.0,-16.0,62,0.0,0.0,0.0,0,9.3
2024-12-22 20:00:00,2024-12-23T01:00:00Z,-10.8,-15.7,61,0.0,0.0,0.0,0,8.1
2024-12-22 21:00:00,2024-12-23T02:00:00Z,-11.7,-16.4,64,0.0,0.0,0.0,0,7.0
2024-12-22 22:00:00,2024-12-23T03:00:00Z,-12.3,-17.0,66,0.0,0.0,0.0,0,6.8
2024-12-22 23:00:00,2024-12-23T04:00:00Z,-12.6,-17.4,66,0.0,0.0,0.0,0,7.0
2024-12-23 00:00:00,2024-12-23T05:00:00Z,-12.9,-17.7,65,0.0,0.0,0.0,0,7.3
2024-12-23 01:00:00,2024-12-23T06:00:00Z,-13.1,-17.9,64,0.0,0.0,0.0,0,7.2
2024-12-23 02:00:00,2024-12-23T07:00:00Z,-13.3,-18.1,65,0.0,0.0,0.0,0,6.9
2024-12-23 03:00:00,2024-12-23T08:00:00Z,-13.6,-18.3,67,0.0,0.0,0.0,0,6.3
2024-12-23 04:00:00,2024-12-23T09:00:00Z,-13.9,-18.5,68,0.0,0.0,0.0,0,5.6
2024-12-23 05:00:00,2024-12-23T10:00:00Z,-14.0,-18.6,68,0.0,0.0,0.0,0,5.6
2024-12-23 06:00:00,2024-12-23T11:00:00Z,-15.1,-19.5,70,0.0,0.0,0.0,0,4.1
2024-12-23 07:00:00,2024-12-23T12:00:00Z,-15.0,-19.4,69,0.0,0.0,0.0,0,3.8
2024-12-23 08:00:00,2024-12-23T13:00:00Z,-14.7,-18.9,69,0.0,0.0,0.0,0,3.2
2024-12-23 09:00:00,2024-12-23T14:00:00Z,-12.5,-16.7,64,0.0,0.0,0.0,0,2.9
2024-12-23 10:00:00,2024-12-23T15:00:00Z,-11.0,-15.2,58,0.0,0.0,0.0,1,2.8
2024-12-23 11:00:00,2024-12-23T16:00:00Z,-9.6,-13.7,53,0.0,0.0,0.0,0,2.6
2024-12-23 12:00:00,2024-12-23T17:00:00Z,-8.4,-12.2,49,0.0,0.0,0.0,0,0.5
2024-12-23 13:00:00,2024-12-23T18:00:00Z,-7.4,-11.4,47,0.0,0.0,0.0,2,2.2
2024-12-23 14:00:00,2024-12-23T19:00:00Z,-6.8,-11.0,46,0.0,0.0,0.0,0,3.6
2024-12-23 15:00:00,2024-12-23T20:00:00Z,-6.7,-10.9,47,0.0,0.0,0.0,1,4.0
2024-12-23 16:00:00,2024-12-23T21:00:00Z,-7.3,-11.6,50,0.0,0.0,0.0,2,4.2
2024-12-23 17:00:00,2024-12-23T22:00:00Z,-8.7,-12.7,54,0.0,0.0,0.0,2,2.7
2024-12-23 18:00:00,2024-12-23T23:00:00Z,-8.8,-12.6,55,0.0,0.0,0.0,3,1.1
2024-12-23 19:00:00,2024-12-24T00:00:00Z,-8.7,-12.6,59,0.0,0.0,0.0,3,1.6
2024-12-23 20:00:00,2024-12-24T01:00:00Z,-7.2,-10.9,59,0.0,0.0,0.0,3,1.2
2024-12-23 21:00:00,2024-12-24T02:00:00Z,-6.5,-10.7,62,0.0,0.0,0.0,3,4.7
2024-12-23 22:00:00,2024-12-24T03:00:00Z,-5.1,-9.7,67,0.0,0.0,0.0,3,9.1
2024-12-23 23:00:00,2024-12-24T04:00:00Z,-4.4,-9.1,69,0.0,0.0,0.0,3,10.4
2024-12-24 00:00:00,2024-12-24T05:00:00Z,-4.3,-9.0,69,0.0,0.0,0.0,3,10.0
2024-12-24 01:00:00,2024-12-24T06:00:00Z,-4.1,-8.5,75,0.0,0.0,0.0,3,9.0
2024-12-24 02:00:00,2024-12-24T07:00:00Z,-3.8,-8.0,78,0.0,0.0,0.0,3,8.1
2024-12-24 03:00:00,2024-12-24T08:00:00Z,-3.8,-7.8,81,0.0,0.0,0.0,3,7.2
2024-12-24 04:00:00,2024-12-24T09:00:00Z,-4.1,-8.1,81,0.0,0.0,0.0,3,6.7
2024-12-24 05:00:00,2024-12-24T10:00:00Z,-4.3,-8.1,80,0.0,0.0,0.0,3,5.7
2024-12-24 06:00:00,2024-12-24T11:00:00Z,-4.3,-8.2,77,0.0,0.0,0.0,3,5.6
2024-12-24 07:00:00,2024-12-24T12:00:00Z,-3.8,-8.0,73,0.0,0.0,0.0,3,7.4
2024-12-24 08:00:00,2024-12-24T13:00:00Z,-4.0,-8.3,81,1.1,0.0,0.77,73,8.7
2024-12-24 09:00:00,2024-12-24T14:00:00Z,-3.9,-7.7,87,0.8,0.0,0.56,73,6.7
2024-12-24 10:00:00,2024-12-24T15:00:00Z,-3.1,-7.0,85,0.0,0.0,0.0,3,7.6
2024-12-24 11:00:00,2024-12-24T16:00:00Z,-2.4,-6.2,85,0.0,0.0,0.0,3,6.9
2024-12-24 12:00:00,2024-12-24T17:00:00Z,-0.8,-4.3,80,0.0,0.0,0.0,2,5.7
2024-12-24 13:00:00,2024-12-24T18:00:00Z,0.2,-2.9,78,0.0,0.0,0.0,2,3.9
2024-12-24 14:00:00,2024-12-24T19:00:00Z,0.9,-2.1,77,0.0,0.0,0.0,0,3.5
2024-12-24 15:00:00,2024-12-24T20:00:00Z,0.6,-2.4,82,0.0,0.0,0.0,1,4.4
2024-12-24 16:00:00,2024-12-24T21:00:00Z,-0.4,-3.6,82,0.0,0.0,0.0,0,4.7
2024-12-24 17:00:00,2024-12-24T22:00:00Z,-2.1,-5.6,84,0.0,0.0,0.0,2,5.4
2024-12-24 18:00:00,2024-12-24T23:00:00Z,0.3,-3.5,79,0.0,0.0,0.0,0,8.2
2024-12-24 19:00:00,2024-12-25T00:00:00Z,1.2,-2.7,79,0.0,0.0,0.0,1,9.7
2024-12-24 20:00:00,2024-12-25T01:00:00Z,-0.2,-3.8,79,0.0,0.0,0.0,2,7.0
2024-12-24 21:00:00,2024-12-25T02:00:00Z,-1.6,-5.1,82,0.0,0.0,0.0,3,5.9
2024-12-24 22:00:00,2024-12-25T03:00:00Z,-1.2,-4.9,84,0.0,0.0,0.0,3,7.1
2024-12-24 23:00:00,2024-12-25T04:00:00Z,-1.6,-5.1,87,0.0,0.0,0.0,3,6.1
2024-12-25 00:00:00,2024-12-25T05:00:00Z,-2.5,-6.1,87,0.0,0.0,0.0,0,5.5
2024-12-25 01:00:00,2024-12-25T06:00:00Z,-5.0,-8.7,88,0.0,0.0,0.0,0,5.0
2024-12-25 02:00:00,2024-12-25T07:00:00Z,-5.8,-9.5,91,0.0,0.0,0.0,0,4.9
2024-12-25 03:00:00,2024-12-25T08:00:00Z,-6.2,-10.0,92,0.0,0.0,0.0,0,5.2
2024-12-25 04:00:00,2024-12-25T09:00:00Z,-5.9,-9.8,91,0.0,0.0,0.0,1,5.9
2024-12-25 05:00:00,2024-12-25T10:00:00Z,-4.6,-8.7,89,0.0,0.0,0.0,1,8.1
2024-12-25 06:00:00,2024-12-25T11:00:00Z,-4.4,-8.5,88,0.0,0.0,0.0,0,8.1
2024-12-25 07:00:00,2024-12-25T12:00:00Z,-4.7,-8.7,87,0.0,0.0,0.0,1,7.3
2024-12-25 08:00:00,2024-12-25T13:00:00Z,-3.3,-7.2,85,0.0,0.0,0.0,2,7.3
2024-12-25 09:00:00,2024-12-25T14:00:00Z,-2.1,-5.7,82,0.0,0.0,0.0,2,5.5
2024-12-25 10:00:00,2024-12-25T15:00:00Z,-1.2,-5.1,77,0.0,0.0,0.0,3,7.6
2024-12-25 11:00:00,2024-12-25T16:00:00Z,-0.8,-4.7,74,0.0,0.0,0.0,3,8.1
2024-12-25 12:00:00,2024-12-25T17:00:00Z,-0.8,-5.1,74,0.0,0.0,0.0,3,10.3
2024-12-25 13:00:00,2024-12-25T18:00:00Z,-0.8,-5.2,72,0.0,0.0,0.0,3,10.4
2024-12-25 14:00:00,2024-12-25T19:00:00Z,-0.7,-5.0,69,0.0,0.0,0.0,3,9.9
2024-12-25 15:00:00,2024-12-25T20:00:00Z,-0.9,-4.6,69,0.0,0.0,0.0,0,6.0
2024-12-25 16:00:00,2024-12-25T21:00:00Z,-2.8,-6.5,74,0.0,0.0,0.0,0,4.5
2024-12-25 17:00:00,2024-12-25T22:00:00Z,-4.4,-8.4,75,0.0,0.0,0.0,2,6.2
2024-12-25 18:00:00,2024-12-25T23:00:00Z,-3.8,-7.9,74,0.0,0.0,0.0,3,7.2
2024-12-25 19:00:00,2024-12-26T00:00:00Z,-4.1,-8.5,76,0.0,0.0,0.0,3,8.7
2024-12-25 20:00:00,2024-12-26T01:00:00Z,-4.1,-8.5,75,0.0,0.0,0.0,3,9.2
2024-12-25 21:00:00,2024-12-26T02:00:00Z,-4.8,-9.3,75,0.0,0.0,0.0,3,9.6
2024-12-25 22:00:00,2024-12-26T03:00:00Z,-5.2,-9.7,74,0.0,0.0,0.0,3,9.2
2024-12-25 23:00:00,2024-12-26T04:00:00Z,-5.6,-10.1,75,0.0,0.0,0.0,3,8.7
2024-12-26 00:00:00,2024-12-26T05:00:00Z,-6.1,-10.6,77,0.0,0.0,0.0,3,8.7
2024-12-26 01:00:00,2024-12-26T06:00:00Z,-6.5,-10.9,78,0.0,0.0,0.0,3,7.9
2024-12-26 02:00:00,2024-12-26T07:00:00Z,-6.8,-11.2,78,0.0,0.0,0.0,0,7.7
2024-12-26 03:00:00,2024-12-26T08:00:00Z,-7.6,-11.9,79,0.0,0.0,0.0,1,6.5
2024-12-26 04:00:00,2024-12-26T09:00:00Z,-7.8,-12.3,78,0.0,0.0,0.0,0,7.9
2024-12-26 05:00:00,2024-12-26T10:00:00Z,-8.1,-12.6,77,0.0,0.0,0.0,0,8.3
2024-12-26 06:00:00,2024-12-26T11:00:00Z,-8.3,-13.0,77,0.0,0.0,0.0,0,8.5
2024-12-26 07:00:00,2024-12-26T12:00:00Z,-8.6,-13.3,77,0.0,0.0,0.0,0,8.5
2024-12-26 08:00:00,2024-12-26T13:00:00Z,-8.3,-12.8,76,0.0,0.0,0.0,0,7.4
2024-12-26 09:00:00,2024-12-26T14:00:00Z,-7.2,-11.6,73,0.0,0.0,0.0,0,7.0
2024-12-26 10:00:00,2024-12-26T15:00:00Z,-5.8,-10.0,70,0.0,0.0,0.0,0,6.3
2024-12-26 11:00:00,2024-12-26T16:00:00Z,-4.1,-8.1,66,0.0,0.0,0.0,0,5.5
2024-12-26 12:00:00,2024-12-26T17:00:00Z,-2.6,-6.5,62,0.0,0.0,0.0,0,5.0
2024-12-26 13:00:00,2024-12-26T18:00:00Z,-1.5,-5.3,58,0.0,0.0,0.0,0,4.5
2024-12-26 14:00:00,2024-12-26T19:00:00Z,-1.0,-4.6,57,0.0,0.0,0.0,0,3.4
2024-12-26 15:00:00,2024-12-26T20:00:00Z,-1.5,-4.9,63,0.0,0.0,0.0,0,2.6
2024-12-26 16:00:00,2024-12-26T21:00:00Z,-2.9,-6.3,60,0.0,0.0,0.0,0,1.3
2024-12-26 17:00:00,2024-12-26T22:00:00Z,-4.4,-8.1,63,0.0,0.0,0.0,0,2.3
2024-12-26 18:00:00,2024-12-26T23:00:00Z,-5.0,-8.8,64,0.0,0.0,0.0,0,3.2
2024-12-26 19:00:00,2024-12-27T00:00:00Z,-5.7,-9.8,68,0.0,0.0,0.0,0,5.4
2024-12-26 20:00:00,2024-12-27T01:00:00Z,-5.2,-9.2,72,0.0,0.0,0.0,0,5.4
2024-12-26 21:00:00,2024-12-27T02:00:00Z,-6.1,-10.0,74,0.0,0.0,0.0,0,4.7
2024-12-26 22:00:00,2024-12-27T03:00:00Z,-6.6,-10.6,77,0.0,0.0,0.0,0,4.9
2024-12-26 23:00:00,2024-12-27T04:00:00Z,-7.3,-11.3,80,0.0,0.0,0.0,0,4.8
2024-12-27 00:00:00,2024-12-27T05:00:00Z,-7.7,-11.7,81,0.0,0.0,0.0,0,4.9
2024-12-27 01:00:00,2024-12-27T06:00:00Z,-8.1,-12.2,81,0.0,0.0,0.0,0,5.1
2024-12-27 02:00:00,2024-12-27T07:00:00Z,-8.5,-12.6,81,0.0,0.0,0.0,0,4.9
2024-12-27 03:00:00,2024-12-27T08:00:00Z,-8.8,-12.9,81,0.0,0.0,0.0,0,4.8
2024-12-27 04:00:00,2024-12-27T09:00:00Z,-9.2,-13.2,82,0.0,0.0,0.0,0,4.7
2024-12-27 05:00:00,2024-12-27T10:00:00Z,-9.6,-13.6,83,0.0,0.0,0.0,0,4.4
2024-12-27 06:00:00,2024-12-27T11:00:00Z,-9.6,-13.6,84,0.0,0.0,0.0,0,4.2
2024-12-27 07:00:00,2024-12-27T12:00:00Z,-9.8,-13.8,85,0.0,0.0,0.0,1,3.8
2024-12-27 08:00:00,2024-12-27T13:00:00Z,-9.0,-12.9,87,0.0,0.0,0.0,3,3.8
2024-12-27 09:00:00,2024-12-27T14:00:00Z,-6.9,-10.8,79,0.0,0.0,0.0,3,4.2
2024-12-27 10:00:00,2024-12-27T15:00:00Z,-4.3,-7.8,71,0.0,0.0,0.0,3,2.2
2024-12-27 11:00:00,2024-12-27T16:00:00Z,-2.1,-5.5,64,0.0,0.0,0.0,3,1.9
2024-12-27 12:00:00,2024-12-27T17:00:00Z,-0.2,-3.3,58,0.0,0.0,0.0,3,0.5
2024-12-27 13:00:00,2024-12-27T18:00:00Z,0.7,-2.3,65,0.0,0.0,0.0,3,1.3
2024-12-27 14:00:00,2024-12-27T19:00:00Z,1.2,-2.0,65,0.0,0.0,0.0,3,2.7
2024-12-27 15:00:00,2024-12-27T20:00:00Z,1.8,-1.7,62,0.0,0.0,0.0,3,5.1
2024-12-27 16:00:00,2024-12-27T21:00:00Z,0.5,-2.7,74,0.0,0.0,0.0,3,3.8
2024-12-27 17:00:00,2024-12-27T22:00:00Z,-1.2,-4.5,79,0.0,0.0,0.0,3,4.1
2024-12-27 18:00:00,2024-12-27T23:00:00Z,-1.5,-4.7,81,0.0,0.0,0.0,2,3.7
2024-12-27 19:00:00,2024-12-28T00:00:00Z,-1.5,-4.5,82,0.0,0.0,0.0,3,2.2
2024-12-27 20:00:00,2024-12-28T01:00:00Z,-1.1,-4.2,86,0.0,0.0,0.0,3,4.0
2024-12-27 21:00:00,2024-12-28T02:00:00Z,-1.0,-4.0,89,0.0,0.0,0.0,3,3.1
2024-12-27 22:00:00,2024-12-28T03:00:00Z,-0.1,-3.1,90,0.0,0.0,0.0,3,4.7
2024-12-27 23:00:00,2024-12-28T04:00:00Z,0.9,-2.1,90,0.0,0.0,0.0,3,5.5
2024-12-28 00:00:00,2024-12-28T05:00:00Z,1.4,-1.7,89,0.0,0.0,0.0,3,6.7
2024-12-28 01:00:00,2024-12-28T06:00:00Z,1.7,-1.2,88,0.3,0.3,0.0,51,5.2
2024-12-28 02:00:00,2024-12-28T07:00:00Z,2.0,-0.9,89,0.4,0.4,0.0,51,5.7
2024-12-28 03:00:00,2024-12-28T08:00:00Z,1.7,-0.8,92,0.3,0.3,0.0,51,2.8
2024-12-28 04:00:00,2024-12-28T09:00:00Z,1.5,-1.1,93,0.5,0.5,0.0,53,3.4
2024-12-28 05:00:00,2024-12-28T10:00:00Z,1.6,-0.6,93,0.4,0.4,0.0,51,1.0
2024-12-28 06:00:00,2024-12-28T11:00:00Z,1.7,-0.5,94,0.4,0.4,0.0,51,1.1
2024-12-28 07:00:00,2024-12-28T12:00:00Z,1.7,-0.4,95,0.2,0.2,0.0,51,0.9
2024-12-28 08:00:00,2024-12-28T13:00:00Z,1.7,-0.5,96,0.6,0.6,0.0,53,1.7
2024-12-28 09:00:00,2024-12-28T14:00:00Z,2.8,0.7,95,0.3,0.3,0.0,51,2.3
2024-12-28 10:00:00,2024-12-28T15:00:00Z,2.8,0.2,97,0.5,0.5,0.0,53,6.1
2024-12-28 11:00:00,2024-12-28T16:00:00Z,2.7,0.3,99,0.8,0.8,0.0,53,4.4
2024-12-28 12:00:00,2024-12-28T17:00:00Z,3.4,1.1,99,0.3,0.3,0.0,51,5.1
2024-12-28 13:00:00,2024-12-28T18:00:00Z,4.2,1.8,98,0.0,0.0,0.0,3,6.5
2024-12-28 14:00:00,2024-12-28T19:00:00Z,6.8,4.7,93,0.0,0.0,0.0,3,6.6
2024-12-28 15:00:00,2024-12-28T20:00:00Z,6.4,4.3,95,0.0,0.0,0.0,3,7.3
2024-12-28 16:00:00,2024-12-28T21:00:00Z,5.6,3.5,98,0.0,0.0,0.0,3,6.2
2024-12-28 17:00:00,2024-12-28T22:00:00Z,4.8,2.7,100,0.0,0.0,0.0,3,5.7
2024-12-28 18:00:00,2024-12-28T23:00:00Z,4.0,1.7,100,0.1,0.1,0.0,51,5.7
2024-12-28 19:00:00,2024-12-29T00:00:00Z,3.7,1.5,100,0.0,0.0,0.0,3,5.1
2024-12-28 20:00:00,2024-12-29T01:00:00Z,4.2,2.0,100,0.1,0.1,0.0,51,5.7
2024-12-28 21:00:00,2024-12-29T02:00:00Z,4.3,2.1,100,0.1,0.1,0.0,51,5.7
2024-12-28 22:00:00,2024-12-29T03:00:00Z,4.4,2.1,100,0.0,0.0,0.0,3,6.0
2024-12-28 23:00:00,2024-12-29T04:00:00Z,4.5,2.3,100,0.0,0.0,0.0,3,6.0
2024-12-29 00:00:00,2024-12-29T05:00:00Z,4.6,2.4,100,0.0,0.0,0.0,3,5.8
2024-12-29 01:00:00,2024-12-29T06:00:00Z,4.6,2.6,100,0.0,0.0,0.0,3,5.1
2024-12-29 02:00:00,2024-12-29T07:00:00Z,4.8,3.2,100,0.1,0.1,0.0,51,2.4
2024-12-29 03:00:00,2024-12-29T08:00:00Z,4.8,3.4,100,0.2,0.2,0.0,51,1.0
2024-12-29 04:00:00,2024-12-29T09:00:00Z,4.7,3.4,100,0.2,0.2,0.0,51,0.6
2024-12-29 05:00:00,2024-12-29T10:00:00Z,4.4,3.0,100,0.2,0.2,0.0,51,0.6
2024-12-29 06:00:00,2024-12-29T11:00:00Z,4.1,2.6,100,0.4,0.4,0.0,51,0.8
2024-12-29 07:00:00,2024-12-29T12:00:00Z,3.8,1.8,100,0.4,0.4,0.0,51,4.0
2024-12-29 08:00:00,2024-12-29T13:00:00Z,4.9,2.5,99,0.6,0.6,0.0,53,7.4
2024-12-29 09:00:00,2024-12-29T14:00:00Z,5.8,3.7,99,0.4,0.4,0.0,51,7.1
2024-12-29 10:00:00,2024-12-29T15:00:00Z,7.2,5.3,100,0.0,0.0,0.0,3,7.9
2024-12-29 11:00:00,2024-12-29T16:00:00Z,8.9,7.4,99,0.0,0.0,0.0,3,7.9
2024-12-29 12:00:00,2024-12-29T17:00:00Z,13.2,12.5,92,0.0,0.0,0.0,3,8.8
2024-12-29 13:00:00,2024-12-29T18:00:00Z,14.7,14.3,89,0.0,0.0,0.0,3,8.9
2024-12-29 14:00:00,2024-12-29T19:00:00Z,14.6,13.5,85,0.0,0.0,0.0,3,11.9
2024-12-29 15:00:00,2024-12-29T20:00:00Z,13.8,11.6,84,0.0,0.0,0.0,3,16.9
2024-12-29 16:00:00,2024-12-29T21:00:00Z,13.3,10.7,81,0.0,0.0,0.0,3,17.8
2024-12-29 17:00:00,2024-12-29T22:00:00Z,11.4,8.7,84,0.0,0.0,0.0,3,16.6
2024-12-29 18:00:00,2024-12-29T23:00:00Z,10.9,8.2,86,0.0,0.0,0.0,3,15.8
2024-12-29 19:00:00,2024-12-30T00:00:00Z,11.3,8.5,84,0.0,0.0,0.0,3,17.4
2024-12-29 20:00:00,2024-12-30T01:00:00Z,12.2,9.0,82,0.0,0.0,0.0,3,20.6
2024-12-29 21:00:00,2024-12-30T02:00:00Z,12.0,8.9,87,0.0,0.0,0.0,3,21.3
2024-12-29 22:00:00,2024-12-30T03:00:00Z,12.1,9.1,91,0.0,0.0,0.0,3,22.3
2024-12-29 23:00:00,2024-12-30T04:00:00Z,12.3,9.3,92,0.0,0.0,0.0,3,22.7
2024-12-30 00:00:00,2024-12-30T05:00:00Z,12.2,9.2,91,0.5,0.5,0.0,53,22.5
2024-12-30 01:00:00,2024-12-30T06:00:00Z,12.2,8.8,91,0.1,0.1,0.0,51,24.6
2024-12-30 02:00:00,2024-12-30T07:00:00Z,11.9,8.8,95,1.9,1.9,0.0,61,22.9
2024-12-30 03:00:00,2024-12-30T08:00:00Z,11.7,9.7,96,1.4,1.4,0.0,61,16.4
2024-12-30 04:00:00,2024-12-30T09:00:00Z,11.3,9.5,97,0.1,0.1,0.0,51,13.9
2024-12-30 05:00:00,2024-12-30T10:00:00Z,11.3,9.5,97,0.2,0.2,0.0,51,14.4
2024-12-30 06:00:00,2024-12-30T11:00:00Z,11.6,9.7,97,0.2,0.2,0.0,51,14.8
2024-12-30 07:00:00,2024-12-30T12:00:00Z,11.2,9.2,97,0.0,0.0,0.0,3,15.4
2024-12-30 08:00:00,2024-12-30T13:00:00Z,11.3,9.6,96,0.0,0.0,0.0,1,13.2
2024-12-30 09:00:00,2024-12-30T14:00:00Z,11.6,9.5,94,0.0,0.0,0.0,2,15.3
2024-12-30 10:00:00,2024-12-30T15:00:00Z,11.4,8.9,88,0.0,0.0,0.0,0,16.3
2024-12-30 11:00:00,2024-12-30T16:00:00Z,12.0,8.6,70,0.0,0.0,0.0,0,17.6
2024-12-30 12:00:00,2024-12-30T17:00:00Z,11.8,7.5,55,0.0,0.0,0.0,0,18.6
2024-12-30 13:00:00,2024-12-30T18:00:00Z,11.5,7.0,54,0.0,0.0,0.0,0,19.3
2024-12-30 14:00:00,2024-12-30T19:00:00Z,11.3,6.8,52,0.0,0.0,0.0,0,18.4
2024-12-30 15:00:00,2024-12-30T20:00:00Z,11.0,7.0,53,0.0,0.0,0.0,0,14.8
2024-12-30 16:00:00,2024-12-30T21:00:00Z,10.0,6.0,56,0.0,0.0,0.0,0,14.7
2024-12-30 17:00:00,2024-12-30T22:00:00Z,8.9,5.1,61,0.0,0.0,0.0,0,13.8
2024-12-30 18:00:00,2024-12-30T23:00:00Z,8.1,4.5,64,0.0,0.0,0.0,0,12.3
2024-12-30 19:00:00,2024-12-31T00:00:00Z,7.5,3.7,66,0.0,0.0,0.0,0,13.3
2024-12-30 20:00:00,2024-12-31T01:00:00Z,8.2,4.3,60,0.0,0.0,0.0,1,13.0
2024-12-30 21:00:00,2024-12-31T02:00:00Z,7.6,3.7,62,0.0,0.0,0.0,1,12.9
2024-12-30 22:00:00,2024-12-31T03:00:00Z,7.1,3.3,64,0.0,0.0,0.0,0,11.9
2024-12-30 23:00:00,2024-12-31T04:00:00Z,6.5,2.7,66,0.0,0.0,0.0,0,12.3
2024-12-31 00:00:00,2024-12-31T05:00:00Z,5.8,2.1,69,0.0,0.0,0.0,0,11.6
2024-12-31 01:00:00,2024-12-31T06:00:00Z,4.9,1.5,73,0.0,0.0,0.0,0,9.5
2024-12-31 02:00:00,2024-12-31T07:00:00Z,4.2,0.9,76,0.0,0.0,0.0,0,8.5
2024-12-31 03:00:00,2024-12-31T08:00:00Z,3.5,0.3,79,0.0,0.0,0.0,0,7.7
2024-12-31 04:00:00,2024-12-31T09:00:00Z,2.9,-0.3,81,0.0,0.0,0.0,0,7.2
2024-12-31 05:00:00,2024-12-31T10:00:00Z,2.3,-0.8,83,0.0,0.0,0.0,1,6.1
2024-12-31 06:00:00,2024-12-31T11:00:00Z,1.2,-1.7,86,0.0,0.0,0.0,1,4.4
2024-12-31 07:00:00,2024-12-31T12:00:00Z,0.9,-1.8,86,0.0,0.0,0.0,0,2.4
2024-12-31 08:00:00,2024-12-31T13:00:00Z,1.5,-1.2,84,0.0,0.0,0.0,0,2.7
2024-12-31 09:00:00,2024-12-31T14:00:00Z,3.1,0.7,80,0.0,0.0,0.0,0,1.9
2024-12-31 10:00:00,2024-12-31T15:00:00Z,4.8,2.6,76,0.0,0.0,0.0,0,1.5
2024-12-31 11:00:00,2024-12-31T16:00:00Z,6.5,4.4,74,0.4,0.4,0.0,51,2.2
2024-12-31 12:00:00,2024-12-31T17:00:00Z,8.1,5.8,68,0.0,0.0,0.0,3,4.0
2024-12-31 13:00:00,2024-12-31T18:00:00Z,8.9,6.1,64,0.0,0.0,0.0,0,7.5
2024-12-31 14:00:00,2024-12-31T19:00:00Z,9.0,5.8,62,0.0,0.0,0.0,2,9.3
2024-12-31 15:00:00,2024-12-31T20:00:00Z,8.4,5.3,66,0.0,0.0,0.0,3,9.8
2024-12-31 16:00:00,2024-12-31T21:00:00Z,7.6,4.6,74,0.0,0.0,0.0,3,10.0
2024-12-31 17:00:00,2024-12-31T22:00:00Z,7.1,4.2,78,0.0,0.0,0.0,3,9.4
2024-12-31 18:00:00,2024-12-31T23:00:00Z,6.8,3.8,81,0.0,0.0,0.0,3,10.7
2024-12-31 19:00:00,2025-01-01T00:00:00Z,6.9,3.8,82,0.0,0.0,0.0,3,11.5
2024-12-31 20:00:00,2025-01-01T01:00:00Z,6.8,3.7,83,0.0,0.0,0.0,3,12.0
2024-12-31 21:00:00,2025-01-01T02:00:00Z,6.5,3.2,85,1.5,1.5,0.0,61,12.9
2024-12-31 22:00:00,2025-01-01T03:00:00Z,6.3,3.2,93,2.5,2.5,0.0,63,13.1
2024-12-31 23:00:00,2025-01-01T04:00:00Z,6.8,3.3,94,3.7,3.7,0.0,63,17.3
